<add><doc><field name="name">Out Of Time</field><field name="id">http://www.semanticweb.org/tedsullivan/ontologies/2015/5/music-10#Out_Of_Time</field><field name="related_entity1_ss">Rolling Stones</field><field name="composer_ss.MaximumLength"></field><field name="path">/Song/Out Of Time</field><field name="Composition_Type">Song</field><field name="composer_ss">Keith Richards</field><field name="composer_ss">Mick Jagger</field><field name="original_performer.Length">14</field><field name="original_performer">Rolling Stones</field><field name="composer_ss.Length">11</field><field name="Composition_Type.Length">4</field><field name="original_performer.MaximumLength"></field><field name="verb_ss">composed</field><field name="verb_ss">written</field><field name="verb_ss">authored</field><field name="verb_ss">wrote</field><field name="verb_ss.Length">5</field><field name="verb_ss.MaximumLength"></field><field name="Composition_Type.MaximumLength"></field><field name="composer.Count">4</field></doc><doc><field name="name">Hats Off To (Roy) Harper</field><field name="id">http://www.semanticweb.org/tedsullivan/ontologies/2015/5/music-10#Hats_Off_To_Roy_Harper</field><field name="composer_ss.Length">8</field><field name="Composition_Type.Length">4</field><field name="composer_ss.MaximumLength"></field><field name="verb_ss">composed</field><field name="verb_ss">written</field><field name="verb_ss">authored</field><field name="verb_ss">wrote</field><field name="path">/Song/Hats Off To (Roy) Harper</field><field name="Composition_Type">Song</field><field name="verb_ss.Length">5</field><field name="verb_ss.MaximumLength"></field><field name="Composition_Type.MaximumLength"></field><field name="composer_ss">composer</field></doc><doc><field name="name">You've Got A Friend In Me</field><field name="id">http://www.semanticweb.org/tedsullivan/ontologies/2015/5/music-10#Youve_Got_A_Friend_In_Me</field><field name="composer_ss.Length">12</field><field name="related_entity1_ss">Randy Newman</field><field name="Composition_Type.Length">4</field><field name="composer_ss.MaximumLength"></field><field name="original_performer.MaximumLength"></field><field name="verb_ss">composed</field><field name="verb_ss">written</field><field name="verb_ss">authored</field><field name="verb_ss">wrote</field><field name="path">/Song/You've Got A Friend In Me</field><field name="Composition_Type">Song</field><field name="verb_ss.Length">5</field><field name="verb_ss.MaximumLength"></field><field name="Composition_Type.MaximumLength"></field><field name="composer_ss">Randy Newman</field><field name="original_performer.Length">12</field><field name="original_performer">Randy Newman</field></doc><doc><field name="name">King Harvest (Has Surely Come)</field><field name="id">http://www.semanticweb.org/tedsullivan/ontologies/2015/5/music-10#King_Harvest_Has_Surely_Come</field><field name="Composition_Type.Length">4</field><field name="verb_ss">composed</field><field name="verb_ss">written</field><field name="verb_ss">authored</field><field name="verb_ss">wrote</field><field name="path">/Song/King Harvest (Has Surely Come)</field><field name="Composition_Type">Song</field><field name="verb_ss.Length">5</field><field name="verb_ss.MaximumLength"></field><field name="Composition_Type.MaximumLength"></field></doc><doc><field name="name">The Healing Game</field><field name="id">http://www.semanticweb.org/tedsullivan/ontologies/2015/5/music-10#The_Healing_Game</field><field name="related_entity1_ss">Van Morrison</field><field name="composer_ss.MaximumLength"></field><field name="original_performer.Count">2</field><field name="related_entity2_ss.Length">15</field><field name="path">/Song/The Healing Game</field><field name="Composition_Type">Song</field><field name="composer_ss">Van Morrison</field><field name="original_performer.Length">12</field><field name="original_performer">Van Morrison</field><field name="original_performer"><PropertyList name="original_performer"><Property type="com.modinfodesigns.property.string.StringProperty"><Name>hasPerformer_ss</Name><Value>John Lee Hooker</Value></Property><Property type="com.modinfodesigns.property.string.StringProperty"><Name>hasPerformer_ss</Name><Value>Van Morrison</Value></Property></PropertyList></field><field name="composer_ss.Length">12</field><field name="related_entity2_ss">John Lee Hooker</field><field name="Composition_Type.Length">4</field><field name="original_performer.MaximumLength"></field><field name="verb_ss">composed</field><field name="verb_ss">written</field><field name="verb_ss">authored</field><field name="verb_ss">wrote</field><field name="genres_ss">Blues</field><field name="genres_ss">Blues Rock</field><field name="genres_ss">Rock</field><field name="verb_ss.Length">5</field><field name="verb_ss.MaximumLength"></field><field name="Composition_Type.MaximumLength"></field><field name="related_entity2_ss.MaximumLength"></field></doc><doc><field name="name">Here I Am (Come and Take Me)</field><field name="id">http://www.semanticweb.org/tedsullivan/ontologies/2015/5/music-10#Here_I_Am_Come_and_Take_Me</field><field name="related_entity1_ss">Al Green</field><field name="composer_ss.MaximumLength"></field><field name="path">/Song/Here I Am (Come and Take Me)</field><field name="Composition_Type">Song</field><field name="composer_ss">Al Green</field><field name="composer_ss">Mabon ,",Teenie,", Hodges</field><field name="original_performer.Length">8</field><field name="original_performer">Al Green</field><field name="composer_ss.Length">25</field><field name="Composition_Type.Length">4</field><field name="original_performer.MaximumLength"></field><field name="verb_ss">composed</field><field name="verb_ss">written</field><field name="verb_ss">authored</field><field name="verb_ss">wrote</field><field name="verb_ss.Length">5</field><field name="verb_ss.MaximumLength"></field><field name="Composition_Type.MaximumLength"></field><field name="composer.Count">4</field></doc><doc><field name="name">Within You Without You</field><field name="id">http://www.semanticweb.org/tedsullivan/ontologies/2015/5/music-10#Within_You_Without_You</field><field name="hasPerformer_ss">Beatles</field><field name="performers.Length">11</field><field name="composer_ss.MaximumLength"></field><field name="hasPerformer_ss.Length">7</field><field name="path">/Song/Within You Without You</field><field name="Composition_Type">Song</field><field name="composer_ss">George Harrison</field><field name="composer_ss.Length">15</field><field name="performers.MaximumLength"></field><field name="Composition_Type.Length">4</field><field name="verb_ss">composed</field><field name="verb_ss">written</field><field name="verb_ss">authored</field><field name="verb_ss">wrote</field><field name="genres_ss">Rock</field><field name="genres_ss">Rock &amp; Roll</field><field name="verb_ss.Length">5</field><field name="verb_ss.MaximumLength"></field><field name="Composition_Type.MaximumLength"></field><field name="hasPerformer_ss.MaximumLength"></field></doc><doc><field name="name">Mannish Boy</field><field name="id">http://www.semanticweb.org/tedsullivan/ontologies/2015/5/music-10#Mannish_Boy</field><field name="related_entity1_ss">Muddy Waters</field><field name="composer_ss.MaximumLength"></field><field name="path">/Song/Mannish Boy</field><field name="Composition_Type">Song</field><field name="composer_ss">Bo Diddley</field><field name="composer_ss">Mel London</field><field name="composer_ss">Muddy Waters</field><field name="original_performer.Length">12</field><field name="original_performer">Muddy Waters</field><field name="composer_ss.Length">12</field><field name="Composition_Type.Length">4</field><field name="original_performer.MaximumLength"></field><field name="verb_ss">composed</field><field name="verb_ss">written</field><field name="verb_ss">authored</field><field name="verb_ss">wrote</field><field name="verb_ss.Length">5</field><field name="verb_ss.MaximumLength"></field><field name="Composition_Type.MaximumLength"></field><field name="composer.Count">6</field></doc><doc><field name="name">Moanin,'</field><field name="id">http://www.semanticweb.org/tedsullivan/ontologies/2015/5/music-10#Moanin_-_Song</field><field name="related_entity1_ss">Art Blakey</field><field name="related_entity1_ss">Art Blakey and the Jazz Messengers</field><field name="composer_ss.MaximumLength"></field><field name="original_performer.Count">2</field><field name="path">/Song/Moanin,'</field><field name="Composition_Type">Song</field><field name="composer_ss">Bobby Timmons</field><field name="hasPerformer_ss">Art Blakey</field><field name="hasPerformer_ss">Art Blakey and the Jazz Messengers</field><field name="composer_ss.Length">13</field><field name="Composition_Type.Length">4</field><field name="verb_ss">composed</field><field name="verb_ss">written</field><field name="verb_ss">authored</field><field name="verb_ss">wrote</field><field name="genres_ss">Jazz</field><field name="genres_ss">Hard Bop</field><field name="verb_ss.Length">5</field><field name="verb_ss.MaximumLength"></field><field name="Composition_Type.MaximumLength"></field></doc><doc><field name="name">Love Me</field><field name="id">http://www.semanticweb.org/tedsullivan/ontologies/2015/5/music-10#Love_Me</field><field name="composer_ss.Length">12</field><field name="Composition_Type.Length">4</field><field name="composer_ss.MaximumLength"></field><field name="verb_ss">composed</field><field name="verb_ss">written</field><field name="verb_ss">authored</field><field name="verb_ss">wrote</field><field name="path">/Song/Love Me</field><field name="Composition_Type">Song</field><field name="verb_ss.Length">5</field><field name="verb_ss.MaximumLength"></field><field name="Composition_Type.MaximumLength"></field><field name="composer_ss">Jerry Leiber</field><field name="composer_ss">Mike Stoller</field><field name="composer.Count">4</field></doc><doc><field name="name">I Me Mine</field><field name="id">http://www.semanticweb.org/tedsullivan/ontologies/2015/5/music-10#I_Me_Mine</field><field name="related_entity1_ss">Beatles</field><field name="composer_ss.MaximumLength"></field><field name="path">/Song/I Me Mine</field><field name="Composition_Type">Song</field><field name="composer_ss">George Harrison</field><field name="original_performer.Length">7</field><field name="original_performer">Beatles</field><field name="composer_ss.Length">15</field><field name="Composition_Type.Length">4</field><field name="original_performer.MaximumLength"></field><field name="verb_ss">composed</field><field name="verb_ss">written</field><field name="verb_ss">authored</field><field name="verb_ss">wrote</field><field name="genres_ss">Rock</field><field name="verb_ss.Length">5</field><field name="verb_ss.MaximumLength"></field><field name="Composition_Type.MaximumLength"></field></doc><doc><field name="name">Spanish Flea</field><field name="id">http://www.semanticweb.org/tedsullivan/ontologies/2015/5/music-10#Spanish_Flea</field><field name="composer_ss.Length">14</field><field name="Composition_Type.Length">4</field><field name="composer_ss.MaximumLength"></field><field name="lyricist_ss.MaximumLength"></field><field name="verb_ss">composed</field><field name="verb_ss">written</field><field name="verb_ss">authored</field><field name="verb_ss">wrote</field><field name="path">/Song/Spanish Flea</field><field name="lyricist_ss.Length">13</field><field name="Composition_Type">Song</field><field name="lyricist_ss">Cissy Wechter</field><field name="verb_ss.Length">5</field><field name="verb_ss.MaximumLength"></field><field name="Composition_Type.MaximumLength"></field><field name="composer_ss">Julius Wechter</field></doc><doc><field name="name">Rip This Joint</field><field name="id">http://www.semanticweb.org/tedsullivan/ontologies/2015/5/music-10#Rip_This_Joint</field><field name="hasPerformer_ss">Rolling Stones</field><field name="performers.Length">13</field><field name="composer_ss.MaximumLength"></field><field name="hasPerformer_ss.Length">14</field><field name="path">/Song/Rip This Joint</field><field name="Composition_Type">Song</field><field name="composer_ss">Keith Richards</field><field name="composer_ss">Mick Jagger</field><field name="composer_ss.Length">11</field><field name="performers.MaximumLength"></field><field name="Composition_Type.Length">4</field><field name="verb_ss">composed</field><field name="verb_ss">written</field><field name="verb_ss">authored</field><field name="verb_ss">wrote</field><field name="verb_ss.Length">5</field><field name="verb_ss.MaximumLength"></field><field name="Composition_Type.MaximumLength"></field><field name="composer.Count">4</field><field name="hasPerformer_ss.MaximumLength"></field></doc><doc><field name="name">New Speedway Boogie</field><field name="id">http://www.semanticweb.org/tedsullivan/ontologies/2015/5/music-10#New_Speedway_Boogie</field><field name="related_entity1_ss">Grateful Dead</field><field name="composer_ss.MaximumLength"></field><field name="path">/Song/New Speedway Boogie</field><field name="lyricist_ss.Length">13</field><field name="Composition_Type">Song</field><field name="lyricist_ss">Robert Hunter</field><field name="composer_ss">Jerry Garcia</field><field name="original_performer.Length">13</field><field name="original_performer">Grateful Dead</field><field name="composer_ss.Length">12</field><field name="Composition_Type.Length">4</field><field name="original_performer.MaximumLength"></field><field name="lyricist_ss.MaximumLength"></field><field name="verb_ss">composed</field><field name="verb_ss">written</field><field name="verb_ss">authored</field><field name="verb_ss">wrote</field><field name="genres_ss">Folk</field><field name="genres_ss">Folk Rock</field><field name="genres_ss">Rock</field><field name="verb_ss.Length">5</field><field name="verb_ss.MaximumLength"></field><field name="Composition_Type.MaximumLength"></field></doc><doc><field name="name">Let's Get It On</field><field name="id">http://www.semanticweb.org/tedsullivan/ontologies/2015/5/music-10#Lets_Get_It_On</field><field name="related_entity1_ss">Marvin Gaye</field><field name="composer_ss.MaximumLength"></field><field name="path">/Song/Let's Get It On</field><field name="Composition_Type">Song</field><field name="composer_ss">Ed Townsend</field><field name="composer_ss">Marvin Gaye</field><field name="original_performer.Length">11</field><field name="original_performer">Marvin Gaye</field><field name="composer_ss.Length">11</field><field name="Composition_Type.Length">4</field><field name="original_performer.MaximumLength"></field><field name="verb_ss">composed</field><field name="verb_ss">written</field><field name="verb_ss">authored</field><field name="verb_ss">wrote</field><field name="verb_ss.Length">5</field><field name="verb_ss.MaximumLength"></field><field name="Composition_Type.MaximumLength"></field><field name="composer.Count">4</field></doc><doc><field name="name">At Last</field><field name="id">http://www.semanticweb.org/tedsullivan/ontologies/2015/5/music-10#At_Last</field><field name="composer_ss.Length">12</field><field name="Composition_Type.Length">4</field><field name="composer_ss.MaximumLength"></field><field name="verb_ss">composed</field><field name="verb_ss">written</field><field name="verb_ss">authored</field><field name="verb_ss">wrote</field><field name="path">/Song/At Last</field><field name="Composition_Type">Song</field><field name="verb_ss.Length">5</field><field name="verb_ss.MaximumLength"></field><field name="Composition_Type.MaximumLength"></field><field name="composer_ss">Harry Warren</field></doc><doc><field name="name">Jamaica Jerk-off</field><field name="id">http://www.semanticweb.org/tedsullivan/ontologies/2015/5/music-10#Jamaica_Jerk-off</field><field name="related_entity1_ss">Elton John</field><field name="composer_ss.MaximumLength"></field><field name="path">/Song/Jamaica Jerk-off</field><field name="lyricist_ss.Length">13</field><field name="Composition_Type">Song</field><field name="lyricist_ss">Bernie Taupin</field><field name="composer_ss">Elton John</field><field name="original_performer.Length">10</field><field name="original_performer">Elton John</field><field name="composer_ss.Length">10</field><field name="Composition_Type.Length">4</field><field name="original_performer.MaximumLength"></field><field name="lyricist_ss.MaximumLength"></field><field name="verb_ss">composed</field><field name="verb_ss">written</field><field name="verb_ss">authored</field><field name="verb_ss">wrote</field><field name="verb_ss.Length">5</field><field name="verb_ss.MaximumLength"></field><field name="Composition_Type.MaximumLength"></field></doc><doc><field name="name">Crystal</field><field name="id">http://www.semanticweb.org/tedsullivan/ontologies/2015/5/music-10#Crystal</field><field name="composer_ss.Length">12</field><field name="Composition_Type.Length">4</field><field name="composer_ss.MaximumLength"></field><field name="verb_ss">composed</field><field name="verb_ss">written</field><field name="verb_ss">authored</field><field name="verb_ss">wrote</field><field name="path">/Song/Crystal</field><field name="Composition_Type">Song</field><field name="genres_ss">Rock</field><field name="genres_ss">Soft Rock</field><field name="verb_ss.Length">5</field><field name="verb_ss.MaximumLength"></field><field name="Composition_Type.MaximumLength"></field><field name="composer_ss">Stevie Nicks</field></doc><doc><field name="name">Too Late</field><field name="id">http://www.semanticweb.org/tedsullivan/ontologies/2015/5/music-10#Too_Late</field><field name="composer_ss.Length">12</field><field name="Composition_Type.Length">4</field><field name="composer_ss.MaximumLength"></field><field name="verb_ss">composed</field><field name="verb_ss">written</field><field name="verb_ss">authored</field><field name="verb_ss">wrote</field><field name="path">/Song/Too Late</field><field name="Composition_Type">Song</field><field name="verb_ss.Length">5</field><field name="verb_ss.MaximumLength"></field><field name="Composition_Type.MaximumLength"></field><field name="composer_ss">Willie Dixon</field></doc><doc><field name="name">King For A Day ... Fool For A Lifetime</field><field name="id">http://www.semanticweb.org/tedsullivan/ontologies/2015/5/music-10#King_For_A_Day</field><field name="Composition_Type.Length">4</field><field name="verb_ss">composed</field><field name="verb_ss">written</field><field name="verb_ss">authored</field><field name="verb_ss">wrote</field><field name="path">/Song/King For A Day ... Fool For A Lifetime</field><field name="Composition_Type">Song</field><field name="verb_ss.Length">5</field><field name="verb_ss.MaximumLength"></field><field name="Composition_Type.MaximumLength"></field></doc><doc><field name="name">Burning Down The House</field><field name="id">http://www.semanticweb.org/tedsullivan/ontologies/2015/5/music-10#Burining_Down_The_House</field><field name="hasPerformer_ss">Talking Heads</field><field name="performers.Length">12</field><field name="composer_ss.MaximumLength"></field><field name="hasPerformer_ss.Length">13</field><field name="path">/Song/Burning Down The House</field><field name="Composition_Type">Song</field><field name="composer_ss">Chris Frantz</field><field name="composer_ss">David Byrne</field><field name="composer_ss">Jerry Harrison</field><field name="composer_ss">Tina Weymouth</field><field name="composer_ss.Length">13</field><field name="performers.MaximumLength"></field><field name="Composition_Type.Length">4</field><field name="verb_ss">composed</field><field name="verb_ss">written</field><field name="verb_ss">authored</field><field name="verb_ss">wrote</field><field name="verb_ss.Length">5</field><field name="verb_ss.MaximumLength"></field><field name="Composition_Type.MaximumLength"></field><field name="composer.Count">8</field><field name="hasPerformer_ss.MaximumLength"></field></doc><doc><field name="name">Dancing Barefoot</field><field name="id">http://www.semanticweb.org/tedsullivan/ontologies/2015/5/music-10#Dancing_Barefoot</field><field name="hasPerformer_ss">Patti Smith Group</field><field name="performers.Length">11</field><field name="composer_ss.MaximumLength"></field><field name="hasPerformer_ss.Length">17</field><field name="path">/Song/Dancing Barefoot</field><field name="Composition_Type">Song</field><field name="composer_ss">Ivan Kral</field><field name="composer_ss">Patti Smith</field><field name="composer_ss.Length">11</field><field name="performers.MaximumLength"></field><field name="Composition_Type.Length">4</field><field name="verb_ss">composed</field><field name="verb_ss">written</field><field name="verb_ss">authored</field><field name="verb_ss">wrote</field><field name="verb_ss.Length">5</field><field name="verb_ss.MaximumLength"></field><field name="Composition_Type.MaximumLength"></field><field name="composer.Count">4</field><field name="hasPerformer_ss.MaximumLength"></field></doc><doc><field name="name">Have You Ever Loved Somebody</field><field name="id">http://www.semanticweb.org/tedsullivan/ontologies/2015/5/music-10#Have_You_Ever_Loved_Somebody</field><field name="composer_ss.Length">14</field><field name="Composition_Type.Length">4</field><field name="composer_ss.MaximumLength"></field><field name="verb_ss">composed</field><field name="verb_ss">written</field><field name="verb_ss">authored</field><field name="verb_ss">wrote</field><field name="path">/Song/Have You Ever Loved Somebody</field><field name="Composition_Type">Song</field><field name="genres_ss">R&amp;B</field><field name="verb_ss.Length">5</field><field name="verb_ss.MaximumLength"></field><field name="Composition_Type.MaximumLength"></field><field name="composer_ss">Barry Eastmond</field><field name="composer_ss">Jolyon Skinner</field><field name="composer.Count">4</field></doc><doc><field name="name">Can't You Hear Me Knocking?</field><field name="id">http://www.semanticweb.org/tedsullivan/ontologies/2015/5/music-10#Cant_You_Hear_Me_Knocking</field><field name="related_entity1_ss">Rolling Stones</field><field name="composer_ss.MaximumLength"></field><field name="path">/Song/Can't You Hear Me Knocking?</field><field name="Composition_Type">Song</field><field name="composer_ss">Keith Richards</field><field name="composer_ss">Mick Jagger</field><field name="original_performer.Length">14</field><field name="original_performer">Rolling Stones</field><field name="composer_ss.Length">11</field><field name="Composition_Type.Length">4</field><field name="original_performer.MaximumLength"></field><field name="verb_ss">composed</field><field name="verb_ss">written</field><field name="verb_ss">authored</field><field name="verb_ss">wrote</field><field name="genres_ss">Rock</field><field name="verb_ss.Length">5</field><field name="verb_ss.MaximumLength"></field><field name="Composition_Type.MaximumLength"></field><field name="composer.Count">4</field></doc><doc><field name="name">One of the Few</field><field name="id">http://www.semanticweb.org/tedsullivan/ontologies/2015/5/music-10#One_of_the_Few</field><field name="related_entity1_ss">Pink Floyd</field><field name="composer_ss.MaximumLength"></field><field name="path">/Song/One of the Few</field><field name="Composition_Type">Song</field><field name="composer_ss">Roger Waters</field><field name="original_performer.Length">10</field><field name="original_performer">Pink Floyd</field><field name="composer_ss.Length">12</field><field name="Composition_Type.Length">4</field><field name="original_performer.MaximumLength"></field><field name="verb_ss">composed</field><field name="verb_ss">written</field><field name="verb_ss">authored</field><field name="verb_ss">wrote</field><field name="genres_ss">Rock</field><field name="genres_ss">Progressive Rock</field><field name="verb_ss.Length">5</field><field name="verb_ss.MaximumLength"></field><field name="Composition_Type.MaximumLength"></field></doc><doc><field name="name">Without You</field><field name="id">http://www.semanticweb.org/tedsullivan/ontologies/2015/5/music-10#Without_You_-_Ham</field><field name="related_entity1_ss">Badfinger</field><field name="composer_ss.MaximumLength"></field><field name="path">/Song/Without You</field><field name="Composition_Type">Song</field><field name="composer_ss">Pete Ham</field><field name="composer_ss">Tom Evans</field><field name="original_performer.Length">9</field><field name="original_performer">Badfinger</field><field name="composer_ss.Length">9</field><field name="Composition_Type.Length">4</field><field name="original_performer.MaximumLength"></field><field name="verb_ss">composed</field><field name="verb_ss">written</field><field name="verb_ss">authored</field><field name="verb_ss">wrote</field><field name="genres_ss">Rock</field><field name="genres_ss">Soft Rock</field><field name="verb_ss.Length">5</field><field name="verb_ss.MaximumLength"></field><field name="Composition_Type.MaximumLength"></field><field name="composer.Count">4</field></doc><doc><field name="name">Sweet Home Alabama</field><field name="id">http://www.semanticweb.org/tedsullivan/ontologies/2015/5/music-10#Sweet_Home_Alabama</field><field name="performers.MaximumLength"></field><field name="hasPerformer_ss">Lynyrd Skynyrd</field><field name="performers.Length">9</field><field name="Composition_Type.Length">4</field><field name="hasPerformer_ss.Length">14</field><field name="verb_ss">composed</field><field name="verb_ss">written</field><field name="verb_ss">authored</field><field name="verb_ss">wrote</field><field name="path">/Song/Sweet Home Alabama</field><field name="Composition_Type">Song</field><field name="verb_ss.Length">5</field><field name="verb_ss.MaximumLength"></field><field name="Composition_Type.MaximumLength"></field><field name="hasPerformer_ss.MaximumLength"></field></doc><doc><field name="name">If I Were A Carpenter</field><field name="id">http://www.semanticweb.org/tedsullivan/ontologies/2015/5/music-10#If_I_Were_A_Carpenter</field><field name="composer_ss.Length">10</field><field name="Composition_Type.Length">4</field><field name="composer_ss.MaximumLength"></field><field name="verb_ss">composed</field><field name="verb_ss">written</field><field name="verb_ss">authored</field><field name="verb_ss">wrote</field><field name="path">/Song/If I Were A Carpenter</field><field name="Composition_Type">Song</field><field name="genres_ss">Folk</field><field name="verb_ss.Length">5</field><field name="verb_ss.MaximumLength"></field><field name="Composition_Type.MaximumLength"></field><field name="composer_ss">Tim Hardin</field></doc><doc><field name="name">The Name Game</field><field name="id">http://www.semanticweb.org/tedsullivan/ontologies/2015/5/music-10#The_Name_Game</field><field name="composer_ss.Length">13</field><field name="related_entity1_ss">Shirley Ellis</field><field name="Composition_Type.Length">4</field><field name="composer_ss.MaximumLength"></field><field name="original_performer.MaximumLength"></field><field name="verb_ss">composed</field><field name="verb_ss">written</field><field name="verb_ss">authored</field><field name="verb_ss">wrote</field><field name="path">/Song/The Name Game</field><field name="Composition_Type">Song</field><field name="verb_ss.Length">5</field><field name="verb_ss.MaximumLength"></field><field name="Composition_Type.MaximumLength"></field><field name="composer_ss">Shirley Ellis</field><field name="original_performer.Length">13</field><field name="original_performer">Shirley Ellis</field></doc><doc><field name="name">From Four Until Late</field><field name="id">http://www.semanticweb.org/tedsullivan/ontologies/2015/5/music-10#From_Four_Until_Late</field><field name="composer_ss.Length">14</field><field name="related_entity1_ss">Robert Johnson</field><field name="Composition_Type.Length">4</field><field name="composer_ss.MaximumLength"></field><field name="original_performer.MaximumLength"></field><field name="verb_ss">composed</field><field name="verb_ss">written</field><field name="verb_ss">authored</field><field name="verb_ss">wrote</field><field name="path">/Song/From Four Until Late</field><field name="Composition_Type">Song</field><field name="verb_ss.Length">5</field><field name="verb_ss.MaximumLength"></field><field name="Composition_Type.MaximumLength"></field><field name="composer_ss">Robert Johnson</field><field name="original_performer.Length">14</field><field name="original_performer">Robert Johnson</field></doc><doc><field name="name">Up Around the Bend</field><field name="id">http://www.semanticweb.org/tedsullivan/ontologies/2015/5/music-10#Up_Around_the_Bend</field><field name="related_entity1_ss">Creedence Clearwater Revival</field><field name="hasPerformer_ss">Creedence Clearwater Revival</field><field name="performers.Length">13</field><field name="composer_ss.MaximumLength"></field><field name="hasPerformer_ss.Length">28</field><field name="path">/Song/Up Around the Bend</field><field name="Composition_Type">Song</field><field name="composer_ss">John Fogerty</field><field name="original_performer.Length">28</field><field name="original_performer">Creedence Clearwater Revival</field><field name="composer_ss.Length">12</field><field name="performers.MaximumLength"></field><field name="Composition_Type.Length">4</field><field name="original_performer.MaximumLength"></field><field name="verb_ss">composed</field><field name="verb_ss">written</field><field name="verb_ss">authored</field><field name="verb_ss">wrote</field><field name="verb_ss.Length">5</field><field name="verb_ss.MaximumLength"></field><field name="Composition_Type.MaximumLength"></field><field name="hasPerformer_ss.MaximumLength"></field></doc><doc><field name="name">Since I've Been Loving You</field><field name="id">http://www.semanticweb.org/tedsullivan/ontologies/2015/5/music-10#Since_Ive_Been_Loving_You</field><field name="related_entity1_ss">Led Zeppelin</field><field name="composer_ss.MaximumLength"></field><field name="path">/Song/Since I've Been Loving You</field><field name="Composition_Type">Song</field><field name="composer_ss">Jimmy Page</field><field name="composer_ss">John Paul Jones</field><field name="composer_ss">Robert Plant</field><field name="original_performer.Length">12</field><field name="original_performer">Led Zeppelin</field><field name="composer_ss.Length">12</field><field name="Composition_Type.Length">4</field><field name="original_performer.MaximumLength"></field><field name="verb_ss">composed</field><field name="verb_ss">written</field><field name="verb_ss">authored</field><field name="verb_ss">wrote</field><field name="genres_ss">Rock</field><field name="verb_ss.Length">5</field><field name="verb_ss.MaximumLength"></field><field name="Composition_Type.MaximumLength"></field><field name="composer.Count">6</field></doc><doc><field name="name">Double Crossing Time</field><field name="id">http://www.semanticweb.org/tedsullivan/ontologies/2015/5/music-10#Double_Crossing_Time</field><field name="related_entity1_ss">John Mayall's Bluesbreakers</field><field name="composer_ss.MaximumLength"></field><field name="path">/Song/Double Crossing Time</field><field name="Composition_Type">Song</field><field name="composer_ss">Eric Clapton</field><field name="composer_ss">John Mayall</field><field name="original_performer.Length">27</field><field name="original_performer">John Mayall's Bluesbreakers</field><field name="composer_ss.Length">11</field><field name="Composition_Type.Length">4</field><field name="original_performer.MaximumLength"></field><field name="verb_ss">composed</field><field name="verb_ss">written</field><field name="verb_ss">authored</field><field name="verb_ss">wrote</field><field name="genres_ss">Blues</field><field name="verb_ss.Length">5</field><field name="verb_ss.MaximumLength"></field><field name="Composition_Type.MaximumLength"></field><field name="composer.Count">4</field></doc><doc><field name="name">Lonely Avenue</field><field name="id">http://www.semanticweb.org/tedsullivan/ontologies/2015/5/music-10#Lonely_Avenue</field><field name="composer_ss.Length">9</field><field name="Composition_Type.Length">4</field><field name="composer_ss.MaximumLength"></field><field name="verb_ss">composed</field><field name="verb_ss">written</field><field name="verb_ss">authored</field><field name="verb_ss">wrote</field><field name="path">/Song/Lonely Avenue</field><field name="Composition_Type">Song</field><field name="genres_ss">R&amp;B</field><field name="verb_ss.Length">5</field><field name="verb_ss.MaximumLength"></field><field name="Composition_Type.MaximumLength"></field><field name="composer_ss">Doc Pomus</field></doc><doc><field name="name">Find Yourself Another Fool</field><field name="id">http://www.semanticweb.org/tedsullivan/ontologies/2015/5/music-10#Find_Yourself_Another_Fool</field><field name="related_entity1_ss">Muddy Waters</field><field name="composer_ss.MaximumLength"></field><field name="path">/Song/Find Yourself Another Fool</field><field name="Composition_Type">Song</field><field name="composer_ss">Muddy Waters</field><field name="original_performer.Length">12</field><field name="original_performer">Muddy Waters</field><field name="composer_ss.Length">12</field><field name="Composition_Type.Length">4</field><field name="original_performer.MaximumLength"></field><field name="verb_ss">composed</field><field name="verb_ss">written</field><field name="verb_ss">authored</field><field name="verb_ss">wrote</field><field name="genres_ss">Blues</field><field name="verb_ss.Length">5</field><field name="verb_ss.MaximumLength"></field><field name="Composition_Type.MaximumLength"></field></doc><doc><field name="name">Abracadabra</field><field name="id">http://www.semanticweb.org/tedsullivan/ontologies/2015/5/music-10#Abracadabra</field><field name="Composition_Type.Length">4</field><field name="verb_ss">composed</field><field name="verb_ss">written</field><field name="verb_ss">authored</field><field name="verb_ss">wrote</field><field name="path">/Song/Abracadabra</field><field name="Composition_Type">Song</field><field name="verb_ss.Length">5</field><field name="verb_ss.MaximumLength"></field><field name="Composition_Type.MaximumLength"></field></doc><doc><field name="name">South City Midnight Lady</field><field name="id">http://www.semanticweb.org/tedsullivan/ontologies/2015/5/music-10#South_City_Midnight_Lady</field><field name="composer_ss.Length">15</field><field name="related_entity1_ss">Doobie Brothers</field><field name="Composition_Type.Length">4</field><field name="composer_ss.MaximumLength"></field><field name="original_performer.MaximumLength"></field><field name="verb_ss">composed</field><field name="verb_ss">written</field><field name="verb_ss">authored</field><field name="verb_ss">wrote</field><field name="path">/Song/South City Midnight Lady</field><field name="Composition_Type">Song</field><field name="verb_ss.Length">5</field><field name="verb_ss.MaximumLength"></field><field name="Composition_Type.MaximumLength"></field><field name="composer_ss">Patrick Simmons</field><field name="original_performer.Length">15</field><field name="original_performer">Doobie Brothers</field></doc><doc><field name="name">I Just Want To Celebrate</field><field name="id">http://www.semanticweb.org/tedsullivan/ontologies/2015/5/music-10#I_Just_Want_to_Celebrate</field><field name="composer_ss.Length">11</field><field name="hasPerformer_ss">Rare Earth</field><field name="Composition_Type.Length">4</field><field name="composer_ss.MaximumLength"></field><field name="hasPerformer_ss.Length">10</field><field name="verb_ss">composed</field><field name="verb_ss">written</field><field name="verb_ss">authored</field><field name="verb_ss">wrote</field><field name="path">/Song/I Just Want To Celebrate</field><field name="Composition_Type">Song</field><field name="verb_ss.Length">5</field><field name="verb_ss.MaximumLength"></field><field name="Composition_Type.MaximumLength"></field><field name="composer_ss">Dino Fekaris</field><field name="composer_ss">Nick Zesses</field><field name="composer.Count">4</field><field name="hasPerformer_ss.MaximumLength"></field></doc><doc><field name="name">Friend Of The Devil</field><field name="id">http://www.semanticweb.org/tedsullivan/ontologies/2015/5/music-10#Friend_Of_The_Devil</field><field name="composer_ss.Length">12</field><field name="performers.MaximumLength"></field><field name="hasPerformer_ss">Grateful Dead</field><field name="performers.Length">15</field><field name="Composition_Type.Length">4</field><field name="composer_ss.MaximumLength"></field><field name="hasPerformer_ss.Length">13</field><field name="verb_ss">composed</field><field name="verb_ss">written</field><field name="verb_ss">authored</field><field name="verb_ss">wrote</field><field name="path">/Song/Friend Of The Devil</field><field name="Composition_Type">Song</field><field name="verb_ss.Length">5</field><field name="verb_ss.MaximumLength"></field><field name="Composition_Type.MaximumLength"></field><field name="composer_ss">Jerry Garcia</field><field name="hasPerformer_ss.MaximumLength"></field></doc><doc><field name="name">Hearts Of Stone</field><field name="id">http://www.semanticweb.org/tedsullivan/ontologies/2015/5/music-10#Hearts_Of_Stone</field><field name="composer_ss.Length">12</field><field name="Composition_Type.Length">4</field><field name="composer_ss.MaximumLength"></field><field name="verb_ss">composed</field><field name="verb_ss">written</field><field name="verb_ss">authored</field><field name="verb_ss">wrote</field><field name="path">/Song/Hearts Of Stone</field><field name="Composition_Type">Song</field><field name="genres_ss">Rock</field><field name="genres_ss">Doo Wop</field><field name="verb_ss.Length">5</field><field name="verb_ss.MaximumLength"></field><field name="Composition_Type.MaximumLength"></field><field name="composer_ss">Eddie Ray</field><field name="composer_ss">Rudy Jackson</field><field name="composer.Count">4</field></doc><doc><field name="name">Every Man Has a Woman Who Loves Him</field><field name="id">http://www.semanticweb.org/tedsullivan/ontologies/2015/5/music-10#Every_Man_Has_a_Woman_Who_Loves_Him</field><field name="composer_ss.Length">8</field><field name="Composition_Type.Length">4</field><field name="composer_ss.MaximumLength"></field><field name="verb_ss">composed</field><field name="verb_ss">written</field><field name="verb_ss">authored</field><field name="verb_ss">wrote</field><field name="path">/Song/Every Man Has a Woman Who Loves Him</field><field name="Composition_Type">Song</field><field name="verb_ss.Length">5</field><field name="verb_ss.MaximumLength"></field><field name="Composition_Type.MaximumLength"></field><field name="composer_ss">Yoko Ono</field></doc><doc><field name="name">Don't Bother Me</field><field name="id">http://www.semanticweb.org/tedsullivan/ontologies/2015/5/music-10#Dont_Bother_Me</field><field name="related_entity1_ss">Beatles</field><field name="composer_ss.MaximumLength"></field><field name="path">/Song/Don't Bother Me</field><field name="Composition_Type">Song</field><field name="composer_ss">George Harrison</field><field name="original_performer.Length">7</field><field name="original_performer">Beatles</field><field name="composer_ss.Length">15</field><field name="Composition_Type.Length">4</field><field name="original_performer.MaximumLength"></field><field name="verb_ss">composed</field><field name="verb_ss">written</field><field name="verb_ss">authored</field><field name="verb_ss">wrote</field><field name="genres_ss">Rock</field><field name="genres_ss">Rock &amp; Roll</field><field name="verb_ss.Length">5</field><field name="verb_ss.MaximumLength"></field><field name="Composition_Type.MaximumLength"></field></doc><doc><field name="name">Crosstown Traffic</field><field name="id">http://www.semanticweb.org/tedsullivan/ontologies/2015/5/music-10#Crosstown_Traffic</field><field name="related_entity1_ss">Jimi Hendrix Experience</field><field name="composer_ss.MaximumLength"></field><field name="hasGenre.Count">6</field><field name="path">/Song/Crosstown Traffic</field><field name="Composition_Type">Song</field><field name="composer_ss">Jimi Hendrix</field><field name="original_performer.Length">23</field><field name="original_performer">Jimi Hendrix Experience</field><field name="composer_ss.Length">12</field><field name="Composition_Type.Length">4</field><field name="original_performer.MaximumLength"></field><field name="verb_ss">composed</field><field name="verb_ss">written</field><field name="verb_ss">authored</field><field name="verb_ss">wrote</field><field name="genres_ss">Rock</field><field name="genres_ss">Acid Rock</field><field name="genres_ss">Blues</field><field name="genres_ss">Blues Rock</field><field name="genres_ss">Hard Rock</field><field name="verb_ss.Length">5</field><field name="verb_ss.MaximumLength"></field><field name="Composition_Type.MaximumLength"></field></doc><doc><field name="name">5D (Fifth Dimension)</field><field name="id">http://www.semanticweb.org/tedsullivan/ontologies/2015/5/music-10#FiveD_Fifth_Dimension</field><field name="related_entity1_ss">The Byrds</field><field name="composer_ss.MaximumLength"></field><field name="hasGenre.Count">4</field><field name="path">/Song/5D (Fifth Dimension)</field><field name="Composition_Type">Song</field><field name="composer_ss">Roger McGuinn</field><field name="original_performer.Length">9</field><field name="original_performer">The Byrds</field><field name="composer_ss.Length">13</field><field name="Composition_Type.Length">4</field><field name="original_performer.MaximumLength"></field><field name="verb_ss">composed</field><field name="verb_ss">written</field><field name="verb_ss">authored</field><field name="verb_ss">wrote</field><field name="genres_ss">Folk</field><field name="genres_ss">Folk Rock</field><field name="genres_ss">Rock</field><field name="genres_ss">Psychedelic Rock</field><field name="verb_ss.Length">5</field><field name="verb_ss.MaximumLength"></field><field name="Composition_Type.MaximumLength"></field></doc><doc><field name="name">That'll Be the Day</field><field name="id">http://www.semanticweb.org/tedsullivan/ontologies/2015/5/music-10#Thatll_Be_the_Day</field><field name="hasPerformer_ss">Buddy Holly and the Crickets</field><field name="performers.Length">11</field><field name="composer_ss.MaximumLength"></field><field name="hasPerformer_ss.Length">28</field><field name="path">/Song/That'll Be the Day</field><field name="Composition_Type">Song</field><field name="composer_ss">Buddy Holly</field><field name="composer_ss">Jerry Allison</field><field name="composer_ss">Norman Petty</field><field name="composer_ss.Length">12</field><field name="performers.MaximumLength"></field><field name="Composition_Type.Length">4</field><field name="verb_ss">composed</field><field name="verb_ss">written</field><field name="verb_ss">authored</field><field name="verb_ss">wrote</field><field name="verb_ss.Length">5</field><field name="verb_ss.MaximumLength"></field><field name="Composition_Type.MaximumLength"></field><field name="composer.Count">6</field><field name="hasPerformer_ss.MaximumLength"></field></doc><doc><field name="name">Yesterday's Song</field><field name="id">http://www.semanticweb.org/tedsullivan/ontologies/2015/5/music-10#Yesterdays_Song</field><field name="Composition_Type.Length">4</field><field name="verb_ss">composed</field><field name="verb_ss">written</field><field name="verb_ss">authored</field><field name="verb_ss">wrote</field><field name="path">/Song/Yesterday's Song</field><field name="Composition_Type">Song</field><field name="verb_ss.Length">5</field><field name="verb_ss.MaximumLength"></field><field name="Composition_Type.MaximumLength"></field></doc><doc><field name="name">Superstition</field><field name="id">http://www.semanticweb.org/tedsullivan/ontologies/2015/5/music-10#Superstition</field><field name="related_entity1_ss">Stevie Wonder</field><field name="composer_ss.MaximumLength"></field><field name="path">/Song/Superstition</field><field name="Composition_Type">Song</field><field name="composer_ss">Stevie Wonder</field><field name="original_performer.Length">13</field><field name="original_performer">Stevie Wonder</field><field name="composer_ss.Length">13</field><field name="Composition_Type.Length">4</field><field name="original_performer.MaximumLength"></field><field name="verb_ss">composed</field><field name="verb_ss">written</field><field name="verb_ss">authored</field><field name="verb_ss">wrote</field><field name="genres_ss">R&amp;B</field><field name="verb_ss.Length">5</field><field name="verb_ss.MaximumLength"></field><field name="Composition_Type.MaximumLength"></field></doc><doc><field name="name">All God's Chillun Got Rhythm</field><field name="id">http://www.semanticweb.org/tedsullivan/ontologies/2015/5/music-10#All_Gods_Chillun_Got_Rhythm</field><field name="composer_ss.Length">14</field><field name="Composition_Type.Length">4</field><field name="composer_ss.MaximumLength"></field><field name="verb_ss">composed</field><field name="verb_ss">written</field><field name="verb_ss">authored</field><field name="verb_ss">wrote</field><field name="path">/Song/All God's Chillun Got Rhythm</field><field name="Composition_Type">Song</field><field name="verb_ss.Length">5</field><field name="verb_ss.MaximumLength"></field><field name="Composition_Type.MaximumLength"></field><field name="composer_ss">Bronisław Kaper</field><field name="composer_ss">Gus Kahn</field><field name="composer_ss">Walter Jurmann</field><field name="composer.Count">6</field></doc><doc><field name="name">Button Up You Overcoat</field><field name="id">http://www.semanticweb.org/tedsullivan/ontologies/2015/5/music-10#Button_Up_Your_Overcoat</field><field name="composer_ss.Length">13</field><field name="lyricsBy.Count">4</field><field name="Composition_Type.Length">4</field><field name="composer_ss.MaximumLength"></field><field name="lyricist_ss.MaximumLength"></field><field name="verb_ss">composed</field><field name="verb_ss">written</field><field name="verb_ss">authored</field><field name="verb_ss">wrote</field><field name="path">/Song/Button Up You Overcoat</field><field name="lyricist_ss.Length">9</field><field name="Composition_Type">Song</field><field name="lyricist_ss">Buddy DeSylva</field><field name="lyricist_ss">Lew Brown</field><field name="verb_ss.Length">5</field><field name="verb_ss.MaximumLength"></field><field name="Composition_Type.MaximumLength"></field><field name="composer_ss">Ray Henderson</field></doc><doc><field name="name">The Moon Was Yellow</field><field name="id">http://www.semanticweb.org/tedsullivan/ontologies/2015/5/music-10#The_Moon_Was_Yellow</field><field name="composer_ss.Length">14</field><field name="Composition_Type.Length">4</field><field name="composer_ss.MaximumLength"></field><field name="verb_ss">composed</field><field name="verb_ss">written</field><field name="verb_ss">authored</field><field name="verb_ss">wrote</field><field name="path">/Song/The Moon Was Yellow</field><field name="Composition_Type">Song</field><field name="verb_ss.Length">5</field><field name="verb_ss.MaximumLength"></field><field name="Composition_Type.MaximumLength"></field><field name="composer_ss">Edgar Leslie</field><field name="composer_ss">Fred E. Ahlert</field><field name="composer.Count">4</field></doc><doc><field name="name">In The Still Of The Night</field><field name="id">http://www.semanticweb.org/tedsullivan/ontologies/2015/5/music-10#In_The_Still_Of_The_Night</field><field name="related_entity1_ss">The Five Satins</field><field name="composer_ss.MaximumLength"></field><field name="hasGenre.Count">4</field><field name="path">/Song/In The Still Of The Night</field><field name="Composition_Type">Song</field><field name="composer_ss">Fred Parris</field><field name="original_performer.Length">15</field><field name="original_performer">The Five Satins</field><field name="composer_ss.Length">11</field><field name="Composition_Type.Length">4</field><field name="original_performer.MaximumLength"></field><field name="verb_ss">composed</field><field name="verb_ss">written</field><field name="verb_ss">authored</field><field name="verb_ss">wrote</field><field name="genres_ss">Rock</field><field name="genres_ss">Doo Wop</field><field name="genres_ss">Popular</field><field name="genres_ss">Oldies</field><field name="verb_ss.Length">5</field><field name="verb_ss.MaximumLength"></field><field name="Composition_Type.MaximumLength"></field></doc><doc><field name="name">All Blues</field><field name="id">http://www.semanticweb.org/tedsullivan/ontologies/2015/5/music-10#All_Blues</field><field name="Composition_Type.Length">4</field><field name="verb_ss">composed</field><field name="verb_ss">written</field><field name="verb_ss">authored</field><field name="verb_ss">wrote</field><field name="path">/Song/All Blues</field><field name="Composition_Type">Song</field><field name="verb_ss.Length">5</field><field name="verb_ss.MaximumLength"></field><field name="Composition_Type.MaximumLength"></field></doc><doc><field name="name">Dust In The Wind</field><field name="id">http://www.semanticweb.org/tedsullivan/ontologies/2015/5/music-10#Dust_In_The_Wind</field><field name="Composition_Type.Length">4</field><field name="verb_ss">composed</field><field name="verb_ss">written</field><field name="verb_ss">authored</field><field name="verb_ss">wrote</field><field name="path">/Song/Dust In The Wind</field><field name="Composition_Type">Song</field><field name="verb_ss.Length">5</field><field name="verb_ss.MaximumLength"></field><field name="Composition_Type.MaximumLength"></field></doc><doc><field name="name">Ob-La-Di, Ob-La-Da</field><field name="id">http://www.semanticweb.org/tedsullivan/ontologies/2015/5/music-10#Ob_La_Di_Ob_La_Da</field><field name="related_entity1_ss">Beatles</field><field name="composer_ss.MaximumLength"></field><field name="path">/Song/Ob-La-Di, Ob-La-Da</field><field name="Composition_Type">Song</field><field name="composer_ss">John Lennon</field><field name="composer_ss">Paul McCartney</field><field name="original_performer.Length">7</field><field name="original_performer">Beatles</field><field name="composer_ss.Length">14</field><field name="Composition_Type.Length">4</field><field name="original_performer.MaximumLength"></field><field name="verb_ss">composed</field><field name="verb_ss">written</field><field name="verb_ss">authored</field><field name="verb_ss">wrote</field><field name="genres_ss">Rock</field><field name="verb_ss.Length">5</field><field name="verb_ss.MaximumLength"></field><field name="Composition_Type.MaximumLength"></field><field name="composer.Count">4</field></doc><doc><field name="name">Trampled Under Foot</field><field name="id">http://www.semanticweb.org/tedsullivan/ontologies/2015/5/music-10#Trampled_Under_Foot</field><field name="related_entity1_ss">Led Zeppelin</field><field name="composer_ss.MaximumLength"></field><field name="path">/Song/Trampled Under Foot</field><field name="Composition_Type">Song</field><field name="composer_ss">Jimmy Page</field><field name="composer_ss">John Paul Jones</field><field name="composer_ss">Robert Plant</field><field name="original_performer.Length">12</field><field name="original_performer">Led Zeppelin</field><field name="composer_ss.Length">12</field><field name="Composition_Type.Length">4</field><field name="original_performer.MaximumLength"></field><field name="verb_ss">composed</field><field name="verb_ss">written</field><field name="verb_ss">authored</field><field name="verb_ss">wrote</field><field name="genres_ss">Rock</field><field name="genres_ss">Hard Rock</field><field name="verb_ss.Length">5</field><field name="verb_ss.MaximumLength"></field><field name="Composition_Type.MaximumLength"></field><field name="composer.Count">6</field></doc><doc><field name="name">Black Magic</field><field name="id">http://www.semanticweb.org/tedsullivan/ontologies/2015/5/music-10#Black_Magic</field><field name="hasPerformer_ss">Little Mix</field><field name="Composition_Type.Length">4</field><field name="hasPerformer_ss.Length">10</field><field name="verb_ss">composed</field><field name="verb_ss">written</field><field name="verb_ss">authored</field><field name="verb_ss">wrote</field><field name="path">/Song/Black Magic</field><field name="Composition_Type">Song</field><field name="verb_ss.Length">5</field><field name="verb_ss.MaximumLength"></field><field name="Composition_Type.MaximumLength"></field><field name="hasPerformer_ss.MaximumLength"></field></doc><doc><field name="name">Do You Want To Know A Secret</field><field name="id">http://www.semanticweb.org/tedsullivan/ontologies/2015/5/music-10#Do_You_Want_To_Know_A_Secret</field><field name="related_entity1_ss">Beatles</field><field name="composer_ss.MaximumLength"></field><field name="path">/Song/Do You Want To Know A Secret</field><field name="Composition_Type">Song</field><field name="composer_ss">John Lennon</field><field name="composer_ss">Paul McCartney</field><field name="original_performer.Length">7</field><field name="original_performer">Beatles</field><field name="composer_ss.Length">14</field><field name="Composition_Type.Length">4</field><field name="original_performer.MaximumLength"></field><field name="verb_ss">composed</field><field name="verb_ss">written</field><field name="verb_ss">authored</field><field name="verb_ss">wrote</field><field name="genres_ss">Rock</field><field name="genres_ss">Rock &amp; Roll</field><field name="verb_ss.Length">5</field><field name="verb_ss.MaximumLength"></field><field name="Composition_Type.MaximumLength"></field><field name="composer.Count">4</field></doc><doc><field name="name">Dear Old Stockholm</field><field name="id">http://www.semanticweb.org/tedsullivan/ontologies/2015/5/music-10#Dear_Old_Stockholm</field><field name="composer_ss.Length">8</field><field name="Composition_Type.Length">4</field><field name="composer_ss.MaximumLength"></field><field name="verb_ss">composed</field><field name="verb_ss">written</field><field name="verb_ss">authored</field><field name="verb_ss">wrote</field><field name="path">/Song/Dear Old Stockholm</field><field name="Composition_Type">Song</field><field name="verb_ss.Length">5</field><field name="verb_ss.MaximumLength"></field><field name="Composition_Type.MaximumLength"></field><field name="composer_ss">composer</field></doc><doc><field name="name">Coquette</field><field name="id">http://www.semanticweb.org/tedsullivan/ontologies/2015/5/music-10#Coquette</field><field name="Composition_Type.Length">4</field><field name="verb_ss">composed</field><field name="verb_ss">written</field><field name="verb_ss">authored</field><field name="verb_ss">wrote</field><field name="path">/Song/Coquette</field><field name="Composition_Type">Song</field><field name="verb_ss.Length">5</field><field name="verb_ss.MaximumLength"></field><field name="Composition_Type.MaximumLength"></field></doc><doc><field name="name">When It Comes to You</field><field name="id">http://www.semanticweb.org/tedsullivan/ontologies/2015/5/music-10#When_It_Comes_to_You</field><field name="related_entity1_ss">Dire Straits</field><field name="composer_ss.MaximumLength"></field><field name="path">/Song/When It Comes to You</field><field name="Composition_Type">Song</field><field name="composer_ss">Mark Knopfler</field><field name="original_performer.Length">12</field><field name="original_performer">Dire Straits</field><field name="composer_ss.Length">13</field><field name="Composition_Type.Length">4</field><field name="original_performer.MaximumLength"></field><field name="verb_ss">composed</field><field name="verb_ss">written</field><field name="verb_ss">authored</field><field name="verb_ss">wrote</field><field name="genres_ss">Rock</field><field name="verb_ss.Length">5</field><field name="verb_ss.MaximumLength"></field><field name="Composition_Type.MaximumLength"></field></doc><doc><field name="name">Kiss The Girls &amp; Make Them Cry</field><field name="id">http://www.semanticweb.org/tedsullivan/ontologies/2015/5/music-10#Kiss_The_Girls</field><field name="Composition_Type.Length">4</field><field name="verb_ss">composed</field><field name="verb_ss">written</field><field name="verb_ss">authored</field><field name="verb_ss">wrote</field><field name="path">/Song/Kiss The Girls &amp; Make Them Cry</field><field name="Composition_Type">Song</field><field name="verb_ss.Length">5</field><field name="verb_ss.MaximumLength"></field><field name="Composition_Type.MaximumLength"></field></doc><doc><field name="name">Now More Than Ever</field><field name="id">http://www.semanticweb.org/tedsullivan/ontologies/2015/5/music-10#Now_More_Than_Ever</field><field name="Composition_Type.Length">4</field><field name="verb_ss">composed</field><field name="verb_ss">written</field><field name="verb_ss">authored</field><field name="verb_ss">wrote</field><field name="path">/Song/Now More Than Ever</field><field name="Composition_Type">Song</field><field name="verb_ss.Length">5</field><field name="verb_ss.MaximumLength"></field><field name="Composition_Type.MaximumLength"></field></doc><doc><field name="name">Sudden Stop</field><field name="id">http://www.semanticweb.org/tedsullivan/ontologies/2015/5/music-10#Sudden_Stop</field><field name="composer_ss.Length">13</field><field name="Composition_Type.Length">4</field><field name="composer_ss.MaximumLength"></field><field name="verb_ss">composed</field><field name="verb_ss">written</field><field name="verb_ss">authored</field><field name="verb_ss">wrote</field><field name="path">/Song/Sudden Stop</field><field name="Composition_Type">Song</field><field name="genres_ss">Popular</field><field name="genres_ss">Pop</field><field name="verb_ss.Length">5</field><field name="verb_ss.MaximumLength"></field><field name="Composition_Type.MaximumLength"></field><field name="composer_ss">Bobby Russell</field></doc><doc><field name="name">Twistin' the Night Away</field><field name="id">http://www.semanticweb.org/tedsullivan/ontologies/2015/5/music-10#Twistin_the_Night_Away</field><field name="composer_ss.Length">9</field><field name="hasPerformer_ss">Sam Cooke</field><field name="Composition_Type.Length">4</field><field name="composer_ss.MaximumLength"></field><field name="hasPerformer_ss.Length">9</field><field name="verb_ss">composed</field><field name="verb_ss">written</field><field name="verb_ss">authored</field><field name="verb_ss">wrote</field><field name="path">/Song/Twistin' the Night Away</field><field name="Composition_Type">Song</field><field name="verb_ss.Length">5</field><field name="verb_ss.MaximumLength"></field><field name="Composition_Type.MaximumLength"></field><field name="composer_ss">Sam Cooke</field><field name="hasPerformer_ss.MaximumLength"></field></doc><doc><field name="name">High Flying Bird</field><field name="id">http://www.semanticweb.org/tedsullivan/ontologies/2015/5/music-10#High_Flying_Bird</field><field name="composer_ss.Length">10</field><field name="Composition_Type.Length">4</field><field name="composer_ss.MaximumLength"></field><field name="lyricist_ss.MaximumLength"></field><field name="verb_ss">composed</field><field name="verb_ss">written</field><field name="verb_ss">authored</field><field name="verb_ss">wrote</field><field name="path">/Song/High Flying Bird</field><field name="lyricist_ss.Length">13</field><field name="Composition_Type">Song</field><field name="lyricist_ss">Bernie Taupin</field><field name="verb_ss.Length">5</field><field name="verb_ss.MaximumLength"></field><field name="Composition_Type.MaximumLength"></field><field name="composer_ss">Elton John</field></doc><doc><field name="name">My Sweet Lord</field><field name="id">http://www.semanticweb.org/tedsullivan/ontologies/2015/5/music-10#My_Sweet_Lord</field><field name="composer_ss.Length">15</field><field name="Composition_Type.Length">4</field><field name="composer_ss.MaximumLength"></field><field name="verb_ss">composed</field><field name="verb_ss">written</field><field name="verb_ss">authored</field><field name="verb_ss">wrote</field><field name="path">/Song/My Sweet Lord</field><field name="Composition_Type">Song</field><field name="genres_ss">Rock</field><field name="genres_ss">Soft Rock</field><field name="verb_ss.Length">5</field><field name="verb_ss.MaximumLength"></field><field name="Composition_Type.MaximumLength"></field><field name="composer_ss">George Harrison</field></doc><doc><field name="name">And Your Bird Can Sing</field><field name="id">http://www.semanticweb.org/tedsullivan/ontologies/2015/5/music-10#And_Your_Bird_Can_Sing</field><field name="related_entity1_ss">Beatles</field><field name="composer_ss.MaximumLength"></field><field name="path">/Song/And Your Bird Can Sing</field><field name="Composition_Type">Song</field><field name="composer_ss">John Lennon</field><field name="composer_ss">Paul McCartney</field><field name="original_performer.Length">7</field><field name="original_performer">Beatles</field><field name="composer_ss.Length">14</field><field name="Composition_Type.Length">4</field><field name="original_performer.MaximumLength"></field><field name="verb_ss">composed</field><field name="verb_ss">written</field><field name="verb_ss">authored</field><field name="verb_ss">wrote</field><field name="genres_ss">Rock</field><field name="genres_ss">Rock &amp; Roll</field><field name="verb_ss.Length">5</field><field name="verb_ss.MaximumLength"></field><field name="Composition_Type.MaximumLength"></field><field name="composer.Count">4</field></doc><doc><field name="name">Nobody's Business</field><field name="id">http://www.semanticweb.org/tedsullivan/ontologies/2015/5/music-10#Nobodys_Business</field><field name="composer_ss.Length">8</field><field name="hasPerformer_ss">Lou Reed</field><field name="Composition_Type.Length">4</field><field name="composer_ss.MaximumLength"></field><field name="hasPerformer_ss.Length">8</field><field name="verb_ss">composed</field><field name="verb_ss">written</field><field name="verb_ss">authored</field><field name="verb_ss">wrote</field><field name="path">/Song/Nobody's Business</field><field name="Composition_Type">Song</field><field name="verb_ss.Length">5</field><field name="verb_ss.MaximumLength"></field><field name="Composition_Type.MaximumLength"></field><field name="composer_ss">Lou Reed</field><field name="hasPerformer_ss.MaximumLength"></field></doc><doc><field name="name">All I Have to Do Is Dream</field><field name="id">http://www.semanticweb.org/tedsullivan/ontologies/2015/5/music-10#All_I_Have_to_Do_Is_Dream</field><field name="hasPerformer_ss">Everly Brothers</field><field name="performers.Length">10</field><field name="composer_ss.MaximumLength"></field><field name="hasPerformer_ss.Length">15</field><field name="path">/Song/All I Have to Do Is Dream</field><field name="Composition_Type">Song</field><field name="composer_ss">Diadorius Boudleaux Bryant</field><field name="composer_ss">Felice Bryant</field><field name="composer_ss.Length">13</field><field name="performers.MaximumLength"></field><field name="Composition_Type.Length">4</field><field name="verb_ss">composed</field><field name="verb_ss">written</field><field name="verb_ss">authored</field><field name="verb_ss">wrote</field><field name="verb_ss.Length">5</field><field name="verb_ss.MaximumLength"></field><field name="Composition_Type.MaximumLength"></field><field name="composer.Count">4</field><field name="hasPerformer_ss.MaximumLength"></field></doc><doc><field name="name">Bat Out Of Hell</field><field name="id">http://www.semanticweb.org/tedsullivan/ontologies/2015/5/music-10#Bat_Out_Of_Hell</field><field name="composer_ss.Length">12</field><field name="Composition_Type.Length">4</field><field name="composer_ss.MaximumLength"></field><field name="verb_ss">composed</field><field name="verb_ss">written</field><field name="verb_ss">authored</field><field name="verb_ss">wrote</field><field name="hasGenre.Count">4</field><field name="path">/Song/Bat Out Of Hell</field><field name="Composition_Type">Song</field><field name="genres_ss">Rock</field><field name="genres_ss">Hard Rock</field><field name="genres_ss">Progressive Rock</field><field name="verb_ss.Length">5</field><field name="verb_ss.MaximumLength"></field><field name="Composition_Type.MaximumLength"></field><field name="composer_ss">Jim Steinman</field></doc><doc><field name="name">Billie Jean</field><field name="id">http://www.semanticweb.org/tedsullivan/ontologies/2015/5/music-10#Billie_Jean</field><field name="related_entity1_ss">Michael Jackson</field><field name="composer_ss.MaximumLength"></field><field name="hasGenre.Count">4</field><field name="path">/Song/Billie Jean</field><field name="Composition_Type">Song</field><field name="composer_ss">Michael Jackson</field><field name="original_performer.Length">15</field><field name="original_performer">Michael Jackson</field><field name="composer_ss.Length">15</field><field name="Composition_Type.Length">4</field><field name="original_performer.MaximumLength"></field><field name="verb_ss">composed</field><field name="verb_ss">written</field><field name="verb_ss">authored</field><field name="verb_ss">wrote</field><field name="genres_ss">Dance Music</field><field name="genres_ss">Popular</field><field name="genres_ss">Dance-rock</field><field name="genres_ss">Rock</field><field name="verb_ss.Length">5</field><field name="verb_ss.MaximumLength"></field><field name="Composition_Type.MaximumLength"></field></doc><doc><field name="name">For All We Know</field><field name="id">http://www.semanticweb.org/tedsullivan/ontologies/2015/5/music-10#For_All_We_Know</field><field name="hasPerformer_ss">The Carpenters</field><field name="performers.Length">15</field><field name="composer_ss.MaximumLength"></field><field name="hasPerformer_ss.Length">14</field><field name="path">/Song/For All We Know</field><field name="Composition_Type">Song</field><field name="composer_ss">Fred Karlin</field><field name="composer_ss">Jimmy Griffin</field><field name="composer_ss">Robb Royer</field><field name="composer_ss.Length">10</field><field name="performers.MaximumLength"></field><field name="Composition_Type.Length">4</field><field name="verb_ss">composed</field><field name="verb_ss">written</field><field name="verb_ss">authored</field><field name="verb_ss">wrote</field><field name="verb_ss.Length">5</field><field name="verb_ss.MaximumLength"></field><field name="Composition_Type.MaximumLength"></field><field name="composer.Count">6</field><field name="hasPerformer_ss.MaximumLength"></field></doc><doc><field name="name">Waiting On The World To Change</field><field name="id">http://www.semanticweb.org/tedsullivan/ontologies/2015/5/music-10#Waiting_On_The_World_To_Change</field><field name="composer_ss.Length">10</field><field name="related_entity1_ss">John Mayer</field><field name="Composition_Type.Length">4</field><field name="composer_ss.MaximumLength"></field><field name="original_performer.MaximumLength"></field><field name="verb_ss">composed</field><field name="verb_ss">written</field><field name="verb_ss">authored</field><field name="verb_ss">wrote</field><field name="path">/Song/Waiting On The World To Change</field><field name="Composition_Type">Song</field><field name="verb_ss.Length">5</field><field name="verb_ss.MaximumLength"></field><field name="Composition_Type.MaximumLength"></field><field name="composer_ss">John Mayer</field><field name="original_performer.Length">10</field><field name="original_performer">John Mayer</field></doc><doc><field name="name">Sweet Child O'Mine</field><field name="id">http://www.semanticweb.org/tedsullivan/ontologies/2015/5/music-10#Sweet_Child_OMine</field><field name="composer_ss.Length">13</field><field name="performers.MaximumLength"></field><field name="hasPerformer_ss">Guns 'N Roses</field><field name="performers.Length">11</field><field name="Composition_Type.Length">4</field><field name="composer_ss.MaximumLength"></field><field name="hasPerformer_ss.Length">13</field><field name="verb_ss">composed</field><field name="verb_ss">written</field><field name="verb_ss">authored</field><field name="verb_ss">wrote</field><field name="path">/Song/Sweet Child O'Mine</field><field name="Composition_Type">Song</field><field name="verb_ss.Length">5</field><field name="verb_ss.MaximumLength"></field><field name="Composition_Type.MaximumLength"></field><field name="composer_ss">Guns 'N Roses</field><field name="hasPerformer_ss.MaximumLength"></field></doc><doc><field name="name">Up On Cripple Creek</field><field name="id">http://www.semanticweb.org/tedsullivan/ontologies/2015/5/music-10#Up_On_Cripple_Creek</field><field name="related_entity1_ss">The Band</field><field name="composer_ss.MaximumLength"></field><field name="hasGenre.Count">4</field><field name="path">/Song/Up On Cripple Creek</field><field name="Composition_Type">Song</field><field name="composer_ss">Robbie Robertson</field><field name="original_performer.Length">8</field><field name="original_performer">The Band</field><field name="composer_ss.Length">16</field><field name="Composition_Type.Length">4</field><field name="original_performer.MaximumLength"></field><field name="verb_ss">composed</field><field name="verb_ss">written</field><field name="verb_ss">authored</field><field name="verb_ss">wrote</field><field name="genres_ss">Country</field><field name="genres_ss">Country Rock</field><field name="genres_ss">Rock</field><field name="genres_ss">Folk</field><field name="genres_ss">Folk Rock</field><field name="verb_ss.Length">5</field><field name="verb_ss.MaximumLength"></field><field name="Composition_Type.MaximumLength"></field></doc><doc><field name="name">Con Alma</field><field name="id">http://www.semanticweb.org/tedsullivan/ontologies/2015/5/music-10#Con_Alma</field><field name="related_entity1_ss">Dizzy Gillespie</field><field name="composer_ss.MaximumLength"></field><field name="path">/Song/Con Alma</field><field name="Composition_Type">Song</field><field name="composer_ss">Dizzy Gillespie</field><field name="original_performer.Length">15</field><field name="original_performer">Dizzy Gillespie</field><field name="composer_ss.Length">15</field><field name="Composition_Type.Length">4</field><field name="original_performer.MaximumLength"></field><field name="verb_ss">composed</field><field name="verb_ss">written</field><field name="verb_ss">authored</field><field name="verb_ss">wrote</field><field name="genres_ss">Jazz</field><field name="genres_ss">Bee Bop</field><field name="verb_ss.Length">5</field><field name="verb_ss.MaximumLength"></field><field name="Composition_Type.MaximumLength"></field></doc><doc><field name="name">You Keep Me Hangin' On</field><field name="id">http://www.semanticweb.org/tedsullivan/ontologies/2015/5/music-10#You_Keep_Me_Hangin_On</field><field name="composer_ss.Length">13</field><field name="Composition_Type.Length">4</field><field name="composer_ss.MaximumLength"></field><field name="verb_ss">composed</field><field name="verb_ss">written</field><field name="verb_ss">authored</field><field name="verb_ss">wrote</field><field name="path">/Song/You Keep Me Hangin' On</field><field name="Composition_Type">Song</field><field name="verb_ss.Length">5</field><field name="verb_ss.MaximumLength"></field><field name="Composition_Type.MaximumLength"></field><field name="composer_ss">Brian Holland</field><field name="composer_ss">Eddie Holland</field><field name="composer_ss">Lamont Dozier</field><field name="composer.Count">6</field></doc><doc><field name="name">The Land Of Make-Believe</field><field name="id">http://www.semanticweb.org/tedsullivan/ontologies/2015/5/music-10#The_Land_Of_Make-Believe</field><field name="related_entity1_ss">Moody Blues</field><field name="composer_ss.MaximumLength"></field><field name="path">/Song/The Land Of Make-Believe</field><field name="Composition_Type">Song</field><field name="composer_ss">Justin Hayward</field><field name="original_performer.Length">11</field><field name="original_performer">Moody Blues</field><field name="composer_ss.Length">14</field><field name="Composition_Type.Length">4</field><field name="original_performer.MaximumLength"></field><field name="verb_ss">composed</field><field name="verb_ss">written</field><field name="verb_ss">authored</field><field name="verb_ss">wrote</field><field name="genres_ss">Rock</field><field name="genres_ss">Progressive Rock</field><field name="verb_ss.Length">5</field><field name="verb_ss.MaximumLength"></field><field name="Composition_Type.MaximumLength"></field></doc><doc><field name="name">One Way or Another</field><field name="id">http://www.semanticweb.org/tedsullivan/ontologies/2015/5/music-10#One_Way_or_Another</field><field name="hasPerformer_ss">Blondie</field><field name="performers.Length">10</field><field name="composer_ss.MaximumLength"></field><field name="hasPerformer_ss.Length">7</field><field name="path">/Song/One Way or Another</field><field name="Composition_Type">Song</field><field name="composer_ss">Deborah Harry</field><field name="composer_ss">Nigel Harrison</field><field name="composer_ss.Length">14</field><field name="performers.MaximumLength"></field><field name="Composition_Type.Length">4</field><field name="verb_ss">composed</field><field name="verb_ss">written</field><field name="verb_ss">authored</field><field name="verb_ss">wrote</field><field name="verb_ss.Length">5</field><field name="verb_ss.MaximumLength"></field><field name="Composition_Type.MaximumLength"></field><field name="composer.Count">4</field><field name="hasPerformer_ss.MaximumLength"></field></doc><doc><field name="name">Reach Out, I'll Be There</field><field name="id">http://www.semanticweb.org/tedsullivan/ontologies/2015/5/music-10#Reach_Out_Ill_Be_There</field><field name="composer_ss.Length">13</field><field name="hasPerformer_ss">Four Tops</field><field name="Composition_Type.Length">4</field><field name="composer_ss.MaximumLength"></field><field name="hasPerformer_ss.Length">9</field><field name="verb_ss">composed</field><field name="verb_ss">written</field><field name="verb_ss">authored</field><field name="verb_ss">wrote</field><field name="path">/Song/Reach Out, I'll Be There</field><field name="Composition_Type">Song</field><field name="verb_ss.Length">5</field><field name="verb_ss.MaximumLength"></field><field name="Composition_Type.MaximumLength"></field><field name="composer_ss">Brian Holland</field><field name="composer_ss">Eddie Holland</field><field name="composer_ss">Lamont Dozier</field><field name="composer.Count">6</field><field name="hasPerformer_ss.MaximumLength"></field></doc><doc><field name="name">Crusin' For A Love</field><field name="id">http://www.semanticweb.org/tedsullivan/ontologies/2015/5/music-10#Crusin_For_Love</field><field name="composer_ss.Length">17</field><field name="Composition_Type.Length">4</field><field name="composer_ss.MaximumLength"></field><field name="verb_ss">composed</field><field name="verb_ss">written</field><field name="verb_ss">authored</field><field name="verb_ss">wrote</field><field name="path">/Song/Crusin' For A Love</field><field name="Composition_Type">Song</field><field name="verb_ss.Length">5</field><field name="verb_ss.MaximumLength"></field><field name="Composition_Type.MaximumLength"></field><field name="composer_ss">Juke Joint Jimmy</field><field name="composer_ss">Walden Juke Joint</field><field name="composer.Count">4</field></doc><doc><field name="name">Hang On To Your Ego</field><field name="id">http://www.semanticweb.org/tedsullivan/ontologies/2015/5/music-10#Hang_On_To_Your_Ego</field><field name="related_entity1_ss">Beach Boys</field><field name="composer_ss.MaximumLength"></field><field name="path">/Song/Hang On To Your Ego</field><field name="Composition_Type">Song</field><field name="composer_ss">Brian Douglas</field><field name="composer_ss">Brian Wilson</field><field name="composer_ss">Mike Love</field><field name="composer_ss">Terry Sachen</field><field name="original_performer.Length">10</field><field name="original_performer">Beach Boys</field><field name="composer_ss.Length">12</field><field name="Composition_Type.Length">4</field><field name="original_performer.MaximumLength"></field><field name="verb_ss">composed</field><field name="verb_ss">written</field><field name="verb_ss">authored</field><field name="verb_ss">wrote</field><field name="verb_ss.Length">5</field><field name="verb_ss.MaximumLength"></field><field name="Composition_Type.MaximumLength"></field><field name="composer.Count">8</field></doc><doc><field name="name">She Thinks My Tractor's Sexy</field><field name="id">http://www.semanticweb.org/tedsullivan/ontologies/2015/5/music-10#She_Thinks_My_Tractors_Sexy</field><field name="composer_ss.Length">15</field><field name="Composition_Type.Length">4</field><field name="composer_ss.MaximumLength"></field><field name="verb_ss">composed</field><field name="verb_ss">written</field><field name="verb_ss">authored</field><field name="verb_ss">wrote</field><field name="path">/Song/She Thinks My Tractor's Sexy</field><field name="Composition_Type">Song</field><field name="genres_ss">Country</field><field name="verb_ss.Length">5</field><field name="verb_ss.MaximumLength"></field><field name="Composition_Type.MaximumLength"></field><field name="composer_ss">Jim Collins</field><field name="composer_ss">Paul Overstreet</field><field name="composer.Count">4</field></doc><doc><field name="name">He Stopped Loving Her Today</field><field name="id">http://www.semanticweb.org/tedsullivan/ontologies/2015/5/music-10#He_Stopped_Loving_Her_Today</field><field name="composer_ss.Length">12</field><field name="hasPerformer_ss">George Jones</field><field name="Composition_Type.Length">4</field><field name="composer_ss.MaximumLength"></field><field name="hasPerformer_ss.Length">12</field><field name="verb_ss">composed</field><field name="verb_ss">written</field><field name="verb_ss">authored</field><field name="verb_ss">wrote</field><field name="path">/Song/He Stopped Loving Her Today</field><field name="Composition_Type">Song</field><field name="verb_ss.Length">5</field><field name="verb_ss.MaximumLength"></field><field name="Composition_Type.MaximumLength"></field><field name="composer_ss">Bobby Braddock</field><field name="composer_ss">Curly Putnam</field><field name="composer.Count">4</field><field name="hasPerformer_ss.MaximumLength"></field></doc><doc><field name="name">Wonderful World</field><field name="id">http://www.semanticweb.org/tedsullivan/ontologies/2015/5/music-10#Wonderful_World</field><field name="related_entity1_ss">Sam Cooke</field><field name="composer_ss.MaximumLength"></field><field name="path">/Song/Wonderful World</field><field name="Composition_Type">Song</field><field name="composer_ss">Herb Alpert</field><field name="composer_ss">Lou Adler</field><field name="composer_ss">Sam Cooke</field><field name="original_performer.Length">9</field><field name="original_performer">Sam Cooke</field><field name="composer_ss.Length">9</field><field name="Composition_Type.Length">4</field><field name="original_performer.MaximumLength"></field><field name="verb_ss">composed</field><field name="verb_ss">written</field><field name="verb_ss">authored</field><field name="verb_ss">wrote</field><field name="verb_ss.Length">5</field><field name="verb_ss.MaximumLength"></field><field name="Composition_Type.MaximumLength"></field><field name="composer.Count">6</field></doc><doc><field name="name">Lover</field><field name="id">http://www.semanticweb.org/tedsullivan/ontologies/2015/5/music-10#Lover</field><field name="composer_ss.Length">14</field><field name="Composition_Type.Length">4</field><field name="composer_ss.MaximumLength"></field><field name="lyricist_ss.MaximumLength"></field><field name="verb_ss">composed</field><field name="verb_ss">written</field><field name="verb_ss">authored</field><field name="verb_ss">wrote</field><field name="path">/Song/Lover</field><field name="lyricist_ss.Length">11</field><field name="Composition_Type">Song</field><field name="lyricist_ss">Lorenz Hart</field><field name="verb_ss.Length">5</field><field name="verb_ss.MaximumLength"></field><field name="Composition_Type.MaximumLength"></field><field name="composer_ss">Richard Rogers</field></doc><doc><field name="name">Please Send Me Someone To Love</field><field name="id">http://www.semanticweb.org/tedsullivan/ontologies/2015/5/music-10#Please_Send_Me_Someone_to_Love</field><field name="composer_ss.Length">14</field><field name="related_entity1_ss">Percy Mayfield</field><field name="Composition_Type.Length">4</field><field name="composer_ss.MaximumLength"></field><field name="original_performer.MaximumLength"></field><field name="verb_ss">composed</field><field name="verb_ss">written</field><field name="verb_ss">authored</field><field name="verb_ss">wrote</field><field name="path">/Song/Please Send Me Someone To Love</field><field name="Composition_Type">Song</field><field name="verb_ss.Length">5</field><field name="verb_ss.MaximumLength"></field><field name="Composition_Type.MaximumLength"></field><field name="composer_ss">Percy Mayfield</field><field name="original_performer.Length">14</field><field name="original_performer">Percy Mayfield</field></doc><doc><field name="name">Darn That Dream</field><field name="id">http://www.semanticweb.org/tedsullivan/ontologies/2015/5/music-10#Darn_That_Dream</field><field name="composer_ss.Length">16</field><field name="Composition_Type.Length">4</field><field name="composer_ss.MaximumLength"></field><field name="lyricist_ss.MaximumLength"></field><field name="verb_ss">composed</field><field name="verb_ss">written</field><field name="verb_ss">authored</field><field name="verb_ss">wrote</field><field name="path">/Song/Darn That Dream</field><field name="lyricist_ss.Length">13</field><field name="Composition_Type">Song</field><field name="lyricist_ss">Eddie DeLange</field><field name="verb_ss.Length">5</field><field name="verb_ss.MaximumLength"></field><field name="Composition_Type.MaximumLength"></field><field name="composer_ss">Jimmy Van Heusen</field></doc><doc><field name="name">Muskrat Ramble</field><field name="id">http://www.semanticweb.org/tedsullivan/ontologies/2015/5/music-10#Muskrat_Ramble</field><field name="related_entity1_ss">Louis Armstrong and His Hot Five</field><field name="composer_ss.MaximumLength"></field><field name="path">/Song/Muskrat Ramble</field><field name="Composition_Type">Song</field><field name="composer_ss">Kid Ory</field><field name="original_performer.Length">32</field><field name="original_performer">Louis Armstrong and His Hot Five</field><field name="composer_ss.Length">7</field><field name="Composition_Type.Length">4</field><field name="original_performer.MaximumLength"></field><field name="verb_ss">composed</field><field name="verb_ss">written</field><field name="verb_ss">authored</field><field name="verb_ss">wrote</field><field name="genres_ss">Jazz</field><field name="verb_ss.Length">5</field><field name="verb_ss.MaximumLength"></field><field name="Composition_Type.MaximumLength"></field></doc><doc><field name="name">Echoes Of Love</field><field name="id">http://www.semanticweb.org/tedsullivan/ontologies/2015/5/music-10#Echoes_of_Love</field><field name="performers.MaximumLength"></field><field name="hasPerformer_ss">Chicago</field><field name="performers.Length">17</field><field name="Composition_Type.Length">4</field><field name="hasPerformer_ss.Length">7</field><field name="verb_ss">composed</field><field name="verb_ss">written</field><field name="verb_ss">authored</field><field name="verb_ss">wrote</field><field name="path">/Song/Echoes Of Love</field><field name="Composition_Type">Song</field><field name="verb_ss.Length">5</field><field name="verb_ss.MaximumLength"></field><field name="Composition_Type.MaximumLength"></field><field name="hasPerformer_ss.MaximumLength"></field></doc><doc><field name="name">I Dig Love</field><field name="id">http://www.semanticweb.org/tedsullivan/ontologies/2015/5/music-10#I_Dig_Love</field><field name="composer_ss.Length">15</field><field name="Composition_Type.Length">4</field><field name="composer_ss.MaximumLength"></field><field name="verb_ss">composed</field><field name="verb_ss">written</field><field name="verb_ss">authored</field><field name="verb_ss">wrote</field><field name="path">/Song/I Dig Love</field><field name="Composition_Type">Song</field><field name="genres_ss">Rock</field><field name="verb_ss.Length">5</field><field name="verb_ss.MaximumLength"></field><field name="Composition_Type.MaximumLength"></field><field name="composer_ss">George Harrison</field></doc><doc><field name="name">She's a Rainbow</field><field name="id">http://www.semanticweb.org/tedsullivan/ontologies/2015/5/music-10#Shes_A_Rainbow</field><field name="related_entity1_ss">Rolling Stones</field><field name="composer_ss.MaximumLength"></field><field name="path">/Song/She's a Rainbow</field><field name="Composition_Type">Song</field><field name="composer_ss">Keith Richards</field><field name="composer_ss">Mick Jagger</field><field name="original_performer.Length">14</field><field name="original_performer">Rolling Stones</field><field name="composer_ss.Length">11</field><field name="Composition_Type.Length">4</field><field name="original_performer.MaximumLength"></field><field name="verb_ss">composed</field><field name="verb_ss">written</field><field name="verb_ss">authored</field><field name="verb_ss">wrote</field><field name="verb_ss.Length">5</field><field name="verb_ss.MaximumLength"></field><field name="Composition_Type.MaximumLength"></field><field name="composer.Count">4</field></doc><doc><field name="name">Paralyzed</field><field name="id">http://www.semanticweb.org/tedsullivan/ontologies/2015/5/music-10#Paralyzed</field><field name="related_entity1_ss">Elvis Presley</field><field name="composer_ss.MaximumLength"></field><field name="path">/Song/Paralyzed</field><field name="Composition_Type">Song</field><field name="composer_ss">Elvis Presley</field><field name="composer_ss">Otis Blackwell</field><field name="original_performer.Length">13</field><field name="original_performer">Elvis Presley</field><field name="composer_ss.Length">14</field><field name="Composition_Type.Length">4</field><field name="original_performer.MaximumLength"></field><field name="verb_ss">composed</field><field name="verb_ss">written</field><field name="verb_ss">authored</field><field name="verb_ss">wrote</field><field name="verb_ss.Length">5</field><field name="verb_ss.MaximumLength"></field><field name="Composition_Type.MaximumLength"></field><field name="composer.Count">4</field></doc><doc><field name="name">Under the Red Sky</field><field name="id">http://www.semanticweb.org/tedsullivan/ontologies/2015/5/music-10#Under_the_Red_Sky</field><field name="composer_ss.Length">9</field><field name="Composition_Type.Length">4</field><field name="composer_ss.MaximumLength"></field><field name="verb_ss">composed</field><field name="verb_ss">written</field><field name="verb_ss">authored</field><field name="verb_ss">wrote</field><field name="path">/Song/Under the Red Sky</field><field name="Composition_Type">Song</field><field name="verb_ss.Length">5</field><field name="verb_ss.MaximumLength"></field><field name="Composition_Type.MaximumLength"></field><field name="composer_ss">Bob Dylan</field></doc><doc><field name="name">House Of Wax</field><field name="id">http://www.semanticweb.org/tedsullivan/ontologies/2015/5/music-10#House_Of_Wax</field><field name="related_entity1_ss">Paul McCartney</field><field name="composer_ss.MaximumLength"></field><field name="path">/Song/House Of Wax</field><field name="Composition_Type">Song</field><field name="composer_ss">Paul McCartney</field><field name="original_performer.Length">14</field><field name="original_performer">Paul McCartney</field><field name="composer_ss.Length">14</field><field name="Composition_Type.Length">4</field><field name="original_performer.MaximumLength"></field><field name="verb_ss">composed</field><field name="verb_ss">written</field><field name="verb_ss">authored</field><field name="verb_ss">wrote</field><field name="genres_ss">Rock</field><field name="verb_ss.Length">5</field><field name="verb_ss.MaximumLength"></field><field name="Composition_Type.MaximumLength"></field></doc><doc><field name="name">I Feel Fine</field><field name="id">http://www.semanticweb.org/tedsullivan/ontologies/2015/5/music-10#I_Feel_Fine</field><field name="related_entity1_ss">Beatles</field><field name="composer_ss.MaximumLength"></field><field name="path">/Song/I Feel Fine</field><field name="Composition_Type">Song</field><field name="composer_ss">John Lennon</field><field name="composer_ss">Paul McCartney</field><field name="original_performer.Length">7</field><field name="original_performer">Beatles</field><field name="composer_ss.Length">14</field><field name="Composition_Type.Length">4</field><field name="original_performer.MaximumLength"></field><field name="verb_ss">composed</field><field name="verb_ss">written</field><field name="verb_ss">authored</field><field name="verb_ss">wrote</field><field name="genres_ss">Rock</field><field name="genres_ss">Rock &amp; Roll</field><field name="verb_ss.Length">5</field><field name="verb_ss.MaximumLength"></field><field name="Composition_Type.MaximumLength"></field><field name="composer.Count">4</field></doc><doc><field name="name">Forget Your Troubles Come On Get Happy</field><field name="id">http://www.semanticweb.org/tedsullivan/ontologies/2015/5/music-10#Forget_Your_Troubles_Come_On_Get_Happy</field><field name="Composition_Type.Length">4</field><field name="verb_ss">composed</field><field name="verb_ss">written</field><field name="verb_ss">authored</field><field name="verb_ss">wrote</field><field name="path">/Song/Forget Your Troubles Come On Get Happy</field><field name="Composition_Type">Song</field><field name="verb_ss.Length">5</field><field name="verb_ss.MaximumLength"></field><field name="Composition_Type.MaximumLength"></field></doc><doc><field name="name">Rubber Biscuit</field><field name="id">http://www.semanticweb.org/tedsullivan/ontologies/2015/5/music-10#Rubber_Biscuit</field><field name="related_entity1_ss">The Chips</field><field name="composer_ss.MaximumLength"></field><field name="path">/Song/Rubber Biscuit</field><field name="Composition_Type">Song</field><field name="composer_ss">Charles Johnson</field><field name="original_performer.Length">9</field><field name="original_performer">The Chips</field><field name="composer_ss.Length">15</field><field name="Composition_Type.Length">4</field><field name="original_performer.MaximumLength"></field><field name="verb_ss">composed</field><field name="verb_ss">written</field><field name="verb_ss">authored</field><field name="verb_ss">wrote</field><field name="genres_ss">Rock</field><field name="genres_ss">Doo Wop</field><field name="verb_ss.Length">5</field><field name="verb_ss.MaximumLength"></field><field name="Composition_Type.MaximumLength"></field></doc><doc><field name="name">Be-Bop-A-Lula</field><field name="id">http://www.semanticweb.org/tedsullivan/ontologies/2015/5/music-10#Be_Bop_A_Lula</field><field name="composer_ss.Length">28</field><field name="Composition_Type.Length">4</field><field name="composer_ss.MaximumLength"></field><field name="lyricist_ss.MaximumLength"></field><field name="verb_ss">composed</field><field name="verb_ss">written</field><field name="verb_ss">authored</field><field name="verb_ss">wrote</field><field name="path">/Song/Be-Bop-A-Lula</field><field name="lyricist_ss.Length">13</field><field name="Composition_Type">Song</field><field name="lyricist_ss">Donald Graves</field><field name="verb_ss.Length">5</field><field name="verb_ss.MaximumLength"></field><field name="Composition_Type.MaximumLength"></field><field name="composer_ss">Bill ,",Sheriff Tex,", Davis</field></doc><doc><field name="name">Bennie And The Jets</field><field name="id">http://www.semanticweb.org/tedsullivan/ontologies/2015/5/music-10#Bennie_And_The_Jets</field><field name="related_entity1_ss">Elton John</field><field name="composer_ss.MaximumLength"></field><field name="path">/Song/Bennie And The Jets</field><field name="lyricist_ss.Length">13</field><field name="Composition_Type">Song</field><field name="lyricist_ss">Bernie Taupin</field><field name="composer_ss">Elton John</field><field name="original_performer.Length">10</field><field name="original_performer">Elton John</field><field name="composer_ss.Length">10</field><field name="Composition_Type.Length">4</field><field name="original_performer.MaximumLength"></field><field name="lyricist_ss.MaximumLength"></field><field name="verb_ss">composed</field><field name="verb_ss">written</field><field name="verb_ss">authored</field><field name="verb_ss">wrote</field><field name="genres_ss">Rock</field><field name="verb_ss.Length">5</field><field name="verb_ss.MaximumLength"></field><field name="Composition_Type.MaximumLength"></field></doc></add>
