<add><doc><field name="name">Rock And Roll</field><field name="id">http://www.semanticweb.org/tedsullivan/ontologies/2015/5/music-10#Rock_And_Roll_-_Led_Zeppelin_Song</field><field name="related_entity1_ss">Led Zeppelin</field><field name="composer_ss.MaximumLength"></field><field name="path">/Song/Rock And Roll</field><field name="Composition_Type">Song</field><field name="composer_ss">Jimmy Page</field><field name="composer_ss">John Bonham</field><field name="composer_ss">John Paul Jones</field><field name="composer_ss">Robert Plant</field><field name="original_performer.Length">12</field><field name="original_performer">Led Zeppelin</field><field name="composer_ss.Length">12</field><field name="Composition_Type.Length">4</field><field name="original_performer.MaximumLength"></field><field name="verb_ss">composed</field><field name="verb_ss">written</field><field name="verb_ss">authored</field><field name="verb_ss">wrote</field><field name="genres_ss">Rock</field><field name="verb_ss.Length">5</field><field name="verb_ss.MaximumLength"></field><field name="Composition_Type.MaximumLength"></field><field name="composer.Count">8</field></doc><doc><field name="name">Crosscut Saw</field><field name="id">http://www.semanticweb.org/tedsullivan/ontologies/2015/5/music-10#Crosscut_Saw</field><field name="related_entity1_ss">Tommy McClennan</field><field name="composer_ss.MaximumLength"></field><field name="path">/Song/Crosscut Saw</field><field name="Composition_Type">Song</field><field name="composer_ss">Tommy McClennan</field><field name="original_performer.Length">15</field><field name="original_performer">Tommy McClennan</field><field name="composer_ss.Length">15</field><field name="Composition_Type.Length">4</field><field name="original_performer.MaximumLength"></field><field name="verb_ss">composed</field><field name="verb_ss">written</field><field name="verb_ss">authored</field><field name="verb_ss">wrote</field><field name="genres_ss">Blues</field><field name="verb_ss.Length">5</field><field name="verb_ss.MaximumLength"></field><field name="Composition_Type.MaximumLength"></field></doc><doc><field name="name">Max Is Making Wax</field><field name="id">http://www.semanticweb.org/tedsullivan/ontologies/2015/5/music-10#Max_Is_Making_Wax</field><field name="composer_ss.Length">15</field><field name="Composition_Type.Length">4</field><field name="composer_ss.MaximumLength"></field><field name="verb_ss">composed</field><field name="verb_ss">written</field><field name="verb_ss">authored</field><field name="verb_ss">wrote</field><field name="path">/Song/Max Is Making Wax</field><field name="Composition_Type">Song</field><field name="genres_ss">Jazz</field><field name="verb_ss.Length">5</field><field name="verb_ss.MaximumLength"></field><field name="Composition_Type.MaximumLength"></field><field name="composer_ss">Oscar Pettiford</field></doc><doc><field name="name">Nod Your Head</field><field name="id">http://www.semanticweb.org/tedsullivan/ontologies/2015/5/music-10#Nod_Your_Head</field><field name="composer_ss.Length">14</field><field name="hasPerformer_ss">Paul McCartney</field><field name="Composition_Type.Length">4</field><field name="composer_ss.MaximumLength"></field><field name="hasPerformer_ss.Length">14</field><field name="verb_ss">composed</field><field name="verb_ss">written</field><field name="verb_ss">authored</field><field name="verb_ss">wrote</field><field name="path">/Song/Nod Your Head</field><field name="Composition_Type">Song</field><field name="verb_ss.Length">5</field><field name="verb_ss.MaximumLength"></field><field name="Composition_Type.MaximumLength"></field><field name="composer_ss">Paul McCartney</field><field name="hasPerformer_ss.MaximumLength"></field></doc><doc><field name="name">Baby Baby Bye Bye</field><field name="id">http://www.semanticweb.org/tedsullivan/ontologies/2015/5/music-10#Baby_Baby_Bye_Bye</field><field name="related_entity1_ss">Jerry Lee Lewis</field><field name="composer_ss.MaximumLength"></field><field name="path">/Song/Baby Baby Bye Bye</field><field name="Composition_Type">Song</field><field name="composer_ss">Huey ,",Piano,", Smith</field><field name="composer_ss">Jerry Lee Lewis</field><field name="original_performer.Length">15</field><field name="original_performer">Jerry Lee Lewis</field><field name="composer_ss.Length">15</field><field name="Composition_Type.Length">4</field><field name="original_performer.MaximumLength"></field><field name="verb_ss">composed</field><field name="verb_ss">written</field><field name="verb_ss">authored</field><field name="verb_ss">wrote</field><field name="verb_ss.Length">5</field><field name="verb_ss.MaximumLength"></field><field name="Composition_Type.MaximumLength"></field><field name="composer.Count">4</field></doc><doc><field name="name">Wreck of the Old 97</field><field name="id">http://www.semanticweb.org/tedsullivan/ontologies/2015/5/music-10#Wreck_of_the_Old_97</field><field name="composer_ss.Length">13</field><field name="Composition_Type.Length">4</field><field name="composer_ss.MaximumLength"></field><field name="verb_ss">composed</field><field name="verb_ss">written</field><field name="verb_ss">authored</field><field name="verb_ss">wrote</field><field name="path">/Song/Wreck of the Old 97</field><field name="Composition_Type">Song</field><field name="genres_ss">Country</field><field name="verb_ss.Length">5</field><field name="verb_ss.MaximumLength"></field><field name="Composition_Type.MaximumLength"></field><field name="composer_ss">G. B. Grayson</field><field name="composer_ss">Henry Whitter</field><field name="composer.Count">4</field></doc><doc><field name="name">John Wesley Harding</field><field name="id">http://www.semanticweb.org/tedsullivan/ontologies/2015/5/music-10#John_Wesley_Harding</field><field name="related_entity1_ss">Bob Dylan</field><field name="composer_ss.MaximumLength"></field><field name="path">/Song/John Wesley Harding</field><field name="Composition_Type">Song</field><field name="composer_ss">Bob Dylan</field><field name="original_performer.Length">9</field><field name="original_performer">Bob Dylan</field><field name="composer_ss.Length">9</field><field name="Composition_Type.Length">4</field><field name="original_performer.MaximumLength"></field><field name="verb_ss">composed</field><field name="verb_ss">written</field><field name="verb_ss">authored</field><field name="verb_ss">wrote</field><field name="genres_ss">Folk</field><field name="verb_ss.Length">5</field><field name="verb_ss.MaximumLength"></field><field name="Composition_Type.MaximumLength"></field></doc><doc><field name="name">Something In The Air</field><field name="id">http://www.semanticweb.org/tedsullivan/ontologies/2015/5/music-10#Something_In_The_Air</field><field name="related_entity1_ss">Thunderclap Newman</field><field name="composer_ss.MaximumLength"></field><field name="path">/Song/Something In The Air</field><field name="Composition_Type">Song</field><field name="composer_ss">Speedy Keen</field><field name="original_performer.Length">18</field><field name="original_performer">Thunderclap Newman</field><field name="composer_ss.Length">11</field><field name="Composition_Type.Length">4</field><field name="original_performer.MaximumLength"></field><field name="verb_ss">composed</field><field name="verb_ss">written</field><field name="verb_ss">authored</field><field name="verb_ss">wrote</field><field name="genres_ss">Rock</field><field name="verb_ss.Length">5</field><field name="verb_ss.MaximumLength"></field><field name="Composition_Type.MaximumLength"></field></doc><doc><field name="name">In Da Club</field><field name="id">http://www.semanticweb.org/tedsullivan/ontologies/2015/5/music-10#In_Da_Club</field><field name="composer_ss.Length">13</field><field name="hasPerformer_ss">50 Cent</field><field name="Composition_Type.Length">4</field><field name="composer_ss.MaximumLength"></field><field name="hasPerformer_ss.Length">7</field><field name="verb_ss">composed</field><field name="verb_ss">written</field><field name="verb_ss">authored</field><field name="verb_ss">wrote</field><field name="path">/Song/In Da Club</field><field name="Composition_Type">Song</field><field name="verb_ss.Length">5</field><field name="verb_ss.MaximumLength"></field><field name="Composition_Type.MaximumLength"></field><field name="composer_ss">Dr. Dre</field><field name="composer_ss">50 Cent</field><field name="composer_ss">Mike Elizondo</field><field name="composer.Count">6</field><field name="hasPerformer_ss.MaximumLength"></field></doc><doc><field name="name">Boy Wanted</field><field name="id">http://www.semanticweb.org/tedsullivan/ontologies/2015/5/music-10#Boy_Wanted</field><field name="composer_ss.Length">15</field><field name="Composition_Type.Length">4</field><field name="composer_ss.MaximumLength"></field><field name="lyricist_ss.MaximumLength"></field><field name="verb_ss">composed</field><field name="verb_ss">written</field><field name="verb_ss">authored</field><field name="verb_ss">wrote</field><field name="path">/Song/Boy Wanted</field><field name="lyricist_ss.Length">12</field><field name="Composition_Type">Song</field><field name="lyricist_ss">Ira Gershwin</field><field name="verb_ss.Length">5</field><field name="verb_ss.MaximumLength"></field><field name="Composition_Type.MaximumLength"></field><field name="composer_ss">George Gershwin</field></doc><doc><field name="name">Dirty Little Girl</field><field name="id">http://www.semanticweb.org/tedsullivan/ontologies/2015/5/music-10#Dirty_Little_Girl</field><field name="related_entity1_ss">Elton John</field><field name="composer_ss.MaximumLength"></field><field name="path">/Song/Dirty Little Girl</field><field name="lyricist_ss.Length">13</field><field name="Composition_Type">Song</field><field name="lyricist_ss">Bernie Taupin</field><field name="composer_ss">Elton John</field><field name="original_performer.Length">10</field><field name="original_performer">Elton John</field><field name="composer_ss.Length">10</field><field name="Composition_Type.Length">4</field><field name="original_performer.MaximumLength"></field><field name="lyricist_ss.MaximumLength"></field><field name="verb_ss">composed</field><field name="verb_ss">written</field><field name="verb_ss">authored</field><field name="verb_ss">wrote</field><field name="verb_ss.Length">5</field><field name="verb_ss.MaximumLength"></field><field name="Composition_Type.MaximumLength"></field></doc><doc><field name="name">When You Wish Upon A Star</field><field name="id">http://www.semanticweb.org/tedsullivan/ontologies/2015/5/music-10#When_You_Wish_Upon_A_Star</field><field name="composer_ss.Length">13</field><field name="Composition_Type.Length">4</field><field name="composer_ss.MaximumLength"></field><field name="lyricist_ss.MaximumLength"></field><field name="verb_ss">composed</field><field name="verb_ss">written</field><field name="verb_ss">authored</field><field name="verb_ss">wrote</field><field name="path">/Song/When You Wish Upon A Star</field><field name="lyricist_ss.Length">14</field><field name="Composition_Type">Song</field><field name="lyricist_ss">Ned Washington</field><field name="verb_ss.Length">5</field><field name="verb_ss.MaximumLength"></field><field name="Composition_Type.MaximumLength"></field><field name="composer_ss">Leigh Harline</field></doc><doc><field name="name">Mother Nature's Son</field><field name="id">http://www.semanticweb.org/tedsullivan/ontologies/2015/5/music-10#Mother_Natures_Son</field><field name="related_entity1_ss">Beatles</field><field name="composer_ss.MaximumLength"></field><field name="path">/Song/Mother Nature's Son</field><field name="Composition_Type">Song</field><field name="composer_ss">John Lennon</field><field name="composer_ss">Paul McCartney</field><field name="original_performer.Length">7</field><field name="original_performer">Beatles</field><field name="composer_ss.Length">14</field><field name="Composition_Type.Length">4</field><field name="original_performer.MaximumLength"></field><field name="verb_ss">composed</field><field name="verb_ss">written</field><field name="verb_ss">authored</field><field name="verb_ss">wrote</field><field name="genres_ss">Rock</field><field name="verb_ss.Length">5</field><field name="verb_ss.MaximumLength"></field><field name="Composition_Type.MaximumLength"></field><field name="composer.Count">4</field></doc><doc><field name="name">Flowers Never Bend With The Rainfall</field><field name="id">http://www.semanticweb.org/tedsullivan/ontologies/2015/5/music-10#Flowers_Never_Bend_With_The_Rainfall</field><field name="related_entity1_ss">Simon and Garfunkel</field><field name="composer_ss.MaximumLength"></field><field name="path">/Song/Flowers Never Bend With The Rainfall</field><field name="Composition_Type">Song</field><field name="composer_ss">Paul Simon</field><field name="original_performer.Length">19</field><field name="original_performer">Simon and Garfunkel</field><field name="composer_ss.Length">10</field><field name="Composition_Type.Length">4</field><field name="original_performer.MaximumLength"></field><field name="verb_ss">composed</field><field name="verb_ss">written</field><field name="verb_ss">authored</field><field name="verb_ss">wrote</field><field name="genres_ss">Folk</field><field name="genres_ss">Folk Rock</field><field name="genres_ss">Rock</field><field name="verb_ss.Length">5</field><field name="verb_ss.MaximumLength"></field><field name="Composition_Type.MaximumLength"></field></doc><doc><field name="name">Good Morning Little School Girl</field><field name="id">http://www.semanticweb.org/tedsullivan/ontologies/2015/5/music-10#Good_Morning_School_Girl</field><field name="composer_ss.Length">22</field><field name="Composition_Type.Length">4</field><field name="composer_ss.MaximumLength"></field><field name="verb_ss">composed</field><field name="verb_ss">written</field><field name="verb_ss">authored</field><field name="verb_ss">wrote</field><field name="path">/Song/Good Morning Little School Girl</field><field name="Composition_Type">Song</field><field name="verb_ss.Length">5</field><field name="verb_ss.MaximumLength"></field><field name="Composition_Type.MaximumLength"></field><field name="composer_ss">Sonny Boy Williamson I</field></doc><doc><field name="name">All Your Love</field><field name="id">http://www.semanticweb.org/tedsullivan/ontologies/2015/5/music-10#All_Your_Love</field><field name="related_entity1_ss">Otis Rush</field><field name="composer_ss.MaximumLength"></field><field name="path">/Song/All Your Love</field><field name="Composition_Type">Song</field><field name="composer_ss">Otis Rush</field><field name="original_performer.Length">9</field><field name="original_performer">Otis Rush</field><field name="composer_ss.Length">9</field><field name="Composition_Type.Length">4</field><field name="original_performer.MaximumLength"></field><field name="verb_ss">composed</field><field name="verb_ss">written</field><field name="verb_ss">authored</field><field name="verb_ss">wrote</field><field name="genres_ss">Blues</field><field name="verb_ss.Length">5</field><field name="verb_ss.MaximumLength"></field><field name="Composition_Type.MaximumLength"></field></doc><doc><field name="name">There's A Moon Out Tonight</field><field name="id">http://www.semanticweb.org/tedsullivan/ontologies/2015/5/music-10#Theres_A_Moon_Out_Tonight</field><field name="composer_ss.Length">13</field><field name="Composition_Type.Length">4</field><field name="composer_ss.MaximumLength"></field><field name="verb_ss">composed</field><field name="verb_ss">written</field><field name="verb_ss">authored</field><field name="verb_ss">wrote</field><field name="path">/Song/There's A Moon Out Tonight</field><field name="Composition_Type">Song</field><field name="genres_ss">Rock</field><field name="genres_ss">Doo Wop</field><field name="verb_ss.Length">5</field><field name="verb_ss.MaximumLength"></field><field name="Composition_Type.MaximumLength"></field><field name="composer_ss">Al Gentile</field><field name="composer_ss">Al Striano</field><field name="composer_ss">Joe Luccisano</field><field name="composer.Count">6</field></doc><doc><field name="name">Pressure</field><field name="id">http://www.semanticweb.org/tedsullivan/ontologies/2015/5/music-10#Pressure</field><field name="related_entity1_ss">Billy Joel</field><field name="composer_ss.MaximumLength"></field><field name="path">/Song/Pressure</field><field name="Composition_Type">Song</field><field name="composer_ss">Billy Joel</field><field name="original_performer.Length">10</field><field name="original_performer">Billy Joel</field><field name="composer_ss.Length">10</field><field name="Composition_Type.Length">4</field><field name="original_performer.MaximumLength"></field><field name="verb_ss">composed</field><field name="verb_ss">written</field><field name="verb_ss">authored</field><field name="verb_ss">wrote</field><field name="genres_ss">Rock</field><field name="verb_ss.Length">5</field><field name="verb_ss.MaximumLength"></field><field name="Composition_Type.MaximumLength"></field></doc><doc><field name="name">Incense and Peppermints</field><field name="id">http://www.semanticweb.org/tedsullivan/ontologies/2015/5/music-10#Incense_and_Peppermints</field><field name="composer_ss.Length">11</field><field name="Composition_Type.Length">4</field><field name="composer_ss.MaximumLength"></field><field name="verb_ss">composed</field><field name="verb_ss">written</field><field name="verb_ss">authored</field><field name="verb_ss">wrote</field><field name="hasGenre.Count">4</field><field name="path">/Song/Incense and Peppermints</field><field name="Composition_Type">Song</field><field name="genres_ss">Popular</field><field name="genres_ss">Psychedelic Pop</field><field name="genres_ss">Rock</field><field name="genres_ss">Psychedelic Rock</field><field name="verb_ss.Length">5</field><field name="verb_ss.MaximumLength"></field><field name="Composition_Type.MaximumLength"></field><field name="composer_ss">John S. Carter</field><field name="composer_ss">Tim Gilbert</field><field name="composer.Count">4</field></doc><doc><field name="name">Acting Like That</field><field name="id">http://www.semanticweb.org/tedsullivan/ontologies/2015/5/music-10#Acting_Like_That</field><field name="related_entity1_ss">Jennifer Lopez</field><field name="composer_ss.MaximumLength"></field><field name="path">/Song/Acting Like That</field><field name="Composition_Type">Song</field><field name="composer_ss">Amethyst Amelia Kelly</field><field name="composer_ss">James Smith</field><field name="composer_ss">Jennifer Lopez</field><field name="composer_ss">Leon D Youngblood</field><field name="composer_ss">Mark Pitts</field><field name="composer_ss">Terence Coles</field><field name="composer_ss">Yonatan Ayal</field><field name="original_performer.Length">14</field><field name="original_performer">Jennifer Lopez</field><field name="composer_ss.Length">12</field><field name="Composition_Type.Length">4</field><field name="original_performer.MaximumLength"></field><field name="verb_ss">composed</field><field name="verb_ss">written</field><field name="verb_ss">authored</field><field name="verb_ss">wrote</field><field name="verb_ss.Length">5</field><field name="verb_ss.MaximumLength"></field><field name="Composition_Type.MaximumLength"></field><field name="composer.Count">14</field></doc><doc><field name="name">In The Ghetto</field><field name="id">http://www.semanticweb.org/tedsullivan/ontologies/2015/5/music-10#In_The_Getto</field><field name="composer_ss.Length">9</field><field name="Composition_Type.Length">4</field><field name="composer_ss.MaximumLength"></field><field name="verb_ss">composed</field><field name="verb_ss">written</field><field name="verb_ss">authored</field><field name="verb_ss">wrote</field><field name="path">/Song/In The Ghetto</field><field name="Composition_Type">Song</field><field name="genres_ss">Rock</field><field name="genres_ss">Rock &amp; Roll</field><field name="verb_ss.Length">5</field><field name="verb_ss.MaximumLength"></field><field name="Composition_Type.MaximumLength"></field><field name="composer_ss">Mac Davis</field></doc><doc><field name="name">Wild Honey</field><field name="id">http://www.semanticweb.org/tedsullivan/ontologies/2015/5/music-10#Wild_Honey</field><field name="related_entity1_ss">Beach Boys</field><field name="composer_ss.MaximumLength"></field><field name="hasGenre.Count">6</field><field name="path">/Song/Wild Honey</field><field name="Composition_Type">Song</field><field name="composer_ss">Brian Wilson</field><field name="composer_ss">Mike Love</field><field name="original_performer.Length">10</field><field name="original_performer">Beach Boys</field><field name="composer_ss.Length">9</field><field name="Composition_Type.Length">4</field><field name="original_performer.MaximumLength"></field><field name="verb_ss">composed</field><field name="verb_ss">written</field><field name="verb_ss">authored</field><field name="verb_ss">wrote</field><field name="genres_ss">Rock</field><field name="genres_ss">Psychedelic Rock</field><field name="genres_ss">R&amp;B</field><field name="verb_ss.Length">5</field><field name="verb_ss.MaximumLength"></field><field name="Composition_Type.MaximumLength"></field><field name="composer.Count">4</field></doc><doc><field name="name">Nica's Dream</field><field name="id">http://www.semanticweb.org/tedsullivan/ontologies/2015/5/music-10#Nicas_Dream</field><field name="Composition_Type.Length">4</field><field name="verb_ss">composed</field><field name="verb_ss">written</field><field name="verb_ss">authored</field><field name="verb_ss">wrote</field><field name="path">/Song/Nica's Dream</field><field name="Composition_Type">Song</field><field name="verb_ss.Length">5</field><field name="verb_ss.MaximumLength"></field><field name="Composition_Type.MaximumLength"></field></doc><doc><field name="name">The Lady Who Swings The Band</field><field name="id">http://www.semanticweb.org/tedsullivan/ontologies/2015/5/music-10#The_Lady_Who_Swings_The_Band</field><field name="hasPerformer_ss">Mary Lou Williams</field><field name="Composition_Type.Length">4</field><field name="hasPerformer_ss.Length">17</field><field name="verb_ss">composed</field><field name="verb_ss">written</field><field name="verb_ss">authored</field><field name="verb_ss">wrote</field><field name="path">/Song/The Lady Who Swings The Band</field><field name="Composition_Type">Song</field><field name="verb_ss.Length">5</field><field name="verb_ss.MaximumLength"></field><field name="Composition_Type.MaximumLength"></field><field name="hasPerformer_ss.MaximumLength"></field></doc><doc><field name="name">Late Lament</field><field name="id">http://www.semanticweb.org/tedsullivan/ontologies/2015/5/music-10#Late_Lament</field><field name="related_entity1_ss">Moody Blues</field><field name="composer_ss.MaximumLength"></field><field name="path">/Song/Late Lament</field><field name="Composition_Type">Song</field><field name="composer_ss">Graeme Edge</field><field name="composer_ss">Peter Knight</field><field name="original_performer.Length">11</field><field name="original_performer">Moody Blues</field><field name="composer_ss.Length">12</field><field name="Composition_Type.Length">4</field><field name="original_performer.MaximumLength"></field><field name="verb_ss">composed</field><field name="verb_ss">written</field><field name="verb_ss">authored</field><field name="verb_ss">wrote</field><field name="genres_ss">Rock</field><field name="genres_ss">Symphonic Rock</field><field name="verb_ss.Length">5</field><field name="verb_ss.MaximumLength"></field><field name="Composition_Type.MaximumLength"></field><field name="composer.Count">4</field></doc><doc><field name="name">Underture</field><field name="id">http://www.semanticweb.org/tedsullivan/ontologies/2015/5/music-10#Underture</field><field name="related_entity1_ss">The Who</field><field name="composer_ss.MaximumLength"></field><field name="path">/Song/Underture</field><field name="Composition_Type">Song</field><field name="composer_ss">Pete Townshend</field><field name="original_performer.Length">7</field><field name="original_performer">The Who</field><field name="composer_ss.Length">14</field><field name="Composition_Type.Length">4</field><field name="original_performer.MaximumLength"></field><field name="verb_ss">composed</field><field name="verb_ss">written</field><field name="verb_ss">authored</field><field name="verb_ss">wrote</field><field name="genres_ss">Rock</field><field name="verb_ss.Length">5</field><field name="verb_ss.MaximumLength"></field><field name="Composition_Type.MaximumLength"></field></doc><doc><field name="name">Bring It On Home</field><field name="id">http://www.semanticweb.org/tedsullivan/ontologies/2015/5/music-10#Bring_It_On_Home_-_Zeppelin</field><field name="related_entity1_ss">Led Zeppelin</field><field name="composer_ss.MaximumLength"></field><field name="path">/Song/Bring It On Home</field><field name="Composition_Type">Song</field><field name="composer_ss">Jimmy Page</field><field name="composer_ss">Robert Plant</field><field name="composer_ss">Willie Dixon</field><field name="original_performer.Length">12</field><field name="original_performer">Led Zeppelin</field><field name="composer_ss.Length">12</field><field name="Composition_Type.Length">4</field><field name="original_performer.MaximumLength"></field><field name="verb_ss">composed</field><field name="verb_ss">written</field><field name="verb_ss">authored</field><field name="verb_ss">wrote</field><field name="verb_ss.Length">5</field><field name="verb_ss.MaximumLength"></field><field name="Composition_Type.MaximumLength"></field><field name="composer.Count">6</field></doc><doc><field name="name">Dindi</field><field name="id">http://www.semanticweb.org/tedsullivan/ontologies/2015/5/music-10#Dindi</field><field name="composer_ss.Length">20</field><field name="related_entity1_ss">Antonio Carlos Jobim</field><field name="Composition_Type.Length">4</field><field name="composer_ss.MaximumLength"></field><field name="original_performer.MaximumLength"></field><field name="verb_ss">composed</field><field name="verb_ss">written</field><field name="verb_ss">authored</field><field name="verb_ss">wrote</field><field name="path">/Song/Dindi</field><field name="Composition_Type">Song</field><field name="verb_ss.Length">5</field><field name="verb_ss.MaximumLength"></field><field name="Composition_Type.MaximumLength"></field><field name="composer_ss">Antonio Carlos Jobim</field><field name="original_performer.Length">20</field><field name="original_performer">Antonio Carlos Jobim</field></doc><doc><field name="name">Read 'Em and Weep</field><field name="id">http://www.semanticweb.org/tedsullivan/ontologies/2015/5/music-10#Read_Em_and_Weep</field><field name="composer_ss.Length">12</field><field name="Composition_Type.Length">4</field><field name="composer_ss.MaximumLength"></field><field name="verb_ss">composed</field><field name="verb_ss">written</field><field name="verb_ss">authored</field><field name="verb_ss">wrote</field><field name="path">/Song/Read 'Em and Weep</field><field name="Composition_Type">Song</field><field name="genres_ss">Rock</field><field name="verb_ss.Length">5</field><field name="verb_ss.MaximumLength"></field><field name="Composition_Type.MaximumLength"></field><field name="composer_ss">Jim Steinman</field></doc><doc><field name="name">Where Is The Next One Coming From?</field><field name="id">http://www.semanticweb.org/tedsullivan/ontologies/2015/5/music-10#Where_Is_The_Next_One_Coming_From</field><field name="composer_ss.Length">10</field><field name="Composition_Type.Length">4</field><field name="composer_ss.MaximumLength"></field><field name="verb_ss">composed</field><field name="verb_ss">written</field><field name="verb_ss">authored</field><field name="verb_ss">wrote</field><field name="path">/Song/Where Is The Next One Coming From?</field><field name="Composition_Type">Song</field><field name="hasLyrics">Well I had a job, but I got laid off 
I had a heart but it got too soft ,
I had a girlfriend and she lied 
I had a wife but my wife, she died ,
 
One too many drinks about an hour ago ,
All I want now's just one more 
And when it hit, a baby, I don't care 
 ,
Where, where, where, oh where 
Where is the next one comin' from? 
Where is the next one comin' from? 
 ,
Some folks they say there's just one thing 
Where is the next one comin' from? 
Gonna make 'em dance and gonna make 'em sing 
Where is the next one comin' from? 
 ,
Had a little of that and had a little of this 
Where is the next one comin' from? 
Well, I checked 'em all off 'a my list 
Where is the next one comin' from? 
 ,
All I know is don't get enough 
All I get is this old rough stuff ,
But when I do, oh, baby, I don't care 
 ,
Where, where, where, oh where 
Where is the next one comin' from? 
Where is the next one comin' from? 
 ,
I want more 
Gimme, gimme, gimme, gimme, gimme ,
Oh, yeah, I want more, yeah 
 ,
Where is the one comin' from? 
Where is the one comin' from? 
 ,
Where is the one comin' from? 
All I want is my belly full ,
Where is the next one comin' from? 
It's a natural thing for an animal 
 ,
Where is the next one comin' from? 
Well I'm tired all of that give and take 
Where is the next one comin' from? 
About all I got was a bellyache ,
 
And once a kid has come to town ,
He talked like a fool and he dressed like a clown 
Only love could have put him down ,
 
Where, where, where, oh where ,
Where is the next one comin' from? 
Where is the next one comin' from? 
 ,
Where is the next one comin' from? 
Where is the next one comin' from? 
Where is the next one comin' from?</field><field name="verb_ss.Length">5</field><field name="verb_ss.MaximumLength"></field><field name="Composition_Type.MaximumLength"></field><field name="composer_ss">John Hiatt</field></doc><doc><field name="name">Social Disease</field><field name="id">http://www.semanticweb.org/tedsullivan/ontologies/2015/5/music-10#Social_Disease</field><field name="related_entity1_ss">Elton John</field><field name="composer_ss.MaximumLength"></field><field name="path">/Song/Social Disease</field><field name="lyricist_ss.Length">13</field><field name="Composition_Type">Song</field><field name="lyricist_ss">Bernie Taupin</field><field name="composer_ss">Elton John</field><field name="original_performer.Length">10</field><field name="original_performer">Elton John</field><field name="composer_ss.Length">10</field><field name="Composition_Type.Length">4</field><field name="original_performer.MaximumLength"></field><field name="lyricist_ss.MaximumLength"></field><field name="verb_ss">composed</field><field name="verb_ss">written</field><field name="verb_ss">authored</field><field name="verb_ss">wrote</field><field name="verb_ss.Length">5</field><field name="verb_ss.MaximumLength"></field><field name="Composition_Type.MaximumLength"></field></doc><doc><field name="name">Blues Man</field><field name="id">http://www.semanticweb.org/tedsullivan/ontologies/2015/5/music-10#Blues_Man</field><field name="composer_ss.Length">14</field><field name="Composition_Type.Length">4</field><field name="composer_ss.MaximumLength"></field><field name="verb_ss">composed</field><field name="verb_ss">written</field><field name="verb_ss">authored</field><field name="verb_ss">wrote</field><field name="path">/Song/Blues Man</field><field name="Composition_Type">Song</field><field name="verb_ss.Length">5</field><field name="verb_ss.MaximumLength"></field><field name="Composition_Type.MaximumLength"></field><field name="composer_ss">Stephen Stills</field></doc><doc><field name="name">Waterloo Sunset</field><field name="id">http://www.semanticweb.org/tedsullivan/ontologies/2015/5/music-10#Waterloo_Sunset</field><field name="composer_ss.Length">10</field><field name="performers.MaximumLength"></field><field name="hasPerformer_ss">The Kinks</field><field name="performers.Length">13</field><field name="Composition_Type.Length">4</field><field name="composer_ss.MaximumLength"></field><field name="hasPerformer_ss.Length">9</field><field name="verb_ss">composed</field><field name="verb_ss">written</field><field name="verb_ss">authored</field><field name="verb_ss">wrote</field><field name="path">/Song/Waterloo Sunset</field><field name="Composition_Type">Song</field><field name="verb_ss.Length">5</field><field name="verb_ss.MaximumLength"></field><field name="Composition_Type.MaximumLength"></field><field name="composer_ss">Ray Davies</field><field name="hasPerformer_ss.MaximumLength"></field></doc><doc><field name="name">Dinah</field><field name="id">http://www.semanticweb.org/tedsullivan/ontologies/2015/5/music-10#Dinah</field><field name="composer_ss.MaximumLength"></field><field name="path">/Song/Dinah</field><field name="lyricist_ss.Length">12</field><field name="Composition_Type">Song</field><field name="lyricist_ss">Joe Young</field><field name="lyricist_ss">Sam M. Lewis</field><field name="composer_ss">Harry Akst</field><field name="composer_ss.Length">10</field><field name="lyricsBy.Count">4</field><field name="Composition_Type.Length">4</field><field name="lyricist_ss.MaximumLength"></field><field name="verb_ss">composed</field><field name="verb_ss">written</field><field name="verb_ss">authored</field><field name="verb_ss">wrote</field><field name="genres_ss">Popular</field><field name="verb_ss.Length">5</field><field name="verb_ss.MaximumLength"></field><field name="Composition_Type.MaximumLength"></field></doc><doc><field name="name">We Gotta Get Out Of This Place</field><field name="id">http://www.semanticweb.org/tedsullivan/ontologies/2015/5/music-10#We_Gotta_Get_Out_Of_This_Place</field><field name="hasPerformer_ss">The Animals</field><field name="performers.Length">10</field><field name="composer_ss.MaximumLength"></field><field name="hasPerformer_ss.Length">11</field><field name="path">/Song/We Gotta Get Out Of This Place</field><field name="Composition_Type">Song</field><field name="composer_ss">Barry Mann</field><field name="composer_ss">Cynthia Weil</field><field name="composer_ss.Length">12</field><field name="performers.MaximumLength"></field><field name="Composition_Type.Length">4</field><field name="verb_ss">composed</field><field name="verb_ss">written</field><field name="verb_ss">authored</field><field name="verb_ss">wrote</field><field name="verb_ss.Length">5</field><field name="verb_ss.MaximumLength"></field><field name="Composition_Type.MaximumLength"></field><field name="composer.Count">4</field><field name="hasPerformer_ss.MaximumLength"></field></doc><doc><field name="name">Drifter's Escape</field><field name="id">http://www.semanticweb.org/tedsullivan/ontologies/2015/5/music-10#Drifters_Escape</field><field name="composer_ss.Length">9</field><field name="related_entity1_ss">Bob Dylan</field><field name="Composition_Type.Length">4</field><field name="composer_ss.MaximumLength"></field><field name="original_performer.MaximumLength"></field><field name="verb_ss">composed</field><field name="verb_ss">written</field><field name="verb_ss">authored</field><field name="verb_ss">wrote</field><field name="path">/Song/Drifter's Escape</field><field name="Composition_Type">Song</field><field name="verb_ss.Length">5</field><field name="verb_ss.MaximumLength"></field><field name="Composition_Type.MaximumLength"></field><field name="composer_ss">Bob Dylan</field><field name="original_performer.Length">9</field><field name="original_performer">Bob Dylan</field></doc><doc><field name="name">Hound Dog</field><field name="id">http://www.semanticweb.org/tedsullivan/ontologies/2015/5/music-10#Hound_Dog</field><field name="composer_ss.MaximumLength"></field><field name="path">/Song/Hound Dog</field><field name="lyricist_ss.Length">12</field><field name="Composition_Type">Song</field><field name="lyricist_ss">Mike Stoller</field><field name="composer_ss">Jerry Leiber</field><field name="composer_ss.Length">12</field><field name="Composition_Type.Length">4</field><field name="lyricist_ss.MaximumLength"></field><field name="verb_ss">composed</field><field name="verb_ss">written</field><field name="verb_ss">authored</field><field name="verb_ss">wrote</field><field name="genres_ss">Rock</field><field name="genres_ss">Rock &amp; Roll</field><field name="verb_ss.Length">5</field><field name="verb_ss.MaximumLength"></field><field name="Composition_Type.MaximumLength"></field></doc><doc><field name="name">Jeremy Bender</field><field name="id">http://www.semanticweb.org/tedsullivan/ontologies/2015/5/music-10#Jeremy_Bender</field><field name="hasPerformer_ss">Emerson Lake And Palmer</field><field name="performers.Length">11</field><field name="composer_ss.MaximumLength"></field><field name="hasPerformer_ss.Length">23</field><field name="path">/Song/Jeremy Bender</field><field name="Composition_Type">Song</field><field name="composer_ss">Greg Lake</field><field name="composer_ss">Keith Emerson</field><field name="composer_ss.Length">13</field><field name="performers.MaximumLength"></field><field name="Composition_Type.Length">4</field><field name="verb_ss">composed</field><field name="verb_ss">written</field><field name="verb_ss">authored</field><field name="verb_ss">wrote</field><field name="verb_ss.Length">5</field><field name="verb_ss.MaximumLength"></field><field name="Composition_Type.MaximumLength"></field><field name="composer.Count">4</field><field name="hasPerformer_ss.MaximumLength"></field></doc><doc><field name="name">Morning Glory</field><field name="id">http://www.semanticweb.org/tedsullivan/ontologies/2015/5/music-10#Morning_Glory</field><field name="composer_ss.Length">11</field><field name="Composition_Type.Length">4</field><field name="composer_ss.MaximumLength"></field><field name="verb_ss">composed</field><field name="verb_ss">written</field><field name="verb_ss">authored</field><field name="verb_ss">wrote</field><field name="path">/Song/Morning Glory</field><field name="Composition_Type">Song</field><field name="verb_ss.Length">5</field><field name="verb_ss.MaximumLength"></field><field name="Composition_Type.MaximumLength"></field><field name="composer_ss">Duke Ellington</field><field name="composer_ss">Rex Stewart</field><field name="composer.Count">4</field></doc><doc><field name="name">Coming Home</field><field name="id">http://www.semanticweb.org/tedsullivan/ontologies/2015/5/music-10#Coming_Home</field><field name="related_entity1_ss">Roy Orbison</field><field name="composer_ss.MaximumLength"></field><field name="path">/Song/Coming Home</field><field name="Composition_Type">Song</field><field name="composer_ss">Roy Orbison</field><field name="original_performer.Length">11</field><field name="original_performer">Roy Orbison</field><field name="composer_ss.Length">11</field><field name="Composition_Type.Length">4</field><field name="original_performer.MaximumLength"></field><field name="verb_ss">composed</field><field name="verb_ss">written</field><field name="verb_ss">authored</field><field name="verb_ss">wrote</field><field name="genres_ss">Rock</field><field name="genres_ss">Rock &amp; Roll</field><field name="verb_ss.Length">5</field><field name="verb_ss.MaximumLength"></field><field name="Composition_Type.MaximumLength"></field></doc><doc><field name="name">Statesboro Blues</field><field name="id">http://www.semanticweb.org/tedsullivan/ontologies/2015/5/music-10#Statesboro_Blues</field><field name="performers.MaximumLength"></field><field name="hasPerformer_ss">Allman Brothers Band</field><field name="performers.Length">12</field><field name="Composition_Type.Length">4</field><field name="hasPerformer_ss.Length">20</field><field name="verb_ss">composed</field><field name="verb_ss">written</field><field name="verb_ss">authored</field><field name="verb_ss">wrote</field><field name="path">/Song/Statesboro Blues</field><field name="Composition_Type">Song</field><field name="verb_ss.Length">5</field><field name="verb_ss.MaximumLength"></field><field name="Composition_Type.MaximumLength"></field><field name="hasPerformer_ss.MaximumLength"></field></doc><doc><field name="name">Ball of Confusion (That's What the World Is Today)</field><field name="id">http://www.semanticweb.org/tedsullivan/ontologies/2015/5/music-10#Ball_of_Confusion_Thats_What_the_World_Is_Today</field><field name="composer_ss.Length">16</field><field name="Composition_Type.Length">4</field><field name="composer_ss.MaximumLength"></field><field name="verb_ss">composed</field><field name="verb_ss">written</field><field name="verb_ss">authored</field><field name="verb_ss">wrote</field><field name="path">/Song/Ball of Confusion (That's What the World Is Today)</field><field name="Composition_Type">Song</field><field name="genres_ss">Psychedelic Soul</field><field name="verb_ss.Length">5</field><field name="verb_ss.MaximumLength"></field><field name="Composition_Type.MaximumLength"></field><field name="composer_ss">Barrett Strong</field><field name="composer_ss">Norman Whitfield</field><field name="composer.Count">4</field></doc><doc><field name="name">Sweet Jane</field><field name="id">http://www.semanticweb.org/tedsullivan/ontologies/2015/5/music-10#Sweet_Jane</field><field name="composer_ss.Length">8</field><field name="performers.MaximumLength"></field><field name="hasPerformer_ss">The Velvet Underground</field><field name="performers.Length">17</field><field name="Composition_Type.Length">4</field><field name="composer_ss.MaximumLength"></field><field name="hasPerformer_ss.Length">22</field><field name="verb_ss">composed</field><field name="verb_ss">written</field><field name="verb_ss">authored</field><field name="verb_ss">wrote</field><field name="path">/Song/Sweet Jane</field><field name="Composition_Type">Song</field><field name="verb_ss.Length">5</field><field name="verb_ss.MaximumLength"></field><field name="Composition_Type.MaximumLength"></field><field name="composer_ss">Lou Reed</field><field name="hasPerformer_ss.MaximumLength"></field></doc><doc><field name="name">High And Low</field><field name="id">http://www.semanticweb.org/tedsullivan/ontologies/2015/5/music-10#High_And_Low</field><field name="composer_ss.Length">15</field><field name="lyricsBy.Count">4</field><field name="Composition_Type.Length">4</field><field name="composer_ss.MaximumLength"></field><field name="lyricist_ss.MaximumLength"></field><field name="verb_ss">composed</field><field name="verb_ss">written</field><field name="verb_ss">authored</field><field name="verb_ss">wrote</field><field name="path">/Song/High And Low</field><field name="lyricist_ss.Length">12</field><field name="Composition_Type">Song</field><field name="lyricist_ss">Desmond Carter</field><field name="lyricist_ss">Howard Dietz</field><field name="verb_ss.Length">5</field><field name="verb_ss.MaximumLength"></field><field name="Composition_Type.MaximumLength"></field><field name="composer_ss">Arthur Schwartz</field></doc><doc><field name="name">This Song Is About You</field><field name="id">http://www.semanticweb.org/tedsullivan/ontologies/2015/5/music-10#This_Song_Is_About_You</field><field name="Composition_Type.Length">4</field><field name="verb_ss">composed</field><field name="verb_ss">written</field><field name="verb_ss">authored</field><field name="verb_ss">wrote</field><field name="path">/Song/This Song Is About You</field><field name="Composition_Type">Song</field><field name="verb_ss.Length">5</field><field name="verb_ss.MaximumLength"></field><field name="Composition_Type.MaximumLength"></field></doc><doc><field name="name">Man Overboard</field><field name="id">http://www.semanticweb.org/tedsullivan/ontologies/2015/5/music-10#Man_Overboard</field><field name="related_entity1_ss">Eric Clapton</field><field name="composer_ss.MaximumLength"></field><field name="path">/Song/Man Overboard</field><field name="Composition_Type">Song</field><field name="composer_ss">Eric Clapton</field><field name="original_performer.Length">12</field><field name="original_performer">Eric Clapton</field><field name="composer_ss.Length">12</field><field name="Composition_Type.Length">4</field><field name="original_performer.MaximumLength"></field><field name="verb_ss">composed</field><field name="verb_ss">written</field><field name="verb_ss">authored</field><field name="verb_ss">wrote</field><field name="genres_ss">Rock</field><field name="verb_ss.Length">5</field><field name="verb_ss.MaximumLength"></field><field name="Composition_Type.MaximumLength"></field></doc><doc><field name="name">The Harder They Come</field><field name="id">http://www.semanticweb.org/tedsullivan/ontologies/2015/5/music-10#The_Harder_They_Come</field><field name="related_entity1_ss">Jimmy Cliff</field><field name="composer_ss.MaximumLength"></field><field name="path">/Song/The Harder They Come</field><field name="Composition_Type">Song</field><field name="composer_ss">Jimmy Cliff</field><field name="original_performer.Length">11</field><field name="original_performer">Jimmy Cliff</field><field name="composer_ss.Length">11</field><field name="Composition_Type.Length">4</field><field name="original_performer.MaximumLength"></field><field name="verb_ss">composed</field><field name="verb_ss">written</field><field name="verb_ss">authored</field><field name="verb_ss">wrote</field><field name="genres_ss">Rock</field><field name="genres_ss">Reggae</field><field name="verb_ss.Length">5</field><field name="verb_ss.MaximumLength"></field><field name="Composition_Type.MaximumLength"></field></doc><doc><field name="name">For No One</field><field name="id">http://www.semanticweb.org/tedsullivan/ontologies/2015/5/music-10#For_No_One</field><field name="related_entity1_ss">Beatles</field><field name="composer_ss.MaximumLength"></field><field name="path">/Song/For No One</field><field name="Composition_Type">Song</field><field name="composer_ss">John Lennon</field><field name="composer_ss">Paul McCartney</field><field name="original_performer.Length">7</field><field name="original_performer">Beatles</field><field name="composer_ss.Length">14</field><field name="Composition_Type.Length">4</field><field name="original_performer.MaximumLength"></field><field name="verb_ss">composed</field><field name="verb_ss">written</field><field name="verb_ss">authored</field><field name="verb_ss">wrote</field><field name="genres_ss">Rock</field><field name="genres_ss">Rock &amp; Roll</field><field name="verb_ss.Length">5</field><field name="verb_ss.MaximumLength"></field><field name="Composition_Type.MaximumLength"></field><field name="composer.Count">4</field></doc><doc><field name="name">I Can't Explain</field><field name="id">http://www.semanticweb.org/tedsullivan/ontologies/2015/5/music-10#I_Cant_Explain</field><field name="composer_ss.Length">14</field><field name="related_entity1_ss">The Who</field><field name="Composition_Type.Length">4</field><field name="composer_ss.MaximumLength"></field><field name="original_performer.MaximumLength"></field><field name="verb_ss">composed</field><field name="verb_ss">written</field><field name="verb_ss">authored</field><field name="verb_ss">wrote</field><field name="path">/Song/I Can't Explain</field><field name="Composition_Type">Song</field><field name="verb_ss.Length">5</field><field name="verb_ss.MaximumLength"></field><field name="Composition_Type.MaximumLength"></field><field name="composer_ss">Pete Townshend</field><field name="original_performer.Length">7</field><field name="original_performer">The Who</field></doc><doc><field name="name">Where Or When</field><field name="id">http://www.semanticweb.org/tedsullivan/ontologies/2015/5/music-10#Where_Or_When</field><field name="composer_ss.Length">14</field><field name="Composition_Type.Length">4</field><field name="composer_ss.MaximumLength"></field><field name="lyricist_ss.MaximumLength"></field><field name="verb_ss">composed</field><field name="verb_ss">written</field><field name="verb_ss">authored</field><field name="verb_ss">wrote</field><field name="path">/Song/Where Or When</field><field name="lyricist_ss.Length">11</field><field name="Composition_Type">Song</field><field name="lyricist_ss">Lorenz Hart</field><field name="verb_ss.Length">5</field><field name="verb_ss.MaximumLength"></field><field name="Composition_Type.MaximumLength"></field><field name="composer_ss">Richard Rogers</field></doc><doc><field name="name">We Didn't Start The Fire</field><field name="id">http://www.semanticweb.org/tedsullivan/ontologies/2015/5/music-10#We_Didnt_Start_The_Fire</field><field name="related_entity1_ss">Billy Joel</field><field name="composer_ss.MaximumLength"></field><field name="path">/Song/We Didn't Start The Fire</field><field name="Composition_Type">Song</field><field name="composer_ss">Billy Joel</field><field name="original_performer.Length">10</field><field name="original_performer">Billy Joel</field><field name="composer_ss.Length">10</field><field name="Composition_Type.Length">4</field><field name="original_performer.MaximumLength"></field><field name="verb_ss">composed</field><field name="verb_ss">written</field><field name="verb_ss">authored</field><field name="verb_ss">wrote</field><field name="genres_ss">Rock</field><field name="verb_ss.Length">5</field><field name="verb_ss.MaximumLength"></field><field name="Composition_Type.MaximumLength"></field></doc><doc><field name="name">Too Much of Nothing</field><field name="id">http://www.semanticweb.org/tedsullivan/ontologies/2015/5/music-10#Too_Much_of_Nothing</field><field name="related_entity1_ss">Bob Dylan</field><field name="related_entity1_ss">The Band</field><field name="composer_ss.MaximumLength"></field><field name="original_performer.Count">2</field><field name="path">/Song/Too Much of Nothing</field><field name="Composition_Type">Song</field><field name="composer_ss">Bob Dylan</field><field name="hasPerformer_ss">Bob Dylan</field><field name="hasPerformer_ss">The Band</field><field name="composer_ss.Length">9</field><field name="Composition_Type.Length">4</field><field name="verb_ss">composed</field><field name="verb_ss">written</field><field name="verb_ss">authored</field><field name="verb_ss">wrote</field><field name="genres_ss">Folk</field><field name="genres_ss">Folk Rock</field><field name="genres_ss">Rock</field><field name="verb_ss.Length">5</field><field name="verb_ss.MaximumLength"></field><field name="Composition_Type.MaximumLength"></field></doc><doc><field name="name">Bird Nest On The Ground</field><field name="id">http://www.semanticweb.org/tedsullivan/ontologies/2015/5/music-10#Bird_Nest_On_The_Ground</field><field name="composer_ss.Length">12</field><field name="Composition_Type.Length">4</field><field name="composer_ss.MaximumLength"></field><field name="verb_ss">composed</field><field name="verb_ss">written</field><field name="verb_ss">authored</field><field name="verb_ss">wrote</field><field name="path">/Song/Bird Nest On The Ground</field><field name="Composition_Type">Song</field><field name="genres_ss">Blues</field><field name="verb_ss.Length">5</field><field name="verb_ss.MaximumLength"></field><field name="Composition_Type.MaximumLength"></field><field name="composer_ss">Maurice Dollison</field><field name="composer_ss">Monk Higgins</field><field name="composer.Count">4</field></doc><doc><field name="name">Boys</field><field name="id">http://www.semanticweb.org/tedsullivan/ontologies/2015/5/music-10#Boys</field><field name="composer_ss.Length">11</field><field name="Composition_Type.Length">4</field><field name="composer_ss.MaximumLength"></field><field name="verb_ss">composed</field><field name="verb_ss">written</field><field name="verb_ss">authored</field><field name="verb_ss">wrote</field><field name="path">/Song/Boys</field><field name="Composition_Type">Song</field><field name="verb_ss.Length">5</field><field name="verb_ss.MaximumLength"></field><field name="Composition_Type.MaximumLength"></field><field name="composer_ss">Luther Dixon</field><field name="composer_ss">Wes Farrell</field><field name="composer.Count">4</field></doc><doc><field name="name">Communication Breakdown (Orbison)</field><field name="id">http://www.semanticweb.org/tedsullivan/ontologies/2015/5/music-10#Communication_Breakdown</field><field name="composer_ss.Length">11</field><field name="Composition_Type.Length">4</field><field name="composer_ss.MaximumLength"></field><field name="verb_ss">composed</field><field name="verb_ss">written</field><field name="verb_ss">authored</field><field name="verb_ss">wrote</field><field name="path">/Song/Communication Breakdown (Orbison)</field><field name="Composition_Type">Song</field><field name="genres_ss">Rock</field><field name="genres_ss">Rock &amp; Roll</field><field name="verb_ss.Length">5</field><field name="verb_ss.MaximumLength"></field><field name="Composition_Type.MaximumLength"></field><field name="composer_ss">Roy Orbison</field></doc><doc><field name="name">Maybe I'm Amazed</field><field name="id">http://www.semanticweb.org/tedsullivan/ontologies/2015/5/music-10#Maybe_Im_Amazed</field><field name="related_entity1_ss">Paul McCartney</field><field name="composer_ss.MaximumLength"></field><field name="path">/Song/Maybe I'm Amazed</field><field name="Composition_Type">Song</field><field name="composer_ss">Paul McCartney</field><field name="original_performer.Length">14</field><field name="original_performer">Paul McCartney</field><field name="composer_ss.Length">14</field><field name="Composition_Type.Length">4</field><field name="original_performer.MaximumLength"></field><field name="verb_ss">composed</field><field name="verb_ss">written</field><field name="verb_ss">authored</field><field name="verb_ss">wrote</field><field name="genres_ss">Rock</field><field name="genres_ss">Soft Rock</field><field name="verb_ss.Length">5</field><field name="verb_ss.MaximumLength"></field><field name="Composition_Type.MaximumLength"></field></doc><doc><field name="name">Bohemian Rhapsody</field><field name="id">http://www.semanticweb.org/tedsullivan/ontologies/2015/5/music-10#Bohemian_Rhapsody</field><field name="related_entity1_ss">Queen</field><field name="composer_ss.MaximumLength"></field><field name="hasGenre.Count">4</field><field name="path">/Song/Bohemian Rhapsody</field><field name="Composition_Type">Song</field><field name="composer_ss">Freddie Mercury</field><field name="original_performer.Length">5</field><field name="original_performer">Queen</field><field name="composer_ss.Length">15</field><field name="Composition_Type.Length">4</field><field name="original_performer.MaximumLength"></field><field name="verb_ss">composed</field><field name="verb_ss">written</field><field name="verb_ss">authored</field><field name="verb_ss">wrote</field><field name="genres_ss">Rock</field><field name="genres_ss">Hard Rock</field><field name="genres_ss">Progressive Rock</field><field name="verb_ss.Length">5</field><field name="verb_ss.MaximumLength"></field><field name="Composition_Type.MaximumLength"></field></doc><doc><field name="name">Daddy's Home</field><field name="id">http://www.semanticweb.org/tedsullivan/ontologies/2015/5/music-10#Daddys_Home</field><field name="composer_ss.Length">17</field><field name="Composition_Type.Length">4</field><field name="composer_ss.MaximumLength"></field><field name="verb_ss">composed</field><field name="verb_ss">written</field><field name="verb_ss">authored</field><field name="verb_ss">wrote</field><field name="path">/Song/Daddy's Home</field><field name="Composition_Type">Song</field><field name="verb_ss.Length">5</field><field name="verb_ss.MaximumLength"></field><field name="Composition_Type.MaximumLength"></field><field name="composer_ss">James ,",Shep,", Sheppard</field><field name="composer_ss">William H. Miller</field><field name="composer.Count">4</field></doc><doc><field name="name">When the Lights Go Out</field><field name="id">http://www.semanticweb.org/tedsullivan/ontologies/2015/5/music-10#When_the_Lights_Go_Out</field><field name="composer_ss.Length">12</field><field name="Composition_Type.Length">4</field><field name="composer_ss.MaximumLength"></field><field name="verb_ss">composed</field><field name="verb_ss">written</field><field name="verb_ss">authored</field><field name="verb_ss">wrote</field><field name="path">/Song/When the Lights Go Out</field><field name="Composition_Type">Song</field><field name="verb_ss.Length">5</field><field name="verb_ss.MaximumLength"></field><field name="Composition_Type.MaximumLength"></field><field name="composer_ss">Willie Dixon</field></doc><doc><field name="name">Wanted Man</field><field name="id">http://www.semanticweb.org/tedsullivan/ontologies/2015/5/music-10#Wanted_Man</field><field name="composer_ss.Length">9</field><field name="Composition_Type.Length">4</field><field name="composer_ss.MaximumLength"></field><field name="verb_ss">composed</field><field name="verb_ss">written</field><field name="verb_ss">authored</field><field name="verb_ss">wrote</field><field name="path">/Song/Wanted Man</field><field name="Composition_Type">Song</field><field name="verb_ss.Length">5</field><field name="verb_ss.MaximumLength"></field><field name="Composition_Type.MaximumLength"></field><field name="composer_ss">Bob Dylan</field></doc><doc><field name="name">Crossroads</field><field name="id">http://www.semanticweb.org/tedsullivan/ontologies/2015/5/music-10#Crossroads</field><field name="related_entity1_ss">Robert Johnson</field><field name="composer_ss.MaximumLength"></field><field name="hasGenre.Count">4</field><field name="path">/Song/Crossroads</field><field name="synonym">Cross Road Blues</field><field name="Composition_Type">Song</field><field name="composer_ss">Robert Johnson</field><field name="original_performer.Length">14</field><field name="original_performer">Robert Johnson</field><field name="composer_ss.Length">14</field><field name="Composition_Type.Length">4</field><field name="original_performer.MaximumLength"></field><field name="verb_ss">composed</field><field name="verb_ss">written</field><field name="verb_ss">authored</field><field name="verb_ss">wrote</field><field name="genres_ss">Blues</field><field name="genres_ss">Delta Blues</field><field name="verb_ss.Length">5</field><field name="verb_ss.MaximumLength"></field><field name="Composition_Type.MaximumLength"></field></doc><doc><field name="name">It Might As Well Be Spring</field><field name="id">http://www.semanticweb.org/tedsullivan/ontologies/2015/5/music-10#It_Might_As_Well_Be_Spring</field><field name="composer_ss.Length">14</field><field name="Composition_Type.Length">4</field><field name="composer_ss.MaximumLength"></field><field name="lyricist_ss.MaximumLength"></field><field name="verb_ss">composed</field><field name="verb_ss">written</field><field name="verb_ss">authored</field><field name="verb_ss">wrote</field><field name="path">/Song/It Might As Well Be Spring</field><field name="lyricist_ss.Length">17</field><field name="Composition_Type">Song</field><field name="lyricist_ss">Oscar Hammerstein</field><field name="verb_ss.Length">5</field><field name="verb_ss.MaximumLength"></field><field name="Composition_Type.MaximumLength"></field><field name="composer_ss">Richard Rogers</field></doc><doc><field name="name">Ramblin' On My Mind</field><field name="id">http://www.semanticweb.org/tedsullivan/ontologies/2015/5/music-10#Ramblin_On_My_Mind</field><field name="composer_ss.Length">14</field><field name="related_entity1_ss">Robert Johnson</field><field name="Composition_Type.Length">4</field><field name="composer_ss.MaximumLength"></field><field name="original_performer.MaximumLength"></field><field name="verb_ss">composed</field><field name="verb_ss">written</field><field name="verb_ss">authored</field><field name="verb_ss">wrote</field><field name="path">/Song/Ramblin' On My Mind</field><field name="Composition_Type">Song</field><field name="verb_ss.Length">5</field><field name="verb_ss.MaximumLength"></field><field name="Composition_Type.MaximumLength"></field><field name="composer_ss">Robert Johnson</field><field name="original_performer.Length">14</field><field name="original_performer">Robert Johnson</field></doc><doc><field name="name">Burning Bridges</field><field name="id">http://www.semanticweb.org/tedsullivan/ontologies/2015/5/music-10#Burning_Bridges</field><field name="related_entity1_ss">Pink Floyd</field><field name="composer_ss.MaximumLength"></field><field name="path">/Song/Burning Bridges</field><field name="Composition_Type">Song</field><field name="composer_ss">Richard Wright</field><field name="composer_ss">Roger Waters</field><field name="original_performer.Length">10</field><field name="original_performer">Pink Floyd</field><field name="composer_ss.Length">12</field><field name="Composition_Type.Length">4</field><field name="original_performer.MaximumLength"></field><field name="verb_ss">composed</field><field name="verb_ss">written</field><field name="verb_ss">authored</field><field name="verb_ss">wrote</field><field name="genres_ss">Rock</field><field name="genres_ss">Progressive Rock</field><field name="verb_ss.Length">5</field><field name="verb_ss.MaximumLength"></field><field name="Composition_Type.MaximumLength"></field><field name="composer.Count">4</field></doc><doc><field name="name">If I Fell</field><field name="id">http://www.semanticweb.org/tedsullivan/ontologies/2015/5/music-10#If_I_Fell</field><field name="related_entity1_ss">Beatles</field><field name="composer_ss.MaximumLength"></field><field name="path">/Song/If I Fell</field><field name="Composition_Type">Song</field><field name="composer_ss">John Lennon</field><field name="composer_ss">Paul McCartney</field><field name="original_performer.Length">7</field><field name="original_performer">Beatles</field><field name="composer_ss.Length">14</field><field name="Composition_Type.Length">4</field><field name="original_performer.MaximumLength"></field><field name="verb_ss">composed</field><field name="verb_ss">written</field><field name="verb_ss">authored</field><field name="verb_ss">wrote</field><field name="verb_ss.Length">5</field><field name="verb_ss.MaximumLength"></field><field name="Composition_Type.MaximumLength"></field><field name="composer.Count">4</field></doc><doc><field name="name">Everybody's Talkin,'</field><field name="id">http://www.semanticweb.org/tedsullivan/ontologies/2015/5/music-10#Everybodys_Talkin</field><field name="related_entity1_ss">Fred Neil</field><field name="composer_ss.MaximumLength"></field><field name="path">/Song/Everybody's Talkin,'</field><field name="Composition_Type">Song</field><field name="composer_ss">Fred Neil</field><field name="original_performer.Length">9</field><field name="original_performer">Fred Neil</field><field name="composer_ss.Length">9</field><field name="Composition_Type.Length">4</field><field name="original_performer.MaximumLength"></field><field name="verb_ss">composed</field><field name="verb_ss">written</field><field name="verb_ss">authored</field><field name="verb_ss">wrote</field><field name="genres_ss">Folk</field><field name="genres_ss">Folk Rock</field><field name="genres_ss">Rock</field><field name="verb_ss.Length">5</field><field name="verb_ss.MaximumLength"></field><field name="Composition_Type.MaximumLength"></field></doc><doc><field name="name">Takin' Care of Business</field><field name="id">http://www.semanticweb.org/tedsullivan/ontologies/2015/5/music-10#Takin_Care_of_Business</field><field name="related_entity1_ss">Bachman–Turner Overdrive</field><field name="composer_ss.MaximumLength"></field><field name="path">/Song/Takin' Care of Business</field><field name="Composition_Type">Song</field><field name="composer_ss">Randy Bachman</field><field name="original_performer.Length">24</field><field name="original_performer">Bachman–Turner Overdrive</field><field name="composer_ss.Length">13</field><field name="Composition_Type.Length">4</field><field name="original_performer.MaximumLength"></field><field name="verb_ss">composed</field><field name="verb_ss">written</field><field name="verb_ss">authored</field><field name="verb_ss">wrote</field><field name="genres_ss">Rock</field><field name="verb_ss.Length">5</field><field name="verb_ss.MaximumLength"></field><field name="Composition_Type.MaximumLength"></field></doc><doc><field name="name">Close to the Edge</field><field name="id">http://www.semanticweb.org/tedsullivan/ontologies/2015/5/music-10#Close_to_the_Edge</field><field name="hasPerformer_ss">Yes</field><field name="performers.Length">12</field><field name="composer_ss.MaximumLength"></field><field name="hasPerformer_ss.Length">3</field><field name="path">/Song/Close to the Edge</field><field name="Composition_Type">Song</field><field name="composer_ss">Jon Anderson</field><field name="composer_ss">Steve Howe</field><field name="composer_ss.Length">10</field><field name="performers.MaximumLength"></field><field name="Composition_Type.Length">4</field><field name="verb_ss">composed</field><field name="verb_ss">written</field><field name="verb_ss">authored</field><field name="verb_ss">wrote</field><field name="verb_ss.Length">5</field><field name="verb_ss.MaximumLength"></field><field name="Composition_Type.MaximumLength"></field><field name="composer.Count">4</field><field name="hasPerformer_ss.MaximumLength"></field></doc><doc><field name="name">(How Little It Matters) How Little We Know</field><field name="id">http://www.semanticweb.org/tedsullivan/ontologies/2015/5/music-10#How_Little_It_Matters_How_Little_We_Know</field><field name="composer_ss.Length">16</field><field name="Composition_Type.Length">4</field><field name="composer_ss.MaximumLength"></field><field name="lyricist_ss.MaximumLength"></field><field name="verb_ss">composed</field><field name="verb_ss">written</field><field name="verb_ss">authored</field><field name="verb_ss">wrote</field><field name="path">/Song/(How Little It Matters) How Little We Know</field><field name="lyricist_ss.Length">13</field><field name="Composition_Type">Song</field><field name="lyricist_ss">Carolyn Leigh</field><field name="verb_ss.Length">5</field><field name="verb_ss.MaximumLength"></field><field name="Composition_Type.MaximumLength"></field><field name="composer_ss">Phillip Springer</field></doc><doc><field name="name">Going Down on Love</field><field name="id">http://www.semanticweb.org/tedsullivan/ontologies/2015/5/music-10#Going_Down_on_Love</field><field name="composer_ss.Length">11</field><field name="Composition_Type.Length">4</field><field name="composer_ss.MaximumLength"></field><field name="verb_ss">composed</field><field name="verb_ss">written</field><field name="verb_ss">authored</field><field name="verb_ss">wrote</field><field name="path">/Song/Going Down on Love</field><field name="Composition_Type">Song</field><field name="verb_ss.Length">5</field><field name="verb_ss.MaximumLength"></field><field name="Composition_Type.MaximumLength"></field><field name="composer_ss">John Lennon</field></doc><doc><field name="name">Margaritaville</field><field name="id">http://www.semanticweb.org/tedsullivan/ontologies/2015/5/music-10#Margaritaville</field><field name="related_entity1_ss">Jimmy Buffett</field><field name="composer_ss.MaximumLength"></field><field name="hasGenre.Count">4</field><field name="path">/Song/Margaritaville</field><field name="Composition_Type">Song</field><field name="composer_ss">Jimmy Buffett</field><field name="original_performer.Length">13</field><field name="original_performer">Jimmy Buffett</field><field name="composer_ss.Length">13</field><field name="Composition_Type.Length">4</field><field name="original_performer.MaximumLength"></field><field name="verb_ss">composed</field><field name="verb_ss">written</field><field name="verb_ss">authored</field><field name="verb_ss">wrote</field><field name="genres_ss">Country</field><field name="genres_ss">Country Rock</field><field name="genres_ss">Rock</field><field name="genres_ss">Gulf and Western</field><field name="verb_ss.Length">5</field><field name="verb_ss.MaximumLength"></field><field name="Composition_Type.MaximumLength"></field></doc><doc><field name="name">Rockin' In Rhythm</field><field name="id">http://www.semanticweb.org/tedsullivan/ontologies/2015/5/music-10#Rockin_In_Rhythm</field><field name="Composition_Type.Length">4</field><field name="verb_ss">composed</field><field name="verb_ss">written</field><field name="verb_ss">authored</field><field name="verb_ss">wrote</field><field name="path">/Song/Rockin' In Rhythm</field><field name="Composition_Type">Song</field><field name="verb_ss.Length">5</field><field name="verb_ss.MaximumLength"></field><field name="Composition_Type.MaximumLength"></field></doc><doc><field name="name">owl:NamedIndividual</field><field name="id">http://www.semanticweb.org/tedsullivan/ontologies/2015/5/music-10#Albatross</field><field name="composer_ss.Length">11</field><field name="performers.MaximumLength"></field><field name="hasPerformer_ss">Fleetwood Mac</field><field name="performers.Length">14</field><field name="Composition_Type.Length">4</field><field name="composer_ss.MaximumLength"></field><field name="hasPerformer_ss.Length">13</field><field name="verb_ss">composed</field><field name="verb_ss">written</field><field name="verb_ss">authored</field><field name="verb_ss">wrote</field><field name="path">/Song/owl:NamedIndividual</field><field name="Composition_Type">Song</field><field name="verb_ss.Length">5</field><field name="verb_ss.MaximumLength"></field><field name="Composition_Type.MaximumLength"></field><field name="composer_ss">Peter Green</field><field name="hasPerformer_ss.MaximumLength"></field></doc><doc><field name="name">Sorrow</field><field name="id">http://www.semanticweb.org/tedsullivan/ontologies/2015/5/music-10#Sorrow</field><field name="performers.MaximumLength"></field><field name="hasPerformer_ss">Pink Floyd</field><field name="performers.Length">13</field><field name="Composition_Type.Length">4</field><field name="hasPerformer_ss.Length">10</field><field name="verb_ss">composed</field><field name="verb_ss">written</field><field name="verb_ss">authored</field><field name="verb_ss">wrote</field><field name="path">/Song/Sorrow</field><field name="Composition_Type">Song</field><field name="verb_ss.Length">5</field><field name="verb_ss.MaximumLength"></field><field name="Composition_Type.MaximumLength"></field><field name="hasPerformer_ss.MaximumLength"></field></doc><doc><field name="name">Black Country Woman</field><field name="id">http://www.semanticweb.org/tedsullivan/ontologies/2015/5/music-10#Black_Country_Woman</field><field name="composer_ss.Length">12</field><field name="Composition_Type.Length">4</field><field name="composer_ss.MaximumLength"></field><field name="verb_ss">composed</field><field name="verb_ss">written</field><field name="verb_ss">authored</field><field name="verb_ss">wrote</field><field name="path">/Song/Black Country Woman</field><field name="Composition_Type">Song</field><field name="genres_ss">Rock</field><field name="verb_ss.Length">5</field><field name="verb_ss.MaximumLength"></field><field name="Composition_Type.MaximumLength"></field><field name="composer_ss">Jimmy Page</field><field name="composer_ss">Robert Plant</field><field name="composer.Count">4</field></doc><doc><field name="name">Supper Time</field><field name="id">http://www.semanticweb.org/tedsullivan/ontologies/2015/5/music-10#Supper_Time</field><field name="composer_ss.Length">13</field><field name="hasPerformer_ss">Carmen McRae</field><field name="Composition_Type.Length">4</field><field name="composer_ss.MaximumLength"></field><field name="hasPerformer_ss.Length">12</field><field name="verb_ss">composed</field><field name="verb_ss">written</field><field name="verb_ss">authored</field><field name="verb_ss">wrote</field><field name="path">/Song/Supper Time</field><field name="Composition_Type">Song</field><field name="verb_ss.Length">5</field><field name="verb_ss.MaximumLength"></field><field name="Composition_Type.MaximumLength"></field><field name="composer_ss">Irving Berlin</field><field name="hasPerformer_ss.MaximumLength"></field></doc><doc><field name="name">Bring It On Home</field><field name="id">http://www.semanticweb.org/tedsullivan/ontologies/2015/5/music-10#Bring_It_On_Home</field><field name="composer_ss.Length">12</field><field name="Composition_Type.Length">4</field><field name="composer_ss.MaximumLength"></field><field name="verb_ss">composed</field><field name="verb_ss">written</field><field name="verb_ss">authored</field><field name="verb_ss">wrote</field><field name="path">/Song/Bring It On Home</field><field name="Composition_Type">Song</field><field name="genres_ss">Blues</field><field name="verb_ss.Length">5</field><field name="verb_ss.MaximumLength"></field><field name="Composition_Type.MaximumLength"></field><field name="composer_ss">Willie Dixon</field></doc><doc><field name="name">Kathy's Song</field><field name="id">http://www.semanticweb.org/tedsullivan/ontologies/2015/5/music-10#Kathys_Song</field><field name="related_entity1_ss">Simon and Garfunkel</field><field name="composer_ss.MaximumLength"></field><field name="path">/Song/Kathy's Song</field><field name="Composition_Type">Song</field><field name="composer_ss">Paul Simon</field><field name="original_performer.Length">19</field><field name="original_performer">Simon and Garfunkel</field><field name="composer_ss.Length">10</field><field name="Composition_Type.Length">4</field><field name="original_performer.MaximumLength"></field><field name="verb_ss">composed</field><field name="verb_ss">written</field><field name="verb_ss">authored</field><field name="verb_ss">wrote</field><field name="genres_ss">Rock</field><field name="genres_ss">Soft Rock</field><field name="verb_ss.Length">5</field><field name="verb_ss.MaximumLength"></field><field name="Composition_Type.MaximumLength"></field></doc><doc><field name="name">Emily's Song</field><field name="id">http://www.semanticweb.org/tedsullivan/ontologies/2015/5/music-10#Emilys_Song</field><field name="related_entity1_ss">Moody Blues</field><field name="composer_ss.MaximumLength"></field><field name="path">/Song/Emily's Song</field><field name="Composition_Type">Song</field><field name="composer_ss">John Lodge</field><field name="original_performer.Length">11</field><field name="original_performer">Moody Blues</field><field name="composer_ss.Length">10</field><field name="Composition_Type.Length">4</field><field name="original_performer.MaximumLength"></field><field name="verb_ss">composed</field><field name="verb_ss">written</field><field name="verb_ss">authored</field><field name="verb_ss">wrote</field><field name="genres_ss">Rock</field><field name="genres_ss">Progressive Rock</field><field name="verb_ss.Length">5</field><field name="verb_ss.MaximumLength"></field><field name="Composition_Type.MaximumLength"></field></doc><doc><field name="name">Devil In Disguise</field><field name="id">http://www.semanticweb.org/tedsullivan/ontologies/2015/5/music-10#Devil_In_Disguise</field><field name="Composition_Type.Length">4</field><field name="verb_ss">composed</field><field name="verb_ss">written</field><field name="verb_ss">authored</field><field name="verb_ss">wrote</field><field name="path">/Song/Devil In Disguise</field><field name="Composition_Type">Song</field><field name="verb_ss.Length">5</field><field name="verb_ss.MaximumLength"></field><field name="Composition_Type.MaximumLength"></field></doc><doc><field name="name">I Know There's An Answer</field><field name="id">http://www.semanticweb.org/tedsullivan/ontologies/2015/5/music-10#I_Know_Theres_An_Answer_-_Song</field><field name="related_entity1_ss">Beach Boys</field><field name="composer_ss.MaximumLength"></field><field name="path">/Song/I Know There's An Answer</field><field name="Composition_Type">Song</field><field name="composer_ss">Brian Wilson</field><field name="composer_ss">Mike Love</field><field name="composer_ss">Terry Sachen</field><field name="original_performer.Length">10</field><field name="original_performer">Beach Boys</field><field name="composer_ss.Length">12</field><field name="Composition_Type.Length">4</field><field name="original_performer.MaximumLength"></field><field name="verb_ss">composed</field><field name="verb_ss">written</field><field name="verb_ss">authored</field><field name="verb_ss">wrote</field><field name="verb_ss.Length">5</field><field name="verb_ss.MaximumLength"></field><field name="Composition_Type.MaximumLength"></field><field name="composer.Count">6</field></doc><doc><field name="name">I Want You (She's So Heavy)</field><field name="id">http://www.semanticweb.org/tedsullivan/ontologies/2015/5/music-10#I_Want_You_Shes_So_Heavy</field><field name="related_entity1_ss">Beatles</field><field name="composer_ss.MaximumLength"></field><field name="path">/Song/I Want You (She's So Heavy)</field><field name="Composition_Type">Song</field><field name="composer_ss">John Lennon</field><field name="composer_ss">Paul McCartney</field><field name="original_performer.Length">7</field><field name="original_performer">Beatles</field><field name="composer_ss.Length">14</field><field name="Composition_Type.Length">4</field><field name="original_performer.MaximumLength"></field><field name="verb_ss">composed</field><field name="verb_ss">written</field><field name="verb_ss">authored</field><field name="verb_ss">wrote</field><field name="verb_ss.Length">5</field><field name="verb_ss.MaximumLength"></field><field name="Composition_Type.MaximumLength"></field><field name="composer.Count">4</field></doc><doc><field name="name">Flaming</field><field name="id">http://www.semanticweb.org/tedsullivan/ontologies/2015/5/music-10#Flaming</field><field name="related_entity1_ss">Pink Floyd</field><field name="composer_ss.MaximumLength"></field><field name="path">/Song/Flaming</field><field name="Composition_Type">Song</field><field name="composer_ss">Syd Barrett</field><field name="original_performer.Length">10</field><field name="original_performer">Pink Floyd</field><field name="composer_ss.Length">11</field><field name="Composition_Type.Length">4</field><field name="original_performer.MaximumLength"></field><field name="verb_ss">composed</field><field name="verb_ss">written</field><field name="verb_ss">authored</field><field name="verb_ss">wrote</field><field name="genres_ss">Popular</field><field name="genres_ss">Psychedelic Pop</field><field name="verb_ss.Length">5</field><field name="verb_ss.MaximumLength"></field><field name="Composition_Type.MaximumLength"></field></doc><doc><field name="name">Down In The Bottom</field><field name="id">http://www.semanticweb.org/tedsullivan/ontologies/2015/5/music-10#Down_In_The_Bottom</field><field name="composer_ss.Length">12</field><field name="Composition_Type.Length">4</field><field name="composer_ss.MaximumLength"></field><field name="verb_ss">composed</field><field name="verb_ss">written</field><field name="verb_ss">authored</field><field name="verb_ss">wrote</field><field name="path">/Song/Down In The Bottom</field><field name="Composition_Type">Song</field><field name="verb_ss.Length">5</field><field name="verb_ss.MaximumLength"></field><field name="Composition_Type.MaximumLength"></field><field name="composer_ss">Willie Dixon</field></doc><doc><field name="name">Tombstone Blues</field><field name="id">http://www.semanticweb.org/tedsullivan/ontologies/2015/5/music-10#Tombstone_Blues</field><field name="composer_ss.Length">9</field><field name="Composition_Type.Length">4</field><field name="composer_ss.MaximumLength"></field><field name="verb_ss">composed</field><field name="verb_ss">written</field><field name="verb_ss">authored</field><field name="verb_ss">wrote</field><field name="path">/Song/Tombstone Blues</field><field name="Composition_Type">Song</field><field name="verb_ss.Length">5</field><field name="verb_ss.MaximumLength"></field><field name="Composition_Type.MaximumLength"></field><field name="composer_ss">Bob Dylan</field></doc><doc><field name="name">Get Up, Stand Up</field><field name="id">http://www.semanticweb.org/tedsullivan/ontologies/2015/5/music-10#Get_Up_Stand_Up</field><field name="related_entity1_ss">Bob Marley and the Wailers</field><field name="composer_ss.MaximumLength"></field><field name="path">/Song/Get Up, Stand Up</field><field name="Composition_Type">Song</field><field name="composer_ss">Bob Marley</field><field name="composer_ss">Peter Tosh</field><field name="original_performer.Length">26</field><field name="original_performer">Bob Marley and the Wailers</field><field name="composer_ss.Length">10</field><field name="Composition_Type.Length">4</field><field name="original_performer.MaximumLength"></field><field name="verb_ss">composed</field><field name="verb_ss">written</field><field name="verb_ss">authored</field><field name="verb_ss">wrote</field><field name="verb_ss.Length">5</field><field name="verb_ss.MaximumLength"></field><field name="Composition_Type.MaximumLength"></field><field name="composer.Count">4</field></doc><doc><field name="name">Tiffany Queen</field><field name="id">http://www.semanticweb.org/tedsullivan/ontologies/2015/5/music-10#Tiffany_Queen</field><field name="performers.MaximumLength"></field><field name="hasPerformer_ss">The Byrds</field><field name="performers.Length">14</field><field name="Composition_Type.Length">4</field><field name="hasPerformer_ss.Length">9</field><field name="verb_ss">composed</field><field name="verb_ss">written</field><field name="verb_ss">authored</field><field name="verb_ss">wrote</field><field name="path">/Song/Tiffany Queen</field><field name="Composition_Type">Song</field><field name="verb_ss.Length">5</field><field name="verb_ss.MaximumLength"></field><field name="Composition_Type.MaximumLength"></field><field name="hasPerformer_ss.MaximumLength"></field></doc><doc><field name="name">Yummy Yummy Yummy</field><field name="id">http://www.semanticweb.org/tedsullivan/ontologies/2015/5/music-10#Yummy_Yummy_Yummy</field><field name="composer_ss.Length">11</field><field name="Composition_Type.Length">4</field><field name="composer_ss.MaximumLength"></field><field name="verb_ss">composed</field><field name="verb_ss">written</field><field name="verb_ss">authored</field><field name="verb_ss">wrote</field><field name="path">/Song/Yummy Yummy Yummy</field><field name="Composition_Type">Song</field><field name="genres_ss">Popular</field><field name="genres_ss">Bubblegum Pop</field><field name="verb_ss.Length">5</field><field name="verb_ss.MaximumLength"></field><field name="Composition_Type.MaximumLength"></field><field name="composer_ss">Arthur Resnick</field><field name="composer_ss">Joey Levine</field><field name="composer.Count">4</field></doc><doc><field name="name">Travelin' Band</field><field name="id">http://www.semanticweb.org/tedsullivan/ontologies/2015/5/music-10#Travelin_Band</field><field name="related_entity1_ss">Creedence Clearwater Revival</field><field name="hasPerformer_ss">Creedence Clearwater Revival</field><field name="performers.Length">13</field><field name="composer_ss.MaximumLength"></field><field name="hasPerformer_ss.Length">28</field><field name="path">/Song/Travelin' Band</field><field name="Composition_Type">Song</field><field name="composer_ss">John Fogerty</field><field name="original_performer.Length">28</field><field name="original_performer">Creedence Clearwater Revival</field><field name="composer_ss.Length">12</field><field name="performers.MaximumLength"></field><field name="Composition_Type.Length">4</field><field name="original_performer.MaximumLength"></field><field name="verb_ss">composed</field><field name="verb_ss">written</field><field name="verb_ss">authored</field><field name="verb_ss">wrote</field><field name="verb_ss.Length">5</field><field name="verb_ss.MaximumLength"></field><field name="Composition_Type.MaximumLength"></field><field name="hasPerformer_ss.MaximumLength"></field></doc><doc><field name="name">Rosetta</field><field name="id">http://www.semanticweb.org/tedsullivan/ontologies/2015/5/music-10#Rosetta</field><field name="Composition_Type.Length">4</field><field name="verb_ss">composed</field><field name="verb_ss">written</field><field name="verb_ss">authored</field><field name="verb_ss">wrote</field><field name="path">/Song/Rosetta</field><field name="Composition_Type">Song</field><field name="verb_ss.Length">5</field><field name="verb_ss.MaximumLength"></field><field name="Composition_Type.MaximumLength"></field></doc><doc><field name="name">Twilight Time</field><field name="id">http://www.semanticweb.org/tedsullivan/ontologies/2015/5/music-10#Twilight_Time_moody_blues</field><field name="related_entity1_ss">Moody Blues</field><field name="composer_ss.MaximumLength"></field><field name="path">/Song/Twilight Time</field><field name="Composition_Type">Song</field><field name="composer_ss">Ray Thomas</field><field name="original_performer.Length">11</field><field name="original_performer">Moody Blues</field><field name="composer_ss.Length">10</field><field name="Composition_Type.Length">4</field><field name="original_performer.MaximumLength"></field><field name="verb_ss">composed</field><field name="verb_ss">written</field><field name="verb_ss">authored</field><field name="verb_ss">wrote</field><field name="genres_ss">Rock</field><field name="genres_ss">Symphonic Rock</field><field name="verb_ss.Length">5</field><field name="verb_ss.MaximumLength"></field><field name="Composition_Type.MaximumLength"></field></doc><doc><field name="name">Midnight Creeper</field><field name="id">http://www.semanticweb.org/tedsullivan/ontologies/2015/5/music-10#Midnight_Creeper</field><field name="related_entity1_ss">Elton John</field><field name="composer_ss.MaximumLength"></field><field name="path">/Song/Midnight Creeper</field><field name="lyricist_ss.Length">13</field><field name="Composition_Type">Song</field><field name="lyricist_ss">Bernie Taupin</field><field name="composer_ss">Elton John</field><field name="original_performer.Length">10</field><field name="original_performer">Elton John</field><field name="composer_ss.Length">10</field><field name="Composition_Type.Length">4</field><field name="original_performer.MaximumLength"></field><field name="lyricist_ss.MaximumLength"></field><field name="verb_ss">composed</field><field name="verb_ss">written</field><field name="verb_ss">authored</field><field name="verb_ss">wrote</field><field name="verb_ss.Length">5</field><field name="verb_ss.MaximumLength"></field><field name="Composition_Type.MaximumLength"></field></doc><doc><field name="name">Mona Lisas and Mad Hatters</field><field name="id">http://www.semanticweb.org/tedsullivan/ontologies/2015/5/music-10#Mona_Lisas_and_Mad_Hatters</field><field name="related_entity1_ss">Elton John</field><field name="composer_ss.MaximumLength"></field><field name="path">/Song/Mona Lisas and Mad Hatters</field><field name="lyricist_ss.Length">13</field><field name="Composition_Type">Song</field><field name="lyricist_ss">Bernie Maupin</field><field name="composer_ss">Elton John</field><field name="original_performer.Length">10</field><field name="original_performer">Elton John</field><field name="composer_ss.Length">10</field><field name="Composition_Type.Length">4</field><field name="original_performer.MaximumLength"></field><field name="lyricist_ss.MaximumLength"></field><field name="verb_ss">composed</field><field name="verb_ss">written</field><field name="verb_ss">authored</field><field name="verb_ss">wrote</field><field name="verb_ss.Length">5</field><field name="verb_ss.MaximumLength"></field><field name="Composition_Type.MaximumLength"></field></doc><doc><field name="name">Ballad Of A Thin Man</field><field name="id">http://www.semanticweb.org/tedsullivan/ontologies/2015/5/music-10#Ballad_of_a_Thin_Man</field><field name="related_entity1_ss">Bob Dylan</field><field name="composer_ss.MaximumLength"></field><field name="path">/Song/Ballad Of A Thin Man</field><field name="Composition_Type">Song</field><field name="composer_ss">Bob Dylan</field><field name="original_performer.Length">9</field><field name="original_performer">Bob Dylan</field><field name="composer_ss.Length">9</field><field name="Composition_Type.Length">4</field><field name="original_performer.MaximumLength"></field><field name="verb_ss">composed</field><field name="verb_ss">written</field><field name="verb_ss">authored</field><field name="verb_ss">wrote</field><field name="genres_ss">Folk</field><field name="genres_ss">Folk Rock</field><field name="genres_ss">Rock</field><field name="verb_ss.Length">5</field><field name="verb_ss.MaximumLength"></field><field name="Composition_Type.MaximumLength"></field></doc><doc><field name="name">Spaceman</field><field name="id">http://www.semanticweb.org/tedsullivan/ontologies/2015/5/music-10#Spaceman</field><field name="related_entity1_ss">Harry Nilsson</field><field name="composer_ss.MaximumLength"></field><field name="path">/Song/Spaceman</field><field name="Composition_Type">Song</field><field name="composer_ss">Harry Nilsson</field><field name="original_performer.Length">13</field><field name="original_performer">Harry Nilsson</field><field name="composer_ss.Length">13</field><field name="Composition_Type.Length">4</field><field name="original_performer.MaximumLength"></field><field name="verb_ss">composed</field><field name="verb_ss">written</field><field name="verb_ss">authored</field><field name="verb_ss">wrote</field><field name="genres_ss">Popular</field><field name="genres_ss">Pop Rock</field><field name="genres_ss">Rock</field><field name="verb_ss.Length">5</field><field name="verb_ss.MaximumLength"></field><field name="Composition_Type.MaximumLength"></field></doc><doc><field name="name">Full Circle</field><field name="id">http://www.semanticweb.org/tedsullivan/ontologies/2015/5/music-10#Full_Circle</field><field name="composer_ss.Length">10</field><field name="related_entity1_ss">The Byrds</field><field name="Composition_Type.Length">4</field><field name="composer_ss.MaximumLength"></field><field name="original_performer.MaximumLength"></field><field name="verb_ss">composed</field><field name="verb_ss">written</field><field name="verb_ss">authored</field><field name="verb_ss">wrote</field><field name="path">/Song/Full Circle</field><field name="Composition_Type">Song</field><field name="verb_ss.Length">5</field><field name="verb_ss.MaximumLength"></field><field name="Composition_Type.MaximumLength"></field><field name="composer_ss">Gene Clark</field><field name="original_performer.Length">9</field><field name="original_performer">The Byrds</field></doc><doc><field name="name">All Of Me</field><field name="id">http://www.semanticweb.org/tedsullivan/ontologies/2015/5/music-10#All_of_Me</field><field name="composer_ss.Length">8</field><field name="Composition_Type.Length">4</field><field name="composer_ss.MaximumLength"></field><field name="verb_ss">composed</field><field name="verb_ss">written</field><field name="verb_ss">authored</field><field name="verb_ss">wrote</field><field name="path">/Song/All Of Me</field><field name="Composition_Type">Song</field><field name="verb_ss.Length">5</field><field name="verb_ss.MaximumLength"></field><field name="Composition_Type.MaximumLength"></field><field name="composer_ss">John Legend</field><field name="composer_ss">Toby Gad</field><field name="composer.Count">4</field></doc><doc><field name="name">Baba O'Reilly</field><field name="id">http://www.semanticweb.org/tedsullivan/ontologies/2015/5/music-10#Baba_OReilly</field><field name="related_entity1_ss">The Who</field><field name="composer_ss.MaximumLength"></field><field name="path">/Song/Baba O'Reilly</field><field name="Composition_Type">Song</field><field name="composer_ss">Pete Townshend</field><field name="original_performer.Length">7</field><field name="original_performer">The Who</field><field name="composer_ss.Length">14</field><field name="Composition_Type.Length">4</field><field name="original_performer.MaximumLength"></field><field name="verb_ss">composed</field><field name="verb_ss">written</field><field name="verb_ss">authored</field><field name="verb_ss">wrote</field><field name="genres_ss">Rock</field><field name="verb_ss.Length">5</field><field name="verb_ss.MaximumLength"></field><field name="Composition_Type.MaximumLength"></field></doc><doc><field name="name">Groovin' High</field><field name="id">http://www.semanticweb.org/tedsullivan/ontologies/2015/5/music-10#Groovin_High</field><field name="composer_ss.Length">15</field><field name="related_entity1_ss">Dizzy Gillespie</field><field name="related_entity1_ss">Charlie Parker</field><field name="Composition_Type.Length">4</field><field name="composer_ss.MaximumLength"></field><field name="verb_ss">composed</field><field name="verb_ss">written</field><field name="verb_ss">authored</field><field name="verb_ss">wrote</field><field name="original_performer.Count">2</field><field name="path">/Song/Groovin' High</field><field name="Composition_Type">Song</field><field name="verb_ss.Length">5</field><field name="verb_ss.MaximumLength"></field><field name="Composition_Type.MaximumLength"></field><field name="composer_ss">Dizzy Gillespie</field><field name="hasPerformer_ss">Charlie Parker</field><field name="hasPerformer_ss">Dizzy Gillespie</field></doc><doc><field name="name">Dire Wolf</field><field name="id">http://www.semanticweb.org/tedsullivan/ontologies/2015/5/music-10#Dire_Wolf</field><field name="related_entity1_ss">Grateful Dead</field><field name="composer_ss.MaximumLength"></field><field name="path">/Song/Dire Wolf</field><field name="lyricist_ss.Length">13</field><field name="Composition_Type">Song</field><field name="lyricist_ss">Robert Hunter</field><field name="composer_ss">Jerry Garcia</field><field name="original_performer.Length">13</field><field name="original_performer">Grateful Dead</field><field name="composer_ss.Length">12</field><field name="Composition_Type.Length">4</field><field name="original_performer.MaximumLength"></field><field name="lyricist_ss.MaximumLength"></field><field name="verb_ss">composed</field><field name="verb_ss">written</field><field name="verb_ss">authored</field><field name="verb_ss">wrote</field><field name="genres_ss">Folk</field><field name="genres_ss">Folk Rock</field><field name="genres_ss">Rock</field><field name="verb_ss.Length">5</field><field name="verb_ss.MaximumLength"></field><field name="Composition_Type.MaximumLength"></field></doc></add>
