<add><doc><field name="name">Out of Our Heads</field><field name="id">http://www.semanticweb.org/tedsullivan/ontologies/2015/5/music-10#Out_of_Our_Heads</field><field name="hasTracks_ss.MaximumLength"></field><field name="performers.MaximumLength"></field><field name="hasPerformer_ss">Rolling Stones</field><field name="performers.Length">13</field><field name="Recording_Type.Length">12</field><field name="hasPerformer_ss.Length">14</field><field name="hasTracks_ss">The Last Time</field><field name="hasTracks_ss">(I Can't Get No) Satisfaction</field><field name="path">/Recording/Album/Studio Album/Out of Our Heads</field><field name="hasPerformer_ss.MaximumLength"></field><field name="Recording_Type">Album</field><field name="Recording_Type">Studio Album</field><field name="Recording_Type.MaximumLength"></field><field name="hasTracks_ss.Length">29</field></doc><doc><field name="name">Captain Fantastic and the Brown Dirt Cowboy</field><field name="id">http://www.semanticweb.org/tedsullivan/ontologies/2015/5/music-10#Captain_Fantastic_and_the_Brown_Dirt_Cowboy</field><field name="hasPerformer_ss">Elton John</field><field name="Recording_Type.Length">12</field><field name="hasPerformer_ss.Length">10</field><field name="path">/Recording/Album/Studio Album/Captain Fantastic and the Brown Dirt Cowboy</field><field name="hasPerformer_ss.MaximumLength"></field><field name="Recording_Type">Album</field><field name="Recording_Type">Studio Album</field><field name="Recording_Type.MaximumLength"></field></doc><doc><field name="name">Victim of Love</field><field name="id">http://www.semanticweb.org/tedsullivan/ontologies/2015/5/music-10#Victim_of_Love</field><field name="hasPerformer_ss">Elton John</field><field name="Recording_Type.Length">12</field><field name="hasPerformer_ss.Length">10</field><field name="path">/Recording/Album/Studio Album/Victim of Love</field><field name="hasPerformer_ss.MaximumLength"></field><field name="Recording_Type">Album</field><field name="Recording_Type">Studio Album</field><field name="Recording_Type.MaximumLength"></field></doc><doc><field name="name">Who's Next</field><field name="id">http://www.semanticweb.org/tedsullivan/ontologies/2015/5/music-10#Whos_Next</field><field name="hasTracks_ss.MaximumLength"></field><field name="performers.MaximumLength"></field><field name="hasPerformer_ss">The Who</field><field name="performers.Length">10</field><field name="Recording_Type.Length">12</field><field name="hasPerformer_ss.Length">7</field><field name="hasTracks_ss">We Won't Get Fooled Again</field><field name="hasTracks_ss">Love Ain't For Keepin,'</field><field name="hasTracks_ss">Goin' Mobile</field><field name="hasTracks_ss">Baba O'Reilly</field><field name="hasTracks_ss">Bargain</field><field name="hasTracks_ss">The Song Is Over</field><field name="hasTracks_ss">Gettin' In Tune</field><field name="hasTracks_ss">Won't Get Fooled Again</field><field name="hasTracks_ss">My Wife</field><field name="hasTracks_ss">Behind Blue Eyes</field><field name="path">/Recording/Album/Studio Album/Who's Next</field><field name="hasPerformer_ss.MaximumLength"></field><field name="Recording_Type">Album</field><field name="Recording_Type">Studio Album</field><field name="Recording_Type.MaximumLength"></field><field name="hasTracks_ss.Length">16</field></doc><doc><field name="name">Hard Rain</field><field name="id">http://www.semanticweb.org/tedsullivan/ontologies/2015/5/music-10#Hard_Rain</field><field name="hasPerformer_ss">Bob Dylan</field><field name="Recording_Type.Length">12</field><field name="hasPerformer_ss.Length">9</field><field name="path">/Recording/Album/Studio Album/Hard Rain</field><field name="hasPerformer_ss.MaximumLength"></field><field name="Recording_Type">Album</field><field name="Recording_Type">Studio Album</field><field name="Recording_Type.MaximumLength"></field></doc><doc><field name="name">Déjà vu</field><field name="id">http://www.semanticweb.org/tedsullivan/ontologies/2015/5/music-10#Déjà_vu</field><field name="hasTracks_ss.MaximumLength"></field><field name="performers.MaximumLength"></field><field name="hasPerformer_ss">Crosby, Stills, Nash &amp; Young</field><field name="performers.Length">12</field><field name="Recording_Type.Length">12</field><field name="hasPerformer_ss.Length">28</field><field name="hasTracks_ss">Country Girl</field><field name="hasTracks_ss">4 + 20</field><field name="hasTracks_ss">Everybody I Love You</field><field name="path">/Recording/Album/Studio Album/Déjà vu</field><field name="hasPerformer_ss.MaximumLength"></field><field name="Recording_Type">Album</field><field name="Recording_Type">Studio Album</field><field name="Recording_Type.MaximumLength"></field><field name="hasTracks_ss.Length">20</field></doc><doc><field name="name">The Dark Side Of The Moon</field><field name="id">http://www.semanticweb.org/tedsullivan/ontologies/2015/5/music-10#Dark_Side_Of_The_Moon</field><field name="hasTracks_ss.MaximumLength"></field><field name="performers.MaximumLength"></field><field name="hasPerformer_ss">Pink Floyd</field><field name="performers.Length">13</field><field name="Recording_Type.Length">12</field><field name="hasPerformer_ss.Length">10</field><field name="hasTracks_ss">Us and Them</field><field name="path">/Recording/Album/Studio Album/The Dark Side Of The Moon</field><field name="hasPerformer_ss.MaximumLength"></field><field name="Recording_Type">Album</field><field name="Recording_Type">Studio Album</field><field name="Recording_Type.MaximumLength"></field><field name="hasTracks_ss.Length">11</field></doc><doc><field name="name">Relaxin' with the Miles Davis Quintet</field><field name="id">http://www.semanticweb.org/tedsullivan/ontologies/2015/5/music-10#Relaxin_with_the_Miles_Davis_Quintet</field><field name="hasPerformer_ss">Miles Davis</field><field name="Recording_Type.Length">12</field><field name="hasPerformer_ss.Length">11</field><field name="path">/Recording/Album/Studio Album/Relaxin' with the Miles Davis Quintet</field><field name="hasPerformer_ss.MaximumLength"></field><field name="Recording_Type">Album</field><field name="Recording_Type">Studio Album</field><field name="Recording_Type.MaximumLength"></field></doc><doc><field name="name">Paranoid</field><field name="id">http://www.semanticweb.org/tedsullivan/ontologies/2015/5/music-10#Paranoid_-_Album</field><field name="performers.MaximumLength"></field><field name="hasPerformer_ss">Black Sabbath</field><field name="performers.Length">10</field><field name="Recording_Type.Length">12</field><field name="hasPerformer_ss.Length">13</field><field name="path">/Recording/Album/Studio Album/Paranoid</field><field name="hasPerformer_ss.MaximumLength"></field><field name="Recording_Type">Album</field><field name="Recording_Type">Studio Album</field><field name="Recording_Type.MaximumLength"></field></doc><doc><field name="name">All Things Must Pass</field><field name="id">http://www.semanticweb.org/tedsullivan/ontologies/2015/5/music-10#All_Things_Must_Pass_-_Album</field><field name="hasTracks_ss.MaximumLength"></field><field name="hasPerformer_ss">George Harrison</field><field name="hasProducer.Count">4</field><field name="Recording_Type.Length">12</field><field name="hasPerformer_ss.Length">15</field><field name="hasProducer">{"rdf:resource":"http://www.semanticweb.org/tedsullivan/ontologies/2015/5/music-10#George_Harrison"}</field><field name="hasProducer">{"rdf:resource":"http://www.semanticweb.org/tedsullivan/ontologies/2015/5/music-10#Phil_Spector"}</field><field name="hasProducer">{"name":"George Harrison","id":"http://www.semanticweb.org/tedsullivan/ontologies/2015/5/music-10#George_Harrison","related_entity1_ss":["Bob Dylan","Jeff Lynne","Roy Orbison","Tom Petty"],"path":["/Musician/Instrumentalist/Guitarist/George Harrison","/Songwriter/George Harrison"],"rdfs:label":{"text":["George Harrison"]},"related_entity2_ss":["Phil Spector","Beatles","Ringo Starr","Paul McCartney","Eric Clapton","John Lennon","Badfinger","Stuart Sutcliffe","Pete Best"],"Music_Writer_Type":["Composer","Songwriter"],"rdf:type":[{"rdf:resource":"http://www.semanticweb.org/tedsullivan/ontologies/2015/5/music-10#Guitarist"},{"rdf:resource":"http://www.semanticweb.org/tedsullivan/ontologies/2015/5/music-10#Songwriter"}],"ParentKey":["Guitarist|http://www.semanticweb.org/tedsullivan/ontologies/2015/5/music-10#Guitarist|","Songwriter|http://www.semanticweb.org/tedsullivan/ontologies/2015/5/music-10#Songwriter|"],"rdf:about":"http://www.semanticweb.org/tedsullivan/ontologies/2015/5/music-10#George_Harrison","Musician_Type":["Instrumentalist","Guitarist"],"genres_ss":"Rock","memberOfGroup_ss":["Beatles","Traveling Wilburys"]}</field><field name="hasProducer">{"name":"Phil Spector","id":"http://www.semanticweb.org/tedsullivan/ontologies/2015/5/music-10#Phil_Spector","related_entity1_ss":["The Ronettes","Ellie Greenwich","Jeff Barry"],"related_entity2_ss":["Brian Jones","George Harrison","Ray Peterson","Darlene Love","The Treasures","Carole King","Sonny Charles and The Checkmates LTD.","Cynthia Weil","Charlie Watts","Barry Mann","Leroy Bates","Yoko Ono","The Alley Cats","Vince Poncia Jr.","Gil Garfield","Beach Boys","The Righteous Brothers","Bill Wyman","Curtis Lee","Irwin Levine","Gerry Goffin","Marshall Leib","Jerry Leiber","The Paris Sisters","Keith Richards","Toni Wine","Carol Connors","John Lennon","Perry Botkin Jr.","Bob B. Soxx And The Blue Jeans","Mick Jagger","The Modern Folk Quartet","The Crystals","Pete Andreoli","Gene Pitney","Harry Nilsson","Tony Powers"],"Music_Writer_Type":["Composer","Songwriter"],"rdf:type":[{"rdf:resource":"http://www.semanticweb.org/tedsullivan/ontologies/2015/5/music-10#Producer"},{"rdf:resource":"http://www.semanticweb.org/tedsullivan/ontologies/2015/5/music-10#Singer"},{"rdf:resource":"http://www.semanticweb.org/tedsullivan/ontologies/2015/5/music-10#Songwriter"}],"ParentKey":["Record Producer|http://www.semanticweb.org/tedsullivan/ontologies/2015/5/music-10#Producer|","Singer|http://www.semanticweb.org/tedsullivan/ontologies/2015/5/music-10#Singer|","Songwriter|http://www.semanticweb.org/tedsullivan/ontologies/2015/5/music-10#Songwriter|"],"rdf:about":"http://www.semanticweb.org/tedsullivan/ontologies/2015/5/music-10#Phil_Spector","path":["/Record Producer/Phil Spector","/Musician/Singer/Phil Spector","/Songwriter/Phil Spector"],"Musician_Type":"Singer","rdfs:label":{"text":["Phil Spector"]},"memberOfGroup_ss":"The Teddy Bears"}</field><field name="hasTracks_ss">My Sweet Lord</field><field name="hasTracks_ss">All Things Must Pass</field><field name="hasTracks_ss">Beware Of Darkness</field><field name="hasTracks_ss">Apple Scruffs</field><field name="path">/Recording/Album/Studio Album/All Things Must Pass</field><field name="hasPerformer_ss.MaximumLength"></field><field name="Recording_Type">Album</field><field name="Recording_Type">Studio Album</field><field name="Recording_Type.MaximumLength"></field><field name="hasTracks_ss.Length">13</field></doc><doc><field name="name">E.S.P.</field><field name="id">http://www.semanticweb.org/tedsullivan/ontologies/2015/5/music-10#ESP</field><field name="hasPerformer_ss">Miles Davis</field><field name="Recording_Type.Length">12</field><field name="hasPerformer_ss.Length">11</field><field name="path">/Recording/Album/Studio Album/E.S.P.</field><field name="hasPerformer_ss.MaximumLength"></field><field name="Recording_Type">Album</field><field name="Recording_Type">Studio Album</field><field name="Recording_Type.MaximumLength"></field></doc><doc><field name="name">Duets</field><field name="id">http://www.semanticweb.org/tedsullivan/ontologies/2015/5/music-10#Duets</field><field name="hasPerformer_ss">Elton John</field><field name="Recording_Type.Length">12</field><field name="hasPerformer_ss.Length">10</field><field name="path">/Recording/Album/Studio Album/Duets</field><field name="hasPerformer_ss.MaximumLength"></field><field name="Recording_Type">Album</field><field name="Recording_Type">Studio Album</field><field name="Recording_Type.MaximumLength"></field></doc><doc><field name="name">Miles Ahead</field><field name="id">http://www.semanticweb.org/tedsullivan/ontologies/2015/5/music-10#Miles_Ahead</field><field name="hasPerformer_ss">Gil Evans</field><field name="hasPerformer_ss">Miles Davis</field><field name="Recording_Type.Length">12</field><field name="hasPerformer_ss.Length">11</field><field name="hasPerformer.Count">4</field><field name="path">/Recording/Album/Studio Album/Miles Ahead</field><field name="hasPerformer_ss.MaximumLength"></field><field name="Recording_Type">Album</field><field name="Recording_Type">Studio Album</field><field name="Recording_Type.MaximumLength"></field></doc><doc><field name="name">Physical Graffiti</field><field name="id">http://www.semanticweb.org/tedsullivan/ontologies/2015/5/music-10#Physical_Graffiti</field><field name="hasTracks_ss.MaximumLength"></field><field name="performers.MaximumLength"></field><field name="hasPerformer_ss">Led Zeppelin</field><field name="performers.Length">11</field><field name="Recording_Type.Length">12</field><field name="hasPerformer_ss.Length">12</field><field name="hasTracks_ss">Houses Of The Holy</field><field name="hasTracks_ss">The Rover</field><field name="hasTracks_ss">Kashmir</field><field name="hasTracks_ss">In My Time Of Dying</field><field name="hasTracks_ss">Trampled Under Foot</field><field name="hasTracks_ss">Custard Pie</field><field name="path">/Recording/Album/Studio Album/Physical Graffiti</field><field name="genres_ss">Rock</field><field name="genres_ss">Hard Rock</field><field name="hasPerformer_ss.MaximumLength"></field><field name="Recording_Type">Album</field><field name="Recording_Type">Studio Album</field><field name="Recording_Type.MaximumLength"></field><field name="hasTracks_ss.Length">11</field></doc><doc><field name="name">Dig</field><field name="id">http://www.semanticweb.org/tedsullivan/ontologies/2015/5/music-10#Dig</field><field name="hasPerformer_ss">Miles Davis</field><field name="Recording_Type.Length">12</field><field name="hasPerformer_ss.Length">11</field><field name="path">/Recording/Album/Studio Album/Dig</field><field name="hasPerformer_ss.MaximumLength"></field><field name="Recording_Type">Album</field><field name="Recording_Type">Studio Album</field><field name="Recording_Type.MaximumLength"></field></doc><doc><field name="name">Abraxas</field><field name="id">http://www.semanticweb.org/tedsullivan/ontologies/2015/5/music-10#Abraxas</field><field name="hasPerformer_ss">Carlos Santana</field><field name="Recording_Type.Length">12</field><field name="hasPerformer_ss.Length">14</field><field name="path">/Recording/Album/Studio Album/Abraxas</field><field name="hasPerformer_ss.MaximumLength"></field><field name="Recording_Type">Album</field><field name="Recording_Type">Studio Album</field><field name="Recording_Type.MaximumLength"></field></doc><doc><field name="name">Street-Legal</field><field name="id">http://www.semanticweb.org/tedsullivan/ontologies/2015/5/music-10#Street-Legal</field><field name="hasPerformer_ss">Bob Dylan</field><field name="Recording_Type.Length">12</field><field name="hasPerformer_ss.Length">9</field><field name="path">/Recording/Album/Studio Album/Street-Legal</field><field name="hasPerformer_ss.MaximumLength"></field><field name="Recording_Type">Album</field><field name="Recording_Type">Studio Album</field><field name="Recording_Type.MaximumLength"></field></doc><doc><field name="name">In-A-Gadda-Da-Vida (Album)</field><field name="id">http://www.semanticweb.org/tedsullivan/ontologies/2015/5/music-10#In-A-Gadda-Da-Vida_-_Album</field><field name="hasTracks_ss.MaximumLength"></field><field name="performers.MaximumLength"></field><field name="hasPerformer_ss">Iron Butterfly</field><field name="performers.Length">10</field><field name="Recording_Type.Length">12</field><field name="hasPerformer_ss.Length">14</field><field name="hasTracks_ss">Flowers And Beads</field><field name="path">/Recording/Album/Studio Album/In-A-Gadda-Da-Vida (Album)</field><field name="hasPerformer_ss.MaximumLength"></field><field name="Recording_Type">Album</field><field name="Recording_Type">Studio Album</field><field name="Recording_Type.MaximumLength"></field><field name="hasTracks_ss.Length">17</field></doc><doc><field name="name">News Of The World</field><field name="id">http://www.semanticweb.org/tedsullivan/ontologies/2015/5/music-10#News_Of_The_World</field><field name="hasTracks_ss.MaximumLength"></field><field name="performers.MaximumLength"></field><field name="hasPerformer_ss">Queen</field><field name="performers.Length">9</field><field name="Recording_Type.Length">12</field><field name="hasPerformer_ss.Length">5</field><field name="hasTracks_ss">We Are The Champions</field><field name="path">/Recording/Album/Studio Album/News Of The World</field><field name="hasPerformer_ss.MaximumLength"></field><field name="Recording_Type">Album</field><field name="Recording_Type">Studio Album</field><field name="Recording_Type.MaximumLength"></field><field name="hasTracks_ss.Length">20</field></doc><doc><field name="name">L.A. Woman</field><field name="id">http://www.semanticweb.org/tedsullivan/ontologies/2015/5/music-10#L.A._Woman</field><field name="related_entity1_ss">Doors</field><field name="Recording_Type.Length">12</field><field name="composer_ss.MaximumLength"></field><field name="path">/Recording/Album/Studio Album/L.A. Woman</field><field name="composer_ss">Jim Morrison</field><field name="composer_ss">John Densmore</field><field name="composer_ss">Ray Manzarek</field><field name="composer_ss">Robby Krieger</field><field name="original_performer.Length">5</field><field name="hasTracks_ss.Length">19</field><field name="original_performer">Doors</field><field name="hasTracks_ss.MaximumLength"></field><field name="composer_ss.Length">13</field><field name="original_performer.MaximumLength"></field><field name="hasTracks_ss">Riders On The Storm</field><field name="composer.Count">8</field><field name="Recording_Type">Album</field><field name="Recording_Type">Studio Album</field><field name="Recording_Type.MaximumLength"></field></doc><doc><field name="name">Something New</field><field name="id">http://www.semanticweb.org/tedsullivan/ontologies/2015/5/music-10#Something_New</field><field name="performers.MaximumLength"></field><field name="hasPerformer_ss">Beatles</field><field name="performers.Length">11</field><field name="Recording_Type.Length">12</field><field name="hasPerformer_ss.Length">7</field><field name="path">/Recording/Album/Studio Album/Something New</field><field name="hasPerformer_ss.MaximumLength"></field><field name="Recording_Type">Album</field><field name="Recording_Type">Studio Album</field><field name="Recording_Type.MaximumLength"></field></doc><doc><field name="name">Long Distance Voyager</field><field name="id">http://www.semanticweb.org/tedsullivan/ontologies/2015/5/music-10#Long_Distance_Voyager</field><field name="performers.MaximumLength"></field><field name="hasPerformer_ss">Moody Blues</field><field name="performers.Length">13</field><field name="Recording_Type.Length">12</field><field name="hasPerformer_ss.Length">11</field><field name="path">/Recording/Album/Studio Album/Long Distance Voyager</field><field name="genres_ss">Rock</field><field name="genres_ss">Progressive Rock</field><field name="hasPerformer_ss.MaximumLength"></field><field name="Recording_Type">Album</field><field name="Recording_Type">Studio Album</field><field name="Recording_Type.MaximumLength"></field></doc><doc><field name="name">Meddle</field><field name="id">http://www.semanticweb.org/tedsullivan/ontologies/2015/5/music-10#Meddle</field><field name="performers.MaximumLength"></field><field name="hasPerformer_ss">Pink Floyd</field><field name="performers.Length">13</field><field name="Recording_Type.Length">12</field><field name="hasPerformer_ss.Length">10</field><field name="path">/Recording/Album/Studio Album/Meddle</field><field name="hasPerformer_ss.MaximumLength"></field><field name="Recording_Type">Album</field><field name="Recording_Type">Studio Album</field><field name="Recording_Type.MaximumLength"></field></doc><doc><field name="name">Damn Right, I've Got The Blues</field><field name="id">http://www.semanticweb.org/tedsullivan/ontologies/2015/5/music-10#Damn_Right_Ive_Got_The_Blues_-_Album</field><field name="related_entity1_ss">Buddy Guy</field><field name="Recording_Type.Length">12</field><field name="composer_ss.MaximumLength"></field><field name="path">/Recording/Album/Studio Album/Damn Right, I've Got The Blues</field><field name="composer_ss">Buddy Guy</field><field name="original_performer.Length">9</field><field name="hasTracks_ss.Length">13</field><field name="original_performer">Buddy Guy</field><field name="hasTracks_ss.MaximumLength"></field><field name="composer_ss.Length">9</field><field name="original_performer.MaximumLength"></field><field name="hasTracks_ss">Damn Right, I've Got The Blues</field><field name="hasTracks_ss">Where Is The Next One Coming From?</field><field name="hasTracks_ss">Mustang Sally</field><field name="genres_ss">Blues</field><field name="Recording_Type">Album</field><field name="Recording_Type">Studio Album</field><field name="Recording_Type.MaximumLength"></field></doc><doc><field name="name">Idlewild South</field><field name="id">http://www.semanticweb.org/tedsullivan/ontologies/2015/5/music-10#Idlewild_South</field><field name="performers.MaximumLength"></field><field name="hasPerformer_ss">Allman Brothers Band</field><field name="performers.Length">12</field><field name="Recording_Type.Length">12</field><field name="hasPerformer_ss.Length">20</field><field name="path">/Recording/Album/Studio Album/Idlewild South</field><field name="hasPerformer_ss.MaximumLength"></field><field name="Recording_Type">Album</field><field name="Recording_Type">Studio Album</field><field name="Recording_Type.MaximumLength"></field></doc><doc><field name="name">To Our Children's Children's Children</field><field name="id">http://www.semanticweb.org/tedsullivan/ontologies/2015/5/music-10#To_Our_Childrens_Childrens_Children</field><field name="performers.MaximumLength"></field><field name="hasPerformer_ss">Moody Blues</field><field name="performers.Length">13</field><field name="Recording_Type.Length">12</field><field name="hasPerformer_ss.Length">11</field><field name="path">/Recording/Album/Studio Album/To Our Children's Children's Children</field><field name="hasPerformer_ss.MaximumLength"></field><field name="Recording_Type">Album</field><field name="Recording_Type">Studio Album</field><field name="Recording_Type.MaximumLength"></field></doc><doc><field name="name">Stripped</field><field name="id">http://www.semanticweb.org/tedsullivan/ontologies/2015/5/music-10#Stripped</field><field name="performers.MaximumLength"></field><field name="hasPerformer_ss">Rolling Stones</field><field name="performers.Length">13</field><field name="Recording_Type.Length">12</field><field name="hasPerformer_ss.Length">14</field><field name="path">/Recording/Album/Studio Album/Stripped</field><field name="hasPerformer_ss.MaximumLength"></field><field name="Recording_Type">Album</field><field name="Recording_Type">Studio Album</field><field name="Recording_Type.MaximumLength"></field></doc><doc><field name="name">The Traveling Wilburys Vol. 1</field><field name="id">http://www.semanticweb.org/tedsullivan/ontologies/2015/5/music-10#The_Traveling_Wilburys_Vol._1</field><field name="hasTracks_ss.MaximumLength"></field><field name="performers.MaximumLength"></field><field name="hasPerformer_ss">Traveling Wilburys</field><field name="performers.Length">12</field><field name="Recording_Type.Length">12</field><field name="hasPerformer_ss.Length">18</field><field name="hasTracks_ss">End Of The Line</field><field name="hasTracks_ss">Heading For The Light</field><field name="hasGenre.Count">4</field><field name="path">/Recording/Album/Studio Album/The Traveling Wilburys Vol. 1</field><field name="genres_ss">Folk</field><field name="genres_ss">Folk Rock</field><field name="genres_ss">Rock</field><field name="genres_ss">Heartland Rock</field><field name="hasPerformer_ss.MaximumLength"></field><field name="Recording_Type">Album</field><field name="Recording_Type">Studio Album</field><field name="Recording_Type.MaximumLength"></field><field name="hasTracks_ss.Length">21</field></doc><doc><field name="name">Don't Look Back</field><field name="id">http://www.semanticweb.org/tedsullivan/ontologies/2015/5/music-10#Dont_Look_Back</field><field name="hasTracks_ss.MaximumLength"></field><field name="hasPerformer_ss">John Lee Hooker</field><field name="Recording_Type.Length">12</field><field name="hasPerformer_ss.Length">15</field><field name="hasProducer">{"rdf:resource":"http://www.semanticweb.org/tedsullivan/ontologies/2015/5/music-10#Van_Morrison"}</field><field name="hasProducer">{"name":"Van Morrison","id":"http://www.semanticweb.org/tedsullivan/ontologies/2015/5/music-10#Van_Morrison","related_entity1_ss":"John Lee Hooker","related_entity2_ss":["Johnny Russell","Cliff Richard","The Chieftains"],"rdf:type":{"rdf:resource":"http://www.semanticweb.org/tedsullivan/ontologies/2015/5/music-10#Singer"},"ParentKey":["Singer|http://www.semanticweb.org/tedsullivan/ontologies/2015/5/music-10#Singer|"],"rdf:about":"http://www.semanticweb.org/tedsullivan/ontologies/2015/5/music-10#Van_Morrison","path":["/Musician/Singer/Van Morrison"],"Musician_Type":"Singer","rdfs:label":{"text":["Van Morrison"]},"genres_ss":"Rock","memberOfGroup_ss":"Them"}</field><field name="hasTracks_ss">Blues Before Sunrise</field><field name="hasTracks_ss">Don't Look Back</field><field name="hasTracks_ss">Ain't No Big Thing</field><field name="hasTracks_ss">Dimples</field><field name="hasTracks_ss">The Healing Game</field><field name="path">/Recording/Album/Studio Album/Don't Look Back</field><field name="hasPerformer_ss.MaximumLength"></field><field name="Recording_Type">Album</field><field name="Recording_Type">Studio Album</field><field name="Recording_Type.MaximumLength"></field><field name="hasTracks_ss.Length">16</field></doc><doc><field name="name">Desperado</field><field name="id">http://www.semanticweb.org/tedsullivan/ontologies/2015/5/music-10#Desperado_-_Album</field><field name="hasTracks_ss.MaximumLength"></field><field name="performers.MaximumLength"></field><field name="hasPerformer_ss">Eagles</field><field name="performers.Length">13</field><field name="Recording_Type.Length">12</field><field name="hasPerformer_ss.Length">6</field><field name="hasProducer">{"rdf:resource":"http://www.semanticweb.org/tedsullivan/ontologies/2015/5/music-10#Glyn_Johns"}</field><field name="hasProducer">{"name":"Glyn Johns","id":"http://www.semanticweb.org/tedsullivan/ontologies/2015/5/music-10#Glyn_Johns","path":["/Record Producer/Glyn Johns"],"related_entity1_ss":["Eagles","Bill Szymczyk"],"rdfs:label":{"text":["Glyn Johns"]},"rdf:type":{"rdf:resource":"http://www.semanticweb.org/tedsullivan/ontologies/2015/5/music-10#Producer"},"ParentKey":["Record Producer|http://www.semanticweb.org/tedsullivan/ontologies/2015/5/music-10#Producer|"],"rdf:about":"http://www.semanticweb.org/tedsullivan/ontologies/2015/5/music-10#Glyn_Johns"}</field><field name="hasTracks_ss">Doolin-Dalton</field><field name="hasTracks_ss">Tequila Sunrise</field><field name="hasTracks_ss">Bitter Creek</field><field name="hasTracks_ss">Certain Kind of Fool</field><field name="hasTracks_ss">Out of Control</field><field name="hasTracks_ss">Saturday Night</field><field name="hasTracks_ss">Outlaw Man</field><field name="hasTracks_ss">Desperado</field><field name="hasTracks_ss">Twenty-One</field><field name="path">/Recording/Album/Studio Album/Desperado</field><field name="hasPerformer_ss.MaximumLength"></field><field name="Recording_Type">Album</field><field name="Recording_Type">Studio Album</field><field name="Recording_Type.MaximumLength"></field><field name="hasTracks_ss.Length">10</field></doc><doc><field name="name">Christmas in the Heart</field><field name="id">http://www.semanticweb.org/tedsullivan/ontologies/2015/5/music-10#Christmas_in_the_Heart</field><field name="hasPerformer_ss">Bob Dylan</field><field name="Recording_Type.Length">12</field><field name="hasPerformer_ss.Length">9</field><field name="path">/Recording/Album/Studio Album/Christmas in the Heart</field><field name="hasPerformer_ss.MaximumLength"></field><field name="Recording_Type">Album</field><field name="Recording_Type">Studio Album</field><field name="Recording_Type.MaximumLength"></field></doc><doc><field name="name">Flash Harry</field><field name="id">http://www.semanticweb.org/tedsullivan/ontologies/2015/5/music-10#Flash_Harry</field><field name="hasTracks_ss.MaximumLength"></field><field name="hasPerformer_ss">Harry Nilsson</field><field name="Recording_Type.Length">12</field><field name="hasPerformer_ss.Length">13</field><field name="hasTracks_ss">Old Dirt Road</field><field name="path">/Recording/Album/Studio Album/Flash Harry</field><field name="hasPerformer_ss.MaximumLength"></field><field name="Recording_Type">Album</field><field name="Recording_Type">Studio Album</field><field name="Recording_Type.MaximumLength"></field><field name="hasTracks_ss.Length">13</field></doc><doc><field name="name">Household Objects</field><field name="id">http://www.semanticweb.org/tedsullivan/ontologies/2015/5/music-10#Household_Objects</field><field name="performers.MaximumLength"></field><field name="hasPerformer_ss">Pink Floyd</field><field name="performers.Length">13</field><field name="Recording_Type.Length">12</field><field name="hasPerformer_ss.Length">10</field><field name="path">/Recording/Album/Studio Album/Household Objects</field><field name="hasPerformer_ss.MaximumLength"></field><field name="Recording_Type">Album</field><field name="Recording_Type">Studio Album</field><field name="Recording_Type.MaximumLength"></field></doc><doc><field name="name">Obscured by Clouds</field><field name="id">http://www.semanticweb.org/tedsullivan/ontologies/2015/5/music-10#Obscured_by_Clouds</field><field name="performers.MaximumLength"></field><field name="hasPerformer_ss">Pink Floyd</field><field name="performers.Length">13</field><field name="Recording_Type.Length">12</field><field name="hasPerformer_ss.Length">10</field><field name="path">/Recording/Album/Studio Album/Obscured by Clouds</field><field name="hasPerformer_ss.MaximumLength"></field><field name="Recording_Type">Album</field><field name="Recording_Type">Studio Album</field><field name="Recording_Type.MaximumLength"></field></doc><doc><field name="name">Sgt. Pepper's Lonely Hearts Club Band</field><field name="id">http://www.semanticweb.org/tedsullivan/ontologies/2015/5/music-10#Sgt._Peppers_Lonely_Hearts_Club_Band_-_Album</field><field name="hasTracks_ss.MaximumLength"></field><field name="performers.MaximumLength"></field><field name="hasPerformer_ss">Beatles</field><field name="performers.Length">11</field><field name="Recording_Type.Length">12</field><field name="hasPerformer_ss.Length">7</field><field name="hasTracks_ss">With A Little Help From My Friends</field><field name="hasTracks_ss">Fixing A Hole</field><field name="hasTracks_ss">A Day In The Life</field><field name="hasTracks_ss">Lucy In The Sky With Diamonds</field><field name="hasTracks_ss">Being For The Benefit Of Mr. Kite!</field><field name="hasTracks_ss">Getting Better</field><field name="hasTracks_ss">Sgt. Pepper's Lonely Hearts Club Band</field><field name="path">/Recording/Album/Studio Album/Sgt. Pepper's Lonely Hearts Club Band</field><field name="hasPerformer_ss.MaximumLength"></field><field name="Recording_Type">Album</field><field name="Recording_Type">Studio Album</field><field name="Recording_Type.MaximumLength"></field><field name="hasTracks_ss.Length">37</field></doc><doc><field name="name">Thriller</field><field name="id">http://www.semanticweb.org/tedsullivan/ontologies/2015/5/music-10#Thriller_-_Album</field><field name="hasTracks_ss.MaximumLength"></field><field name="hasPerformer_ss">Michael Jackson</field><field name="hasProducer.Count">4</field><field name="Recording_Type.Length">12</field><field name="hasPerformer_ss.Length">15</field><field name="hasProducer">{"rdf:resource":"http://www.semanticweb.org/tedsullivan/ontologies/2015/5/music-10#Michael_Jackson"}</field><field name="hasProducer">{"rdf:resource":"http://www.semanticweb.org/tedsullivan/ontologies/2015/5/music-10#Quincy_Jones"}</field><field name="hasProducer">{"name":"Michael Jackson","id":"http://www.semanticweb.org/tedsullivan/ontologies/2015/5/music-10#Michael_Jackson","related_entity1_ss":["Paul McCartney","Quincy Jones"],"related_entity2_ss":["Bobby Day","Eddie Van Halen","Jermaine Jackson","Leon René","The Girl Is Mine"],"Music_Writer_Type":["Composer","Songwriter"],"rdf:type":[{"rdf:resource":"http://www.semanticweb.org/tedsullivan/ontologies/2015/5/music-10#Singer"},{"rdf:resource":"http://www.semanticweb.org/tedsullivan/ontologies/2015/5/music-10#Songwriter"}],"ParentKey":["Singer|http://www.semanticweb.org/tedsullivan/ontologies/2015/5/music-10#Singer|","Songwriter|http://www.semanticweb.org/tedsullivan/ontologies/2015/5/music-10#Songwriter|"],"rdf:about":"http://www.semanticweb.org/tedsullivan/ontologies/2015/5/music-10#Michael_Jackson","path":["/Musician/Singer/Michael Jackson","/Songwriter/Michael Jackson"],"Musician_Type":"Singer","rdfs:label":{"text":["Michael Jackson"]},"memberOfGroup_ss":"Jackson Five"}</field><field name="hasProducer">{"name":"Quincy Jones","id":"http://www.semanticweb.org/tedsullivan/ontologies/2015/5/music-10#Quincy_Jones","related_entity1_ss":"Michael Jackson","Music_Writer_Type":["Composer","Arranger"],"rdf:type":[{"rdf:resource":"http://www.semanticweb.org/tedsullivan/ontologies/2015/5/music-10#Arranger"},{"rdf:resource":"http://www.semanticweb.org/tedsullivan/ontologies/2015/5/music-10#Composers"},{"rdf:resource":"http://www.semanticweb.org/tedsullivan/ontologies/2015/5/music-10#Conductor"},{"rdf:resource":"http://www.semanticweb.org/tedsullivan/ontologies/2015/5/music-10#Producer"}],"ParentKey":["Arranger|http://www.semanticweb.org/tedsullivan/ontologies/2015/5/music-10#Arranger|","Composer|http://www.semanticweb.org/tedsullivan/ontologies/2015/5/music-10#Composers|","Conductor|http://www.semanticweb.org/tedsullivan/ontologies/2015/5/music-10#Conductor|","Record Producer|http://www.semanticweb.org/tedsullivan/ontologies/2015/5/music-10#Producer|"],"rdf:about":"http://www.semanticweb.org/tedsullivan/ontologies/2015/5/music-10#Quincy_Jones","path":["/Music Writer/Composer/Arranger/Quincy Jones","/Music Writer/Composer/Quincy Jones","/Musician/Conductor/Quincy Jones","/Record Producer/Quincy Jones"],"Musician_Type":"Conductor","rdfs:label":{"text":["Quincy Jones"]}}</field><field name="hasTracks_ss">Beat It</field><field name="hasTracks_ss">Thriller</field><field name="path">/Recording/Album/Studio Album/Thriller</field><field name="hasPerformer_ss.MaximumLength"></field><field name="Recording_Type">Album</field><field name="Recording_Type">Studio Album</field><field name="Recording_Type.MaximumLength"></field><field name="hasTracks_ss.Length">8</field></doc><doc><field name="name">Led Zeppelin (Album)</field><field name="id">http://www.semanticweb.org/tedsullivan/ontologies/2015/5/music-10#Led_Zeppelin_-_Album</field><field name="hasTracks_ss.MaximumLength"></field><field name="performers.MaximumLength"></field><field name="hasPerformer_ss">Led Zeppelin</field><field name="performers.Length">11</field><field name="Recording_Type.Length">12</field><field name="hasPerformer_ss.Length">12</field><field name="hasProducer">{"rdf:resource":"http://www.semanticweb.org/tedsullivan/ontologies/2015/5/music-10#Jimmy_Page"}</field><field name="hasProducer">{"name":"Jimmy Page","id":"http://www.semanticweb.org/tedsullivan/ontologies/2015/5/music-10#Jimmy_Page","related_entity1_ss":["Robert Plant","John Paul Jones"],"path":["/Instrumentalist/Guitarist/Jimmy Page","/Songwriter/Jimmy Page"],"rdfs:label":{"text":["Jimmy Page"]},"related_entity2_ss":["John Bonham","Led Zeppelin","Willie Dixon","The Black Crowes","Memphis Minnie","Paul Samwell-Smith","Eric Clapton"],"Music_Writer_Type":["Composer","Songwriter"],"rdf:type":[{"rdf:resource":"http://www.semanticweb.org/tedsullivan/ontologies/2015/5/music-10#Guitarist"},{"rdf:resource":"http://www.semanticweb.org/tedsullivan/ontologies/2015/5/music-10#Songwriter"}],"ParentKey":["Guitarist|http://www.semanticweb.org/tedsullivan/ontologies/2015/5/music-10#Guitarist|","Songwriter|http://www.semanticweb.org/tedsullivan/ontologies/2015/5/music-10#Songwriter|"],"rdf:about":"http://www.semanticweb.org/tedsullivan/ontologies/2015/5/music-10#Jimmy_Page","Musician_Type":["Instrumentalist","Guitarist"],"genres_ss":"Rock","memberOfGroup_ss":["Led Zeppelin","Yardbirds"]}</field><field name="hasTracks_ss">Babe I'm Gonna Leave You</field><field name="hasTracks_ss">Dazed And Confused</field><field name="hasTracks_ss">Communication Breakdown</field><field name="hasTracks_ss">Your Time Is Gonna Come</field><field name="hasTracks_ss">How Many More Times</field><field name="hasTracks_ss">Black Mountain Side</field><field name="hasTracks_ss">Good Times Bad Times</field><field name="hasTracks_ss">I Can't Quit You Baby</field><field name="hasTracks_ss">You Shook Me</field><field name="path">/Recording/Album/Studio Album/Led Zeppelin (Album)</field><field name="hasPerformer_ss.MaximumLength"></field><field name="Recording_Type">Album</field><field name="Recording_Type">Studio Album</field><field name="Recording_Type.MaximumLength"></field><field name="hasTracks_ss.Length">12</field></doc><doc><field name="name">Star People</field><field name="id">http://www.semanticweb.org/tedsullivan/ontologies/2015/5/music-10#Star_People</field><field name="hasPerformer_ss">Miles Davis</field><field name="Recording_Type.Length">12</field><field name="hasPerformer_ss.Length">11</field><field name="path">/Recording/Album/Studio Album/Star People</field><field name="genres_ss">Jazz</field><field name="genres_ss">Jazz  Fusion</field><field name="genres_ss">Rock</field><field name="hasPerformer_ss.MaximumLength"></field><field name="Recording_Type">Album</field><field name="Recording_Type">Studio Album</field><field name="Recording_Type.MaximumLength"></field></doc><doc><field name="name">Saved</field><field name="id">http://www.semanticweb.org/tedsullivan/ontologies/2015/5/music-10#Saved</field><field name="hasPerformer_ss">Bob Dylan</field><field name="Recording_Type.Length">12</field><field name="hasPerformer_ss.Length">9</field><field name="path">/Recording/Album/Studio Album/Saved</field><field name="hasPerformer_ss.MaximumLength"></field><field name="Recording_Type">Album</field><field name="Recording_Type">Studio Album</field><field name="Recording_Type.MaximumLength"></field></doc><doc><field name="name">Songs From A Room</field><field name="id">http://www.semanticweb.org/tedsullivan/ontologies/2015/5/music-10#Songs_From_A_Room</field><field name="hasTracks_ss.MaximumLength"></field><field name="hasPerformer_ss">Leonard Cohen</field><field name="Recording_Type.Length">12</field><field name="hasPerformer_ss.Length">13</field><field name="hasTracks_ss">Bird on the Wire</field><field name="path">/Recording/Album/Studio Album/Songs From A Room</field><field name="hasPerformer_ss.MaximumLength"></field><field name="Recording_Type">Album</field><field name="Recording_Type">Studio Album</field><field name="Recording_Type.MaximumLength"></field><field name="hasTracks_ss.Length">16</field></doc><doc><field name="name">We Want Miles</field><field name="id">http://www.semanticweb.org/tedsullivan/ontologies/2015/5/music-10#We_Want_Miles</field><field name="hasPerformer_ss">Miles Davis</field><field name="Recording_Type.Length">12</field><field name="hasPerformer_ss.Length">11</field><field name="path">/Recording/Album/Studio Album/We Want Miles</field><field name="hasPerformer_ss.MaximumLength"></field><field name="Recording_Type">Album</field><field name="Recording_Type">Studio Album</field><field name="Recording_Type.MaximumLength"></field></doc><doc><field name="name">Night Moves</field><field name="id">http://www.semanticweb.org/tedsullivan/ontologies/2015/5/music-10#Night_Moves_-_Album</field><field name="hasTracks_ss.MaximumLength"></field><field name="performers.MaximumLength"></field><field name="hasPerformer_ss">Bob Seger And The Silver Bullet Band</field><field name="performers.Length">9</field><field name="Recording_Type.Length">12</field><field name="hasPerformer_ss.Length">36</field><field name="hasTracks_ss">Mainstreet</field><field name="hasTracks_ss">Night Moves</field><field name="path">/Recording/Album/Studio Album/Night Moves</field><field name="genres_ss">Rock</field><field name="hasPerformer_ss.MaximumLength"></field><field name="Recording_Type">Album</field><field name="Recording_Type">Studio Album</field><field name="Recording_Type.MaximumLength"></field><field name="hasTracks_ss.Length">11</field></doc><doc><field name="name">December's Children (And Everybody's)</field><field name="id">http://www.semanticweb.org/tedsullivan/ontologies/2015/5/music-10#Decembers_Children_And_Everybodys</field><field name="hasTracks_ss.MaximumLength"></field><field name="performers.MaximumLength"></field><field name="hasPerformer_ss">Rolling Stones</field><field name="performers.Length">13</field><field name="Recording_Type.Length">12</field><field name="hasPerformer_ss.Length">14</field><field name="hasTracks_ss">She Said Yeah</field><field name="hasTracks_ss">Get Off of My Cloud</field><field name="path">/Recording/Album/Studio Album/December's Children (And Everybody's)</field><field name="hasPerformer_ss.MaximumLength"></field><field name="Recording_Type">Album</field><field name="Recording_Type">Studio Album</field><field name="Recording_Type.MaximumLength"></field><field name="hasTracks_ss.Length">19</field></doc><doc><field name="name">Leather Jackets</field><field name="id">http://www.semanticweb.org/tedsullivan/ontologies/2015/5/music-10#Leather_Jackets</field><field name="hasPerformer_ss">Elton John</field><field name="Recording_Type.Length">12</field><field name="hasPerformer_ss.Length">10</field><field name="path">/Recording/Album/Studio Album/Leather Jackets</field><field name="hasPerformer_ss.MaximumLength"></field><field name="Recording_Type">Album</field><field name="Recording_Type">Studio Album</field><field name="Recording_Type.MaximumLength"></field></doc><doc><field name="name">Bookends</field><field name="id">http://www.semanticweb.org/tedsullivan/ontologies/2015/5/music-10#Bookends</field><field name="hasPerformer_ss">Simon and Garfunkel</field><field name="performers.Length">13</field><field name="Recording_Type.Length">12</field><field name="hasPerformer_ss.Length">19</field><field name="hasProducer">{"rdf:resource":"http://www.semanticweb.org/tedsullivan/ontologies/2015/5/music-10#Art_Garfunkel"}</field><field name="hasProducer">{"rdf:resource":"http://www.semanticweb.org/tedsullivan/ontologies/2015/5/music-10#Paul_Simon"}</field><field name="hasProducer">{"rdf:resource":"http://www.semanticweb.org/tedsullivan/ontologies/2015/5/music-10#Roy_Halee"}</field><field name="hasProducer">{"name":"Art Garfunkel","id":"http://www.semanticweb.org/tedsullivan/ontologies/2015/5/music-10#Art_Garfunkel","related_entity1_ss":"Paul Simon","related_entity2_ss":["Roy Halee","Simon and Garfunkel"],"rdf:type":{"rdf:resource":"http://www.semanticweb.org/tedsullivan/ontologies/2015/5/music-10#Singer"},"ParentKey":["Singer|http://www.semanticweb.org/tedsullivan/ontologies/2015/5/music-10#Singer|"],"rdf:about":"http://www.semanticweb.org/tedsullivan/ontologies/2015/5/music-10#Art_Garfunkel","path":["/Musician/Singer/Art Garfunkel"],"Musician_Type":"Singer","rdfs:label":{"text":["Art Garfunkel"]},"memberOfGroup_ss":"Simon and Garfunkel"}</field><field name="hasProducer">{"name":"Paul Simon","id":"http://www.semanticweb.org/tedsullivan/ontologies/2015/5/music-10#Paul_Simon","related_entity1_ss":["Simon and Garfunkel","Art Garfunkel"],"path":["/Musician/Instrumentalist/Guitarist/Paul Simon","/Musician/Singer/Paul Simon","/Songwriter/Paul Simon"],"rdfs:label":{"text":["Paul Simon"]},"related_entity2_ss":["Roy Halee","Phil Ramone","Muscle Shoals Rhythm Section"],"Music_Writer_Type":["Composer","Songwriter"],"rdf:type":[{"rdf:resource":"http://www.semanticweb.org/tedsullivan/ontologies/2015/5/music-10#Guitarist"},{"rdf:resource":"http://www.semanticweb.org/tedsullivan/ontologies/2015/5/music-10#Singer"},{"rdf:resource":"http://www.semanticweb.org/tedsullivan/ontologies/2015/5/music-10#Songwriter"}],"ParentKey":["Guitarist|http://www.semanticweb.org/tedsullivan/ontologies/2015/5/music-10#Guitarist|","Singer|http://www.semanticweb.org/tedsullivan/ontologies/2015/5/music-10#Singer|","Songwriter|http://www.semanticweb.org/tedsullivan/ontologies/2015/5/music-10#Songwriter|"],"rdf:about":"http://www.semanticweb.org/tedsullivan/ontologies/2015/5/music-10#Paul_Simon","Musician_Type":["Instrumentalist","Guitarist","Singer"],"genres_ss":["Rock","Rock &amp; Roll"],"memberOfGroup_ss":"Simon and Garfunkel"}</field><field name="hasProducer">{"name":"Roy Halee","id":"http://www.semanticweb.org/tedsullivan/ontologies/2015/5/music-10#Roy_Halee","path":["/Record Producer/Roy Halee"],"related_entity1_ss":["Simon and Garfunkel","Paul Simon","Art Garfunkel"],"rdfs:label":{"text":["Roy Halee"]},"rdf:type":{"rdf:resource":"http://www.semanticweb.org/tedsullivan/ontologies/2015/5/music-10#Producer"},"ParentKey":["Record Producer|http://www.semanticweb.org/tedsullivan/ontologies/2015/5/music-10#Producer|"],"rdf:about":"http://www.semanticweb.org/tedsullivan/ontologies/2015/5/music-10#Roy_Halee"}</field><field name="path">/Recording/Album/Studio Album/Bookends</field><field name="hasTracks_ss.Length">7</field><field name="hasTracks_ss.MaximumLength"></field><field name="performers.MaximumLength"></field><field name="hasProducer.Count">6</field><field name="hasTracks_ss">America</field><field name="genres_ss">Folk</field><field name="genres_ss">Folk Rock</field><field name="genres_ss">Rock</field><field name="hasPerformer_ss.MaximumLength"></field><field name="Recording_Type">Album</field><field name="Recording_Type">Studio Album</field><field name="Recording_Type.MaximumLength"></field></doc><doc><field name="name">A Momentary Lapse of Reason</field><field name="id">http://www.semanticweb.org/tedsullivan/ontologies/2015/5/music-10#A_Momentary_Lapse_of_Reason</field><field name="performers.MaximumLength"></field><field name="hasPerformer_ss">Pink Floyd</field><field name="performers.Length">13</field><field name="hasProducer.Count">4</field><field name="Recording_Type.Length">12</field><field name="hasPerformer_ss.Length">10</field><field name="hasProducer">{"rdf:resource":"http://www.semanticweb.org/tedsullivan/ontologies/2015/5/music-10#Bob_Ezrin"}</field><field name="hasProducer">{"rdf:resource":"http://www.semanticweb.org/tedsullivan/ontologies/2015/5/music-10#David_Gilmour"}</field><field name="hasProducer">{"name":"Bob Ezrin","id":"http://www.semanticweb.org/tedsullivan/ontologies/2015/5/music-10#Bob_Ezrin","related_entity1_ss":"David Gilmour","related_entity2_ss":["Polly Samson","Jon Carin","Pink Floyd","Anthony Moore","Nick Laird-Clowes"],"Music_Writer_Type":["Composer","Songwriter"],"rdf:type":[{"rdf:resource":"http://www.semanticweb.org/tedsullivan/ontologies/2015/5/music-10#Keyboardist"},{"rdf:resource":"http://www.semanticweb.org/tedsullivan/ontologies/2015/5/music-10#Producer"},{"rdf:resource":"http://www.semanticweb.org/tedsullivan/ontologies/2015/5/music-10#Songwriter"}],"ParentKey":["Keyboardist|http://www.semanticweb.org/tedsullivan/ontologies/2015/5/music-10#Keyboardist|","Record Producer|http://www.semanticweb.org/tedsullivan/ontologies/2015/5/music-10#Producer|","Songwriter|http://www.semanticweb.org/tedsullivan/ontologies/2015/5/music-10#Songwriter|"],"rdf:about":"http://www.semanticweb.org/tedsullivan/ontologies/2015/5/music-10#Bob_Ezrin","path":["/Keyboardist/Bob Ezrin","/Record Producer/Bob Ezrin","/Songwriter/Bob Ezrin"],"Musician_Type":["Instrumentalist","Keyboardist"],"rdfs:label":{"text":["Bob Ezrin"]}}</field><field name="hasProducer">{"name":"David Gilmour","id":"http://www.semanticweb.org/tedsullivan/ontologies/2015/5/music-10#David_Gilmour","related_entity1_ss":["Richard Wright","Roger Waters"],"related_entity2_ss":["Polly Samson","Jon Carin","Pink Floyd","Anthony Moore","Nick Mason","Nick Laird-Clowes","Phil Manzanera","Bob Ezrin","Syd Barrett"],"rdf:type":{"rdf:resource":"http://www.semanticweb.org/tedsullivan/ontologies/2015/5/music-10#Guitarist"},"ParentKey":["Guitarist|http://www.semanticweb.org/tedsullivan/ontologies/2015/5/music-10#Guitarist|"],"rdf:about":"http://www.semanticweb.org/tedsullivan/ontologies/2015/5/music-10#David_Gilmour","path":["/Musician/Instrumentalist/Guitarist/David Gilmour"],"Musician_Type":["Instrumentalist","Guitarist"],"rdfs:label":{"text":["David Gilmour"]},"genres_ss":"Rock","memberOfGroup_ss":"Pink Floyd"}</field><field name="path">/Recording/Album/Studio Album/A Momentary Lapse of Reason</field><field name="genres_ss">Rock</field><field name="genres_ss">Progressive Rock</field><field name="hasPerformer_ss.MaximumLength"></field><field name="Recording_Type">Album</field><field name="Recording_Type">Studio Album</field><field name="Recording_Type.MaximumLength"></field></doc><doc><field name="name">A Saucerful of Secrets</field><field name="id">http://www.semanticweb.org/tedsullivan/ontologies/2015/5/music-10#A_Saucerful_of_Secrets</field><field name="hasTracks_ss.MaximumLength"></field><field name="performers.MaximumLength"></field><field name="hasPerformer_ss">Pink Floyd</field><field name="performers.Length">13</field><field name="Recording_Type.Length">12</field><field name="hasPerformer_ss.Length">10</field><field name="hasTracks_ss">A Saucerful of Secrets</field><field name="hasTracks_ss">Jugband Blues</field><field name="hasTracks_ss">Let There Be More Light</field><field name="path">/Recording/Album/Studio Album/A Saucerful of Secrets</field><field name="hasPerformer_ss.MaximumLength"></field><field name="Recording_Type">Album</field><field name="Recording_Type">Studio Album</field><field name="Recording_Type.MaximumLength"></field><field name="hasTracks_ss.Length">23</field></doc><doc><field name="name">Made in England</field><field name="id">http://www.semanticweb.org/tedsullivan/ontologies/2015/5/music-10#Made_in_England</field><field name="hasPerformer_ss">Elton John</field><field name="Recording_Type.Length">12</field><field name="hasPerformer_ss.Length">10</field><field name="path">/Recording/Album/Studio Album/Made in England</field><field name="hasPerformer_ss.MaximumLength"></field><field name="Recording_Type">Album</field><field name="Recording_Type">Studio Album</field><field name="Recording_Type.MaximumLength"></field></doc><doc><field name="name">Shadows in the Night</field><field name="id">http://www.semanticweb.org/tedsullivan/ontologies/2015/5/music-10#Shadows_in_the_Night</field><field name="hasPerformer_ss">Bob Dylan</field><field name="Recording_Type.Length">12</field><field name="hasPerformer_ss.Length">9</field><field name="path">/Recording/Album/Studio Album/Shadows in the Night</field><field name="hasPerformer_ss.MaximumLength"></field><field name="Recording_Type">Album</field><field name="Recording_Type">Studio Album</field><field name="Recording_Type.MaximumLength"></field></doc><doc><field name="name">Love and Theft</field><field name="id">http://www.semanticweb.org/tedsullivan/ontologies/2015/5/music-10#Love_and_Theft</field><field name="hasPerformer_ss">Bob Dylan</field><field name="Recording_Type.Length">12</field><field name="hasPerformer_ss.Length">9</field><field name="path">/Recording/Album/Studio Album/Love and Theft</field><field name="hasPerformer_ss.MaximumLength"></field><field name="Recording_Type">Album</field><field name="Recording_Type">Studio Album</field><field name="Recording_Type.MaximumLength"></field></doc><doc><field name="name">Duane &amp; Greg Allman</field><field name="id">http://www.semanticweb.org/tedsullivan/ontologies/2015/5/music-10#Duane_and_Greg_Allman</field><field name="performers.MaximumLength"></field><field name="hasPerformer_ss">Allman Brothers Band</field><field name="performers.Length">12</field><field name="Recording_Type.Length">12</field><field name="hasPerformer_ss.Length">20</field><field name="path">/Recording/Album/Studio Album/Duane &amp; Greg Allman</field><field name="hasPerformer_ss.MaximumLength"></field><field name="Recording_Type">Album</field><field name="Recording_Type">Studio Album</field><field name="Recording_Type.MaximumLength"></field></doc><doc><field name="name">Between the Buttons</field><field name="id">http://www.semanticweb.org/tedsullivan/ontologies/2015/5/music-10#Between_the_Buttons</field><field name="hasTracks_ss.MaximumLength"></field><field name="performers.MaximumLength"></field><field name="hasPerformer_ss">Rolling Stones</field><field name="performers.Length">13</field><field name="Recording_Type.Length">12</field><field name="hasPerformer_ss.Length">14</field><field name="hasTracks_ss">Yesterday's Papers</field><field name="path">/Recording/Album/Studio Album/Between the Buttons</field><field name="hasPerformer_ss.MaximumLength"></field><field name="Recording_Type">Album</field><field name="Recording_Type">Studio Album</field><field name="Recording_Type.MaximumLength"></field><field name="hasTracks_ss.Length">18</field></doc><doc><field name="name">I Walk The Line</field><field name="id">http://www.semanticweb.org/tedsullivan/ontologies/2015/5/music-10#I_Walk_The_Line_-_Album</field><field name="hasTracks_ss.MaximumLength"></field><field name="hasPerformer_ss">Johnny Cash</field><field name="hasProducer.Count">4</field><field name="Recording_Type.Length">12</field><field name="hasPerformer_ss.Length">11</field><field name="hasProducer">{"rdf:resource":"http://www.semanticweb.org/tedsullivan/ontologies/2015/5/music-10#Don_Law"}</field><field name="hasProducer">{"rdf:resource":"http://www.semanticweb.org/tedsullivan/ontologies/2015/5/music-10#Frank_Jones"}</field><field name="hasProducer">{"name":"Don Law","id":"http://www.semanticweb.org/tedsullivan/ontologies/2015/5/music-10#Don_Law","path":["/Record Producer/Don Law"],"related_entity1_ss":["Frank Jones","Johnny Cash"],"rdfs:label":{"text":["Don Law"]},"rdf:type":{"rdf:resource":"http://www.semanticweb.org/tedsullivan/ontologies/2015/5/music-10#Producer"},"ParentKey":["Record Producer|http://www.semanticweb.org/tedsullivan/ontologies/2015/5/music-10#Producer|"],"rdf:about":"http://www.semanticweb.org/tedsullivan/ontologies/2015/5/music-10#Don_Law"}</field><field name="hasProducer">{"name":"Frank Jones","id":"http://www.semanticweb.org/tedsullivan/ontologies/2015/5/music-10#Frank_Jones","path":["/Record Producer/Frank Jones"],"related_entity1_ss":["Johnny Cash","Don Law"],"rdfs:label":{"text":["Frank Jones"]},"rdf:type":{"rdf:resource":"http://www.semanticweb.org/tedsullivan/ontologies/2015/5/music-10#Producer"},"ParentKey":["Record Producer|http://www.semanticweb.org/tedsullivan/ontologies/2015/5/music-10#Producer|"],"rdf:about":"http://www.semanticweb.org/tedsullivan/ontologies/2015/5/music-10#Frank_Jones"}</field><field name="hasTracks_ss">Understand Your Man</field><field name="hasTracks_ss">Hey, Porter</field><field name="hasTracks_ss">I Walk The Line</field><field name="hasGenre.Count">4</field><field name="path">/Recording/Album/Studio Album/I Walk The Line</field><field name="genres_ss">Country</field><field name="genres_ss">Rockabilly</field><field name="genres_ss">Rock</field><field name="hasPerformer_ss.MaximumLength"></field><field name="Recording_Type">Album</field><field name="Recording_Type">Studio Album</field><field name="Recording_Type.MaximumLength"></field><field name="hasTracks_ss.Length">15</field></doc><doc><field name="name">',Round About Midnight</field><field name="id">http://www.semanticweb.org/tedsullivan/ontologies/2015/5/music-10#Round_About_Midnight</field><field name="hasPerformer_ss">Miles Davis</field><field name="Recording_Type.Length">12</field><field name="hasPerformer_ss.Length">11</field><field name="path">/Recording/Album/Studio Album/',Round About Midnight</field><field name="hasPerformer_ss.MaximumLength"></field><field name="Recording_Type">Album</field><field name="Recording_Type">Studio Album</field><field name="Recording_Type.MaximumLength"></field></doc><doc><field name="name">Rumours</field><field name="id">http://www.semanticweb.org/tedsullivan/ontologies/2015/5/music-10#Rumours</field><field name="hasTracks_ss.MaximumLength"></field><field name="performers.MaximumLength"></field><field name="hasPerformer_ss">Fleetwood Mac</field><field name="performers.Length">14</field><field name="Recording_Type.Length">12</field><field name="hasPerformer_ss.Length">13</field><field name="hasTracks_ss">Don't Stop</field><field name="hasTracks_ss">Go Your Own Way</field><field name="hasTracks_ss">Gold Dust Woman</field><field name="path">/Recording/Album/Studio Album/Rumours</field><field name="genres_ss">Rock</field><field name="hasPerformer_ss.MaximumLength"></field><field name="Recording_Type">Album</field><field name="Recording_Type">Studio Album</field><field name="Recording_Type.MaximumLength"></field><field name="hasTracks_ss.Length">15</field></doc><doc><field name="name">Harvest</field><field name="id">http://www.semanticweb.org/tedsullivan/ontologies/2015/5/music-10#Harvest_-_Album</field><field name="hasTracks_ss.MaximumLength"></field><field name="hasPerformer_ss">Neil Young</field><field name="Recording_Type.Length">12</field><field name="hasPerformer_ss.Length">10</field><field name="hasTracks_ss">Harvest</field><field name="path">/Recording/Album/Studio Album/Harvest</field><field name="genres_ss">Rock</field><field name="hasPerformer_ss.MaximumLength"></field><field name="Recording_Type">Album</field><field name="Recording_Type">Studio Album</field><field name="Recording_Type.MaximumLength"></field><field name="hasTracks_ss.Length">7</field></doc><doc><field name="name">The Diving Board</field><field name="id">http://www.semanticweb.org/tedsullivan/ontologies/2015/5/music-10#The_Diving_Board</field><field name="hasPerformer_ss">Elton John</field><field name="Recording_Type.Length">12</field><field name="hasPerformer_ss.Length">10</field><field name="path">/Recording/Album/Studio Album/The Diving Board</field><field name="hasPerformer_ss.MaximumLength"></field><field name="Recording_Type">Album</field><field name="Recording_Type">Studio Album</field><field name="Recording_Type.MaximumLength"></field></doc><doc><field name="name">Compilation Album</field><field name="id">http://www.semanticweb.org/tedsullivan/ontologies/2015/5/music-10#Compilation_Album</field><field name="rdfs:subClassOf">http://www.semanticweb.org/tedsullivan/ontologies/2015/5/music-10#Album</field><field name="path">/Recording/Album/Compilation Album</field><field name="Recording_Type.Length">5</field><field name="Recording_Type">Album</field><field name="Recording_Type.MaximumLength"></field></doc><doc><field name="name">Tales From New York: The Very Best of Simon &amp; Garfunkel</field><field name="id">http://www.semanticweb.org/tedsullivan/ontologies/2015/5/music-10#Tales_From_New_York_The_Very_Best_of_Simon_and_Garfunkel</field><field name="performers.MaximumLength"></field><field name="hasPerformer_ss">Simon and Garfunkel</field><field name="performers.Length">13</field><field name="Recording_Type.Length">17</field><field name="hasPerformer_ss.Length">19</field><field name="path">/Compilation Album/Tales From New York: The Very Best of Simon &amp; Garfunkel</field><field name="hasPerformer_ss.MaximumLength"></field><field name="Recording_Type">Album</field><field name="Recording_Type">Compilation Album</field><field name="Recording_Type.MaximumLength"></field></doc><doc><field name="name">Beginnings</field><field name="id">http://www.semanticweb.org/tedsullivan/ontologies/2015/5/music-10#Beginnings</field><field name="performers.MaximumLength"></field><field name="hasPerformer_ss">Allman Brothers Band</field><field name="performers.Length">12</field><field name="Recording_Type.Length">17</field><field name="hasPerformer_ss.Length">20</field><field name="path">/Compilation Album/Beginnings</field><field name="hasPerformer_ss.MaximumLength"></field><field name="Recording_Type">Album</field><field name="Recording_Type">Compilation Album</field><field name="Recording_Type.MaximumLength"></field></doc><doc><field name="name">The Beatles' Story</field><field name="id">http://www.semanticweb.org/tedsullivan/ontologies/2015/5/music-10#The_Beatles_Story</field><field name="performers.MaximumLength"></field><field name="hasPerformer_ss">Beatles</field><field name="performers.Length">11</field><field name="Recording_Type.Length">17</field><field name="hasPerformer_ss.Length">7</field><field name="path">/Compilation Album/The Beatles' Story</field><field name="hasPerformer_ss.MaximumLength"></field><field name="Recording_Type">Album</field><field name="Recording_Type">Compilation Album</field><field name="Recording_Type.MaximumLength"></field></doc><doc><field name="name">Through the Past, Darkly (Big Hits Vol. 2)</field><field name="id">http://www.semanticweb.org/tedsullivan/ontologies/2015/5/music-10#Through_the_Past_Darkly_Big_Hits_Vol._2</field><field name="hasTracks_ss.MaximumLength"></field><field name="performers.MaximumLength"></field><field name="hasPerformer_ss">Rolling Stones</field><field name="performers.Length">13</field><field name="Recording_Type.Length">17</field><field name="hasPerformer_ss.Length">14</field><field name="hasTracks_ss">Honky Tonk Women</field><field name="path">/Compilation Album/Through the Past, Darkly (Big Hits Vol. 2)</field><field name="hasPerformer_ss.MaximumLength"></field><field name="Recording_Type">Album</field><field name="Recording_Type">Compilation Album</field><field name="Recording_Type.MaximumLength"></field><field name="hasTracks_ss.Length">16</field></doc><doc><field name="name">Stax Profiles - Albert King</field><field name="id">http://www.semanticweb.org/tedsullivan/ontologies/2015/5/music-10#Stax_Profiles_-_Albert_King</field><field name="hasTracks_ss.MaximumLength"></field><field name="hasPerformer_ss">Albert King</field><field name="Recording_Type.Length">17</field><field name="hasPerformer_ss.Length">11</field><field name="hasTracks_ss">Born Under A Bad Sign</field><field name="path">/Compilation Album/Stax Profiles - Albert King</field><field name="hasPerformer_ss.MaximumLength"></field><field name="Recording_Type">Album</field><field name="Recording_Type">Compilation Album</field><field name="Recording_Type.MaximumLength"></field><field name="hasTracks_ss.Length">21</field></doc><doc><field name="name">The Wall Singles Collection</field><field name="id">http://www.semanticweb.org/tedsullivan/ontologies/2015/5/music-10#The_Wall_Singles_Collection</field><field name="performers.MaximumLength"></field><field name="hasPerformer_ss">Pink Floyd</field><field name="performers.Length">13</field><field name="Recording_Type.Length">17</field><field name="hasPerformer_ss.Length">10</field><field name="path">/Compilation Album/The Wall Singles Collection</field><field name="hasPerformer_ss.MaximumLength"></field><field name="Recording_Type">Album</field><field name="Recording_Type">Compilation Album</field><field name="Recording_Type.MaximumLength"></field></doc><doc><field name="name">More Great Songs</field><field name="id">http://www.semanticweb.org/tedsullivan/ontologies/2015/5/music-10#More_Great_Songs</field><field name="performers.MaximumLength"></field><field name="hasPerformer_ss">Simon and Garfunkel</field><field name="performers.Length">13</field><field name="Recording_Type.Length">17</field><field name="hasPerformer_ss.Length">19</field><field name="path">/Compilation Album/More Great Songs</field><field name="hasPerformer_ss.MaximumLength"></field><field name="Recording_Type">Album</field><field name="Recording_Type">Compilation Album</field><field name="Recording_Type.MaximumLength"></field></doc><doc><field name="name">From Then To You / The Beatles' Christmas Album</field><field name="id">http://www.semanticweb.org/tedsullivan/ontologies/2015/5/music-10#From_Then_To_You__The_Beatles_Christmas_Album</field><field name="performers.MaximumLength"></field><field name="hasPerformer_ss">Beatles</field><field name="performers.Length">11</field><field name="Recording_Type.Length">17</field><field name="hasPerformer_ss.Length">7</field><field name="path">/Compilation Album/From Then To You / The Beatles' Christmas Album</field><field name="hasPerformer_ss.MaximumLength"></field><field name="Recording_Type">Album</field><field name="Recording_Type">Compilation Album</field><field name="Recording_Type">From Then To You </field><field name="Recording_Type.MaximumLength"></field></doc><doc><field name="name">The Essential Simon &amp; Garfunkel</field><field name="id">http://www.semanticweb.org/tedsullivan/ontologies/2015/5/music-10#The_Essential_Simon_and_Garfunkel</field><field name="performers.MaximumLength"></field><field name="hasPerformer_ss">Simon and Garfunkel</field><field name="performers.Length">13</field><field name="Recording_Type.Length">17</field><field name="hasPerformer_ss.Length">19</field><field name="path">/Compilation Album/The Essential Simon &amp; Garfunkel</field><field name="hasPerformer_ss.MaximumLength"></field><field name="Recording_Type">Album</field><field name="Recording_Type">Compilation Album</field><field name="Recording_Type.MaximumLength"></field></doc><doc><field name="name">The Bootleg Series Vol. 8 – Tell Tale Signs: Rare and Unreleased 1989–2006</field><field name="id">http://www.semanticweb.org/tedsullivan/ontologies/2015/5/music-10#The_Bootleg_Series_Vol_8_Tell_Tale_Signs_Rare_and_Unreleased_1989_2006</field><field name="hasPerformer_ss">Bob Dylan</field><field name="Recording_Type.Length">17</field><field name="hasPerformer_ss.Length">9</field><field name="path">/Compilation Album/The Bootleg Series Vol. 8 – Tell Tale Signs: Rare and Unreleased 1989–2006</field><field name="hasPerformer_ss.MaximumLength"></field><field name="Recording_Type">Album</field><field name="Recording_Type">Compilation Album</field><field name="Recording_Type.MaximumLength"></field></doc><doc><field name="name">Led Zeppelin Boxed Set 2</field><field name="id">http://www.semanticweb.org/tedsullivan/ontologies/2015/5/music-10#Led_Zeppelin_Boxed_Set_2</field><field name="performers.MaximumLength"></field><field name="hasPerformer_ss">Led Zeppelin</field><field name="performers.Length">11</field><field name="Recording_Type.Length">17</field><field name="hasPerformer_ss.Length">12</field><field name="path">/Compilation Album/Led Zeppelin Boxed Set 2</field><field name="hasPerformer_ss.MaximumLength"></field><field name="Recording_Type">Album</field><field name="Recording_Type">Compilation Album</field><field name="Recording_Type.MaximumLength"></field></doc><doc><field name="name">Greatest Hits 1976–1986</field><field name="id">http://www.semanticweb.org/tedsullivan/ontologies/2015/5/music-10#Greatest_Hits_1976_1986</field><field name="hasPerformer_ss">Elton John</field><field name="Recording_Type.Length">17</field><field name="hasPerformer_ss.Length">10</field><field name="path">/Compilation Album/Greatest Hits 1976–1986</field><field name="hasPerformer_ss.MaximumLength"></field><field name="Recording_Type">Album</field><field name="Recording_Type">Compilation Album</field><field name="Recording_Type.MaximumLength"></field></doc><doc><field name="name">Legendary Hits</field><field name="id">http://www.semanticweb.org/tedsullivan/ontologies/2015/5/music-10#Legendary_Hits</field><field name="performers.MaximumLength"></field><field name="hasPerformer_ss">Allman Brothers Band</field><field name="performers.Length">12</field><field name="Recording_Type.Length">17</field><field name="hasPerformer_ss.Length">20</field><field name="path">/Compilation Album/Legendary Hits</field><field name="hasPerformer_ss.MaximumLength"></field><field name="Recording_Type">Album</field><field name="Recording_Type">Compilation Album</field><field name="Recording_Type.MaximumLength"></field></doc><doc><field name="name">The Early Singles</field><field name="id">http://www.semanticweb.org/tedsullivan/ontologies/2015/5/music-10#The_Early_Singles</field><field name="performers.MaximumLength"></field><field name="hasPerformer_ss">Pink Floyd</field><field name="performers.Length">13</field><field name="Recording_Type.Length">17</field><field name="hasPerformer_ss.Length">10</field><field name="path">/Compilation Album/The Early Singles</field><field name="hasPerformer_ss.MaximumLength"></field><field name="Recording_Type">Album</field><field name="Recording_Type">Compilation Album</field><field name="Recording_Type.MaximumLength"></field></doc><doc><field name="name">Tomorrow Never Knows</field><field name="id">http://www.semanticweb.org/tedsullivan/ontologies/2015/5/music-10#Tomorrow_Never_Knows_-_Album</field><field name="performers.MaximumLength"></field><field name="hasPerformer_ss">Beatles</field><field name="performers.Length">11</field><field name="Recording_Type.Length">17</field><field name="hasPerformer_ss.Length">7</field><field name="path">/Compilation Album/Tomorrow Never Knows</field><field name="hasPerformer_ss.MaximumLength"></field><field name="Recording_Type">Album</field><field name="Recording_Type">Compilation Album</field><field name="Recording_Type.MaximumLength"></field></doc><doc><field name="name">Pink Floyd: Animal Instincts</field><field name="id">http://www.semanticweb.org/tedsullivan/ontologies/2015/5/music-10#Pink_Floyd_Animal_Instincts</field><field name="performers.MaximumLength"></field><field name="hasPerformer_ss">Pink Floyd</field><field name="performers.Length">13</field><field name="Recording_Type.Length">17</field><field name="hasPerformer_ss.Length">10</field><field name="path">/Compilation Album/Pink Floyd: Animal Instincts</field><field name="hasPerformer_ss.MaximumLength"></field><field name="Recording_Type">Album</field><field name="Recording_Type">Compilation Album</field><field name="Recording_Type.MaximumLength"></field></doc><doc><field name="name">Dreams</field><field name="id">http://www.semanticweb.org/tedsullivan/ontologies/2015/5/music-10#Dreams_-_Album</field><field name="performers.MaximumLength"></field><field name="hasPerformer_ss">Allman Brothers Band</field><field name="performers.Length">12</field><field name="Recording_Type.Length">17</field><field name="hasPerformer_ss.Length">20</field><field name="path">/Compilation Album/Dreams</field><field name="hasPerformer_ss.MaximumLength"></field><field name="Recording_Type">Album</field><field name="Recording_Type">Compilation Album</field><field name="Recording_Type.MaximumLength"></field></doc><doc><field name="name">20 Greatest Hits</field><field name="id">http://www.semanticweb.org/tedsullivan/ontologies/2015/5/music-10#Twenty_Greatest_Hits_-_Simon_and_Garfunkel</field><field name="performers.MaximumLength"></field><field name="hasPerformer_ss">Simon and Garfunkel</field><field name="performers.Length">13</field><field name="Recording_Type.Length">17</field><field name="hasPerformer_ss.Length">19</field><field name="path">/Compilation Album/20 Greatest Hits</field><field name="hasPerformer_ss.MaximumLength"></field><field name="Recording_Type">Album</field><field name="Recording_Type">Compilation Album</field><field name="Recording_Type.MaximumLength"></field></doc><doc><field name="name">The Legendary Prestige Quintet Sessions</field><field name="id">http://www.semanticweb.org/tedsullivan/ontologies/2015/5/music-10#The_Legendary_Prestige_Quintet_Sessions</field><field name="hasPerformer_ss">Miles Davis</field><field name="Recording_Type.Length">17</field><field name="hasPerformer_ss.Length">11</field><field name="path">/Compilation Album/The Legendary Prestige Quintet Sessions</field><field name="hasPerformer_ss.MaximumLength"></field><field name="Recording_Type">Album</field><field name="Recording_Type">Compilation Album</field><field name="Recording_Type.MaximumLength"></field></doc><doc><field name="name">Old Golden Throat</field><field name="id">http://www.semanticweb.org/tedsullivan/ontologies/2015/5/music-10#Old_Golden_Throat</field><field name="hasPerformer_ss">Johnny Cash</field><field name="Recording_Type.Length">17</field><field name="hasPerformer_ss.Length">11</field><field name="path">/Compilation Album/Old Golden Throat</field><field name="hasPerformer_ss.MaximumLength"></field><field name="Recording_Type">Album</field><field name="Recording_Type">Compilation Album</field><field name="Recording_Type.MaximumLength"></field></doc><doc><field name="name">Hell &amp; High Water: The Best of the Arista Years</field><field name="id">http://www.semanticweb.org/tedsullivan/ontologies/2015/5/music-10#Hell_and_High_Water_The_Best_of_the_Arista_Years</field><field name="performers.MaximumLength"></field><field name="hasPerformer_ss">Allman Brothers Band</field><field name="performers.Length">12</field><field name="Recording_Type.Length">17</field><field name="hasPerformer_ss.Length">20</field><field name="path">/Compilation Album/Hell &amp; High Water: The Best of the Arista Years</field><field name="hasPerformer_ss.MaximumLength"></field><field name="Recording_Type">Album</field><field name="Recording_Type">Compilation Album</field><field name="Recording_Type.MaximumLength"></field></doc><doc><field name="name">Led Zeppelin Boxed Set</field><field name="id">http://www.semanticweb.org/tedsullivan/ontologies/2015/5/music-10#Led_Zeppelin_Boxed_Set</field><field name="performers.MaximumLength"></field><field name="hasPerformer_ss">Led Zeppelin</field><field name="performers.Length">11</field><field name="Recording_Type.Length">17</field><field name="hasPerformer_ss.Length">12</field><field name="path">/Compilation Album/Led Zeppelin Boxed Set</field><field name="hasPerformer_ss.MaximumLength"></field><field name="Recording_Type">Album</field><field name="Recording_Type">Compilation Album</field><field name="Recording_Type.MaximumLength"></field></doc><doc><field name="name">Collected Works</field><field name="id">http://www.semanticweb.org/tedsullivan/ontologies/2015/5/music-10#Collected_Works</field><field name="performers.MaximumLength"></field><field name="hasPerformer_ss">Simon and Garfunkel</field><field name="performers.Length">13</field><field name="Recording_Type.Length">17</field><field name="hasPerformer_ss.Length">19</field><field name="path">/Compilation Album/Collected Works</field><field name="hasPerformer_ss.MaximumLength"></field><field name="Recording_Type">Album</field><field name="Recording_Type">Compilation Album</field><field name="Recording_Type.MaximumLength"></field></doc><doc><field name="name">Smoking Blues</field><field name="id">http://www.semanticweb.org/tedsullivan/ontologies/2015/5/music-10#Smoking_Blues</field><field name="performers.MaximumLength"></field><field name="hasPerformer_ss">Pink Floyd</field><field name="performers.Length">13</field><field name="Recording_Type.Length">17</field><field name="hasPerformer_ss.Length">10</field><field name="path">/Compilation Album/Smoking Blues</field><field name="hasPerformer_ss.MaximumLength"></field><field name="Recording_Type">Album</field><field name="Recording_Type">Compilation Album</field><field name="Recording_Type.MaximumLength"></field></doc><doc><field name="name">The Collection: Simon &amp; Garfunkel</field><field name="id">http://www.semanticweb.org/tedsullivan/ontologies/2015/5/music-10#The_Collection_Simon_and_Garfunkel</field><field name="performers.MaximumLength"></field><field name="hasPerformer_ss">Simon and Garfunkel</field><field name="performers.Length">13</field><field name="Recording_Type.Length">17</field><field name="hasPerformer_ss.Length">19</field><field name="path">/Compilation Album/The Collection: Simon &amp; Garfunkel</field><field name="hasPerformer_ss.MaximumLength"></field><field name="Recording_Type">Album</field><field name="Recording_Type">Compilation Album</field><field name="Recording_Type.MaximumLength"></field></doc><doc><field name="name">The Best of Bob Dylan</field><field name="id">http://www.semanticweb.org/tedsullivan/ontologies/2015/5/music-10#The_Best_of_Bob_Dylan</field><field name="hasPerformer_ss">Bob Dylan</field><field name="Recording_Type.Length">17</field><field name="hasPerformer_ss.Length">9</field><field name="path">/Compilation Album/The Best of Bob Dylan</field><field name="hasPerformer_ss.MaximumLength"></field><field name="Recording_Type">Album</field><field name="Recording_Type">Compilation Album</field><field name="Recording_Type.MaximumLength"></field></doc><doc><field name="name">The Early Tapes of the Beatles</field><field name="id">http://www.semanticweb.org/tedsullivan/ontologies/2015/5/music-10#The_Early_Tapes_of_the_Beatles</field><field name="performers.MaximumLength"></field><field name="hasPerformer_ss">Beatles</field><field name="performers.Length">11</field><field name="Recording_Type.Length">17</field><field name="hasPerformer_ss.Length">7</field><field name="path">/Compilation Album/The Early Tapes of the Beatles</field><field name="hasPerformer_ss.MaximumLength"></field><field name="Recording_Type">Album</field><field name="Recording_Type">Compilation Album</field><field name="Recording_Type.MaximumLength"></field></doc><doc><field name="name">The Number Ones</field><field name="id">http://www.semanticweb.org/tedsullivan/ontologies/2015/5/music-10#The_Number_Ones</field><field name="performers.MaximumLength"></field><field name="hasPerformer_ss">Beatles</field><field name="performers.Length">11</field><field name="Recording_Type.Length">17</field><field name="hasPerformer_ss.Length">7</field><field name="path">/Compilation Album/The Number Ones</field><field name="hasPerformer_ss.MaximumLength"></field><field name="Recording_Type">Album</field><field name="Recording_Type">Compilation Album</field><field name="Recording_Type.MaximumLength"></field></doc><doc><field name="name">Jolly What!</field><field name="id">http://www.semanticweb.org/tedsullivan/ontologies/2015/5/music-10#Jolly_What</field><field name="performers.MaximumLength"></field><field name="hasPerformer_ss">Beatles</field><field name="hasPerformer_ss">Frank Ifield</field><field name="performers.Length">11</field><field name="Recording_Type.Length">17</field><field name="hasPerformer_ss.Length">12</field><field name="hasPerformer.Count">4</field><field name="path">/Compilation Album/Jolly What!</field><field name="hasPerformer_ss.MaximumLength"></field><field name="Recording_Type">Album</field><field name="Recording_Type">Compilation Album</field><field name="Recording_Type.MaximumLength"></field></doc><doc><field name="name">Songs You Know by Heart: Jimmy Buffett's Greatest Hit(s)</field><field name="id">http://www.semanticweb.org/tedsullivan/ontologies/2015/5/music-10#Songs_You_Know_by_Heart_Jimmy_Buffetts_Greatest_Hits</field><field name="hasTracks_ss.MaximumLength"></field><field name="hasPerformer_ss">Jimmy Buffett</field><field name="Recording_Type.Length">17</field><field name="hasPerformer_ss.Length">13</field><field name="hasTracks_ss">Fins</field><field name="hasTracks_ss">Cheeseburger in Paradise</field><field name="hasTracks_ss">Son of a Son of a Sailor</field><field name="hasTracks_ss">Margaritaville</field><field name="hasTracks_ss">Changes in Latitudes, Changes in Attitudes</field><field name="hasTracks_ss">A Pirate Looks at Forty</field><field name="hasTracks_ss">Come Monday</field><field name="hasTracks_ss">He Went to Paris</field><field name="path">/Compilation Album/Songs You Know by Heart: Jimmy Buffett's Greatest Hit(s)</field><field name="hasPerformer_ss.MaximumLength"></field><field name="Recording_Type">Album</field><field name="Recording_Type">Compilation Album</field><field name="Recording_Type.MaximumLength"></field><field name="hasTracks_ss.Length">16</field></doc><doc><field name="name">Love Songs</field><field name="id">http://www.semanticweb.org/tedsullivan/ontologies/2015/5/music-10#Love_Songs</field><field name="hasPerformer_ss">Elton John</field><field name="Recording_Type.Length">17</field><field name="hasPerformer_ss.Length">10</field><field name="path">/Compilation Album/Love Songs</field><field name="hasPerformer_ss.MaximumLength"></field><field name="Recording_Type">Album</field><field name="Recording_Type">Compilation Album</field><field name="Recording_Type.MaximumLength"></field></doc><doc><field name="name">America: The Simon &amp; Garfunkel Collection</field><field name="id">http://www.semanticweb.org/tedsullivan/ontologies/2015/5/music-10#America_The_Simon_and_Garfunkel_Collection</field><field name="performers.MaximumLength"></field><field name="hasPerformer_ss">Simon and Garfunkel</field><field name="performers.Length">13</field><field name="Recording_Type.Length">17</field><field name="hasPerformer_ss.Length">19</field><field name="path">/Compilation Album/America: The Simon &amp; Garfunkel Collection</field><field name="hasPerformer_ss.MaximumLength"></field><field name="Recording_Type">Album</field><field name="Recording_Type">Compilation Album</field><field name="Recording_Type.MaximumLength"></field></doc><doc><field name="name">The Story of the Moody Blues – Legend of a Band</field><field name="id">http://www.semanticweb.org/tedsullivan/ontologies/2015/5/music-10#The_Story_of_the_Moody_Blues__Legend_of_a_Band</field><field name="performers.MaximumLength"></field><field name="hasPerformer_ss">Moody Blues</field><field name="performers.Length">13</field><field name="Recording_Type.Length">17</field><field name="hasPerformer_ss.Length">11</field><field name="path">/Compilation Album/The Story of the Moody Blues – Legend of a Band</field><field name="genres_ss">Rock</field><field name="genres_ss">Progressive Rock</field><field name="hasPerformer_ss.MaximumLength"></field><field name="Recording_Type">Album</field><field name="Recording_Type">Compilation Album</field><field name="Recording_Type.MaximumLength"></field></doc><doc><field name="name">Your Songs</field><field name="id">http://www.semanticweb.org/tedsullivan/ontologies/2015/5/music-10#Your_Songs</field><field name="hasPerformer_ss">Elton John</field><field name="Recording_Type.Length">17</field><field name="hasPerformer_ss.Length">10</field><field name="path">/Compilation Album/Your Songs</field><field name="hasPerformer_ss.MaximumLength"></field><field name="Recording_Type">Album</field><field name="Recording_Type">Compilation Album</field><field name="Recording_Type.MaximumLength"></field></doc><doc><field name="name">The Beatles (Album)</field><field name="id">http://www.semanticweb.org/tedsullivan/ontologies/2015/5/music-10#The_Beatles_-_Album</field><field name="performers.MaximumLength"></field><field name="hasPerformer_ss">Beatles</field><field name="performers.Length">11</field><field name="Recording_Type.Length">17</field><field name="hasPerformer_ss.Length">7</field><field name="path">/Compilation Album/The Beatles (Album)</field><field name="hasPerformer_ss.MaximumLength"></field><field name="Recording_Type">Album</field><field name="Recording_Type">Compilation Album</field><field name="Recording_Type.MaximumLength"></field></doc><doc><field name="name">The Complete Columbia Album Collection</field><field name="id">http://www.semanticweb.org/tedsullivan/ontologies/2015/5/music-10#The_Complete_Columbia_Album_Collection</field><field name="hasPerformer_ss">Miles Davis</field><field name="Recording_Type.Length">17</field><field name="hasPerformer_ss.Length">11</field><field name="path">/Compilation Album/The Complete Columbia Album Collection</field><field name="hasPerformer_ss.MaximumLength"></field><field name="Recording_Type">Album</field><field name="Recording_Type">Compilation Album</field><field name="Recording_Type.MaximumLength"></field></doc><doc><field name="name">In the Beginning (Circa 1960)</field><field name="id">http://www.semanticweb.org/tedsullivan/ontologies/2015/5/music-10#In_the_Beginning_Circa_1960</field><field name="performers.MaximumLength"></field><field name="hasPerformer_ss">Beatles</field><field name="performers.Length">11</field><field name="Recording_Type.Length">17</field><field name="hasPerformer_ss.Length">7</field><field name="path">/Compilation Album/In the Beginning (Circa 1960)</field><field name="hasPerformer_ss.MaximumLength"></field><field name="Recording_Type">Album</field><field name="Recording_Type">Compilation Album</field><field name="Recording_Type.MaximumLength"></field></doc><doc><field name="name">Simon and Garfunkel's Greatest Hits</field><field name="id">http://www.semanticweb.org/tedsullivan/ontologies/2015/5/music-10#Simon_and_Garfunkels_Greatest_Hits</field><field name="performers.MaximumLength"></field><field name="hasPerformer_ss">Simon and Garfunkel</field><field name="performers.Length">13</field><field name="hasProducer.Count">6</field><field name="Recording_Type.Length">17</field><field name="hasPerformer_ss.Length">19</field><field name="hasProducer">{"rdf:resource":"http://www.semanticweb.org/tedsullivan/ontologies/2015/5/music-10#Art_Garfunkel"}</field><field name="hasProducer">{"rdf:resource":"http://www.semanticweb.org/tedsullivan/ontologies/2015/5/music-10#Paul_Simon"}</field><field name="hasProducer">{"rdf:resource":"http://www.semanticweb.org/tedsullivan/ontologies/2015/5/music-10#Roy_Halee"}</field><field name="hasProducer">{"name":"Art Garfunkel","id":"http://www.semanticweb.org/tedsullivan/ontologies/2015/5/music-10#Art_Garfunkel","related_entity1_ss":"Paul Simon","related_entity2_ss":["Roy Halee","Simon and Garfunkel"],"rdf:type":{"rdf:resource":"http://www.semanticweb.org/tedsullivan/ontologies/2015/5/music-10#Singer"},"ParentKey":["Singer|http://www.semanticweb.org/tedsullivan/ontologies/2015/5/music-10#Singer|"],"rdf:about":"http://www.semanticweb.org/tedsullivan/ontologies/2015/5/music-10#Art_Garfunkel","path":["/Musician/Singer/Art Garfunkel"],"Musician_Type":"Singer","rdfs:label":{"text":["Art Garfunkel"]},"memberOfGroup_ss":"Simon and Garfunkel"}</field><field name="hasProducer">{"name":"Paul Simon","id":"http://www.semanticweb.org/tedsullivan/ontologies/2015/5/music-10#Paul_Simon","related_entity1_ss":["Simon and Garfunkel","Art Garfunkel"],"path":["/Musician/Instrumentalist/Guitarist/Paul Simon","/Musician/Singer/Paul Simon","/Songwriter/Paul Simon"],"rdfs:label":{"text":["Paul Simon"]},"related_entity2_ss":["Roy Halee","Phil Ramone","Muscle Shoals Rhythm Section"],"Music_Writer_Type":["Composer","Songwriter"],"rdf:type":[{"rdf:resource":"http://www.semanticweb.org/tedsullivan/ontologies/2015/5/music-10#Guitarist"},{"rdf:resource":"http://www.semanticweb.org/tedsullivan/ontologies/2015/5/music-10#Singer"},{"rdf:resource":"http://www.semanticweb.org/tedsullivan/ontologies/2015/5/music-10#Songwriter"}],"ParentKey":["Guitarist|http://www.semanticweb.org/tedsullivan/ontologies/2015/5/music-10#Guitarist|","Singer|http://www.semanticweb.org/tedsullivan/ontologies/2015/5/music-10#Singer|","Songwriter|http://www.semanticweb.org/tedsullivan/ontologies/2015/5/music-10#Songwriter|"],"rdf:about":"http://www.semanticweb.org/tedsullivan/ontologies/2015/5/music-10#Paul_Simon","Musician_Type":["Instrumentalist","Guitarist","Singer"],"genres_ss":["Rock","Rock &amp; Roll"],"memberOfGroup_ss":"Simon and Garfunkel"}</field><field name="hasProducer">{"name":"Roy Halee","id":"http://www.semanticweb.org/tedsullivan/ontologies/2015/5/music-10#Roy_Halee","path":["/Record Producer/Roy Halee"],"related_entity1_ss":["Simon and Garfunkel","Paul Simon","Art Garfunkel"],"rdfs:label":{"text":["Roy Halee"]},"rdf:type":{"rdf:resource":"http://www.semanticweb.org/tedsullivan/ontologies/2015/5/music-10#Producer"},"ParentKey":["Record Producer|http://www.semanticweb.org/tedsullivan/ontologies/2015/5/music-10#Producer|"],"rdf:about":"http://www.semanticweb.org/tedsullivan/ontologies/2015/5/music-10#Roy_Halee"}</field><field name="path">/Compilation Album/Simon and Garfunkel's Greatest Hits</field><field name="genres_ss">Folk</field><field name="genres_ss">Folk Rock</field><field name="genres_ss">Rock</field><field name="hasPerformer_ss.MaximumLength"></field><field name="Recording_Type">Album</field><field name="Recording_Type">Compilation Album</field><field name="Recording_Type.MaximumLength"></field></doc><doc><field name="name">The Beatles Bootleg Recordings 1963</field><field name="id">http://www.semanticweb.org/tedsullivan/ontologies/2015/5/music-10#The_Beatles_Bootleg_Recordings_1963</field><field name="performers.MaximumLength"></field><field name="hasPerformer_ss">Beatles</field><field name="performers.Length">11</field><field name="Recording_Type.Length">17</field><field name="hasPerformer_ss.Length">7</field><field name="path">/Bootleg Album/The Beatles Bootleg Recordings 1963</field><field name="path">/Compilation Album/The Beatles Bootleg Recordings 1963</field><field name="hasPerformer_ss.MaximumLength"></field><field name="Recording_Type">Album</field><field name="Recording_Type">Bootleg Album</field><field name="Recording_Type">Compilation Album</field><field name="Recording_Type.MaximumLength"></field></doc><doc><field name="name">Beatles Bop – Hamburg Days</field><field name="id">http://www.semanticweb.org/tedsullivan/ontologies/2015/5/music-10#Beatles_Bop__Hamburg_Days</field><field name="performers.MaximumLength"></field><field name="hasPerformer_ss">Beatles</field><field name="hasPerformer_ss">Tony Sheridan</field><field name="performers.Length">11</field><field name="Recording_Type.Length">17</field><field name="hasPerformer_ss.Length">13</field><field name="hasPerformer.Count">4</field><field name="path">/Compilation Album/Beatles Bop – Hamburg Days</field><field name="hasPerformer_ss.MaximumLength"></field><field name="Recording_Type">Album</field><field name="Recording_Type">Compilation Album</field><field name="Recording_Type.MaximumLength"></field></doc><doc><field name="name">Rarities</field><field name="id">http://www.semanticweb.org/tedsullivan/ontologies/2015/5/music-10#Rarities</field><field name="performers.MaximumLength"></field><field name="hasPerformer_ss">Beatles</field><field name="performers.Length">11</field><field name="Recording_Type.Length">17</field><field name="hasPerformer_ss.Length">7</field><field name="path">/Compilation Album/Rarities</field><field name="hasPerformer_ss.MaximumLength"></field><field name="Recording_Type">Album</field><field name="Recording_Type">Compilation Album</field><field name="Recording_Type.MaximumLength"></field></doc><doc><field name="name">The Hit Sounds of Simon and Garfunkel</field><field name="id">http://www.semanticweb.org/tedsullivan/ontologies/2015/5/music-10#The_Hit_Sounds_of_Simon_and_Garfunkel</field><field name="performers.MaximumLength"></field><field name="hasPerformer_ss">Simon and Garfunkel</field><field name="performers.Length">13</field><field name="Recording_Type.Length">17</field><field name="hasPerformer_ss.Length">19</field><field name="path">/Compilation Album/The Hit Sounds of Simon and Garfunkel</field><field name="hasPerformer_ss.MaximumLength"></field><field name="Recording_Type">Album</field><field name="Recording_Type">Compilation Album</field><field name="Recording_Type.MaximumLength"></field></doc></add>
