<add><doc><field name="name">Symphony Number 5 - Movement 1</field><field name="id">http://www.semanticweb.org/tedsullivan/ontologies/2015/5/music-10#Beethoven_Symphony_Number_5_-_Movement_1</field><field name="composer_ss.Length">20</field><field name="related_entity1_ss">owl:NamedIndividual</field><field name="related_entity2_ss">Ludwig Van Beethoven</field><field name="Composition_Type.Length">8</field><field name="composer_ss.MaximumLength"></field><field name="related_entity2_ss.Length">20</field><field name="path">/Composition/Movement/Symphony Number 5 - Movement 1</field><field name="Composition_Type">Movement</field><field name="Composition_Type.MaximumLength"></field><field name="composer_ss">Ludwig Van Beethoven</field><field name="related_entity2_ss.MaximumLength"></field></doc><doc><field name="name">owl:NamedIndividual</field><field name="id">http://www.semanticweb.org/tedsullivan/ontologies/2015/5/music-10#Beethoven_Symphony_Number_5_-_Movement_2</field><field name="related_entity1_ss">owl:NamedIndividual</field><field name="related_entity2_ss">Symphony Number 5 - Movement 1</field><field name="related_entity2_ss">Ludwig Van Beethoven</field><field name="Composition_Type.Length">8</field><field name="related_entity2_ss.Length">20</field><field name="path">/Composition/Movement/owl:NamedIndividual</field><field name="Composition_Type">Movement</field><field name="Composition_Type.MaximumLength"></field><field name="related_entity2_ss.MaximumLength"></field></doc><doc><field name="name">owl:NamedIndividual</field><field name="id">http://www.semanticweb.org/tedsullivan/ontologies/2015/5/music-10#Beethoven_Symphony_Number_5_-_Movement_3</field><field name="related_entity1_ss">owl:NamedIndividual</field><field name="related_entity2_ss">Symphony Number 5 - Movement 1</field><field name="related_entity2_ss">Ludwig Van Beethoven</field><field name="Composition_Type.Length">8</field><field name="related_entity2_ss.Length">20</field><field name="path">/Composition/Movement/owl:NamedIndividual</field><field name="Composition_Type">Movement</field><field name="Composition_Type.MaximumLength"></field><field name="related_entity2_ss.MaximumLength"></field></doc><doc><field name="name">owl:NamedIndividual</field><field name="id">http://www.semanticweb.org/tedsullivan/ontologies/2015/5/music-10#Beethoven_Symphony_Number_5_-_Movement_4</field><field name="related_entity1_ss">owl:NamedIndividual</field><field name="related_entity2_ss">Symphony Number 5 - Movement 1</field><field name="related_entity2_ss">Ludwig Van Beethoven</field><field name="Composition_Type.Length">8</field><field name="related_entity2_ss.Length">20</field><field name="path">/Composition/Movement/owl:NamedIndividual</field><field name="Composition_Type">Movement</field><field name="Composition_Type.MaximumLength"></field><field name="related_entity2_ss.MaximumLength"></field></doc><doc><field name="name">Song</field><field name="id">http://www.semanticweb.org/tedsullivan/ontologies/2015/5/music-10#Song</field><field name="rdfs:subClassOf">http://www.semanticweb.org/tedsullivan/ontologies/2015/5/music-10#Compositions</field><field name="path">/Composition/Song</field><field name="hasVerb">{"text":["composed"]}</field><field name="hasVerb">{"text":["written"]}</field><field name="hasVerb">{"text":["authored"]}</field><field name="hasVerb">{"text":["wrote"]}</field><field name="hasVerb.Count">4</field></doc><doc><field name="name">Prodigal Son</field><field name="id">http://www.semanticweb.org/tedsullivan/ontologies/2015/5/music-10#Prodigal_Son</field><field name="composer_ss.Length">14</field><field name="Composition_Type.Length">4</field><field name="composer_ss.MaximumLength"></field><field name="verb_ss">composed</field><field name="verb_ss">written</field><field name="verb_ss">authored</field><field name="verb_ss">wrote</field><field name="path">/Song/Prodigal Son</field><field name="Composition_Type">Song</field><field name="verb_ss.Length">5</field><field name="verb_ss.MaximumLength"></field><field name="Composition_Type.MaximumLength"></field><field name="composer_ss">Robert Wilkins</field></doc><doc><field name="name">Nadine</field><field name="id">http://www.semanticweb.org/tedsullivan/ontologies/2015/5/music-10#Nadine</field><field name="composer_ss.Length">11</field><field name="related_entity1_ss">Chuck Berry</field><field name="Composition_Type.Length">4</field><field name="composer_ss.MaximumLength"></field><field name="original_performer.MaximumLength"></field><field name="verb_ss">composed</field><field name="verb_ss">written</field><field name="verb_ss">authored</field><field name="verb_ss">wrote</field><field name="path">/Song/Nadine</field><field name="Composition_Type">Song</field><field name="verb_ss.Length">5</field><field name="verb_ss.MaximumLength"></field><field name="Composition_Type.MaximumLength"></field><field name="composer_ss">Chuck Berry</field><field name="original_performer.Length">11</field><field name="original_performer">Chuck Berry</field></doc><doc><field name="name">Kansas City</field><field name="id">http://www.semanticweb.org/tedsullivan/ontologies/2015/5/music-10#Kansas_City</field><field name="composer_ss.MaximumLength"></field><field name="path">/Song/Kansas City</field><field name="lyricist_ss.Length">12</field><field name="Composition_Type">Song</field><field name="lyricist_ss">Mike Stoller</field><field name="composer_ss">Jerry Leiber</field><field name="composer_ss.Length">12</field><field name="Composition_Type.Length">4</field><field name="lyricist_ss.MaximumLength"></field><field name="verb_ss">composed</field><field name="verb_ss">written</field><field name="verb_ss">authored</field><field name="verb_ss">wrote</field><field name="genres_ss">Rock</field><field name="genres_ss">Rock &amp; Roll</field><field name="verb_ss.Length">5</field><field name="verb_ss.MaximumLength"></field><field name="Composition_Type.MaximumLength"></field></doc><doc><field name="name">Sweet Wanomi</field><field name="id">http://www.semanticweb.org/tedsullivan/ontologies/2015/5/music-10#Sweet_Wanomi</field><field name="composer_ss.Length">12</field><field name="related_entity1_ss">Bill Withers</field><field name="Composition_Type.Length">4</field><field name="composer_ss.MaximumLength"></field><field name="original_performer.MaximumLength"></field><field name="verb_ss">composed</field><field name="verb_ss">written</field><field name="verb_ss">authored</field><field name="verb_ss">wrote</field><field name="path">/Song/Sweet Wanomi</field><field name="Composition_Type">Song</field><field name="verb_ss.Length">5</field><field name="verb_ss.MaximumLength"></field><field name="Composition_Type.MaximumLength"></field><field name="composer_ss">Bill Withers</field><field name="original_performer.Length">12</field><field name="original_performer">Bill Withers</field></doc><doc><field name="name">It's Wonderful</field><field name="id">http://www.semanticweb.org/tedsullivan/ontologies/2015/5/music-10#Its_Wonderful</field><field name="related_entity1_ss">The Young Rascals</field><field name="composer_ss.MaximumLength"></field><field name="path">/Song/It's Wonderful</field><field name="Composition_Type">Song</field><field name="composer_ss">Eddie Brigati</field><field name="composer_ss">Felix Cavaliere</field><field name="original_performer.Length">17</field><field name="original_performer">The Young Rascals</field><field name="composer_ss.Length">15</field><field name="Composition_Type.Length">4</field><field name="original_performer.MaximumLength"></field><field name="verb_ss">composed</field><field name="verb_ss">written</field><field name="verb_ss">authored</field><field name="verb_ss">wrote</field><field name="verb_ss.Length">5</field><field name="verb_ss.MaximumLength"></field><field name="Composition_Type.MaximumLength"></field><field name="composer.Count">4</field></doc><doc><field name="name">Free Four</field><field name="id">http://www.semanticweb.org/tedsullivan/ontologies/2015/5/music-10#Free_Four</field><field name="related_entity1_ss">Pink Floyd</field><field name="composer_ss.MaximumLength"></field><field name="path">/Song/Free Four</field><field name="Composition_Type">Song</field><field name="composer_ss">Roger Waters</field><field name="original_performer.Length">10</field><field name="original_performer">Pink Floyd</field><field name="composer_ss.Length">12</field><field name="Composition_Type.Length">4</field><field name="original_performer.MaximumLength"></field><field name="verb_ss">composed</field><field name="verb_ss">written</field><field name="verb_ss">authored</field><field name="verb_ss">wrote</field><field name="genres_ss">Rock</field><field name="genres_ss">Progressive Rock</field><field name="verb_ss.Length">5</field><field name="verb_ss.MaximumLength"></field><field name="Composition_Type.MaximumLength"></field></doc><doc><field name="name">Yea! Heavy and a Bottle of Bread</field><field name="id">http://www.semanticweb.org/tedsullivan/ontologies/2015/5/music-10#Yea_Heavy_and_a_Bottle_of_Bread</field><field name="related_entity1_ss">Bob Dylan</field><field name="related_entity1_ss">The Band</field><field name="composer_ss.MaximumLength"></field><field name="original_performer.Count">2</field><field name="path">/Song/Yea! Heavy and a Bottle of Bread</field><field name="Composition_Type">Song</field><field name="composer_ss">Bob Dylan</field><field name="hasPerformer_ss">Bob Dylan</field><field name="hasPerformer_ss">The Band</field><field name="composer_ss.Length">9</field><field name="Composition_Type.Length">4</field><field name="verb_ss">composed</field><field name="verb_ss">written</field><field name="verb_ss">authored</field><field name="verb_ss">wrote</field><field name="genres_ss">Folk</field><field name="genres_ss">Folk Rock</field><field name="genres_ss">Rock</field><field name="verb_ss.Length">5</field><field name="verb_ss.MaximumLength"></field><field name="Composition_Type.MaximumLength"></field></doc><doc><field name="name">Nightingale</field><field name="id">http://www.semanticweb.org/tedsullivan/ontologies/2015/5/music-10#Nightingale</field><field name="composer_ss.Length">14</field><field name="Composition_Type.Length">4</field><field name="composer_ss.MaximumLength"></field><field name="verb_ss">composed</field><field name="verb_ss">written</field><field name="verb_ss">authored</field><field name="verb_ss">wrote</field><field name="path">/Song/Nightingale</field><field name="Composition_Type">Song</field><field name="genres_ss">Rock</field><field name="verb_ss.Length">5</field><field name="verb_ss.MaximumLength"></field><field name="Composition_Type.MaximumLength"></field><field name="composer_ss">Jackson Browne</field></doc><doc><field name="name">Dreams</field><field name="id">http://www.semanticweb.org/tedsullivan/ontologies/2015/5/music-10#Dreams</field><field name="composer_ss.Length">12</field><field name="Composition_Type.Length">4</field><field name="composer_ss.MaximumLength"></field><field name="verb_ss">composed</field><field name="verb_ss">written</field><field name="verb_ss">authored</field><field name="verb_ss">wrote</field><field name="path">/Song/Dreams</field><field name="Composition_Type">Song</field><field name="genres_ss">Rock</field><field name="genres_ss">Soft Rock</field><field name="verb_ss.Length">5</field><field name="verb_ss.MaximumLength"></field><field name="Composition_Type.MaximumLength"></field><field name="composer_ss">Stevie Nicks</field></doc><doc><field name="name">Gold Dust Woman</field><field name="id">http://www.semanticweb.org/tedsullivan/ontologies/2015/5/music-10#Gold_Dust_Woman</field><field name="composer_ss.Length">12</field><field name="Composition_Type.Length">4</field><field name="composer_ss.MaximumLength"></field><field name="verb_ss">composed</field><field name="verb_ss">written</field><field name="verb_ss">authored</field><field name="verb_ss">wrote</field><field name="path">/Song/Gold Dust Woman</field><field name="Composition_Type">Song</field><field name="genres_ss">Rock</field><field name="verb_ss.Length">5</field><field name="verb_ss.MaximumLength"></field><field name="Composition_Type.MaximumLength"></field><field name="composer_ss">Stevie Nicks</field></doc><doc><field name="name">Them Changes</field><field name="id">http://www.semanticweb.org/tedsullivan/ontologies/2015/5/music-10#Them_Changes</field><field name="related_entity1_ss">Buddy Miles</field><field name="composer_ss.MaximumLength"></field><field name="path">/Song/Them Changes</field><field name="Composition_Type">Song</field><field name="composer_ss">Buddy Miles</field><field name="original_performer.Length">11</field><field name="original_performer">Buddy Miles</field><field name="composer_ss.Length">11</field><field name="Composition_Type.Length">4</field><field name="original_performer.MaximumLength"></field><field name="verb_ss">composed</field><field name="verb_ss">written</field><field name="verb_ss">authored</field><field name="verb_ss">wrote</field><field name="genres_ss">Rock</field><field name="verb_ss.Length">5</field><field name="verb_ss.MaximumLength"></field><field name="Composition_Type.MaximumLength"></field></doc><doc><field name="name">The Same Thing</field><field name="id">http://www.semanticweb.org/tedsullivan/ontologies/2015/5/music-10#The_Same_Thing</field><field name="composer_ss.Length">12</field><field name="Composition_Type.Length">4</field><field name="composer_ss.MaximumLength"></field><field name="verb_ss">composed</field><field name="verb_ss">written</field><field name="verb_ss">authored</field><field name="verb_ss">wrote</field><field name="path">/Song/The Same Thing</field><field name="Composition_Type">Song</field><field name="verb_ss.Length">5</field><field name="verb_ss.MaximumLength"></field><field name="Composition_Type.MaximumLength"></field><field name="composer_ss">Willie Dixon</field></doc><doc><field name="name">Bugle Call Rag</field><field name="id">http://www.semanticweb.org/tedsullivan/ontologies/2015/5/music-10#Bugle_Call_Rag</field><field name="composer_ss.Length">11</field><field name="Composition_Type.Length">4</field><field name="composer_ss.MaximumLength"></field><field name="verb_ss">composed</field><field name="verb_ss">written</field><field name="verb_ss">authored</field><field name="verb_ss">wrote</field><field name="path">/Song/Bugle Call Rag</field><field name="Composition_Type">Song</field><field name="genres_ss">Jazz</field><field name="genres_ss">Ragtime</field><field name="verb_ss.Length">5</field><field name="verb_ss.MaximumLength"></field><field name="Composition_Type.MaximumLength"></field><field name="composer_ss">Billy Meyers</field><field name="composer_ss">Elmer Schoebel</field><field name="composer_ss">Jack Pettis</field><field name="composer.Count">6</field></doc><doc><field name="name">Ukiah</field><field name="id">http://www.semanticweb.org/tedsullivan/ontologies/2015/5/music-10#Ukiah</field><field name="related_entity1_ss">Doobie Brothers</field><field name="composer_ss.MaximumLength"></field><field name="path">/Song/Ukiah</field><field name="Composition_Type">Song</field><field name="composer_ss">Tom Johnston</field><field name="original_performer.Length">15</field><field name="original_performer">Doobie Brothers</field><field name="composer_ss.Length">12</field><field name="Composition_Type.Length">4</field><field name="original_performer.MaximumLength"></field><field name="verb_ss">composed</field><field name="verb_ss">written</field><field name="verb_ss">authored</field><field name="verb_ss">wrote</field><field name="genres_ss">Rock</field><field name="verb_ss.Length">5</field><field name="verb_ss.MaximumLength"></field><field name="Composition_Type.MaximumLength"></field></doc><doc><field name="name">Caravan</field><field name="id">http://www.semanticweb.org/tedsullivan/ontologies/2015/5/music-10#Caravan</field><field name="related_entity1_ss">Van Morrison</field><field name="composer_ss.MaximumLength"></field><field name="path">/Song/Caravan</field><field name="Composition_Type">Song</field><field name="composer_ss">Van Morrison</field><field name="original_performer.Length">12</field><field name="original_performer">Van Morrison</field><field name="composer_ss.Length">12</field><field name="Composition_Type.Length">4</field><field name="original_performer.MaximumLength"></field><field name="verb_ss">composed</field><field name="verb_ss">written</field><field name="verb_ss">authored</field><field name="verb_ss">wrote</field><field name="genres_ss">Rock</field><field name="verb_ss.Length">5</field><field name="verb_ss.MaximumLength"></field><field name="Composition_Type.MaximumLength"></field></doc><doc><field name="name">Afternoon In Paris</field><field name="id">http://www.semanticweb.org/tedsullivan/ontologies/2015/5/music-10#Afternoon_In_Paris</field><field name="composer_ss.Length">10</field><field name="Composition_Type.Length">4</field><field name="composer_ss.MaximumLength"></field><field name="verb_ss">composed</field><field name="verb_ss">written</field><field name="verb_ss">authored</field><field name="verb_ss">wrote</field><field name="path">/Song/Afternoon In Paris</field><field name="Composition_Type">Song</field><field name="verb_ss.Length">5</field><field name="verb_ss.MaximumLength"></field><field name="Composition_Type.MaximumLength"></field><field name="composer_ss">John Lewis</field></doc><doc><field name="name">Jolene</field><field name="id">http://www.semanticweb.org/tedsullivan/ontologies/2015/5/music-10#Jolene</field><field name="related_entity1_ss">Dolly Parton</field><field name="composer_ss.MaximumLength"></field><field name="hasGenre.Count">4</field><field name="path">/Song/Jolene</field><field name="Composition_Type">Song</field><field name="composer_ss">Dolly Parton</field><field name="original_performer.Length">12</field><field name="original_performer">Dolly Parton</field><field name="composer_ss.Length">12</field><field name="Composition_Type.Length">4</field><field name="original_performer.MaximumLength"></field><field name="verb_ss">composed</field><field name="verb_ss">written</field><field name="verb_ss">authored</field><field name="verb_ss">wrote</field><field name="genres_ss">Country</field><field name="genres_ss">Bluegrass</field><field name="genres_ss">Folk</field><field name="genres_ss">Country pop</field><field name="verb_ss.Length">5</field><field name="verb_ss.MaximumLength"></field><field name="Composition_Type.MaximumLength"></field></doc><doc><field name="name">The Book Of Love</field><field name="id">http://www.semanticweb.org/tedsullivan/ontologies/2015/5/music-10#Book_Of_Love</field><field name="composer_ss.Length">12</field><field name="Composition_Type.Length">4</field><field name="composer_ss.MaximumLength"></field><field name="verb_ss">composed</field><field name="verb_ss">written</field><field name="verb_ss">authored</field><field name="verb_ss">wrote</field><field name="path">/Song/The Book Of Love</field><field name="Composition_Type">Song</field><field name="genres_ss">Rock</field><field name="genres_ss">Doo Wop</field><field name="verb_ss.Length">5</field><field name="verb_ss.MaximumLength"></field><field name="Composition_Type.MaximumLength"></field><field name="composer_ss">Charles Patrick</field><field name="composer_ss">George Malone</field><field name="composer_ss">Warren Davis</field><field name="composer.Count">6</field></doc><doc><field name="name">Playing for Keeps</field><field name="id">http://www.semanticweb.org/tedsullivan/ontologies/2015/5/music-10#Playing_for_Keeps</field><field name="composer_ss.Length">13</field><field name="Composition_Type.Length">4</field><field name="composer_ss.MaximumLength"></field><field name="verb_ss">composed</field><field name="verb_ss">written</field><field name="verb_ss">authored</field><field name="verb_ss">wrote</field><field name="path">/Song/Playing for Keeps</field><field name="Composition_Type">Song</field><field name="verb_ss.Length">5</field><field name="verb_ss.MaximumLength"></field><field name="Composition_Type.MaximumLength"></field><field name="composer_ss">Bernard Weinman</field><field name="composer_ss">Lee Rosenberg</field><field name="composer.Count">4</field></doc><doc><field name="name">Lean On Me</field><field name="id">http://www.semanticweb.org/tedsullivan/ontologies/2015/5/music-10#Lean_On_Me</field><field name="composer_ss.Length">12</field><field name="related_entity1_ss">Bill Withers</field><field name="Composition_Type.Length">4</field><field name="composer_ss.MaximumLength"></field><field name="original_performer.MaximumLength"></field><field name="verb_ss">composed</field><field name="verb_ss">written</field><field name="verb_ss">authored</field><field name="verb_ss">wrote</field><field name="path">/Song/Lean On Me</field><field name="Composition_Type">Song</field><field name="verb_ss.Length">5</field><field name="verb_ss.MaximumLength"></field><field name="Composition_Type.MaximumLength"></field><field name="composer_ss">Bill Withers</field><field name="original_performer.Length">12</field><field name="original_performer">Bill Withers</field></doc><doc><field name="name">Everything But You</field><field name="id">http://www.semanticweb.org/tedsullivan/ontologies/2015/5/music-10#Everything_But_You_-_McFadden</field><field name="related_entity1_ss">Brian McFadden</field><field name="composer_ss.MaximumLength"></field><field name="path">/Song/Everything But You</field><field name="Composition_Type">Song</field><field name="composer_ss">Brian McFadden</field><field name="composer_ss">Jez Ashurst</field><field name="original_performer.Length">14</field><field name="original_performer">Brian McFadden</field><field name="composer_ss.Length">11</field><field name="Composition_Type.Length">4</field><field name="original_performer.MaximumLength"></field><field name="verb_ss">composed</field><field name="verb_ss">written</field><field name="verb_ss">authored</field><field name="verb_ss">wrote</field><field name="verb_ss.Length">5</field><field name="verb_ss.MaximumLength"></field><field name="Composition_Type.MaximumLength"></field><field name="composer.Count">4</field></doc><doc><field name="name">Don't Cry Daddy</field><field name="id">http://www.semanticweb.org/tedsullivan/ontologies/2015/5/music-10#Dont_Cry_Daddy</field><field name="composer_ss.Length">9</field><field name="Composition_Type.Length">4</field><field name="composer_ss.MaximumLength"></field><field name="verb_ss">composed</field><field name="verb_ss">written</field><field name="verb_ss">authored</field><field name="verb_ss">wrote</field><field name="path">/Song/Don't Cry Daddy</field><field name="Composition_Type">Song</field><field name="genres_ss">Country</field><field name="verb_ss.Length">5</field><field name="verb_ss.MaximumLength"></field><field name="Composition_Type.MaximumLength"></field><field name="composer_ss">Mac Davis</field></doc><doc><field name="name">Ruby Tuesday</field><field name="id">http://www.semanticweb.org/tedsullivan/ontologies/2015/5/music-10#Ruby_Tuesday</field><field name="related_entity1_ss">Rolling Stones</field><field name="composer_ss.MaximumLength"></field><field name="path">/Song/Ruby Tuesday</field><field name="Composition_Type">Song</field><field name="composer_ss">Keith Richards</field><field name="composer_ss">Mick Jagger</field><field name="original_performer.Length">14</field><field name="original_performer">Rolling Stones</field><field name="composer_ss.Length">11</field><field name="Composition_Type.Length">4</field><field name="original_performer.MaximumLength"></field><field name="verb_ss">composed</field><field name="verb_ss">written</field><field name="verb_ss">authored</field><field name="verb_ss">wrote</field><field name="verb_ss.Length">5</field><field name="verb_ss.MaximumLength"></field><field name="Composition_Type.MaximumLength"></field><field name="composer.Count">4</field></doc><doc><field name="name">I'll Never Leave You</field><field name="id">http://www.semanticweb.org/tedsullivan/ontologies/2015/5/music-10#Ill_Never_Leave_You</field><field name="composer_ss.Length">13</field><field name="related_entity1_ss">Harry Nilsson</field><field name="Composition_Type.Length">4</field><field name="composer_ss.MaximumLength"></field><field name="original_performer.MaximumLength"></field><field name="verb_ss">composed</field><field name="verb_ss">written</field><field name="verb_ss">authored</field><field name="verb_ss">wrote</field><field name="path">/Song/I'll Never Leave You</field><field name="Composition_Type">Song</field><field name="verb_ss.Length">5</field><field name="verb_ss.MaximumLength"></field><field name="Composition_Type.MaximumLength"></field><field name="composer_ss">Harry Nilsson</field><field name="original_performer.Length">13</field><field name="original_performer">Harry Nilsson</field></doc><doc><field name="name">Mr. Pain</field><field name="id">http://www.semanticweb.org/tedsullivan/ontologies/2015/5/music-10#Mr._Pain</field><field name="related_entity1_ss">The Judds</field><field name="composer_ss.MaximumLength"></field><field name="path">/Song/Mr. Pain</field><field name="Composition_Type">Song</field><field name="composer_ss">Kent Robbins</field><field name="composer_ss">Naomi Judd</field><field name="original_performer.Length">9</field><field name="original_performer">The Judds</field><field name="composer_ss.Length">10</field><field name="Composition_Type.Length">4</field><field name="original_performer.MaximumLength"></field><field name="verb_ss">composed</field><field name="verb_ss">written</field><field name="verb_ss">authored</field><field name="verb_ss">wrote</field><field name="genres_ss">Country</field><field name="verb_ss.Length">5</field><field name="verb_ss.MaximumLength"></field><field name="Composition_Type.MaximumLength"></field><field name="composer.Count">4</field></doc><doc><field name="name">A Horse With No Name</field><field name="id">http://www.semanticweb.org/tedsullivan/ontologies/2015/5/music-10#A_Horse_With_No_Name</field><field name="related_entity1_ss">America</field><field name="composer_ss.MaximumLength"></field><field name="path">/Song/A Horse With No Name</field><field name="Composition_Type">Song</field><field name="composer_ss">Dewey Bunnell</field><field name="original_performer.Length">7</field><field name="original_performer">America</field><field name="composer_ss.Length">13</field><field name="Composition_Type.Length">4</field><field name="original_performer.MaximumLength"></field><field name="verb_ss">composed</field><field name="verb_ss">written</field><field name="verb_ss">authored</field><field name="verb_ss">wrote</field><field name="genres_ss">Folk</field><field name="genres_ss">Folk Rock</field><field name="genres_ss">Rock</field><field name="verb_ss.Length">5</field><field name="verb_ss.MaximumLength"></field><field name="Composition_Type.MaximumLength"></field></doc><doc><field name="name">Rockin' Daddy</field><field name="id">http://www.semanticweb.org/tedsullivan/ontologies/2015/5/music-10#Rockin_Daddy</field><field name="related_entity1_ss">Howlin' Wolf</field><field name="composer_ss.MaximumLength"></field><field name="path">/Song/Rockin' Daddy</field><field name="Composition_Type">Song</field><field name="composer_ss">Howlin' Wolf</field><field name="original_performer.Length">12</field><field name="original_performer">Howlin' Wolf</field><field name="composer_ss.Length">12</field><field name="Composition_Type.Length">4</field><field name="original_performer.MaximumLength"></field><field name="verb_ss">composed</field><field name="verb_ss">written</field><field name="verb_ss">authored</field><field name="verb_ss">wrote</field><field name="genres_ss">Blues</field><field name="verb_ss.Length">5</field><field name="verb_ss.MaximumLength"></field><field name="Composition_Type.MaximumLength"></field></doc><doc><field name="name">Cherry, Cherry</field><field name="id">http://www.semanticweb.org/tedsullivan/ontologies/2015/5/music-10#Cherry</field><field name="composer_ss.Length">12</field><field name="related_entity1_ss">Neil Diamond</field><field name="Composition_Type.Length">4</field><field name="composer_ss.MaximumLength"></field><field name="original_performer.MaximumLength"></field><field name="verb_ss">composed</field><field name="verb_ss">written</field><field name="verb_ss">authored</field><field name="verb_ss">wrote</field><field name="path">/Song/Cherry, Cherry</field><field name="Composition_Type">Song</field><field name="verb_ss.Length">5</field><field name="verb_ss.MaximumLength"></field><field name="Composition_Type.MaximumLength"></field><field name="composer_ss">Neil Diamond</field><field name="original_performer.Length">12</field><field name="original_performer">Neil Diamond</field></doc><doc><field name="name">Walkin' My Baby Back Home</field><field name="id">http://www.semanticweb.org/tedsullivan/ontologies/2015/5/music-10#Walkin_My_Baby_Back_Home</field><field name="Composition_Type.Length">4</field><field name="verb_ss">composed</field><field name="verb_ss">written</field><field name="verb_ss">authored</field><field name="verb_ss">wrote</field><field name="path">/Song/Walkin' My Baby Back Home</field><field name="Composition_Type">Song</field><field name="verb_ss.Length">5</field><field name="verb_ss.MaximumLength"></field><field name="Composition_Type.MaximumLength"></field></doc><doc><field name="name">Politician</field><field name="id">http://www.semanticweb.org/tedsullivan/ontologies/2015/5/music-10#Politician</field><field name="related_entity1_ss">Cream</field><field name="composer_ss.MaximumLength"></field><field name="path">/Song/Politician</field><field name="lyricist_ss.Length">10</field><field name="Composition_Type">Song</field><field name="lyricist_ss">Pete Brown</field><field name="composer_ss">Jack Bruce</field><field name="original_performer.Length">5</field><field name="original_performer">Cream</field><field name="composer_ss.Length">10</field><field name="Composition_Type.Length">4</field><field name="original_performer.MaximumLength"></field><field name="lyricist_ss.MaximumLength"></field><field name="verb_ss">composed</field><field name="verb_ss">written</field><field name="verb_ss">authored</field><field name="verb_ss">wrote</field><field name="genres_ss">Rock</field><field name="verb_ss.Length">5</field><field name="verb_ss.MaximumLength"></field><field name="Composition_Type.MaximumLength"></field></doc><doc><field name="name">Goodnight Ladies</field><field name="id">http://www.semanticweb.org/tedsullivan/ontologies/2015/5/music-10#Goodnight_Ladies</field><field name="composer_ss.Length">8</field><field name="related_entity1_ss">Lou Reed</field><field name="Composition_Type.Length">4</field><field name="composer_ss.MaximumLength"></field><field name="original_performer.MaximumLength"></field><field name="verb_ss">composed</field><field name="verb_ss">written</field><field name="verb_ss">authored</field><field name="verb_ss">wrote</field><field name="path">/Song/Goodnight Ladies</field><field name="Composition_Type">Song</field><field name="verb_ss.Length">5</field><field name="verb_ss.MaximumLength"></field><field name="Composition_Type.MaximumLength"></field><field name="composer_ss">Lou Reed</field><field name="original_performer.Length">8</field><field name="original_performer">Lou Reed</field></doc><doc><field name="name">Hello Darlin,'</field><field name="id">http://www.semanticweb.org/tedsullivan/ontologies/2015/5/music-10#Hello_Darlin</field><field name="Composition_Type.Length">4</field><field name="verb_ss">composed</field><field name="verb_ss">written</field><field name="verb_ss">authored</field><field name="verb_ss">wrote</field><field name="path">/Song/Hello Darlin,'</field><field name="Composition_Type">Song</field><field name="verb_ss.Length">5</field><field name="verb_ss.MaximumLength"></field><field name="Composition_Type.MaximumLength"></field></doc><doc><field name="name">Diggin' Diz</field><field name="id">http://www.semanticweb.org/tedsullivan/ontologies/2015/5/music-10#Diggin_Diz</field><field name="composer_ss.Length">12</field><field name="Composition_Type.Length">4</field><field name="composer_ss.MaximumLength"></field><field name="verb_ss">composed</field><field name="verb_ss">written</field><field name="verb_ss">authored</field><field name="verb_ss">wrote</field><field name="path">/Song/Diggin' Diz</field><field name="Composition_Type">Song</field><field name="genres_ss">Jazz</field><field name="verb_ss.Length">5</field><field name="verb_ss.MaximumLength"></field><field name="Composition_Type.MaximumLength"></field><field name="composer_ss">George Handy</field></doc><doc><field name="name">How Little We Know</field><field name="id">http://www.semanticweb.org/tedsullivan/ontologies/2015/5/music-10#How_Little_We_Know</field><field name="composer_ss.Length">13</field><field name="Composition_Type.Length">4</field><field name="composer_ss.MaximumLength"></field><field name="verb_ss">composed</field><field name="verb_ss">written</field><field name="verb_ss">authored</field><field name="verb_ss">wrote</field><field name="path">/Song/How Little We Know</field><field name="Composition_Type">Song</field><field name="genres_ss">Jazz</field><field name="verb_ss.Length">5</field><field name="verb_ss.MaximumLength"></field><field name="Composition_Type.MaximumLength"></field><field name="composer_ss">Hoagy Carmichael</field><field name="composer_ss">Johnny Mercer</field><field name="composer.Count">4</field></doc><doc><field name="name">Scotch And Soda</field><field name="id">http://www.semanticweb.org/tedsullivan/ontologies/2015/5/music-10#Scotch_and_Soda</field><field name="related_entity1_ss">Charlie Barnet and His Orchestra</field><field name="composer_ss.MaximumLength"></field><field name="path">/Song/Scotch And Soda</field><field name="Composition_Type">Song</field><field name="composer_ss">Charlie Barnet</field><field name="composer_ss">Roscoe Fritz</field><field name="original_performer.Length">32</field><field name="original_performer">Charlie Barnet and His Orchestra</field><field name="composer_ss.Length">12</field><field name="Composition_Type.Length">4</field><field name="original_performer.MaximumLength"></field><field name="verb_ss">composed</field><field name="verb_ss">written</field><field name="verb_ss">authored</field><field name="verb_ss">wrote</field><field name="verb_ss.Length">5</field><field name="verb_ss.MaximumLength"></field><field name="Composition_Type.MaximumLength"></field><field name="composer.Count">4</field></doc><doc><field name="name">Girls Are Out To Get You</field><field name="id">http://www.semanticweb.org/tedsullivan/ontologies/2015/5/music-10#Girls_Are_Out_to_Get_You</field><field name="composer_ss.Length">15</field><field name="Composition_Type.Length">4</field><field name="composer_ss.MaximumLength"></field><field name="verb_ss">composed</field><field name="verb_ss">written</field><field name="verb_ss">authored</field><field name="verb_ss">wrote</field><field name="path">/Song/Girls Are Out To Get You</field><field name="Composition_Type">Song</field><field name="verb_ss.Length">5</field><field name="verb_ss.MaximumLength"></field><field name="Composition_Type.MaximumLength"></field><field name="composer_ss">Curtis Mayfield</field></doc><doc><field name="name">Don't Be Cruel</field><field name="id">http://www.semanticweb.org/tedsullivan/ontologies/2015/5/music-10#Dont_Be_Cruel</field><field name="related_entity1_ss">Steve Sholes</field><field name="related_entity1_ss">Elvis Presley</field><field name="composer_ss.MaximumLength"></field><field name="path">/Song/Don't Be Cruel</field><field name="Composition_Type">Song</field><field name="composer_ss">Elvis Presley</field><field name="composer_ss">Otis Blackwell</field><field name="original_performer.Length">13</field><field name="original_performer">Elvis Presley</field><field name="composer_ss.Length">14</field><field name="Composition_Type.Length">4</field><field name="original_performer.MaximumLength"></field><field name="verb_ss">composed</field><field name="verb_ss">written</field><field name="verb_ss">authored</field><field name="verb_ss">wrote</field><field name="genres_ss">Rock</field><field name="genres_ss">Rock &amp; Roll</field><field name="verb_ss.Length">5</field><field name="verb_ss.MaximumLength"></field><field name="Composition_Type.MaximumLength"></field><field name="composer.Count">4</field></doc><doc><field name="name">I'm A Steady Rollin' Man</field><field name="id">http://www.semanticweb.org/tedsullivan/ontologies/2015/5/music-10#Im_A_Steady_Rollin_Man</field><field name="related_entity1_ss">Robert Johnson</field><field name="composer_ss.MaximumLength"></field><field name="path">/Song/I'm A Steady Rollin' Man</field><field name="Composition_Type">Song</field><field name="composer_ss">Robert Johnson</field><field name="original_performer.Length">14</field><field name="original_performer">Robert Johnson</field><field name="composer_ss.Length">14</field><field name="Composition_Type.Length">4</field><field name="original_performer.MaximumLength"></field><field name="verb_ss">composed</field><field name="verb_ss">written</field><field name="verb_ss">authored</field><field name="verb_ss">wrote</field><field name="genres_ss">Blues</field><field name="genres_ss">Delta Blues</field><field name="verb_ss.Length">5</field><field name="verb_ss.MaximumLength"></field><field name="Composition_Type.MaximumLength"></field></doc><doc><field name="name">Shake Your Hips</field><field name="id">http://www.semanticweb.org/tedsullivan/ontologies/2015/5/music-10#Shake_Your_Hips</field><field name="composer_ss.Length">11</field><field name="Composition_Type.Length">4</field><field name="composer_ss.MaximumLength"></field><field name="verb_ss">composed</field><field name="verb_ss">written</field><field name="verb_ss">authored</field><field name="verb_ss">wrote</field><field name="path">/Song/Shake Your Hips</field><field name="Composition_Type">Song</field><field name="verb_ss.Length">5</field><field name="verb_ss.MaximumLength"></field><field name="Composition_Type.MaximumLength"></field><field name="composer_ss">James Moore</field></doc><doc><field name="name">Easy Living</field><field name="id">http://www.semanticweb.org/tedsullivan/ontologies/2015/5/music-10#Easy_Living</field><field name="Composition_Type.Length">4</field><field name="verb_ss">composed</field><field name="verb_ss">written</field><field name="verb_ss">authored</field><field name="verb_ss">wrote</field><field name="path">/Song/Easy Living</field><field name="Composition_Type">Song</field><field name="verb_ss.Length">5</field><field name="verb_ss.MaximumLength"></field><field name="Composition_Type.MaximumLength"></field></doc><doc><field name="name">Prayin' for Your Return</field><field name="id">http://www.semanticweb.org/tedsullivan/ontologies/2015/5/music-10#Prayin_for_Your_Return</field><field name="composer_ss.Length">14</field><field name="Composition_Type.Length">4</field><field name="composer_ss.MaximumLength"></field><field name="verb_ss">composed</field><field name="verb_ss">written</field><field name="verb_ss">authored</field><field name="verb_ss">wrote</field><field name="path">/Song/Prayin' for Your Return</field><field name="Composition_Type">Song</field><field name="verb_ss.Length">5</field><field name="verb_ss.MaximumLength"></field><field name="Composition_Type.MaximumLength"></field><field name="composer_ss">Percy Mayfield</field></doc><doc><field name="name">Hard Drivin' Man</field><field name="id">http://www.semanticweb.org/tedsullivan/ontologies/2015/5/music-10#Hard_Drivin_Man</field><field name="related_entity1_ss">J Geils Band</field><field name="composer_ss.MaximumLength"></field><field name="path">/Song/Hard Drivin' Man</field><field name="Composition_Type">Song</field><field name="composer_ss">J Geils</field><field name="composer_ss">Peter Wolf</field><field name="original_performer.Length">12</field><field name="original_performer">J Geils Band</field><field name="composer_ss.Length">10</field><field name="Composition_Type.Length">4</field><field name="original_performer.MaximumLength"></field><field name="verb_ss">composed</field><field name="verb_ss">written</field><field name="verb_ss">authored</field><field name="verb_ss">wrote</field><field name="verb_ss.Length">5</field><field name="verb_ss.MaximumLength"></field><field name="Composition_Type.MaximumLength"></field><field name="composer.Count">4</field></doc><doc><field name="name">For You</field><field name="id">http://www.semanticweb.org/tedsullivan/ontologies/2015/5/music-10#For_You</field><field name="composer_ss.Length">17</field><field name="related_entity1_ss">Bruce Springsteen</field><field name="Composition_Type.Length">4</field><field name="composer_ss.MaximumLength"></field><field name="original_performer.MaximumLength"></field><field name="verb_ss">composed</field><field name="verb_ss">written</field><field name="verb_ss">authored</field><field name="verb_ss">wrote</field><field name="path">/Song/For You</field><field name="Composition_Type">Song</field><field name="verb_ss.Length">5</field><field name="verb_ss.MaximumLength"></field><field name="Composition_Type.MaximumLength"></field><field name="composer_ss">Bruce Springsteen</field><field name="original_performer.Length">17</field><field name="original_performer">Bruce Springsteen</field></doc><doc><field name="name">Someone Like You</field><field name="id">http://www.semanticweb.org/tedsullivan/ontologies/2015/5/music-10#Someone_Like_You</field><field name="related_entity1_ss">Van Morrison</field><field name="composer_ss.MaximumLength"></field><field name="path">/Song/Someone Like You</field><field name="Composition_Type">Song</field><field name="composer_ss">Van Morrison</field><field name="original_performer.Length">12</field><field name="original_performer">Van Morrison</field><field name="composer_ss.Length">12</field><field name="Composition_Type.Length">4</field><field name="original_performer.MaximumLength"></field><field name="verb_ss">composed</field><field name="verb_ss">written</field><field name="verb_ss">authored</field><field name="verb_ss">wrote</field><field name="genres_ss">Rock</field><field name="genres_ss">Soft Rock</field><field name="verb_ss.Length">5</field><field name="verb_ss.MaximumLength"></field><field name="Composition_Type.MaximumLength"></field></doc><doc><field name="name">Shut Down</field><field name="id">http://www.semanticweb.org/tedsullivan/ontologies/2015/5/music-10#Shut_Down</field><field name="composer_ss.Length">15</field><field name="Composition_Type.Length">4</field><field name="composer_ss.MaximumLength"></field><field name="verb_ss">composed</field><field name="verb_ss">written</field><field name="verb_ss">authored</field><field name="verb_ss">wrote</field><field name="path">/Song/Shut Down</field><field name="Composition_Type">Song</field><field name="verb_ss.Length">5</field><field name="verb_ss.MaximumLength"></field><field name="Composition_Type.MaximumLength"></field><field name="composer_ss">Beach Boys</field><field name="composer_ss">Brian Wilson</field><field name="composer_ss">Mike Love</field><field name="composer_ss">Roger Christian</field><field name="composer.Count">8</field></doc><doc><field name="name">Have You Seen Her</field><field name="id">http://www.semanticweb.org/tedsullivan/ontologies/2015/5/music-10#Have_You_Seen_Her</field><field name="composer_ss.Length">13</field><field name="related_entity1_ss">The Chi-Lites</field><field name="Composition_Type.Length">4</field><field name="composer_ss.MaximumLength"></field><field name="original_performer.MaximumLength"></field><field name="verb_ss">composed</field><field name="verb_ss">written</field><field name="verb_ss">authored</field><field name="verb_ss">wrote</field><field name="path">/Song/Have You Seen Her</field><field name="Composition_Type">Song</field><field name="verb_ss.Length">5</field><field name="verb_ss.MaximumLength"></field><field name="Composition_Type.MaximumLength"></field><field name="composer_ss">Eugene Record</field><field name="original_performer.Length">13</field><field name="original_performer">The Chi-Lites</field></doc><doc><field name="name">I Can't Get Started (With You)</field><field name="id">http://www.semanticweb.org/tedsullivan/ontologies/2015/5/music-10#I_Cant_Get_Started_With_You</field><field name="composer_ss.Length">15</field><field name="Composition_Type.Length">4</field><field name="composer_ss.MaximumLength"></field><field name="verb_ss">composed</field><field name="verb_ss">written</field><field name="verb_ss">authored</field><field name="verb_ss">wrote</field><field name="path">/Song/I Can't Get Started (With You)</field><field name="Composition_Type">Song</field><field name="genres_ss">Jazz</field><field name="verb_ss.Length">5</field><field name="verb_ss.MaximumLength"></field><field name="Composition_Type.MaximumLength"></field><field name="composer_ss">George Gershwin</field></doc><doc><field name="name">Jumpin' Jack Flash</field><field name="id">http://www.semanticweb.org/tedsullivan/ontologies/2015/5/music-10#Jumpin_Jack_Flash</field><field name="related_entity1_ss">Rolling Stones</field><field name="composer_ss.MaximumLength"></field><field name="path">/Song/Jumpin' Jack Flash</field><field name="Composition_Type">Song</field><field name="composer_ss">Keith Richards</field><field name="composer_ss">Mick Jagger</field><field name="original_performer.Length">14</field><field name="original_performer">Rolling Stones</field><field name="composer_ss.Length">11</field><field name="Composition_Type.Length">4</field><field name="original_performer.MaximumLength"></field><field name="verb_ss">composed</field><field name="verb_ss">written</field><field name="verb_ss">authored</field><field name="verb_ss">wrote</field><field name="genres_ss">Rock</field><field name="verb_ss.Length">5</field><field name="verb_ss.MaximumLength"></field><field name="Composition_Type.MaximumLength"></field><field name="composer.Count">4</field></doc><doc><field name="name">Young Fashioned Ways</field><field name="id">http://www.semanticweb.org/tedsullivan/ontologies/2015/5/music-10#Young_Fashioned_Ways</field><field name="composer_ss.Length">12</field><field name="Composition_Type.Length">4</field><field name="composer_ss.MaximumLength"></field><field name="verb_ss">composed</field><field name="verb_ss">written</field><field name="verb_ss">authored</field><field name="verb_ss">wrote</field><field name="path">/Song/Young Fashioned Ways</field><field name="Composition_Type">Song</field><field name="verb_ss.Length">5</field><field name="verb_ss.MaximumLength"></field><field name="Composition_Type.MaximumLength"></field><field name="composer_ss">Willie Dixon</field></doc><doc><field name="name">Free Nelson Mandela</field><field name="id">http://www.semanticweb.org/tedsullivan/ontologies/2015/5/music-10#Free_Nelson_Mandela</field><field name="Composition_Type.Length">4</field><field name="verb_ss">composed</field><field name="verb_ss">written</field><field name="verb_ss">authored</field><field name="verb_ss">wrote</field><field name="path">/Song/Free Nelson Mandela</field><field name="Composition_Type">Song</field><field name="verb_ss.Length">5</field><field name="verb_ss.MaximumLength"></field><field name="Composition_Type.MaximumLength"></field></doc><doc><field name="name">Like A Prayer</field><field name="id">http://www.semanticweb.org/tedsullivan/ontologies/2015/5/music-10#Like_A_Prayer</field><field name="related_entity1_ss">Madonna</field><field name="composer_ss.MaximumLength"></field><field name="path">/Song/Like A Prayer</field><field name="Composition_Type">Song</field><field name="composer_ss">Madonna</field><field name="composer_ss">Patrick Leonard</field><field name="original_performer.Length">7</field><field name="original_performer">Madonna</field><field name="composer_ss.Length">15</field><field name="Composition_Type.Length">4</field><field name="original_performer.MaximumLength"></field><field name="verb_ss">composed</field><field name="verb_ss">written</field><field name="verb_ss">authored</field><field name="verb_ss">wrote</field><field name="verb_ss.Length">5</field><field name="verb_ss.MaximumLength"></field><field name="Composition_Type.MaximumLength"></field><field name="composer.Count">4</field></doc><doc><field name="name">The Girl Is Mine</field><field name="id">http://www.semanticweb.org/tedsullivan/ontologies/2015/5/music-10#The_Girl_Is_Mine</field><field name="composer_ss.Length">15</field><field name="related_entity1_ss">Michael Jackson</field><field name="related_entity1_ss">Paul McCartney</field><field name="Composition_Type.Length">4</field><field name="composer_ss.MaximumLength"></field><field name="verb_ss">composed</field><field name="verb_ss">written</field><field name="verb_ss">authored</field><field name="verb_ss">wrote</field><field name="path">/Song/The Girl Is Mine</field><field name="Composition_Type">Song</field><field name="verb_ss.Length">5</field><field name="verb_ss.MaximumLength"></field><field name="Composition_Type.MaximumLength"></field><field name="composer_ss">Michael Jackson</field></doc><doc><field name="name">Raincheck</field><field name="id">http://www.semanticweb.org/tedsullivan/ontologies/2015/5/music-10#Raincheck</field><field name="Composition_Type.Length">4</field><field name="verb_ss">composed</field><field name="verb_ss">written</field><field name="verb_ss">authored</field><field name="verb_ss">wrote</field><field name="path">/Song/Raincheck</field><field name="Composition_Type">Song</field><field name="verb_ss.Length">5</field><field name="verb_ss.MaximumLength"></field><field name="Composition_Type.MaximumLength"></field></doc><doc><field name="name">Come Sundown</field><field name="id">http://www.semanticweb.org/tedsullivan/ontologies/2015/5/music-10#Come_Sundown</field><field name="related_entity1_ss">Kris Kristofferson</field><field name="composer_ss.MaximumLength"></field><field name="path">/Song/Come Sundown</field><field name="Composition_Type">Song</field><field name="composer_ss">Kris Kristofferson</field><field name="original_performer.Length">18</field><field name="original_performer">Kris Kristofferson</field><field name="composer_ss.Length">18</field><field name="Composition_Type.Length">4</field><field name="original_performer.MaximumLength"></field><field name="verb_ss">composed</field><field name="verb_ss">written</field><field name="verb_ss">authored</field><field name="verb_ss">wrote</field><field name="genres_ss">Country</field><field name="verb_ss.Length">5</field><field name="verb_ss.MaximumLength"></field><field name="Composition_Type.MaximumLength"></field></doc><doc><field name="name">I Got What It Takes</field><field name="id">http://www.semanticweb.org/tedsullivan/ontologies/2015/5/music-10#I_Got_What_It_Takes</field><field name="composer_ss.Length">12</field><field name="Composition_Type.Length">4</field><field name="composer_ss.MaximumLength"></field><field name="verb_ss">composed</field><field name="verb_ss">written</field><field name="verb_ss">authored</field><field name="verb_ss">wrote</field><field name="path">/Song/I Got What It Takes</field><field name="Composition_Type">Song</field><field name="genres_ss">Blues</field><field name="verb_ss.Length">5</field><field name="verb_ss.MaximumLength"></field><field name="Composition_Type.MaximumLength"></field><field name="composer_ss">Willie Dixon</field></doc><doc><field name="name">The Dance</field><field name="id">http://www.semanticweb.org/tedsullivan/ontologies/2015/5/music-10#The_Dance</field><field name="composer_ss.Length">10</field><field name="Composition_Type.Length">4</field><field name="composer_ss.MaximumLength"></field><field name="verb_ss">composed</field><field name="verb_ss">written</field><field name="verb_ss">authored</field><field name="verb_ss">wrote</field><field name="path">/Song/The Dance</field><field name="Composition_Type">Song</field><field name="verb_ss.Length">5</field><field name="verb_ss.MaximumLength"></field><field name="Composition_Type.MaximumLength"></field><field name="composer_ss">Tony Arata</field></doc><doc><field name="name">The Drum Thunder Suite</field><field name="id">http://www.semanticweb.org/tedsullivan/ontologies/2015/5/music-10#The_Drum_Thunder_Suite</field><field name="related_entity1_ss">Art Blakey and the Jazz Messengers</field><field name="composer_ss.MaximumLength"></field><field name="path">/Song/The Drum Thunder Suite</field><field name="Composition_Type">Song</field><field name="composer_ss">Benny Golson</field><field name="original_performer.Length">34</field><field name="original_performer">Art Blakey and the Jazz Messengers</field><field name="composer_ss.Length">12</field><field name="Composition_Type.Length">4</field><field name="original_performer.MaximumLength"></field><field name="verb_ss">composed</field><field name="verb_ss">written</field><field name="verb_ss">authored</field><field name="verb_ss">wrote</field><field name="genres_ss">Jazz</field><field name="genres_ss">Hard Bop</field><field name="verb_ss.Length">5</field><field name="verb_ss.MaximumLength"></field><field name="Composition_Type.MaximumLength"></field></doc><doc><field name="name">Homeward Bound</field><field name="id">http://www.semanticweb.org/tedsullivan/ontologies/2015/5/music-10#Homeward_Bound</field><field name="related_entity1_ss">Simon and Garfunkel</field><field name="composer_ss.MaximumLength"></field><field name="path">/Song/Homeward Bound</field><field name="Composition_Type">Song</field><field name="composer_ss">Paul Simon</field><field name="original_performer.Length">19</field><field name="original_performer">Simon and Garfunkel</field><field name="composer_ss.Length">10</field><field name="Composition_Type.Length">4</field><field name="original_performer.MaximumLength"></field><field name="verb_ss">composed</field><field name="verb_ss">written</field><field name="verb_ss">authored</field><field name="verb_ss">wrote</field><field name="genres_ss">Folk</field><field name="verb_ss.Length">5</field><field name="verb_ss.MaximumLength"></field><field name="Composition_Type.MaximumLength"></field></doc><doc><field name="name">All Of You</field><field name="id">http://www.semanticweb.org/tedsullivan/ontologies/2015/5/music-10#All_Of_You</field><field name="composer_ss.Length">11</field><field name="Composition_Type.Length">4</field><field name="composer_ss.MaximumLength"></field><field name="verb_ss">composed</field><field name="verb_ss">written</field><field name="verb_ss">authored</field><field name="verb_ss">wrote</field><field name="path">/Song/All Of You</field><field name="Composition_Type">Song</field><field name="genres_ss">Jazz</field><field name="verb_ss.Length">5</field><field name="verb_ss.MaximumLength"></field><field name="Composition_Type.MaximumLength"></field><field name="composer_ss">Cole Porter</field></doc><doc><field name="name">Walter's Blues</field><field name="id">http://www.semanticweb.org/tedsullivan/ontologies/2015/5/music-10#Walters_Blues</field><field name="composer_ss.Length">13</field><field name="Composition_Type.Length">4</field><field name="composer_ss.MaximumLength"></field><field name="verb_ss">composed</field><field name="verb_ss">written</field><field name="verb_ss">authored</field><field name="verb_ss">wrote</field><field name="path">/Song/Walter's Blues</field><field name="Composition_Type">Song</field><field name="verb_ss.Length">5</field><field name="verb_ss.MaximumLength"></field><field name="Composition_Type.MaximumLength"></field><field name="composer_ss">Little Walter</field></doc><doc><field name="name">Bitch's Brew</field><field name="id">http://www.semanticweb.org/tedsullivan/ontologies/2015/5/music-10#Bitchs_Brew</field><field name="related_entity1_ss">Aerosmith</field><field name="composer_ss.MaximumLength"></field><field name="path">/Song/Bitch's Brew</field><field name="Composition_Type">Song</field><field name="composer_ss">Jimmy Crespo</field><field name="composer_ss">Steven Tyler</field><field name="original_performer.Length">9</field><field name="original_performer">Aerosmith</field><field name="composer_ss.Length">12</field><field name="Composition_Type.Length">4</field><field name="original_performer.MaximumLength"></field><field name="verb_ss">composed</field><field name="verb_ss">written</field><field name="verb_ss">authored</field><field name="verb_ss">wrote</field><field name="genres_ss">Rock</field><field name="genres_ss">Heavy Metal</field><field name="verb_ss.Length">5</field><field name="verb_ss.MaximumLength"></field><field name="Composition_Type.MaximumLength"></field><field name="composer.Count">4</field></doc><doc><field name="name">The Walk</field><field name="id">http://www.semanticweb.org/tedsullivan/ontologies/2015/5/music-10#The_Walk</field><field name="composer_ss.Length">16</field><field name="related_entity1_ss">Jimmy McCracklin</field><field name="Composition_Type.Length">4</field><field name="composer_ss.MaximumLength"></field><field name="original_performer.MaximumLength"></field><field name="verb_ss">composed</field><field name="verb_ss">written</field><field name="verb_ss">authored</field><field name="verb_ss">wrote</field><field name="path">/Song/The Walk</field><field name="Composition_Type">Song</field><field name="verb_ss.Length">5</field><field name="verb_ss.MaximumLength"></field><field name="Composition_Type.MaximumLength"></field><field name="composer_ss">Jimmy McCracklin</field><field name="original_performer.Length">16</field><field name="original_performer">Jimmy McCracklin</field></doc><doc><field name="name">The Wanderer</field><field name="id">http://www.semanticweb.org/tedsullivan/ontologies/2015/5/music-10#The_Wanderer</field><field name="composer_ss.Length">13</field><field name="Composition_Type.Length">4</field><field name="composer_ss.MaximumLength"></field><field name="verb_ss">composed</field><field name="verb_ss">written</field><field name="verb_ss">authored</field><field name="verb_ss">wrote</field><field name="path">/Song/The Wanderer</field><field name="Composition_Type">Song</field><field name="verb_ss.Length">5</field><field name="verb_ss.MaximumLength"></field><field name="Composition_Type.MaximumLength"></field><field name="composer_ss">Ernie Maresca</field></doc><doc><field name="name">I'm Glad There Is You</field><field name="id">http://www.semanticweb.org/tedsullivan/ontologies/2015/5/music-10#Im_Glad_There_Is_You</field><field name="composer_ss.Length">12</field><field name="Composition_Type.Length">4</field><field name="composer_ss.MaximumLength"></field><field name="verb_ss">composed</field><field name="verb_ss">written</field><field name="verb_ss">authored</field><field name="verb_ss">wrote</field><field name="path">/Song/I'm Glad There Is You</field><field name="Composition_Type">Song</field><field name="verb_ss.Length">5</field><field name="verb_ss.MaximumLength"></field><field name="Composition_Type.MaximumLength"></field><field name="composer_ss">Jimmy Dorsey</field><field name="composer_ss">Paul Madeira</field><field name="composer.Count">4</field></doc><doc><field name="name">Freedom Song</field><field name="id">http://www.semanticweb.org/tedsullivan/ontologies/2015/5/music-10#Freedom_Song</field><field name="Composition_Type.Length">4</field><field name="verb_ss">composed</field><field name="verb_ss">written</field><field name="verb_ss">authored</field><field name="verb_ss">wrote</field><field name="path">/Song/Freedom Song</field><field name="Composition_Type">Song</field><field name="verb_ss.Length">5</field><field name="verb_ss.MaximumLength"></field><field name="Composition_Type.MaximumLength"></field></doc><doc><field name="name">Carny Town</field><field name="id">http://www.semanticweb.org/tedsullivan/ontologies/2015/5/music-10#Carny_Town</field><field name="composer_ss.Length">11</field><field name="Composition_Type.Length">4</field><field name="composer_ss.MaximumLength"></field><field name="verb_ss">composed</field><field name="verb_ss">written</field><field name="verb_ss">authored</field><field name="verb_ss">wrote</field><field name="path">/Song/Carny Town</field><field name="Composition_Type">Song</field><field name="verb_ss.Length">5</field><field name="verb_ss.MaximumLength"></field><field name="Composition_Type.MaximumLength"></field><field name="composer_ss">Fred Wise</field><field name="composer_ss">Randy Starr</field><field name="composer.Count">4</field></doc><doc><field name="name">ABC</field><field name="id">http://www.semanticweb.org/tedsullivan/ontologies/2015/5/music-10#ABC</field><field name="composer_ss.Length">14</field><field name="Composition_Type.Length">4</field><field name="composer_ss.MaximumLength"></field><field name="verb_ss">composed</field><field name="verb_ss">written</field><field name="verb_ss">authored</field><field name="verb_ss">wrote</field><field name="path">/Song/ABC</field><field name="Composition_Type">Song</field><field name="verb_ss.Length">5</field><field name="verb_ss.MaximumLength"></field><field name="Composition_Type.MaximumLength"></field><field name="composer_ss">Alphonso ,",Fonce,", Mizell</field><field name="composer_ss">Berry Gordy</field><field name="composer_ss">Deke Richards</field><field name="composer_ss">Freddie Perren</field><field name="composer.Count">8</field></doc><doc><field name="name">Personal Jesus</field><field name="id">http://www.semanticweb.org/tedsullivan/ontologies/2015/5/music-10#Personal_Jesus</field><field name="composer_ss.Length">11</field><field name="related_entity1_ss">Depeche Mode</field><field name="Composition_Type.Length">4</field><field name="composer_ss.MaximumLength"></field><field name="original_performer.MaximumLength"></field><field name="verb_ss">composed</field><field name="verb_ss">written</field><field name="verb_ss">authored</field><field name="verb_ss">wrote</field><field name="path">/Song/Personal Jesus</field><field name="Composition_Type">Song</field><field name="verb_ss.Length">5</field><field name="verb_ss.MaximumLength"></field><field name="Composition_Type.MaximumLength"></field><field name="composer_ss">Martin Gore</field><field name="original_performer.Length">12</field><field name="original_performer">Depeche Mode</field></doc><doc><field name="name">The Fez</field><field name="id">http://www.semanticweb.org/tedsullivan/ontologies/2015/5/music-10#The_Fez</field><field name="related_entity1_ss">Steely Dan</field><field name="composer_ss.MaximumLength"></field><field name="path">/Song/The Fez</field><field name="Composition_Type">Song</field><field name="composer_ss">Donald Fagen</field><field name="composer_ss">Paul Griffin</field><field name="composer_ss">Walter Becker</field><field name="original_performer.Length">10</field><field name="original_performer">Steely Dan</field><field name="composer_ss.Length">13</field><field name="Composition_Type.Length">4</field><field name="original_performer.MaximumLength"></field><field name="verb_ss">composed</field><field name="verb_ss">written</field><field name="verb_ss">authored</field><field name="verb_ss">wrote</field><field name="genres_ss">Rock</field><field name="genres_ss">Funk Rock</field><field name="verb_ss.Length">5</field><field name="verb_ss.MaximumLength"></field><field name="Composition_Type.MaximumLength"></field><field name="composer.Count">6</field></doc><doc><field name="name">Alone Again Or</field><field name="id">http://www.semanticweb.org/tedsullivan/ontologies/2015/5/music-10#Alone_Again_Or</field><field name="composer_ss.Length">13</field><field name="related_entity1_ss">Love</field><field name="Composition_Type.Length">4</field><field name="composer_ss.MaximumLength"></field><field name="original_performer.MaximumLength"></field><field name="verb_ss">composed</field><field name="verb_ss">written</field><field name="verb_ss">authored</field><field name="verb_ss">wrote</field><field name="path">/Song/Alone Again Or</field><field name="Composition_Type">Song</field><field name="verb_ss.Length">5</field><field name="verb_ss.MaximumLength"></field><field name="Composition_Type.MaximumLength"></field><field name="composer_ss">Bryan MacLean</field><field name="original_performer.Length">4</field><field name="original_performer">Love</field></doc><doc><field name="name">Some Folks Lives Roll Easy</field><field name="id">http://www.semanticweb.org/tedsullivan/ontologies/2015/5/music-10#Some_Folks_Lives_Roll_Easy</field><field name="related_entity1_ss">Paul Simon</field><field name="composer_ss.MaximumLength"></field><field name="path">/Song/Some Folks Lives Roll Easy</field><field name="Composition_Type">Song</field><field name="composer_ss">Paul Simon</field><field name="original_performer.Length">10</field><field name="original_performer">Paul Simon</field><field name="composer_ss.Length">10</field><field name="Composition_Type.Length">4</field><field name="original_performer.MaximumLength"></field><field name="verb_ss">composed</field><field name="verb_ss">written</field><field name="verb_ss">authored</field><field name="verb_ss">wrote</field><field name="genres_ss">Rock</field><field name="genres_ss">Soft Rock</field><field name="verb_ss.Length">5</field><field name="verb_ss.MaximumLength"></field><field name="Composition_Type.MaximumLength"></field></doc><doc><field name="name">Drad-Dog</field><field name="id">http://www.semanticweb.org/tedsullivan/ontologies/2015/5/music-10#Drad-Dog</field><field name="related_entity1_ss">Miles Davis</field><field name="composer_ss.MaximumLength"></field><field name="path">/Song/Drad-Dog</field><field name="Composition_Type">Song</field><field name="composer_ss">Miles Davis</field><field name="original_performer.Length">11</field><field name="original_performer">Miles Davis</field><field name="composer_ss.Length">11</field><field name="Composition_Type.Length">4</field><field name="original_performer.MaximumLength"></field><field name="verb_ss">composed</field><field name="verb_ss">written</field><field name="verb_ss">authored</field><field name="verb_ss">wrote</field><field name="genres_ss">Jazz</field><field name="verb_ss.Length">5</field><field name="verb_ss.MaximumLength"></field><field name="Composition_Type.MaximumLength"></field></doc><doc><field name="name">Superstar (Remember How You Got Where You Are)</field><field name="id">http://www.semanticweb.org/tedsullivan/ontologies/2015/5/music-10#Superstar_Remember_How_You_Got_Where_You_Are</field><field name="composer_ss.Length">16</field><field name="Composition_Type.Length">4</field><field name="composer_ss.MaximumLength"></field><field name="verb_ss">composed</field><field name="verb_ss">written</field><field name="verb_ss">authored</field><field name="verb_ss">wrote</field><field name="hasGenre.Count">4</field><field name="path">/Song/Superstar (Remember How You Got Where You Are)</field><field name="Composition_Type">Song</field><field name="genres_ss">Jazz</field><field name="genres_ss">Rock</field><field name="genres_ss">Psychedelic Soul</field><field name="verb_ss.Length">5</field><field name="verb_ss.MaximumLength"></field><field name="Composition_Type.MaximumLength"></field><field name="composer_ss">Barrett Strong</field><field name="composer_ss">Norman Whitfield</field><field name="composer.Count">4</field></doc><doc><field name="name">Mighty Earthquake and Hurricane</field><field name="id">http://www.semanticweb.org/tedsullivan/ontologies/2015/5/music-10#Mighty_Earthquake_and_Hurricane</field><field name="composer_ss.Length">12</field><field name="Composition_Type.Length">4</field><field name="composer_ss.MaximumLength"></field><field name="verb_ss">composed</field><field name="verb_ss">written</field><field name="verb_ss">authored</field><field name="verb_ss">wrote</field><field name="path">/Song/Mighty Earthquake and Hurricane</field><field name="Composition_Type">Song</field><field name="verb_ss.Length">5</field><field name="verb_ss.MaximumLength"></field><field name="Composition_Type.MaximumLength"></field><field name="composer_ss">Willie Dixon</field></doc><doc><field name="name">Just Like Tom Thumb's Blues</field><field name="id">http://www.semanticweb.org/tedsullivan/ontologies/2015/5/music-10#Just_Like_Tom_Thumbs_Blues</field><field name="composer_ss.Length">9</field><field name="Composition_Type.Length">4</field><field name="composer_ss.MaximumLength"></field><field name="verb_ss">composed</field><field name="verb_ss">written</field><field name="verb_ss">authored</field><field name="verb_ss">wrote</field><field name="path">/Song/Just Like Tom Thumb's Blues</field><field name="Composition_Type">Song</field><field name="genres_ss">Folk</field><field name="genres_ss">Folk Rock</field><field name="genres_ss">Rock</field><field name="verb_ss.Length">5</field><field name="verb_ss.MaximumLength"></field><field name="Composition_Type.MaximumLength"></field><field name="composer_ss">Bob Dylan</field></doc><doc><field name="name">She Loves You</field><field name="id">http://www.semanticweb.org/tedsullivan/ontologies/2015/5/music-10#She_Loves_You</field><field name="related_entity1_ss">Beatles</field><field name="composer_ss.MaximumLength"></field><field name="path">/Song/She Loves You</field><field name="Composition_Type">Song</field><field name="composer_ss">John Lennon</field><field name="composer_ss">Paul McCartney</field><field name="original_performer.Length">7</field><field name="original_performer">Beatles</field><field name="composer_ss.Length">14</field><field name="Composition_Type.Length">4</field><field name="original_performer.MaximumLength"></field><field name="verb_ss">composed</field><field name="verb_ss">written</field><field name="verb_ss">authored</field><field name="verb_ss">wrote</field><field name="verb_ss.Length">5</field><field name="verb_ss.MaximumLength"></field><field name="Composition_Type.MaximumLength"></field><field name="composer.Count">4</field></doc><doc><field name="name">Some Folks Do</field><field name="id">http://www.semanticweb.org/tedsullivan/ontologies/2015/5/music-10#Some_Folks_Do</field><field name="composer_ss.Length">13</field><field name="Composition_Type.Length">4</field><field name="composer_ss.MaximumLength"></field><field name="verb_ss">composed</field><field name="verb_ss">written</field><field name="verb_ss">authored</field><field name="verb_ss">wrote</field><field name="path">/Song/Some Folks Do</field><field name="Composition_Type">Song</field><field name="verb_ss.Length">5</field><field name="verb_ss.MaximumLength"></field><field name="Composition_Type.MaximumLength"></field><field name="composer_ss">Steven Foster</field></doc><doc><field name="name">In A Hand Or A Face</field><field name="id">http://www.semanticweb.org/tedsullivan/ontologies/2015/5/music-10#In_A_Hand_Or_A_Face</field><field name="composer_ss.Length">14</field><field name="related_entity1_ss">The Who</field><field name="Composition_Type.Length">4</field><field name="composer_ss.MaximumLength"></field><field name="original_performer.MaximumLength"></field><field name="verb_ss">composed</field><field name="verb_ss">written</field><field name="verb_ss">authored</field><field name="verb_ss">wrote</field><field name="path">/Song/In A Hand Or A Face</field><field name="Composition_Type">Song</field><field name="verb_ss.Length">5</field><field name="verb_ss.MaximumLength"></field><field name="Composition_Type.MaximumLength"></field><field name="composer_ss">Pete Townshend</field><field name="original_performer.Length">7</field><field name="original_performer">The Who</field></doc><doc><field name="name">Come and Go Blues</field><field name="id">http://www.semanticweb.org/tedsullivan/ontologies/2015/5/music-10#Come_and_Go_Blues</field><field name="composer_ss.Length">11</field><field name="related_entity1_ss">Allman Brothers Band</field><field name="Composition_Type.Length">4</field><field name="composer_ss.MaximumLength"></field><field name="original_performer.MaximumLength"></field><field name="verb_ss">composed</field><field name="verb_ss">written</field><field name="verb_ss">authored</field><field name="verb_ss">wrote</field><field name="path">/Song/Come and Go Blues</field><field name="Composition_Type">Song</field><field name="verb_ss.Length">5</field><field name="verb_ss.MaximumLength"></field><field name="Composition_Type.MaximumLength"></field><field name="composer_ss">Greg Allman</field><field name="original_performer.Length">20</field><field name="original_performer">Allman Brothers Band</field></doc><doc><field name="name">Margarita</field><field name="id">http://www.semanticweb.org/tedsullivan/ontologies/2015/5/music-10#Margarita</field><field name="related_entity1_ss">Traveling Wilburys</field><field name="composer_ss.MaximumLength"></field><field name="path">/Song/Margarita</field><field name="Composition_Type">Song</field><field name="composer_ss">Bob Dylan</field><field name="composer_ss">Eric Clapton</field><field name="composer_ss">George Harrison</field><field name="composer_ss">Jeff Lynne</field><field name="composer_ss">Roy Orbison</field><field name="composer_ss">Tom Petty</field><field name="original_performer.Length">18</field><field name="original_performer">Traveling Wilburys</field><field name="composer_ss.Length">9</field><field name="Composition_Type.Length">4</field><field name="original_performer.MaximumLength"></field><field name="verb_ss">composed</field><field name="verb_ss">written</field><field name="verb_ss">authored</field><field name="verb_ss">wrote</field><field name="verb_ss.Length">5</field><field name="verb_ss.MaximumLength"></field><field name="Composition_Type.MaximumLength"></field><field name="composer.Count">12</field></doc><doc><field name="name">Besame Mucho</field><field name="id">http://www.semanticweb.org/tedsullivan/ontologies/2015/5/music-10#Besame_Mucho</field><field name="composer_ss.Length">18</field><field name="Composition_Type.Length">4</field><field name="composer_ss.MaximumLength"></field><field name="verb_ss">composed</field><field name="verb_ss">written</field><field name="verb_ss">authored</field><field name="verb_ss">wrote</field><field name="path">/Song/Besame Mucho</field><field name="Composition_Type">Song</field><field name="genres_ss">Popular</field><field name="verb_ss.Length">5</field><field name="verb_ss.MaximumLength"></field><field name="Composition_Type.MaximumLength"></field><field name="composer_ss">Consuelo Velázquez</field></doc><doc><field name="name">Goodbye Cruel World</field><field name="id">http://www.semanticweb.org/tedsullivan/ontologies/2015/5/music-10#Goodbye_Cruel_World</field><field name="related_entity1_ss">Pink Floyd</field><field name="composer_ss.MaximumLength"></field><field name="path">/Song/Goodbye Cruel World</field><field name="Composition_Type">Song</field><field name="composer_ss">Roger Waters</field><field name="original_performer.Length">10</field><field name="original_performer">Pink Floyd</field><field name="composer_ss.Length">12</field><field name="Composition_Type.Length">4</field><field name="original_performer.MaximumLength"></field><field name="verb_ss">composed</field><field name="verb_ss">written</field><field name="verb_ss">authored</field><field name="verb_ss">wrote</field><field name="genres_ss">Rock</field><field name="genres_ss">Progressive Rock</field><field name="verb_ss.Length">5</field><field name="verb_ss.MaximumLength"></field><field name="Composition_Type.MaximumLength"></field></doc><doc><field name="name">Angie</field><field name="id">http://www.semanticweb.org/tedsullivan/ontologies/2015/5/music-10#Angie</field><field name="composer_ss.Length">11</field><field name="Composition_Type.Length">4</field><field name="composer_ss.MaximumLength"></field><field name="verb_ss">composed</field><field name="verb_ss">written</field><field name="verb_ss">authored</field><field name="verb_ss">wrote</field><field name="path">/Song/Angie</field><field name="Composition_Type">Song</field><field name="verb_ss.Length">5</field><field name="verb_ss.MaximumLength"></field><field name="Composition_Type.MaximumLength"></field><field name="composer_ss">Keith Richards</field><field name="composer_ss">Mick Jagger</field><field name="composer.Count">4</field></doc><doc><field name="name">He Ain't Heavy, He's My Brother</field><field name="id">http://www.semanticweb.org/tedsullivan/ontologies/2015/5/music-10#He_Aint_Heavy_Hes_My_Brother</field><field name="composer_ss.Length">11</field><field name="Composition_Type.Length">4</field><field name="composer_ss.MaximumLength"></field><field name="verb_ss">composed</field><field name="verb_ss">written</field><field name="verb_ss">authored</field><field name="verb_ss">wrote</field><field name="path">/Song/He Ain't Heavy, He's My Brother</field><field name="Composition_Type">Song</field><field name="verb_ss.Length">5</field><field name="verb_ss.MaximumLength"></field><field name="Composition_Type.MaximumLength"></field><field name="composer_ss">Bob Russell</field><field name="composer_ss">Bobby Scott</field><field name="composer.Count">4</field></doc><doc><field name="name">Only The Good Die Young</field><field name="id">http://www.semanticweb.org/tedsullivan/ontologies/2015/5/music-10#Only_The_Good_Die_Young</field><field name="related_entity1_ss">Billy Joel</field><field name="composer_ss.MaximumLength"></field><field name="path">/Song/Only The Good Die Young</field><field name="Composition_Type">Song</field><field name="composer_ss">Billy Joel</field><field name="original_performer.Length">10</field><field name="original_performer">Billy Joel</field><field name="composer_ss.Length">10</field><field name="Composition_Type.Length">4</field><field name="original_performer.MaximumLength"></field><field name="verb_ss">composed</field><field name="verb_ss">written</field><field name="verb_ss">authored</field><field name="verb_ss">wrote</field><field name="genres_ss">Popular</field><field name="genres_ss">Pop Rock</field><field name="genres_ss">Rock</field><field name="verb_ss.Length">5</field><field name="verb_ss.MaximumLength"></field><field name="Composition_Type.MaximumLength"></field></doc><doc><field name="name">Kisses Sweeter than Wine</field><field name="id">http://www.semanticweb.org/tedsullivan/ontologies/2015/5/music-10#Kisses_Sweeter_than_Wine</field><field name="composer_ss.Length">11</field><field name="Composition_Type.Length">4</field><field name="composer_ss.MaximumLength"></field><field name="lyricist_ss.MaximumLength"></field><field name="verb_ss">composed</field><field name="verb_ss">written</field><field name="verb_ss">authored</field><field name="verb_ss">wrote</field><field name="path">/Song/Kisses Sweeter than Wine</field><field name="lyricist_ss.Length">13</field><field name="Composition_Type">Song</field><field name="lyricist_ss">Paul Campbell</field><field name="verb_ss.Length">5</field><field name="verb_ss.MaximumLength"></field><field name="Composition_Type.MaximumLength"></field><field name="composer_ss">Joel Newman</field></doc><doc><field name="name">Taxi</field><field name="id">http://www.semanticweb.org/tedsullivan/ontologies/2015/5/music-10#Taxi</field><field name="related_entity1_ss">Jac Holzman</field><field name="related_entity1_ss">Harry Chapin</field><field name="composer_ss.MaximumLength"></field><field name="path">/Song/Taxi</field><field name="Composition_Type">Song</field><field name="composer_ss">Harry Chapin</field><field name="original_performer.Length">12</field><field name="original_performer">Harry Chapin</field><field name="composer_ss.Length">12</field><field name="Composition_Type.Length">4</field><field name="original_performer.MaximumLength"></field><field name="verb_ss">composed</field><field name="verb_ss">written</field><field name="verb_ss">authored</field><field name="verb_ss">wrote</field><field name="genres_ss">Folk</field><field name="genres_ss">Folk Rock</field><field name="genres_ss">Rock</field><field name="verb_ss.Length">5</field><field name="verb_ss.MaximumLength"></field><field name="Composition_Type.MaximumLength"></field></doc><doc><field name="name">Tenderness</field><field name="id">http://www.semanticweb.org/tedsullivan/ontologies/2015/5/music-10#Tenderness</field><field name="related_entity1_ss">Paul Simon</field><field name="composer_ss.MaximumLength"></field><field name="path">/Song/Tenderness</field><field name="Composition_Type">Song</field><field name="composer_ss">Paul Simon</field><field name="original_performer.Length">10</field><field name="original_performer">Paul Simon</field><field name="composer_ss.Length">10</field><field name="Composition_Type.Length">4</field><field name="original_performer.MaximumLength"></field><field name="verb_ss">composed</field><field name="verb_ss">written</field><field name="verb_ss">authored</field><field name="verb_ss">wrote</field><field name="genres_ss">Popular</field><field name="genres_ss">Pop Rock</field><field name="genres_ss">Rock</field><field name="verb_ss.Length">5</field><field name="verb_ss.MaximumLength"></field><field name="Composition_Type.MaximumLength"></field></doc><doc><field name="name">On A Saturday Night</field><field name="id">http://www.semanticweb.org/tedsullivan/ontologies/2015/5/music-10#On_A_Saturday_Night</field><field name="composer_ss.Length">13</field><field name="Composition_Type.Length">4</field><field name="composer_ss.MaximumLength"></field><field name="verb_ss">composed</field><field name="verb_ss">written</field><field name="verb_ss">authored</field><field name="verb_ss">wrote</field><field name="path">/Song/On A Saturday Night</field><field name="Composition_Type">Song</field><field name="genres_ss">R&amp;B</field><field name="verb_ss.Length">5</field><field name="verb_ss.MaximumLength"></field><field name="Composition_Type.MaximumLength"></field><field name="composer_ss">Eddie Floyd</field><field name="composer_ss">Steve Cropper</field><field name="composer.Count">4</field></doc><doc><field name="name">A Beautiful Morning</field><field name="id">http://www.semanticweb.org/tedsullivan/ontologies/2015/5/music-10#A_Beautiful_Morning</field><field name="related_entity1_ss">The Young Rascals</field><field name="composer_ss.MaximumLength"></field><field name="path">/Song/A Beautiful Morning</field><field name="Composition_Type">Song</field><field name="composer_ss">Eddie Brigati</field><field name="composer_ss">Felix Cavaliere</field><field name="original_performer.Length">17</field><field name="original_performer">The Young Rascals</field><field name="composer_ss.Length">15</field><field name="Composition_Type.Length">4</field><field name="original_performer.MaximumLength"></field><field name="verb_ss">composed</field><field name="verb_ss">written</field><field name="verb_ss">authored</field><field name="verb_ss">wrote</field><field name="verb_ss.Length">5</field><field name="verb_ss.MaximumLength"></field><field name="Composition_Type.MaximumLength"></field><field name="composer.Count">4</field></doc><doc><field name="name">I Know That You Know</field><field name="id">http://www.semanticweb.org/tedsullivan/ontologies/2015/5/music-10#I_Know_That_You_Know</field><field name="composer_ss.Length">15</field><field name="Composition_Type.Length">4</field><field name="composer_ss.MaximumLength"></field><field name="lyricist_ss.MaximumLength"></field><field name="verb_ss">composed</field><field name="verb_ss">written</field><field name="verb_ss">authored</field><field name="verb_ss">wrote</field><field name="path">/Song/I Know That You Know</field><field name="lyricist_ss.Length">13</field><field name="Composition_Type">Song</field><field name="lyricist_ss">Anne Caldwell</field><field name="verb_ss.Length">5</field><field name="verb_ss.MaximumLength"></field><field name="Composition_Type.MaximumLength"></field><field name="composer_ss">Vincent Youmans</field></doc><doc><field name="name">Everybody Oughta Make a Change</field><field name="id">http://www.semanticweb.org/tedsullivan/ontologies/2015/5/music-10#Everybody_Oughta_Make_a_Change</field><field name="composer_ss.Length">17</field><field name="Composition_Type.Length">4</field><field name="composer_ss.MaximumLength"></field><field name="verb_ss">composed</field><field name="verb_ss">written</field><field name="verb_ss">authored</field><field name="verb_ss">wrote</field><field name="path">/Song/Everybody Oughta Make a Change</field><field name="Composition_Type">Song</field><field name="genres_ss">Blues</field><field name="verb_ss.Length">5</field><field name="verb_ss.MaximumLength"></field><field name="Composition_Type.MaximumLength"></field><field name="composer_ss">Sleepy John Estes</field></doc><doc><field name="name">Weak Brain, Narrow Mind</field><field name="id">http://www.semanticweb.org/tedsullivan/ontologies/2015/5/music-10#Weak_Brain_Narrow_Mind</field><field name="composer_ss.Length">12</field><field name="Composition_Type.Length">4</field><field name="composer_ss.MaximumLength"></field><field name="verb_ss">composed</field><field name="verb_ss">written</field><field name="verb_ss">authored</field><field name="verb_ss">wrote</field><field name="path">/Song/Weak Brain, Narrow Mind</field><field name="Composition_Type">Song</field><field name="genres_ss">Blues</field><field name="verb_ss.Length">5</field><field name="verb_ss.MaximumLength"></field><field name="Composition_Type.MaximumLength"></field><field name="composer_ss">Willie Dixon</field></doc><doc><field name="name">El Paso</field><field name="id">http://www.semanticweb.org/tedsullivan/ontologies/2015/5/music-10#El_Paso</field><field name="composer_ss.Length">13</field><field name="related_entity1_ss">Marty Robbins</field><field name="Composition_Type.Length">4</field><field name="composer_ss.MaximumLength"></field><field name="original_performer.MaximumLength"></field><field name="verb_ss">composed</field><field name="verb_ss">written</field><field name="verb_ss">authored</field><field name="verb_ss">wrote</field><field name="path">/Song/El Paso</field><field name="Composition_Type">Song</field><field name="verb_ss.Length">5</field><field name="verb_ss.MaximumLength"></field><field name="Composition_Type.MaximumLength"></field><field name="composer_ss">Marty Robbins</field><field name="original_performer.Length">13</field><field name="original_performer">Marty Robbins</field></doc><doc><field name="name">Free At Last</field><field name="id">http://www.semanticweb.org/tedsullivan/ontologies/2015/5/music-10#Free_At_Last</field><field name="composer_ss.Length">8</field><field name="related_entity1_ss">Al Green</field><field name="Composition_Type.Length">4</field><field name="composer_ss.MaximumLength"></field><field name="original_performer.MaximumLength"></field><field name="verb_ss">composed</field><field name="verb_ss">written</field><field name="verb_ss">authored</field><field name="verb_ss">wrote</field><field name="path">/Song/Free At Last</field><field name="Composition_Type">Song</field><field name="verb_ss.Length">5</field><field name="verb_ss.MaximumLength"></field><field name="Composition_Type.MaximumLength"></field><field name="composer_ss">Al Green</field><field name="original_performer.Length">8</field><field name="original_performer">Al Green</field></doc></add>
