<add><doc><field name="name">Thank You</field><field name="id">http://www.semanticweb.org/tedsullivan/ontologies/2015/5/music-10#Thank_You_-_Led_Zeppelin</field><field name="hasPerformer_ss">Led Zeppelin</field><field name="performers.Length">11</field><field name="Recording_Type.Length">4</field><field name="composer_ss.MaximumLength"></field><field name="hasPerformer_ss.Length">12</field><field name="version_s.MaximumLength"></field><field name="path">/Recording/Song/Thank You</field><field name="composer_ss">Jimmy Page</field><field name="composer_ss">Robert Plant</field><field name="song_ss">Thank You</field><field name="album_ss">Led Zeppelin II</field><field name="album_ss.Length">15</field><field name="composer_ss.Length">12</field><field name="performers.MaximumLength"></field><field name="song_ss.Length">9</field><field name="verb_ss">performed</field><field name="verb_ss">recorded</field><field name="verb_ss">covered</field><field name="verb_ss">sang</field><field name="version_s">Original</field><field name="genres_ss">Rock</field><field name="version_s.Length">8</field><field name="verb_ss.Length">4</field><field name="verb_ss.MaximumLength"></field><field name="album_ss.MaximumLength"></field><field name="song_ss.MaximumLength"></field><field name="hasPerformer_ss.MaximumLength"></field><field name="Recording_Type">Song</field><field name="Recording_Type.MaximumLength"></field></doc><doc><field name="name">Put a Little Love in Your Heart</field><field name="id">http://www.semanticweb.org/tedsullivan/ontologies/2015/5/music-10#Put_a_Little_Love_in_Your_Heart_-_Annie_Lenox_Al_Green</field><field name="hasPerformer_ss">Al Green</field><field name="hasPerformer_ss">Annie Lennox</field><field name="Recording_Type.Length">4</field><field name="composer_ss.MaximumLength"></field><field name="hasPerformer_ss.Length">12</field><field name="version_s.MaximumLength"></field><field name="hasPerformer.Count">4</field><field name="path">/Recording/Song/Put a Little Love in Your Heart</field><field name="composer_ss">Jackie DeShannon</field><field name="composer_ss">Jimmy Holiday</field><field name="composer_ss">Randy Myers</field><field name="original_performer.Length">16</field><field name="song_ss">Put a Little Love in Your Heart</field><field name="original_performer">Jackie DeShannon</field><field name="composer_ss.Length">11</field><field name="song_ss.Length">31</field><field name="original_performer.MaximumLength"></field><field name="verb_ss">performed</field><field name="verb_ss">recorded</field><field name="verb_ss">covered</field><field name="verb_ss">sang</field><field name="version_s">Cover</field><field name="version_s.Length">5</field><field name="verb_ss.Length">4</field><field name="verb_ss.MaximumLength"></field><field name="song_ss.MaximumLength"></field><field name="hasPerformer_ss.MaximumLength"></field><field name="Recording_Type">Song</field><field name="Recording_Type.MaximumLength"></field></doc><doc><field name="name">A Woman Left Lonely</field><field name="id">http://www.semanticweb.org/tedsullivan/ontologies/2015/5/music-10#A_Woman_Left_Lonely_-_Janis_Joplin</field><field name="hasPerformer_ss">Janis Joplin</field><field name="Recording_Type.Length">4</field><field name="composer_ss.MaximumLength"></field><field name="hasPerformer_ss.Length">12</field><field name="version_s.MaximumLength"></field><field name="path">/Recording/Song/A Woman Left Lonely</field><field name="composer_ss">Dan Penn</field><field name="composer_ss">Spooner Oldham</field><field name="song_ss">A Woman Left Lonely</field><field name="composer_ss.Length">14</field><field name="song_ss.Length">19</field><field name="verb_ss">performed</field><field name="verb_ss">recorded</field><field name="verb_ss">covered</field><field name="verb_ss">sang</field><field name="version_s">Cover</field><field name="genres_ss">Blues</field><field name="version_s.Length">5</field><field name="verb_ss.Length">4</field><field name="verb_ss.MaximumLength"></field><field name="song_ss.MaximumLength"></field><field name="hasPerformer_ss.MaximumLength"></field><field name="Recording_Type">Song</field><field name="Recording_Type.MaximumLength"></field></doc><doc><field name="name">The Little Old Lady from Pasadena</field><field name="id">http://www.semanticweb.org/tedsullivan/ontologies/2015/5/music-10#The_Little_Old_Lady_from_Pasadena_-_Jan_and_Dean</field><field name="hasPerformer_ss">Jan and Dean</field><field name="performers.Length">9</field><field name="Recording_Type.Length">4</field><field name="composer_ss.MaximumLength"></field><field name="hasPerformer_ss.Length">12</field><field name="version_s.MaximumLength"></field><field name="path">/Recording/Song/The Little Old Lady from Pasadena</field><field name="lyricist_ss.Length">15</field><field name="lyricist_ss">Roger Christian</field><field name="composer_ss">Don Altfeld</field><field name="song_ss">The Little Old Lady from Pasadena</field><field name="composer_ss.Length">11</field><field name="performers.MaximumLength"></field><field name="song_ss.Length">33</field><field name="lyricist_ss.MaximumLength"></field><field name="verb_ss">performed</field><field name="verb_ss">recorded</field><field name="verb_ss">covered</field><field name="verb_ss">sang</field><field name="version_s">Cover</field><field name="genres_ss">Rock</field><field name="genres_ss">Surf Rock</field><field name="version_s.Length">5</field><field name="verb_ss.Length">4</field><field name="verb_ss.MaximumLength"></field><field name="song_ss.MaximumLength"></field><field name="hasPerformer_ss.MaximumLength"></field><field name="Recording_Type">Song</field><field name="Recording_Type.MaximumLength"></field></doc><doc><field name="name">I Feel Fine</field><field name="id">http://www.semanticweb.org/tedsullivan/ontologies/2015/5/music-10#I_Feel_Fine_-_John_Farnham</field><field name="hasPerformer_ss">John Farnham</field><field name="Recording_Type.Length">4</field><field name="composer_ss.MaximumLength"></field><field name="hasPerformer_ss.Length">12</field><field name="version_s.MaximumLength"></field><field name="path">/Recording/Song/I Feel Fine</field><field name="composer_ss">John Lennon</field><field name="composer_ss">Paul McCartney</field><field name="original_performer.Length">7</field><field name="song_ss">I Feel Fine</field><field name="original_performer">Beatles</field><field name="composer_ss.Length">14</field><field name="song_ss.Length">11</field><field name="original_performer.MaximumLength"></field><field name="verb_ss">performed</field><field name="verb_ss">recorded</field><field name="verb_ss">covered</field><field name="verb_ss">sang</field><field name="version_s">Cover</field><field name="genres_ss">Rock</field><field name="genres_ss">Rock &amp; Roll</field><field name="version_s.Length">5</field><field name="verb_ss.Length">4</field><field name="verb_ss.MaximumLength"></field><field name="song_ss.MaximumLength"></field><field name="hasPerformer_ss.MaximumLength"></field><field name="Recording_Type">Song</field><field name="Recording_Type.MaximumLength"></field></doc><doc><field name="name">Stephanie Says</field><field name="id">http://www.semanticweb.org/tedsullivan/ontologies/2015/5/music-10#Stephanie_Says_-_The_Velvet_Underground</field><field name="hasPerformer_ss">The Velvet Underground</field><field name="performers.Length">17</field><field name="Recording_Type.Length">4</field><field name="composer_ss.MaximumLength"></field><field name="hasPerformer_ss.Length">22</field><field name="version_s.MaximumLength"></field><field name="path">/Recording/Song/Stephanie Says</field><field name="composer_ss">Lou Reed</field><field name="song_ss">Stephanie Says</field><field name="composer_ss.Length">8</field><field name="performers.MaximumLength"></field><field name="song_ss.Length">14</field><field name="verb_ss">performed</field><field name="verb_ss">recorded</field><field name="verb_ss">covered</field><field name="verb_ss">sang</field><field name="version_s">Original</field><field name="version_s.Length">8</field><field name="verb_ss.Length">4</field><field name="verb_ss.MaximumLength"></field><field name="song_ss.MaximumLength"></field><field name="hasPerformer_ss.MaximumLength"></field><field name="Recording_Type">Song</field><field name="Recording_Type.MaximumLength"></field></doc><doc><field name="name">Have a Cigar</field><field name="id">http://www.semanticweb.org/tedsullivan/ontologies/2015/5/music-10#Have_a_Cigar_-_Pink_Floyd</field><field name="hasPerformer_ss">Pink Floyd</field><field name="performers.Length">13</field><field name="Recording_Type.Length">4</field><field name="composer_ss.MaximumLength"></field><field name="hasPerformer_ss.Length">10</field><field name="version_s.MaximumLength"></field><field name="path">/Recording/Song/Have a Cigar</field><field name="composer_ss">Roger Waters</field><field name="song_ss">Have a Cigar</field><field name="composer_ss.Length">12</field><field name="performers.MaximumLength"></field><field name="song_ss.Length">12</field><field name="verb_ss">performed</field><field name="verb_ss">recorded</field><field name="verb_ss">covered</field><field name="verb_ss">sang</field><field name="version_s">Original</field><field name="genres_ss">Rock</field><field name="version_s.Length">8</field><field name="verb_ss.Length">4</field><field name="verb_ss.MaximumLength"></field><field name="song_ss.MaximumLength"></field><field name="hasPerformer_ss.MaximumLength"></field><field name="Recording_Type">Song</field><field name="Recording_Type.MaximumLength"></field></doc><doc><field name="name">Chimes Blues</field><field name="id">http://www.semanticweb.org/tedsullivan/ontologies/2015/5/music-10#Chimes_Blues_-_Joe_Oliver</field><field name="hasPerformer_ss">Joe Oliver's Creole Jazz Band</field><field name="Recording_Type.Length">4</field><field name="composer_ss.MaximumLength"></field><field name="hasPerformer_ss.Length">29</field><field name="version_s.MaximumLength"></field><field name="path">/Recording/Song/Chimes Blues</field><field name="composer_ss">King Oliver</field><field name="song_ss">Chimes Blues</field><field name="composer_ss.Length">11</field><field name="song_ss.Length">12</field><field name="verb_ss">performed</field><field name="verb_ss">recorded</field><field name="verb_ss">covered</field><field name="verb_ss">sang</field><field name="version_s">Cover</field><field name="version_s.Length">5</field><field name="verb_ss.Length">4</field><field name="verb_ss.MaximumLength"></field><field name="song_ss.MaximumLength"></field><field name="hasPerformer_ss.MaximumLength"></field><field name="Recording_Type">Song</field><field name="Recording_Type.MaximumLength"></field></doc><doc><field name="name">Dexter's Riff</field><field name="id">http://www.semanticweb.org/tedsullivan/ontologies/2015/5/music-10#Dexters_Riff_-_Dexter_Gordon</field><field name="hasPerformer_ss">Dexter Gordon</field><field name="Recording_Type.Length">4</field><field name="composer_ss.MaximumLength"></field><field name="hasPerformer_ss.Length">13</field><field name="version_s.MaximumLength"></field><field name="path">/Recording/Song/Dexter's Riff</field><field name="composer_ss">Dexter Gordon</field><field name="song_ss">Dexter's Riff</field><field name="composer_ss.Length">13</field><field name="song_ss.Length">13</field><field name="verb_ss">performed</field><field name="verb_ss">recorded</field><field name="verb_ss">covered</field><field name="verb_ss">sang</field><field name="version_s">Original</field><field name="genres_ss">Jazz</field><field name="version_s.Length">8</field><field name="verb_ss.Length">4</field><field name="verb_ss.MaximumLength"></field><field name="song_ss.MaximumLength"></field><field name="hasPerformer_ss.MaximumLength"></field><field name="Recording_Type">Song</field><field name="Recording_Type.MaximumLength"></field></doc><doc><field name="name">Invisible Touch</field><field name="id">http://www.semanticweb.org/tedsullivan/ontologies/2015/5/music-10#Invisible_Touch_-_Genesis</field><field name="hasPerformer_ss">Genesis</field><field name="performers.Length">15</field><field name="Recording_Type.Length">4</field><field name="composer_ss.MaximumLength"></field><field name="hasPerformer_ss.Length">7</field><field name="version_s.MaximumLength"></field><field name="path">/Recording/Song/Invisible Touch</field><field name="composer_ss">Mike Rutherford</field><field name="composer_ss">Phil Collins</field><field name="composer_ss">Tony Banks</field><field name="song_ss">Invisible Touch</field><field name="album_ss">Invisible Touch</field><field name="album_ss.Length">15</field><field name="composer_ss.Length">10</field><field name="performers.MaximumLength"></field><field name="song_ss.Length">15</field><field name="verb_ss">performed</field><field name="verb_ss">recorded</field><field name="verb_ss">covered</field><field name="verb_ss">sang</field><field name="version_s">Original</field><field name="version_s.Length">8</field><field name="verb_ss.Length">4</field><field name="verb_ss.MaximumLength"></field><field name="album_ss.MaximumLength"></field><field name="song_ss.MaximumLength"></field><field name="hasPerformer_ss.MaximumLength"></field><field name="Recording_Type">Song</field><field name="Recording_Type.MaximumLength"></field></doc><doc><field name="name">Stardust</field><field name="id">http://www.semanticweb.org/tedsullivan/ontologies/2015/5/music-10#Stardust_-_Art_Tatum</field><field name="hasPerformer_ss">Art Tatum</field><field name="Recording_Type.Length">4</field><field name="composer_ss.MaximumLength"></field><field name="hasPerformer_ss.Length">9</field><field name="version_s.MaximumLength"></field><field name="path">/Recording/Song/Stardust</field><field name="lyricist_ss.Length">15</field><field name="lyricist_ss">Mitchell Parish</field><field name="composer_ss">Hoagy Carmichael</field><field name="song_ss">Stardust</field><field name="composer_ss.Length">16</field><field name="song_ss.Length">8</field><field name="lyricist_ss.MaximumLength"></field><field name="verb_ss">performed</field><field name="verb_ss">recorded</field><field name="verb_ss">covered</field><field name="verb_ss">sang</field><field name="version_s">Cover</field><field name="genres_ss">Jazz</field><field name="version_s.Length">5</field><field name="verb_ss.Length">4</field><field name="verb_ss.MaximumLength"></field><field name="song_ss.MaximumLength"></field><field name="hasPerformer_ss.MaximumLength"></field><field name="Recording_Type">Song</field><field name="Recording_Type.MaximumLength"></field></doc><doc><field name="name">Killing Me Softly With His Song</field><field name="id">http://www.semanticweb.org/tedsullivan/ontologies/2015/5/music-10#Killing_Me_Softly_With_His_Song_-_Roberta_Flack</field><field name="hasPerformer_ss">Roberta Flack</field><field name="Recording_Type.Length">4</field><field name="composer_ss.MaximumLength"></field><field name="hasPerformer_ss.Length">13</field><field name="version_s.MaximumLength"></field><field name="path">/Recording/Song/Killing Me Softly With His Song</field><field name="composer_ss">Charles Fox</field><field name="composer_ss">Norman Gimbel</field><field name="song_ss">Killing Me Softly With His Song</field><field name="composer_ss.Length">13</field><field name="song_ss.Length">31</field><field name="verb_ss">performed</field><field name="verb_ss">recorded</field><field name="verb_ss">covered</field><field name="verb_ss">sang</field><field name="version_s">Cover</field><field name="genres_ss">Rock</field><field name="genres_ss">Soft Rock</field><field name="version_s.Length">5</field><field name="verb_ss.Length">4</field><field name="verb_ss.MaximumLength"></field><field name="song_ss.MaximumLength"></field><field name="hasPerformer_ss.MaximumLength"></field><field name="Recording_Type">Song</field><field name="Recording_Type.MaximumLength"></field></doc><doc><field name="name">Blue Turning Grey Over You</field><field name="id">http://www.semanticweb.org/tedsullivan/ontologies/2015/5/music-10#Blue_Turning_Grey_Over_You_-_Wild_Bill_Davidson</field><field name="hasPerformer_ss">Wild Bill Davidson</field><field name="Recording_Type.Length">4</field><field name="composer_ss.MaximumLength"></field><field name="hasPerformer_ss.Length">18</field><field name="version_s.MaximumLength"></field><field name="path">/Recording/Song/Blue Turning Grey Over You</field><field name="composer_ss">Andy Razaf</field><field name="composer_ss">Fats Waller</field><field name="original_performer.Length">11</field><field name="song_ss">Blue Turning Grey Over You</field><field name="original_performer">Fats Waller</field><field name="composer_ss.Length">11</field><field name="song_ss.Length">26</field><field name="original_performer.MaximumLength"></field><field name="verb_ss">performed</field><field name="verb_ss">recorded</field><field name="verb_ss">covered</field><field name="verb_ss">sang</field><field name="version_s">Cover</field><field name="version_s.Length">5</field><field name="verb_ss.Length">4</field><field name="verb_ss.MaximumLength"></field><field name="song_ss.MaximumLength"></field><field name="hasPerformer_ss.MaximumLength"></field><field name="Recording_Type">Song</field><field name="Recording_Type.MaximumLength"></field></doc><doc><field name="name">Love Is A Simple Thing</field><field name="id">http://www.semanticweb.org/tedsullivan/ontologies/2015/5/music-10#Love_Is_A_Simple_Thing_-_Carmen_McRae</field><field name="hasPerformer_ss">Carmen McRae</field><field name="Recording_Type.Length">4</field><field name="composer_ss.MaximumLength"></field><field name="hasPerformer_ss.Length">12</field><field name="version_s.MaximumLength"></field><field name="path">/Recording/Song/Love Is A Simple Thing</field><field name="composer_ss">Carmen McRae</field><field name="composer_ss">Ernie Wilkins</field><field name="song_ss">Love Is A Simple Thing</field><field name="composer_ss.Length">13</field><field name="song_ss.Length">22</field><field name="verb_ss">performed</field><field name="verb_ss">recorded</field><field name="verb_ss">covered</field><field name="verb_ss">sang</field><field name="version_s">Original</field><field name="version_s.Length">8</field><field name="verb_ss.Length">4</field><field name="verb_ss.MaximumLength"></field><field name="song_ss.MaximumLength"></field><field name="hasPerformer_ss.MaximumLength"></field><field name="Recording_Type">Song</field><field name="Recording_Type.MaximumLength"></field></doc><doc><field name="name">In The Still Of The Night</field><field name="id">http://www.semanticweb.org/tedsullivan/ontologies/2015/5/music-10#In_The_Still_Of_The_Night_-_Ella_Fitzgerald</field><field name="hasPerformer_ss">Ella Fitzgerald</field><field name="Recording_Type.Length">4</field><field name="composer_ss.MaximumLength"></field><field name="hasPerformer_ss.Length">15</field><field name="version_s.MaximumLength"></field><field name="path">/Recording/Song/In The Still Of The Night</field><field name="composer_ss">Fred Parris</field><field name="original_performer.Length">15</field><field name="song_ss">In The Still Of The Night</field><field name="original_performer">The Five Satins</field><field name="album_ss">The Cole Porter Songbook</field><field name="album_ss.Length">24</field><field name="composer_ss.Length">11</field><field name="song_ss.Length">25</field><field name="original_performer.MaximumLength"></field><field name="verb_ss">performed</field><field name="verb_ss">recorded</field><field name="verb_ss">covered</field><field name="verb_ss">sang</field><field name="version_s">Cover</field><field name="genres_ss">Rock</field><field name="genres_ss">Doo Wop</field><field name="genres_ss">Popular</field><field name="genres_ss">Oldies</field><field name="version_s.Length">5</field><field name="verb_ss.Length">4</field><field name="verb_ss.MaximumLength"></field><field name="album_ss.MaximumLength"></field><field name="song_ss.MaximumLength"></field><field name="hasPerformer_ss.MaximumLength"></field><field name="Recording_Type">Song</field><field name="Recording_Type.MaximumLength"></field></doc><doc><field name="name">The Land Of Make-Believe</field><field name="id">http://www.semanticweb.org/tedsullivan/ontologies/2015/5/music-10#The_Land_Of_Make-Believe_-_Moody_Blues</field><field name="hasPerformer_ss">Moody Blues</field><field name="performers.Length">13</field><field name="Recording_Type.Length">4</field><field name="composer_ss.MaximumLength"></field><field name="hasPerformer_ss.Length">11</field><field name="version_s.MaximumLength"></field><field name="path">/Recording/Song/The Land Of Make-Believe</field><field name="composer_ss">Justin Hayward</field><field name="song_ss">The Land Of Make-Believe</field><field name="album_ss">Seventh Sojourn</field><field name="album_ss.Length">15</field><field name="composer_ss.Length">14</field><field name="performers.MaximumLength"></field><field name="song_ss.Length">24</field><field name="verb_ss">performed</field><field name="verb_ss">recorded</field><field name="verb_ss">covered</field><field name="verb_ss">sang</field><field name="version_s">Original</field><field name="genres_ss">Rock</field><field name="genres_ss">Progressive Rock</field><field name="version_s.Length">8</field><field name="verb_ss.Length">4</field><field name="verb_ss.MaximumLength"></field><field name="album_ss.MaximumLength"></field><field name="song_ss.MaximumLength"></field><field name="hasPerformer_ss.MaximumLength"></field><field name="Recording_Type">Song</field><field name="Recording_Type.MaximumLength"></field></doc><doc><field name="name">Green Door</field><field name="id">http://www.semanticweb.org/tedsullivan/ontologies/2015/5/music-10#Green_Door_-_Shakin_Stevens</field><field name="hasPerformer_ss">Shakin' Stevens</field><field name="Recording_Type.Length">4</field><field name="composer_ss.MaximumLength"></field><field name="hasPerformer_ss.Length">15</field><field name="version_s.MaximumLength"></field><field name="path">/Recording/Song/Green Door</field><field name="lyricist_ss.Length">12</field><field name="lyricist_ss">Marvin Moore</field><field name="composer_ss">Hutch Davie</field><field name="song_ss">Green Door</field><field name="composer_ss.Length">11</field><field name="song_ss.Length">10</field><field name="lyricist_ss.MaximumLength"></field><field name="verb_ss">performed</field><field name="verb_ss">recorded</field><field name="verb_ss">covered</field><field name="verb_ss">sang</field><field name="version_s">Cover</field><field name="version_s.Length">5</field><field name="verb_ss.Length">4</field><field name="verb_ss.MaximumLength"></field><field name="song_ss.MaximumLength"></field><field name="hasPerformer_ss.MaximumLength"></field><field name="Recording_Type">Song</field><field name="Recording_Type.MaximumLength"></field></doc><doc><field name="name">Rainmaker</field><field name="id">http://www.semanticweb.org/tedsullivan/ontologies/2015/5/music-10#Rainmaker_-_Traffic</field><field name="hasPerformer_ss">Traffic</field><field name="performers.Length">11</field><field name="Recording_Type.Length">4</field><field name="composer_ss.MaximumLength"></field><field name="hasPerformer_ss.Length">7</field><field name="version_s.MaximumLength"></field><field name="path">/Recording/Song/Rainmaker</field><field name="composer_ss">Jim Capaldi</field><field name="composer_ss">Steve Winwood</field><field name="song_ss">Rainmaker</field><field name="composer_ss.Length">13</field><field name="performers.MaximumLength"></field><field name="song_ss.Length">9</field><field name="verb_ss">performed</field><field name="verb_ss">recorded</field><field name="verb_ss">covered</field><field name="verb_ss">sang</field><field name="version_s">Original</field><field name="version_s.Length">8</field><field name="verb_ss.Length">4</field><field name="verb_ss.MaximumLength"></field><field name="song_ss.MaximumLength"></field><field name="hasPerformer_ss.MaximumLength"></field><field name="Recording_Type">Song</field><field name="Recording_Type.MaximumLength"></field></doc><doc><field name="name">Laura</field><field name="id">http://www.semanticweb.org/tedsullivan/ontologies/2015/5/music-10#Laura_-_Woody_Herman</field><field name="hasPerformer_ss">Woody Herman and His Orchestra</field><field name="Recording_Type.Length">4</field><field name="composer_ss.MaximumLength"></field><field name="hasPerformer_ss.Length">30</field><field name="version_s.MaximumLength"></field><field name="path">/Recording/Song/Laura</field><field name="lyricist_ss.Length">13</field><field name="lyricist_ss">Johnny Mercer</field><field name="composer_ss">David Raskin</field><field name="song_ss">Laura</field><field name="composer_ss.Length">12</field><field name="song_ss.Length">5</field><field name="lyricist_ss.MaximumLength"></field><field name="verb_ss">performed</field><field name="verb_ss">recorded</field><field name="verb_ss">covered</field><field name="verb_ss">sang</field><field name="version_s">Cover</field><field name="version_s.Length">5</field><field name="verb_ss.Length">4</field><field name="verb_ss.MaximumLength"></field><field name="song_ss.MaximumLength"></field><field name="hasPerformer_ss.MaximumLength"></field><field name="Recording_Type">Song</field><field name="Recording_Type.MaximumLength"></field></doc><doc><field name="name">Blue 'N' Boogie</field><field name="id">http://www.semanticweb.org/tedsullivan/ontologies/2015/5/music-10#Blue_N_Boogie_-_Dizzy_Gillespie</field><field name="hasPerformer_ss">Dizzy Gillespie</field><field name="Recording_Type.Length">4</field><field name="composer_ss.MaximumLength"></field><field name="hasPerformer_ss.Length">15</field><field name="version_s.MaximumLength"></field><field name="path">/Recording/Song/Blue 'N' Boogie</field><field name="composer_ss">Dizzy Gillespie</field><field name="composer_ss">Frank Paparelli</field><field name="song_ss">Blue 'N' Boogie</field><field name="composer_ss.Length">15</field><field name="song_ss.Length">15</field><field name="verb_ss">performed</field><field name="verb_ss">recorded</field><field name="verb_ss">covered</field><field name="verb_ss">sang</field><field name="version_s">Original</field><field name="genres_ss">Jazz</field><field name="version_s.Length">8</field><field name="verb_ss.Length">4</field><field name="verb_ss.MaximumLength"></field><field name="song_ss.MaximumLength"></field><field name="hasPerformer_ss.MaximumLength"></field><field name="Recording_Type">Song</field><field name="Recording_Type.MaximumLength"></field></doc><doc><field name="name">Sister Morphine</field><field name="id">http://www.semanticweb.org/tedsullivan/ontologies/2015/5/music-10#Sister_Morphine_-_Rolling_Stones</field><field name="hasPerformer_ss">Rolling Stones</field><field name="performers.Length">13</field><field name="Recording_Type.Length">4</field><field name="composer_ss.MaximumLength"></field><field name="hasPerformer_ss.Length">14</field><field name="version_s.MaximumLength"></field><field name="path">/Recording/Song/Sister Morphine</field><field name="composer_ss">Keith Richards</field><field name="composer_ss">Mick Jagger</field><field name="song_ss">Sister Morphine</field><field name="album_ss">Sticky Fingers</field><field name="album_ss.Length">14</field><field name="composer_ss.Length">11</field><field name="performers.MaximumLength"></field><field name="song_ss.Length">15</field><field name="verb_ss">performed</field><field name="verb_ss">recorded</field><field name="verb_ss">covered</field><field name="verb_ss">sang</field><field name="version_s">Original</field><field name="version_s.Length">8</field><field name="verb_ss.Length">4</field><field name="verb_ss.MaximumLength"></field><field name="album_ss.MaximumLength"></field><field name="song_ss.MaximumLength"></field><field name="hasPerformer_ss.MaximumLength"></field><field name="Recording_Type">Song</field><field name="Recording_Type.MaximumLength"></field></doc><doc><field name="name">The Day Begins</field><field name="id">http://www.semanticweb.org/tedsullivan/ontologies/2015/5/music-10#The_Day_Begins_-_Moody_Blues</field><field name="hasPerformer_ss">Moody Blues</field><field name="performers.Length">13</field><field name="Recording_Type.Length">4</field><field name="composer_ss.MaximumLength"></field><field name="hasPerformer_ss.Length">11</field><field name="version_s.MaximumLength"></field><field name="path">/Recording/Song/The Day Begins</field><field name="composer_ss">Graeme Edge</field><field name="composer_ss">John Lodge</field><field name="composer_ss">Justin Hayward</field><field name="composer_ss">Mike Pinder</field><field name="composer_ss">Peter Knight</field><field name="song_ss">The Day Begins</field><field name="album_ss">Days of Future Passed</field><field name="album_ss.Length">21</field><field name="composer_ss.Length">12</field><field name="performers.MaximumLength"></field><field name="song_ss.Length">14</field><field name="verb_ss">performed</field><field name="verb_ss">recorded</field><field name="verb_ss">covered</field><field name="verb_ss">sang</field><field name="version_s">Original</field><field name="genres_ss">Rock</field><field name="genres_ss">Symphonic Rock</field><field name="version_s.Length">8</field><field name="verb_ss.Length">4</field><field name="verb_ss.MaximumLength"></field><field name="album_ss.MaximumLength"></field><field name="song_ss.MaximumLength"></field><field name="hasPerformer_ss.MaximumLength"></field><field name="Recording_Type">Song</field><field name="Recording_Type.MaximumLength"></field></doc><doc><field name="name">Good Morning Heartache</field><field name="id">http://www.semanticweb.org/tedsullivan/ontologies/2015/5/music-10#Good_Morning_Heartache_-_Natalie_Cole</field><field name="hasPerformer_ss">Natalie Cole</field><field name="Recording_Type.Length">4</field><field name="composer_ss.MaximumLength"></field><field name="hasPerformer_ss.Length">12</field><field name="version_s.MaximumLength"></field><field name="path">/Recording/Song/Good Morning Heartache</field><field name="composer_ss">Dan Fisher</field><field name="composer_ss">Ervin Drake</field><field name="composer_ss">Irene Higginbotham</field><field name="song_ss">Good Morning Heartache</field><field name="composer_ss.Length">18</field><field name="song_ss.Length">22</field><field name="verb_ss">performed</field><field name="verb_ss">recorded</field><field name="verb_ss">covered</field><field name="verb_ss">sang</field><field name="version_s">Cover</field><field name="version_s.Length">5</field><field name="verb_ss.Length">4</field><field name="verb_ss.MaximumLength"></field><field name="song_ss.MaximumLength"></field><field name="hasPerformer_ss.MaximumLength"></field><field name="Recording_Type">Song</field><field name="Recording_Type.MaximumLength"></field></doc><doc><field name="name">Not Too Young To Get Married</field><field name="id">http://www.semanticweb.org/tedsullivan/ontologies/2015/5/music-10#Not_Too_Young_To_Get_Married_-_Bob_B_Soxx</field><field name="hasPerformer_ss">Bob B. Soxx And The Blue Jeans</field><field name="Recording_Type.Length">4</field><field name="composer_ss.MaximumLength"></field><field name="hasPerformer_ss.Length">30</field><field name="version_s.MaximumLength"></field><field name="hasProducer">{"rdf:resource":"http://www.semanticweb.org/tedsullivan/ontologies/2015/5/music-10#Phil_Spector"}</field><field name="hasProducer">{"name":"Phil Spector","id":"http://www.semanticweb.org/tedsullivan/ontologies/2015/5/music-10#Phil_Spector","related_entity1_ss":["The Ronettes","Ellie Greenwich","Jeff Barry"],"related_entity2_ss":["Brian Jones","George Harrison","Ray Peterson","Darlene Love","The Treasures","Carole King","Sonny Charles and The Checkmates LTD.","Cynthia Weil","Charlie Watts","Barry Mann","Leroy Bates","Yoko Ono","The Alley Cats","Vince Poncia Jr.","Gil Garfield","Beach Boys","The Righteous Brothers","Bill Wyman","Curtis Lee","Irwin Levine","Gerry Goffin","Marshall Leib","Jerry Leiber","The Paris Sisters","Keith Richards","Toni Wine","Carol Connors","John Lennon","Perry Botkin Jr.","Bob B. Soxx And The Blue Jeans","Mick Jagger","The Modern Folk Quartet","The Crystals","Pete Andreoli","Gene Pitney","Harry Nilsson","Tony Powers"],"Music_Writer_Type":["Composer","Songwriter"],"rdf:type":[{"rdf:resource":"http://www.semanticweb.org/tedsullivan/ontologies/2015/5/music-10#Producer"},{"rdf:resource":"http://www.semanticweb.org/tedsullivan/ontologies/2015/5/music-10#Singer"},{"rdf:resource":"http://www.semanticweb.org/tedsullivan/ontologies/2015/5/music-10#Songwriter"}],"ParentKey":["Record Producer|http://www.semanticweb.org/tedsullivan/ontologies/2015/5/music-10#Producer|","Singer|http://www.semanticweb.org/tedsullivan/ontologies/2015/5/music-10#Singer|","Songwriter|http://www.semanticweb.org/tedsullivan/ontologies/2015/5/music-10#Songwriter|"],"rdf:about":"http://www.semanticweb.org/tedsullivan/ontologies/2015/5/music-10#Phil_Spector","path":["/Record Producer/Phil Spector","/Musician/Singer/Phil Spector","/Songwriter/Phil Spector"],"Musician_Type":"Singer","rdfs:label":{"text":["Phil Spector"]},"memberOfGroup_ss":"The Teddy Bears"}</field><field name="path">/Recording/Song/Not Too Young To Get Married</field><field name="composer_ss">Ellie Greenwich</field><field name="composer_ss">Jeff Barry</field><field name="composer_ss">Phil Spector</field><field name="song_ss">Not Too Young To Get Married</field><field name="composer_ss.Length">12</field><field name="song_ss.Length">28</field><field name="verb_ss">performed</field><field name="verb_ss">recorded</field><field name="verb_ss">covered</field><field name="verb_ss">sang</field><field name="version_s">Cover</field><field name="genres_ss">Rock</field><field name="genres_ss">Doo Wop</field><field name="version_s.Length">5</field><field name="verb_ss.Length">4</field><field name="verb_ss.MaximumLength"></field><field name="song_ss.MaximumLength"></field><field name="hasPerformer_ss.MaximumLength"></field><field name="Recording_Type">Song</field><field name="Recording_Type.MaximumLength"></field></doc><doc><field name="name">owl:NamedIndividual</field><field name="id">http://www.semanticweb.org/tedsullivan/ontologies/2015/5/music-10#Schubert_String_Quartets_-_Artis_Quartett</field><field name="hasRecordings.Count">8</field><field name="path">/Recording/owl:NamedIndividual</field><field name="hasRecordings">{"rdf:resource":"http://www.semanticweb.org/tedsullivan/ontologies/2015/5/music-10#Schubert_String_Quartet_in_A_Minor_D804_-_Movement_1_-_Artis_Quartett"}</field><field name="hasRecordings">{"rdf:resource":"http://www.semanticweb.org/tedsullivan/ontologies/2015/5/music-10#Schubert_String_Quartet_in_A_Minor_D804_-_Movement_2_-_Artis_Quartett"}</field><field name="hasRecordings">{"rdf:resource":"http://www.semanticweb.org/tedsullivan/ontologies/2015/5/music-10#Schubert_String_Quartet_in_A_Minor_D804_-_Movement_3_-_Artis_Quartett"}</field><field name="hasRecordings">{"rdf:resource":"http://www.semanticweb.org/tedsullivan/ontologies/2015/5/music-10#Schubert_String_Quartet_in_A_Minor_D804_-_Movement_4_-_Artis_Quartett"}</field><field name="hasRecordings">{"name":"owl:NamedIndividual","id":"http://www.semanticweb.org/tedsullivan/ontologies/2015/5/music-10#Schubert_String_Quartet_in_A_Minor_D804_-_Movement_1_-_Artis_Quartett","related_entity1_ss":"owl:NamedIndividual","rdf:type":{"rdf:resource":"http://www.semanticweb.org/tedsullivan/ontologies/2015/5/music-10#Recording_Track"},"ParentKey":["Song|http://www.semanticweb.org/tedsullivan/ontologies/2015/5/music-10#Recording_Track|"],"verb_ss":["performed","recorded","covered","sang"],"version_s":"Cover","rdf:about":"http://www.semanticweb.org/tedsullivan/ontologies/2015/5/music-10#Schubert_String_Quartet_in_A_Minor_D804_-_Movement_1_-_Artis_Quartett","path":["/Recording/Song/owl:NamedIndividual"],"Recording_Type":"Song"}</field><field name="hasRecordings">{"name":"owl:NamedIndividual","id":"http://www.semanticweb.org/tedsullivan/ontologies/2015/5/music-10#Schubert_String_Quartet_in_A_Minor_D804_-_Movement_2_-_Artis_Quartett","related_entity1_ss":"owl:NamedIndividual","rdf:type":{"rdf:resource":"http://www.semanticweb.org/tedsullivan/ontologies/2015/5/music-10#Recording_Track"},"ParentKey":["Song|http://www.semanticweb.org/tedsullivan/ontologies/2015/5/music-10#Recording_Track|"],"verb_ss":["performed","recorded","covered","sang"],"version_s":"Cover","rdf:about":"http://www.semanticweb.org/tedsullivan/ontologies/2015/5/music-10#Schubert_String_Quartet_in_A_Minor_D804_-_Movement_2_-_Artis_Quartett","path":["/Recording/Song/owl:NamedIndividual"],"Recording_Type":"Song"}</field><field name="hasRecordings">{"name":"owl:NamedIndividual","id":"http://www.semanticweb.org/tedsullivan/ontologies/2015/5/music-10#Schubert_String_Quartet_in_A_Minor_D804_-_Movement_3_-_Artis_Quartett","related_entity1_ss":"owl:NamedIndividual","rdf:type":{"rdf:resource":"http://www.semanticweb.org/tedsullivan/ontologies/2015/5/music-10#Recording_Track"},"ParentKey":["Song|http://www.semanticweb.org/tedsullivan/ontologies/2015/5/music-10#Recording_Track|"],"verb_ss":["performed","recorded","covered","sang"],"version_s":"Cover","rdf:about":"http://www.semanticweb.org/tedsullivan/ontologies/2015/5/music-10#Schubert_String_Quartet_in_A_Minor_D804_-_Movement_3_-_Artis_Quartett","path":["/Recording/Song/owl:NamedIndividual"],"Recording_Type":"Song"}</field><field name="hasRecordings">{"name":"owl:NamedIndividual","id":"http://www.semanticweb.org/tedsullivan/ontologies/2015/5/music-10#Schubert_String_Quartet_in_A_Minor_D804_-_Movement_4_-_Artis_Quartett","related_entity1_ss":"owl:NamedIndividual","rdf:type":{"rdf:resource":"http://www.semanticweb.org/tedsullivan/ontologies/2015/5/music-10#Recording_Track"},"ParentKey":["Song|http://www.semanticweb.org/tedsullivan/ontologies/2015/5/music-10#Recording_Track|"],"verb_ss":["performed","recorded","covered","sang"],"version_s":"Cover","rdf:about":"http://www.semanticweb.org/tedsullivan/ontologies/2015/5/music-10#Schubert_String_Quartet_in_A_Minor_D804_-_Movement_4_-_Artis_Quartett","path":["/Recording/Song/owl:NamedIndividual"],"Recording_Type":"Song"}</field></doc><doc><field name="name">Mahler Symphony No. 5</field><field name="id">http://www.semanticweb.org/tedsullivan/ontologies/2015/5/music-10#Mahler_Sym_5_Berstein_1</field><field name="composer_ss.Length">13</field><field name="performers.MaximumLength"></field><field name="hasPerformer_ss">Leonard Bernstein</field><field name="hasPerformer_ss">New York Philharmonic</field><field name="performers.Length">17</field><field name="song_ss.Length">17</field><field name="composer_ss.MaximumLength"></field><field name="hasPerformer_ss.Length">21</field><field name="hasPerformer.Count">4</field><field name="path">/Recording/Mahler Symphony No. 5</field><field name="composer_ss">Gustav Mahler</field><field name="song_ss.MaximumLength"></field><field name="hasPerformer_ss.MaximumLength"></field><field name="song_ss">Symphony Number 5</field></doc><doc><field name="name">Beethoven Symphony No. 5</field><field name="id">http://www.semanticweb.org/tedsullivan/ontologies/2015/5/music-10#Beethoven_Sym_5_Bernstein_1</field><field name="performers.MaximumLength"></field><field name="hasPerformer_ss">Leonard Bernstein</field><field name="hasPerformer_ss">New York Philharmonic</field><field name="performers.Length">17</field><field name="hasPerformer_ss.Length">21</field><field name="hasPerformer.Count">4</field><field name="path">/Recording/Beethoven Symphony No. 5</field><field name="hasPerformer_ss.MaximumLength"></field></doc><doc><field name="name">Beethoven Symphony No 5</field><field name="id">http://www.semanticweb.org/tedsullivan/ontologies/2015/5/music-10#Beethoven_Sym_5_Kleiber_Vienna</field><field name="hasPerformer_ss">Carlos Kleiber</field><field name="hasPerformer_ss">Vienna Philharmonic</field><field name="hasPerformer_ss.Length">19</field><field name="hasPerformer.Count">4</field><field name="path">/Recording/Beethoven Symphony No 5</field><field name="hasRecordingLabel">{"rdf:resource":"http://www.semanticweb.org/tedsullivan/ontologies/2015/5/music-10#Deutsche_Grammophon"}</field><field name="hasRecordingLabel">{"name":"Deutsche Grammophon","id":"http://www.semanticweb.org/tedsullivan/ontologies/2015/5/music-10#Deutsche_Grammophon","path":["/Recording Company/Deutsche Grammophon"],"synonym":{"text":["DG"]},"related_entity1_ss":["Carlos Kleiber","Vienna Philharmonic"],"rdfs:label":{"text":["Deutsche Grammophon"]},"rdf:type":{"rdf:resource":"http://www.semanticweb.org/tedsullivan/ontologies/2015/5/music-10#Recording_Companies"},"ParentKey":["Recording Company|http://www.semanticweb.org/tedsullivan/ontologies/2015/5/music-10#Recording_Companies|"],"rdf:about":"http://www.semanticweb.org/tedsullivan/ontologies/2015/5/music-10#Deutsche_Grammophon"}</field><field name="hasPerformer_ss.MaximumLength"></field></doc><doc><field name="name">Instrument Manufacturers</field><field name="id">http://www.semanticweb.org/tedsullivan/ontologies/2015/5/music-10#Instrument_Manufacturers</field><field name="path">/rdf:RDF/Instrument Manufacturers</field></doc><doc><field name="name">Wurlitzer</field><field name="id">http://www.semanticweb.org/tedsullivan/ontologies/2015/5/music-10#Wurlitzer</field><field name="path">/Instrument Manufacturers/Wurlitzer</field></doc><doc><field name="name">owl:NamedIndividual</field><field name="id">http://www.semanticweb.org/tedsullivan/ontologies/2015/5/music-10#Steinway_and_Sons</field><field name="path">/Instrument Manufacturers/owl:NamedIndividual</field></doc></add>
