<add><doc><field name="name">Slim Harpo</field><field name="id">http://www.semanticweb.org/tedsullivan/ontologies/2015/5/music-10#Slim_Harpo</field><field name="related_entity1_ss">J. D. ,",Jay,", Miller</field><field name="Music_Writer_Type">Composer</field><field name="Music_Writer_Type">Songwriter</field><field name="path">/Songwriter/Slim Harpo</field><field name="genres_ss">Blues</field></doc><doc><field name="name">Kal David</field><field name="id">http://www.semanticweb.org/tedsullivan/ontologies/2015/5/music-10#Kal_David</field><field name="related_entity1_ss">Harvey Mandel</field><field name="related_entity1_ss">Tony Reeves</field><field name="related_entity1_ss">John Paulus</field><field name="related_entity1_ss">Hank Van Sickle</field><field name="related_entity1_ss">Don ,",Sugarcane,", Harris</field><field name="related_entity1_ss">Coco Montoya</field><field name="related_entity1_ss">Randy Resnick</field><field name="related_entity1_ss">Ross Appleman</field><field name="related_entity1_ss">Simon Bateman</field><field name="related_entity1_ss">John McVie</field><field name="related_entity1_ss">Mick Taylor</field><field name="related_entity1_ss">Victor Gaskin</field><field name="related_entity1_ss">Buddy Whittington</field><field name="related_entity1_ss">Rick Cortes</field><field name="related_entity1_ss">Peter Green</field><field name="related_entity1_ss">Jack Bruce</field><field name="related_entity1_ss">Malcolm Poole</field><field name="related_entity1_ss">John Mayall</field><field name="related_entity1_ss">Eric Clapton</field><field name="related_entity1_ss">Andy Fraser</field><field name="related_entity1_ss">Larry Taylor</field><field name="related_entity1_ss">John Weider</field><field name="related_entity1_ss">Mick Fleetwood</field><field name="related_entity1_ss">James Quill Smith</field><field name="related_entity1_ss">Abu Talib</field><field name="related_entity1_ss">Kevin McCormick</field><field name="related_entity1_ss">Bernie Watson</field><field name="related_entity1_ss">Roger Dean</field><field name="related_entity1_ss">Geoff Krivet</field><field name="related_entity1_ss">Walter Trout</field><field name="related_entity1_ss">Hughie Flint</field><field name="Music_Writer_Type">Composer</field><field name="Music_Writer_Type">Songwriter</field><field name="memberOfGroup_ss.Length">27</field><field name="path">/Instrumentalist/Guitarist/Kal David</field><field name="path">/Musician/Singer/Kal David</field><field name="path">/Songwriter/Kal David</field><field name="Musician_Type">Instrumentalist</field><field name="Musician_Type">Guitarist</field><field name="Musician_Type">Singer</field><field name="memberOfGroup_ss">John Mayall's Bluesbreakers</field><field name="memberOfGroup_ss.MaximumLength"></field></doc><doc><field name="name">John S. Carter</field><field name="id">http://www.semanticweb.org/tedsullivan/ontologies/2015/5/music-10#John_S._Carter</field><field name="related_entity1_ss">Tim Gilbert</field><field name="Music_Writer_Type">Composer</field><field name="Music_Writer_Type">Songwriter</field><field name="path">/Record Producer/John S. Carter</field><field name="path">/Songwriter/John S. Carter</field></doc><doc><field name="name">Brice Coefield</field><field name="id">http://www.semanticweb.org/tedsullivan/ontologies/2015/5/music-10#Brice_Coefield</field><field name="related_entity1_ss">Gary Pipkin</field><field name="related_entity1_ss">Alanzo Willis</field><field name="Music_Writer_Type">Composer</field><field name="Music_Writer_Type">Songwriter</field><field name="path">/Songwriter/Brice Coefield</field></doc><doc><field name="name">Buddy Miles</field><field name="id">http://www.semanticweb.org/tedsullivan/ontologies/2015/5/music-10#Buddy_Miles</field><field name="Music_Writer_Type">Composer</field><field name="Music_Writer_Type">Songwriter</field><field name="hasGenre.Count">6</field><field name="path">/Drummer/Buddy Miles</field><field name="path">/Instrumentalist/Guitarist/Buddy Miles</field><field name="path">/Musician/Singer/Buddy Miles</field><field name="path">/Songwriter/Buddy Miles</field><field name="Musician_Type">Instrumentalist</field><field name="Musician_Type">Drummer</field><field name="Musician_Type">Guitarist</field><field name="Musician_Type">Singer</field><field name="genres_ss">Jazz</field><field name="genres_ss">Rock</field><field name="genres_ss">R&amp;B</field></doc><doc><field name="name">Charles Hardin</field><field name="id">http://www.semanticweb.org/tedsullivan/ontologies/2015/5/music-10#Charles_Hardin</field><field name="related_entity1_ss">Norman Petty</field><field name="Music_Writer_Type">Composer</field><field name="Music_Writer_Type">Songwriter</field><field name="path">/Songwriter/Charles Hardin</field></doc><doc><field name="name">Jim Kerr</field><field name="id">http://www.semanticweb.org/tedsullivan/ontologies/2015/5/music-10#Jim_Kerr</field><field name="related_entity1_ss">Mel Gaynor</field><field name="related_entity1_ss">Ged Grimes</field><field name="related_entity1_ss">Charlie Burchill</field><field name="Music_Writer_Type">Composer</field><field name="Music_Writer_Type">Songwriter</field><field name="memberOfGroup_ss.Length">12</field><field name="path">/Musician/Singer/Jim Kerr</field><field name="path">/Songwriter/Jim Kerr</field><field name="Musician_Type">Singer</field><field name="memberOfGroup_ss">Simple Minds</field><field name="memberOfGroup_ss.MaximumLength"></field></doc><doc><field name="name">Kenneth Gamble</field><field name="id">http://www.semanticweb.org/tedsullivan/ontologies/2015/5/music-10#Kenneth_Gamble</field><field name="related_entity1_ss">Jerry Ross</field><field name="related_entity1_ss">Leon A. Huff</field><field name="Music_Writer_Type">Composer</field><field name="Music_Writer_Type">Songwriter</field><field name="path">/Songwriter/Kenneth Gamble</field></doc><doc><field name="name">Benny Andersson</field><field name="id">http://www.semanticweb.org/tedsullivan/ontologies/2015/5/music-10#Benny_Andersson</field><field name="related_entity1_ss">Björn Ulvaeus</field><field name="related_entity2_ss">Anni-Frid Lyngstad</field><field name="related_entity2_ss">Stig Anderson</field><field name="related_entity2_ss">Agnetha Fältskog</field><field name="Music_Writer_Type">Composer</field><field name="Music_Writer_Type">Songwriter</field><field name="memberOfGroup_ss.Length">4</field><field name="related_entity2_ss.Length">16</field><field name="path">/Instrumentalist/Guitarist/Benny Andersson</field><field name="path">/Keyboardist/Benny Andersson</field><field name="path">/Instrumentalist/Saxophonist/Benny Andersson</field><field name="path">/Musician/Singer/Benny Andersson</field><field name="path">/Songwriter/Benny Andersson</field><field name="Musician_Type">Instrumentalist</field><field name="Musician_Type">Guitarist</field><field name="Musician_Type">Keyboardist</field><field name="Musician_Type">Saxophonist</field><field name="Musician_Type">Singer</field><field name="memberOfGroup_ss">ABBA</field><field name="memberOfGroup_ss.MaximumLength"></field><field name="related_entity2_ss.MaximumLength"></field></doc><doc><field name="name">Tiran Porter</field><field name="id">http://www.semanticweb.org/tedsullivan/ontologies/2015/5/music-10#Tiran_Porter</field><field name="related_entity1_ss">John Hartman</field><field name="related_entity1_ss">Michael Hossack</field><field name="related_entity1_ss">Tom Johnston</field><field name="related_entity1_ss">Patrick Simmons</field><field name="related_entity2_ss">Michael McDonald</field><field name="Music_Writer_Type">Composer</field><field name="Music_Writer_Type">Songwriter</field><field name="memberOfGroup_ss.Length">15</field><field name="related_entity2_ss.Length">16</field><field name="path">/Instrumentalist/Bassist/Tiran Porter</field><field name="path">/Instrumentalist/Guitarist/Tiran Porter</field><field name="path">/Songwriter/Tiran Porter</field><field name="Musician_Type">Instrumentalist</field><field name="Musician_Type">Bassist</field><field name="Musician_Type">Guitarist</field><field name="memberOfGroup_ss">Doobie Brothers</field><field name="memberOfGroup_ss.MaximumLength"></field><field name="related_entity2_ss.MaximumLength"></field></doc><doc><field name="name">Manny Curtis</field><field name="id">http://www.semanticweb.org/tedsullivan/ontologies/2015/5/music-10#Manny_Curtis</field><field name="related_entity1_ss">Everly Brothers</field><field name="related_entity1_ss">Edgar Sampson</field><field name="related_entity1_ss">Gilbert Bécaud</field><field name="related_entity1_ss">Benny Goodman</field><field name="Music_Writer_Type">Composer</field><field name="Music_Writer_Type">Songwriter</field><field name="path">/Songwriter/Manny Curtis</field><field name="synonym">Manny Kurtz</field></doc><doc><field name="name">Lou Adler</field><field name="id">http://www.semanticweb.org/tedsullivan/ontologies/2015/5/music-10#Lou_Adler</field><field name="related_entity1_ss">Carole King</field><field name="related_entity2_ss">Herb Alpert</field><field name="related_entity2_ss">Sam Cooke</field><field name="related_entity2_ss">James Taylor</field><field name="Music_Writer_Type">Composer</field><field name="Music_Writer_Type">Songwriter</field><field name="related_entity2_ss.Length">12</field><field name="path">/Songwriter/Lou Adler</field><field name="related_entity2_ss.MaximumLength"></field></doc><doc><field name="name">Bob Crewe</field><field name="id">http://www.semanticweb.org/tedsullivan/ontologies/2015/5/music-10#Bob_Crewe</field><field name="related_entity1_ss">Bob Gaudio</field><field name="related_entity1_ss">The Four Seasons</field><field name="composer_ss.MaximumLength"></field><field name="related_entity2_ss.Length">13</field><field name="path">/Record Producer/Bob Crewe</field><field name="path">/Musician/Singer/Bob Crewe</field><field name="path">/Songwriter/Bob Crewe</field><field name="composer_ss">Bob Crewe</field><field name="composer_ss">Bob Gaudio</field><field name="song_ss">Big Girls Don't Cry</field><field name="composer_ss.Length">10</field><field name="related_entity2_ss">Frank Slay</field><field name="related_entity2_ss">The Rays</field><field name="related_entity2_ss">Kenny Nolan</field><field name="related_entity2_ss">Frankie Valli</field><field name="related_entity2_ss">Sandy Linzer</field><field name="related_entity2_ss">LaBelle</field><field name="related_entity2_ss">Denny Randell</field><field name="Music_Writer_Type">Composer</field><field name="Music_Writer_Type">Songwriter</field><field name="song_ss.Length">19</field><field name="Musician_Type">Singer</field><field name="song_ss.MaximumLength"></field><field name="related_entity2_ss.MaximumLength"></field></doc><doc><field name="name">Irwin Levine</field><field name="id">http://www.semanticweb.org/tedsullivan/ontologies/2015/5/music-10#Irwin_Levine</field><field name="related_entity1_ss">Phil Spector</field><field name="related_entity1_ss">Toni Wine</field><field name="Music_Writer_Type">Composer</field><field name="Music_Writer_Type">Songwriter</field><field name="path">/Songwriter/Irwin Levine</field></doc><doc><field name="name">Nick Cave</field><field name="id">http://www.semanticweb.org/tedsullivan/ontologies/2015/5/music-10#Nick_Cave</field><field name="Music_Writer_Type">Composer</field><field name="Music_Writer_Type">Songwriter</field><field name="path">/Drummer/Nick Cave</field><field name="path">/Instrumentalist/Guitarist/Nick Cave</field><field name="path">/Harmonica Player/Nick Cave</field><field name="path">/Percussionist/Nick Cave</field><field name="path">/Pianist/Nick Cave</field><field name="path">/Instrumentalist/Saxophonist/Nick Cave</field><field name="path">/Musician/Singer/Nick Cave</field><field name="path">/Songwriter/Nick Cave</field><field name="Musician_Type">Instrumentalist</field><field name="Musician_Type">Drummer</field><field name="Musician_Type">Guitarist</field><field name="Musician_Type">Harmonica Player</field><field name="Musician_Type">Percussionist</field><field name="Musician_Type">Pianist</field><field name="Musician_Type">Saxophonist</field><field name="Musician_Type">Singer</field></doc><doc><field name="name">Pam Sawyer</field><field name="id">http://www.semanticweb.org/tedsullivan/ontologies/2015/5/music-10#Pam_Sawyer</field><field name="related_entity1_ss">R. Dean Taylor</field><field name="related_entity1_ss">Deke Richards</field><field name="related_entity1_ss">Frank Wilson</field><field name="Music_Writer_Type">Composer</field><field name="Music_Writer_Type">Songwriter</field><field name="path">/Songwriter/Pam Sawyer</field></doc><doc><field name="name">Tom Evans</field><field name="id">http://www.semanticweb.org/tedsullivan/ontologies/2015/5/music-10#Tom_Evans</field><field name="related_entity1_ss">Pete Ham</field><field name="Music_Writer_Type">Composer</field><field name="Music_Writer_Type">Songwriter</field><field name="memberOfGroup_ss.Length">9</field><field name="path">/Instrumentalist/Bassist/Tom Evans</field><field name="path">/Instrumentalist/Guitarist/Tom Evans</field><field name="path">/Musician/Singer/Tom Evans</field><field name="path">/Songwriter/Tom Evans</field><field name="Musician_Type">Instrumentalist</field><field name="Musician_Type">Bassist</field><field name="Musician_Type">Guitarist</field><field name="Musician_Type">Singer</field><field name="memberOfGroup_ss">Badfinger</field><field name="memberOfGroup_ss.MaximumLength"></field></doc><doc><field name="name">Pat Murtagh</field><field name="id">http://www.semanticweb.org/tedsullivan/ontologies/2015/5/music-10#Pat_Murtagh</field><field name="related_entity1_ss">Bunny Botkin</field><field name="related_entity1_ss">Gil Garfield</field><field name="Music_Writer_Type">Composer</field><field name="Music_Writer_Type">Songwriter</field><field name="path">/Songwriter/Pat Murtagh</field></doc><doc><field name="name">Andy Mackay</field><field name="id">http://www.semanticweb.org/tedsullivan/ontologies/2015/5/music-10#Andy_Mackay</field><field name="related_entity1_ss">Bryan Ferry</field><field name="hasGenre.Count">10</field><field name="memberOfGroup_ss.Length">10</field><field name="related_entity2_ss.Length">14</field><field name="path">/Keyboardist/Andy Mackay</field><field name="path">/Oboist/Andy Mackay</field><field name="path">/Instrumentalist/Saxophonist/Andy Mackay</field><field name="path">/Musician/Singer/Andy Mackay</field><field name="path">/Songwriter/Andy Mackay</field><field name="path">/Violinist/Andy Mackay</field><field name="memberOfGroup_ss.MaximumLength"></field><field name="related_entity2_ss">Brian Eno</field><field name="related_entity2_ss">Phil Manzanera</field><field name="Music_Writer_Type">Composer</field><field name="Music_Writer_Type">Songwriter</field><field name="Musician_Type">Instrumentalist</field><field name="Musician_Type">Keyboardist</field><field name="Musician_Type">Oboist</field><field name="Musician_Type">Saxophonist</field><field name="Musician_Type">Singer</field><field name="Musician_Type">Violinist</field><field name="genres_ss">Rock</field><field name="genres_ss">Art Rock</field><field name="genres_ss">Classical</field><field name="genres_ss">Glam Rock</field><field name="genres_ss">R&amp;B</field><field name="memberOfGroup_ss">Roxy Music</field><field name="related_entity2_ss.MaximumLength"></field></doc><doc><field name="name">George Bassman</field><field name="id">http://www.semanticweb.org/tedsullivan/ontologies/2015/5/music-10#George_Bassman</field><field name="related_entity1_ss">Ned Washington</field><field name="related_entity1_ss">Tommy Dorsey</field><field name="Music_Writer_Type">Composer</field><field name="Music_Writer_Type">Songwriter</field><field name="path">/Songwriter/George Bassman</field></doc><doc><field name="name">Buck Ram</field><field name="id">http://www.semanticweb.org/tedsullivan/ontologies/2015/5/music-10#Buck_Ram</field><field name="related_entity1_ss">Les Brown and his Band Of Renown</field><field name="Music_Writer_Type">Composer</field><field name="Music_Writer_Type">Songwriter</field><field name="path">/Songwriter/Buck Ram</field></doc><doc><field name="name">Sammi Smith</field><field name="id">http://www.semanticweb.org/tedsullivan/ontologies/2015/5/music-10#Sammi_Smith</field><field name="related_entity1_ss">Kris Kristofferson</field><field name="related_entity2_ss">O. C. Smith</field><field name="Music_Writer_Type">Composer</field><field name="Music_Writer_Type">Songwriter</field><field name="related_entity2_ss.Length">11</field><field name="path">/Musician/Singer/Sammi Smith</field><field name="path">/Songwriter/Sammi Smith</field><field name="Musician_Type">Singer</field><field name="related_entity2_ss.MaximumLength"></field></doc><doc><field name="name">Greg Brown</field><field name="id">http://www.semanticweb.org/tedsullivan/ontologies/2015/5/music-10#Greg_Brown</field><field name="Music_Writer_Type">Composer</field><field name="Music_Writer_Type">Songwriter</field><field name="path">/Musician/Singer/Greg Brown</field><field name="path">/Songwriter/Greg Brown</field><field name="Musician_Type">Singer</field></doc><doc><field name="name">Darby Slick</field><field name="id">http://www.semanticweb.org/tedsullivan/ontologies/2015/5/music-10#Darby_Slick</field><field name="related_entity1_ss">Jefferson Airplane</field><field name="Music_Writer_Type">Composer</field><field name="Music_Writer_Type">Songwriter</field><field name="path">/Songwriter/Darby Slick</field></doc><doc><field name="name">Keith Shocklee</field><field name="id">http://www.semanticweb.org/tedsullivan/ontologies/2015/5/music-10#Keith_Shocklee</field><field name="related_entity1_ss">Eric Sadler</field><field name="related_entity1_ss">Hank Shocklee</field><field name="related_entity1_ss">Chuck D</field><field name="Music_Writer_Type">Composer</field><field name="Music_Writer_Type">Songwriter</field><field name="path">/Songwriter/Keith Shocklee</field></doc><doc><field name="name">Eddie Floyd</field><field name="id">http://www.semanticweb.org/tedsullivan/ontologies/2015/5/music-10#Eddie_Floyd</field><field name="related_entity1_ss">Steve Cropper</field><field name="related_entity2_ss">Creedence Clearwater Revival</field><field name="related_entity2_ss">Wilson Pickett</field><field name="Music_Writer_Type">Composer</field><field name="Music_Writer_Type">Songwriter</field><field name="related_entity2_ss.Length">14</field><field name="path">/Musician/Singer/Eddie Floyd</field><field name="path">/Songwriter/Eddie Floyd</field><field name="Musician_Type">Singer</field><field name="related_entity2_ss.MaximumLength"></field></doc><doc><field name="name">Wanda Jackson</field><field name="id">http://www.semanticweb.org/tedsullivan/ontologies/2015/5/music-10#Wanda_Jackson</field><field name="related_entity1_ss">Ken Nelson</field><field name="Music_Writer_Type">Composer</field><field name="Music_Writer_Type">Songwriter</field><field name="hasGenre.Count">6</field><field name="path">/Instrumentalist/Guitarist/Wanda Jackson</field><field name="path">/Pianist/Wanda Jackson</field><field name="path">/Musician/Singer/Wanda Jackson</field><field name="path">/Songwriter/Wanda Jackson</field><field name="Musician_Type">Instrumentalist</field><field name="Musician_Type">Guitarist</field><field name="Musician_Type">Pianist</field><field name="Musician_Type">Singer</field><field name="genres_ss">Country</field><field name="genres_ss">Gospel</field><field name="genres_ss">Rockabilly</field><field name="genres_ss">Rock</field></doc><doc><field name="name">Judy Henske</field><field name="id">http://www.semanticweb.org/tedsullivan/ontologies/2015/5/music-10#Judy_Henske</field><field name="Music_Writer_Type">Composer</field><field name="Music_Writer_Type">Songwriter</field><field name="path">/Musician/Singer/Judy Henske</field><field name="path">/Songwriter/Judy Henske</field><field name="Musician_Type">Singer</field><field name="genres_ss">Folk</field></doc><doc><field name="name">Dean Dillon</field><field name="id">http://www.semanticweb.org/tedsullivan/ontologies/2015/5/music-10#Dean_Dillon</field><field name="related_entity1_ss">George Strait</field><field name="related_entity1_ss">Hank Cochran</field><field name="Music_Writer_Type">Composer</field><field name="Music_Writer_Type">Songwriter</field><field name="path">/Songwriter/Dean Dillon</field></doc><doc><field name="name">Sammy Hagar</field><field name="id">http://www.semanticweb.org/tedsullivan/ontologies/2015/5/music-10#Sammy_Hagar</field><field name="related_entity1_ss">Alan Fitzgerald</field><field name="related_entity1_ss">Denny Carmassi</field><field name="related_entity1_ss">Eddie Van Halen</field><field name="related_entity1_ss">Ronnie Montrose</field><field name="related_entity1_ss">Bill Church</field><field name="related_entity1_ss">David Lee Roth</field><field name="Music_Writer_Type">Composer</field><field name="Music_Writer_Type">Songwriter</field><field name="memberOfGroup.Count">6</field><field name="memberOfGroup_ss.Length">9</field><field name="path">/Instrumentalist/Guitarist/Sammy Hagar</field><field name="path">/Musician/Singer/Sammy Hagar</field><field name="path">/Songwriter/Sammy Hagar</field><field name="Musician_Type">Instrumentalist</field><field name="Musician_Type">Guitarist</field><field name="Musician_Type">Singer</field><field name="memberOfGroup_ss">Chickenfoot</field><field name="memberOfGroup_ss">Montrose</field><field name="memberOfGroup_ss">Van Halen</field><field name="memberOfGroup_ss.MaximumLength"></field></doc><doc><field name="name">Sharon Sheeley</field><field name="id">http://www.semanticweb.org/tedsullivan/ontologies/2015/5/music-10#Sharon_Sheeley</field><field name="path">/Songwriter/Sharon Sheeley</field><field name="Music_Writer_Type">Composer</field><field name="Music_Writer_Type">Songwriter</field></doc><doc><field name="name">Mike Dirnt</field><field name="id">http://www.semanticweb.org/tedsullivan/ontologies/2015/5/music-10#Mike_Dirnt</field><field name="related_entity1_ss">Billie Joe Armstrong</field><field name="related_entity1_ss">Tre Cool</field><field name="Music_Writer_Type">Composer</field><field name="Music_Writer_Type">Songwriter</field><field name="memberOfGroup_ss.Length">9</field><field name="path">/Instrumentalist/Bassist/Mike Dirnt</field><field name="path">/Songwriter/Mike Dirnt</field><field name="Musician_Type">Instrumentalist</field><field name="Musician_Type">Bassist</field><field name="memberOfGroup_ss">Green Day</field><field name="memberOfGroup_ss.MaximumLength"></field></doc><doc><field name="name">Harry Richman</field><field name="id">http://www.semanticweb.org/tedsullivan/ontologies/2015/5/music-10#Harry_Richman</field><field name="Music_Writer_Type">Composer</field><field name="Music_Writer_Type">Songwriter</field><field name="path">/Band Leader/Harry Richman</field><field name="path">/Pianist/Harry Richman</field><field name="path">/Songwriter/Harry Richman</field><field name="Musician_Type">Conductor</field><field name="Musician_Type">Band Leader</field><field name="Musician_Type">Instrumentalist</field><field name="Musician_Type">Pianist</field></doc><doc><field name="name">Hank Cosby</field><field name="id">http://www.semanticweb.org/tedsullivan/ontologies/2015/5/music-10#Henry_Cosby</field><field name="related_entity1_ss">Smokey Robinson &amp; the Miracles</field><field name="related_entity1_ss">Smokey Robinson</field><field name="related_entity1_ss">Stevie Wonder</field><field name="Music_Writer_Type">Composer</field><field name="Music_Writer_Type">Songwriter</field><field name="path">/Songwriter/Hank Cosby</field></doc><doc><field name="name">Peter Hook</field><field name="id">http://www.semanticweb.org/tedsullivan/ontologies/2015/5/music-10#Peter_Hook</field><field name="related_entity1_ss">Stephen Morris</field><field name="related_entity1_ss">Ian Curtis</field><field name="related_entity1_ss">Bernard Sumner</field><field name="Music_Writer_Type">Composer</field><field name="Music_Writer_Type">Songwriter</field><field name="memberOfGroup_ss.Length">12</field><field name="path">/Instrumentalist/Bassist/Peter Hook</field><field name="path">/Songwriter/Peter Hook</field><field name="Musician_Type">Instrumentalist</field><field name="Musician_Type">Bassist</field><field name="memberOfGroup_ss">Joy Division</field><field name="memberOfGroup_ss.MaximumLength"></field></doc><doc><field name="name">George Jackson</field><field name="id">http://www.semanticweb.org/tedsullivan/ontologies/2015/5/music-10#George_Jackson</field><field name="related_entity1_ss">Sonny Bono</field><field name="related_entity1_ss">Paul McCartney</field><field name="Music_Writer_Type">Composer</field><field name="Music_Writer_Type">Songwriter</field><field name="path">/Songwriter/George Jackson</field></doc><doc><field name="name">Max Freedman</field><field name="id">http://www.semanticweb.org/tedsullivan/ontologies/2015/5/music-10#Max_Freedman</field><field name="related_entity1_ss">Jimmy DeKnight</field><field name="related_entity1_ss">Bill Haley &amp; His Comets</field><field name="Music_Writer_Type">Composer</field><field name="Music_Writer_Type">Songwriter</field><field name="path">/Songwriter/Max Freedman</field></doc><doc><field name="name">Ernie Wilkins</field><field name="id">http://www.semanticweb.org/tedsullivan/ontologies/2015/5/music-10#Ernie_Wilkins</field><field name="related_entity1_ss">Carmen McRae</field><field name="Music_Writer_Type">Composer</field><field name="Music_Writer_Type">Songwriter</field><field name="path">/Songwriter/Ernie Wilkins</field></doc><doc><field name="name">William Clauson</field><field name="id">http://www.semanticweb.org/tedsullivan/ontologies/2015/5/music-10#William_Clauson</field><field name="related_entity1_ss">Ritchie Valens</field><field name="related_entity1_ss">Los Lobos</field><field name="Music_Writer_Type">Composer</field><field name="Music_Writer_Type">Songwriter</field><field name="path">/Songwriter/William Clauson</field></doc><doc><field name="name">Carl Wilson</field><field name="id">http://www.semanticweb.org/tedsullivan/ontologies/2015/5/music-10#Carl_Wilson</field><field name="related_entity1_ss">Mike Love</field><field name="related_entity1_ss">Al Jardine</field><field name="related_entity1_ss">Bruce Johnston</field><field name="related_entity1_ss">Blondie Chaplin</field><field name="related_entity1_ss">Ricky Fataar</field><field name="related_entity1_ss">David Marks</field><field name="related_entity1_ss">Brian Wilson</field><field name="related_entity1_ss">Dennis Wilson</field><field name="Music_Writer_Type">Composer</field><field name="Music_Writer_Type">Songwriter</field><field name="memberOfGroup_ss.Length">10</field><field name="path">/Record Producer/Carl Wilson</field><field name="path">/Musician/Singer/Carl Wilson</field><field name="path">/Songwriter/Carl Wilson</field><field name="Musician_Type">Singer</field><field name="memberOfGroup_ss">Beach Boys</field><field name="memberOfGroup_ss.MaximumLength"></field></doc><doc><field name="name">Juice Newton</field><field name="id">http://www.semanticweb.org/tedsullivan/ontologies/2015/5/music-10#Juice_Newton</field><field name="related_entity1_ss">The Pretenders</field><field name="related_entity1_ss">Dusty Springfield</field><field name="related_entity1_ss">Chip Taylor</field><field name="related_entity1_ss">Nina Simone</field><field name="Music_Writer_Type">Composer</field><field name="Music_Writer_Type">Songwriter</field><field name="path">/Instrumentalist/Guitarist/Juice Newton</field><field name="path">/Musician/Singer/Juice Newton</field><field name="path">/Songwriter/Juice Newton</field><field name="Musician_Type">Instrumentalist</field><field name="Musician_Type">Guitarist</field><field name="Musician_Type">Singer</field></doc><doc><field name="name">Warren Davis</field><field name="id">http://www.semanticweb.org/tedsullivan/ontologies/2015/5/music-10#Warren_Davis</field><field name="related_entity1_ss">Charles Patrick</field><field name="related_entity1_ss">George Malone</field><field name="Music_Writer_Type">Composer</field><field name="Music_Writer_Type">Songwriter</field><field name="path">/Songwriter/Warren Davis</field></doc><doc><field name="name">Chip Taylor</field><field name="id">http://www.semanticweb.org/tedsullivan/ontologies/2015/5/music-10#Chip_Taylor</field><field name="related_entity1_ss">The Pretenders</field><field name="related_entity1_ss">Dusty Springfield</field><field name="related_entity1_ss">Juice Newton</field><field name="related_entity1_ss">Al Gorgoni</field><field name="related_entity1_ss">Nina Simone</field><field name="Music_Writer_Type">Composer</field><field name="Music_Writer_Type">Songwriter</field><field name="path">/Instrumentalist/Guitarist/Chip Taylor</field><field name="path">/Musician/Singer/Chip Taylor</field><field name="path">/Songwriter/Chip Taylor</field><field name="Musician_Type">Instrumentalist</field><field name="Musician_Type">Guitarist</field><field name="Musician_Type">Singer</field><field name="genres_ss">Country</field><field name="genres_ss">Country Rock</field><field name="genres_ss">Rock</field></doc><doc><field name="name">Charles Warfield</field><field name="id">http://www.semanticweb.org/tedsullivan/ontologies/2015/5/music-10#Charles_Warfield</field><field name="related_entity1_ss">Bessie Smith</field><field name="related_entity1_ss">Clarence Williams</field><field name="Music_Writer_Type">Composer</field><field name="Music_Writer_Type">Songwriter</field><field name="path">/Songwriter/Charles Warfield</field></doc><doc><field name="name">Steve Barri</field><field name="id">http://www.semanticweb.org/tedsullivan/ontologies/2015/5/music-10#Steve_Barri</field><field name="related_entity1_ss">P. F. Sloan</field><field name="related_entity1_ss">Johnny Rivers</field><field name="Music_Writer_Type">Composer</field><field name="Music_Writer_Type">Songwriter</field><field name="path">/Songwriter/Steve Barri</field></doc><doc><field name="name">Joseph Washbourn</field><field name="id">http://www.semanticweb.org/tedsullivan/ontologies/2015/5/music-10#Joseph_Washbourn</field><field name="path">/Songwriter/Joseph Washbourn</field><field name="Music_Writer_Type">Composer</field><field name="Music_Writer_Type">Songwriter</field></doc><doc><field name="name">Felix Pappalardi</field><field name="id">http://www.semanticweb.org/tedsullivan/ontologies/2015/5/music-10#Felix_Pappalardi</field><field name="related_entity1_ss">Corky Laing</field><field name="related_entity1_ss">Mark Clarke</field><field name="related_entity1_ss">Cream</field><field name="related_entity1_ss">Steve Knight</field><field name="related_entity1_ss">Eric Clapton</field><field name="related_entity1_ss">Gail Collins</field><field name="Music_Writer_Type">Composer</field><field name="Music_Writer_Type">Songwriter</field><field name="memberOfGroup_ss.Length">8</field><field name="path">/Instrumentalist/Bassist/Felix Pappalardi</field><field name="path">/Record Producer/Felix Pappalardi</field><field name="path">/Musician/Singer/Felix Pappalardi</field><field name="path">/Songwriter/Felix Pappalardi</field><field name="Musician_Type">Instrumentalist</field><field name="Musician_Type">Bassist</field><field name="Musician_Type">Singer</field><field name="memberOfGroup_ss">Mountain</field><field name="memberOfGroup_ss.MaximumLength"></field></doc><doc><field name="name">Karl Suessdorf</field><field name="id">http://www.semanticweb.org/tedsullivan/ontologies/2015/5/music-10#Karl_Suessdorf</field><field name="related_entity1_ss">John Blackburn</field><field name="Music_Writer_Type">Composer</field><field name="Music_Writer_Type">Songwriter</field><field name="path">/Songwriter/Karl Suessdorf</field></doc><doc><field name="name">Francis McPeake</field><field name="id">http://www.semanticweb.org/tedsullivan/ontologies/2015/5/music-10#Francis_McPeake</field><field name="path">/Songwriter/Francis McPeake</field><field name="Music_Writer_Type">Composer</field><field name="Music_Writer_Type">Songwriter</field></doc><doc><field name="name">Clare Torry</field><field name="id">http://www.semanticweb.org/tedsullivan/ontologies/2015/5/music-10#Clare_Torry</field><field name="related_entity1_ss">Richard Wright</field><field name="Music_Writer_Type">Composer</field><field name="Music_Writer_Type">Songwriter</field><field name="path">/Musician/Singer/Clare Torry</field><field name="path">/Songwriter/Clare Torry</field><field name="Musician_Type">Singer</field></doc><doc><field name="name">Stephen Stills</field><field name="id">http://www.semanticweb.org/tedsullivan/ontologies/2015/5/music-10#Stephen_Stills</field><field name="related_entity1_ss">Neil Young</field><field name="memberOfGroup.Count">4</field><field name="memberOfGroup_ss.Length">28</field><field name="related_entity2_ss.Length">12</field><field name="path">/Instrumentalist/Guitarist/Stephen Stills</field><field name="path">/Musician/Singer/Stephen Stills</field><field name="path">/Songwriter/Stephen Stills</field><field name="memberOfGroup_ss.MaximumLength"></field><field name="related_entity2_ss">Dewey Martin</field><field name="related_entity2_ss">Graham Nash</field><field name="related_entity2_ss">Richie Furay</field><field name="related_entity2_ss">David Crosby</field><field name="related_entity2_ss">Bruce Palmer</field><field name="Music_Writer_Type">Composer</field><field name="Music_Writer_Type">Songwriter</field><field name="Musician_Type">Instrumentalist</field><field name="Musician_Type">Guitarist</field><field name="Musician_Type">Singer</field><field name="genres_ss">Rock</field><field name="genres_ss">Rock &amp; Roll</field><field name="memberOfGroup_ss">Buffalo Springfield</field><field name="memberOfGroup_ss">Crosby, Stills, Nash &amp; Young</field><field name="related_entity2_ss.MaximumLength"></field></doc><doc><field name="name">Michael Stipe</field><field name="id">http://www.semanticweb.org/tedsullivan/ontologies/2015/5/music-10#Michael_Stipe</field><field name="related_entity1_ss">Bill Berry</field><field name="related_entity1_ss">Peter Buck</field><field name="related_entity1_ss">Mike Mills</field><field name="Music_Writer_Type">Composer</field><field name="Music_Writer_Type">Songwriter</field><field name="memberOfGroup_ss.Length">5</field><field name="path">/Instrumentalist/Guitarist/Michael Stipe</field><field name="path">/Musician/Singer/Michael Stipe</field><field name="path">/Songwriter/Michael Stipe</field><field name="Musician_Type">Instrumentalist</field><field name="Musician_Type">Guitarist</field><field name="Musician_Type">Singer</field><field name="memberOfGroup_ss">R.E.M</field><field name="memberOfGroup_ss.MaximumLength"></field></doc><doc><field name="name">Billy Pat Ellis</field><field name="id">http://www.semanticweb.org/tedsullivan/ontologies/2015/5/music-10#Billy_Pat_Ellis</field><field name="related_entity1_ss">Roy Orbison</field><field name="Music_Writer_Type">Composer</field><field name="Music_Writer_Type">Songwriter</field><field name="path">/Songwriter/Billy Pat Ellis</field></doc><doc><field name="name">Charlie Daniels</field><field name="id">http://www.semanticweb.org/tedsullivan/ontologies/2015/5/music-10#Charlie_Daniels</field><field name="related_entity1_ss">Johnny Cash</field><field name="hasGenre.Count">10</field><field name="memberOfGroup_ss.Length">20</field><field name="path">/Instrumentalist/Guitarist/Charlie Daniels</field><field name="path">/Musician/Singer/Charlie Daniels</field><field name="path">/Songwriter/Charlie Daniels</field><field name="memberOfGroup_ss.MaximumLength"></field><field name="Music_Writer_Type">Composer</field><field name="Music_Writer_Type">Songwriter</field><field name="Musician_Type">Instrumentalist</field><field name="Musician_Type">Guitarist</field><field name="Musician_Type">Singer</field><field name="genres_ss">Country</field><field name="genres_ss">Bluegrass</field><field name="genres_ss">Folk</field><field name="genres_ss">Country Rock</field><field name="genres_ss">Rock</field><field name="genres_ss">Southern Rock</field><field name="memberOfGroup_ss">Charlie Daniels Band</field></doc><doc><field name="name">Charles Calhoun</field><field name="id">http://www.semanticweb.org/tedsullivan/ontologies/2015/5/music-10#Charles_Calhoun</field><field name="path">/Songwriter/Charles Calhoun</field><field name="synonym">Jesse Stone</field><field name="Music_Writer_Type">Composer</field><field name="Music_Writer_Type">Songwriter</field></doc><doc><field name="name">Scott Asheton</field><field name="id">http://www.semanticweb.org/tedsullivan/ontologies/2015/5/music-10#Scott_Asheton</field><field name="related_entity1_ss">Iggy Pop</field><field name="related_entity1_ss">Ron Asheton</field><field name="related_entity1_ss">The Stooges</field><field name="related_entity1_ss">Dave Alexander</field><field name="Music_Writer_Type">Composer</field><field name="Music_Writer_Type">Songwriter</field><field name="path">/Songwriter/Scott Asheton</field></doc><doc><field name="name">Thomas Calloway</field><field name="id">http://www.semanticweb.org/tedsullivan/ontologies/2015/5/music-10#Thomas_Calloway</field><field name="related_entity1_ss">Danger Mouse</field><field name="related_entity1_ss">Gianfranco Reverberi</field><field name="related_entity1_ss">Gian Piero Reverberi</field><field name="related_entity1_ss">Billy Idol</field><field name="related_entity1_ss">Gnarls Barkley</field><field name="Music_Writer_Type">Composer</field><field name="Music_Writer_Type">Songwriter</field><field name="path">/Songwriter/Thomas Calloway</field></doc><doc><field name="name">Bernard Sumner</field><field name="id">http://www.semanticweb.org/tedsullivan/ontologies/2015/5/music-10#Bernard_Sumner</field><field name="related_entity1_ss">Stephen Morris</field><field name="related_entity1_ss">Peter Hook</field><field name="related_entity1_ss">Ian Curtis</field><field name="Music_Writer_Type">Composer</field><field name="Music_Writer_Type">Songwriter</field><field name="memberOfGroup.Count">4</field><field name="memberOfGroup_ss.Length">9</field><field name="path">/Instrumentalist/Guitarist/Bernard Sumner</field><field name="path">/Keyboardist/Bernard Sumner</field><field name="path">/Musician/Singer/Bernard Sumner</field><field name="path">/Songwriter/Bernard Sumner</field><field name="Musician_Type">Instrumentalist</field><field name="Musician_Type">Guitarist</field><field name="Musician_Type">Keyboardist</field><field name="Musician_Type">Singer</field><field name="memberOfGroup_ss">Joy Division</field><field name="memberOfGroup_ss">New Order</field><field name="memberOfGroup_ss.MaximumLength"></field></doc><doc><field name="name">Winfield Scott</field><field name="id">http://www.semanticweb.org/tedsullivan/ontologies/2015/5/music-10#Winfield_Scott</field><field name="related_entity1_ss">LaVern Baker</field><field name="related_entity1_ss">Otis Blackwell</field><field name="Music_Writer_Type">Composer</field><field name="Music_Writer_Type">Songwriter</field><field name="path">/Songwriter/Winfield Scott</field></doc><doc><field name="name">Nicky Chinn</field><field name="id">http://www.semanticweb.org/tedsullivan/ontologies/2015/5/music-10#Nicky_Chinn</field><field name="related_entity1_ss">Mike Chapman</field><field name="Music_Writer_Type">Composer</field><field name="Music_Writer_Type">Songwriter</field><field name="path">/Record Producer/Nicky Chinn</field><field name="path">/Songwriter/Nicky Chinn</field></doc><doc><field name="name">Robert 'Bumps' Blackwell</field><field name="id">http://www.semanticweb.org/tedsullivan/ontologies/2015/5/music-10#Robert_Blackwell</field><field name="related_entity1_ss">Enotris Johnson</field><field name="related_entity1_ss">Little Richard</field><field name="related_entity1_ss">John Marascaico</field><field name="Music_Writer_Type">Composer</field><field name="Music_Writer_Type">Songwriter</field><field name="path">/Band Leader/Robert 'Bumps' Blackwell</field><field name="path">/Record Producer/Robert 'Bumps' Blackwell</field><field name="path">/Songwriter/Robert 'Bumps' Blackwell</field><field name="synonym">Bumps</field><field name="Musician_Type">Conductor</field><field name="Musician_Type">Band Leader</field></doc><doc><field name="name">Franke Previte</field><field name="id">http://www.semanticweb.org/tedsullivan/ontologies/2015/5/music-10#Franke_Previte</field><field name="related_entity1_ss">Donald Markowitz</field><field name="related_entity1_ss">John DeNicola</field><field name="Music_Writer_Type">Composer</field><field name="Music_Writer_Type">Songwriter</field><field name="path">/Songwriter/Franke Previte</field></doc><doc><field name="name">James Honeyman-Scott</field><field name="id">http://www.semanticweb.org/tedsullivan/ontologies/2015/5/music-10#James_Honeyman-Scott</field><field name="related_entity1_ss">Chrissie Hynde</field><field name="related_entity1_ss">Martin Chambers</field><field name="Music_Writer_Type">Composer</field><field name="Music_Writer_Type">Songwriter</field><field name="memberOfGroup_ss.Length">14</field><field name="path">/Instrumentalist/Guitarist/James Honeyman-Scott</field><field name="path">/Songwriter/James Honeyman-Scott</field><field name="Musician_Type">Instrumentalist</field><field name="Musician_Type">Guitarist</field><field name="memberOfGroup_ss">The Pretenders</field><field name="memberOfGroup_ss.MaximumLength"></field></doc><doc><field name="name">Brian Johnson</field><field name="id">http://www.semanticweb.org/tedsullivan/ontologies/2015/5/music-10#Brian_Johnson</field><field name="related_entity1_ss">Angus Young</field><field name="related_entity1_ss">Malcolm Young</field><field name="related_entity2_ss">Colin Burgess</field><field name="related_entity2_ss">Chris Slade</field><field name="related_entity2_ss">Cliff Williams</field><field name="related_entity2_ss">Stevie Young</field><field name="related_entity2_ss">Peter Clack</field><field name="related_entity2_ss">Rob Bailey</field><field name="related_entity2_ss">Larry Van Kriedt</field><field name="related_entity2_ss">Bon Scott</field><field name="related_entity2_ss">Dave Evans</field><field name="Music_Writer_Type">Composer</field><field name="Music_Writer_Type">Songwriter</field><field name="memberOfGroup_ss.Length">5</field><field name="related_entity2_ss.Length">10</field><field name="path">/Musician/Singer/Brian Johnson</field><field name="path">/Songwriter/Brian Johnson</field><field name="Musician_Type">Singer</field><field name="memberOfGroup_ss">AC/DC</field><field name="memberOfGroup_ss.MaximumLength"></field><field name="related_entity2_ss.MaximumLength"></field></doc><doc><field name="name">Jim Lowe</field><field name="id">http://www.semanticweb.org/tedsullivan/ontologies/2015/5/music-10#Jim_Lowe</field><field name="Music_Writer_Type">Composer</field><field name="Music_Writer_Type">Songwriter</field><field name="path">/Musician/Singer/Jim Lowe</field><field name="path">/Songwriter/Jim Lowe</field><field name="Musician_Type">Singer</field></doc><doc><field name="name">Mack Rice</field><field name="id">http://www.semanticweb.org/tedsullivan/ontologies/2015/5/music-10#Mack_Rice</field><field name="path">/Songwriter/Mack Rice</field><field name="Music_Writer_Type">Composer</field><field name="Music_Writer_Type">Songwriter</field></doc><doc><field name="name">Charles Patrick</field><field name="id">http://www.semanticweb.org/tedsullivan/ontologies/2015/5/music-10#Charles_Patrick</field><field name="related_entity1_ss">Warren Davis</field><field name="related_entity1_ss">George Malone</field><field name="Music_Writer_Type">Composer</field><field name="Music_Writer_Type">Songwriter</field><field name="path">/Songwriter/Charles Patrick</field></doc><doc><field name="name">Ron Lenhoff</field><field name="id">http://www.semanticweb.org/tedsullivan/ontologies/2015/5/music-10#Ron_Lenhoff</field><field name="related_entity1_ss">James Brown</field><field name="related_entity1_ss">Bobby Byrd</field><field name="Music_Writer_Type">Composer</field><field name="Music_Writer_Type">Songwriter</field><field name="path">/Songwriter/Ron Lenhoff</field></doc><doc><field name="name">James Cavanaugh</field><field name="id">http://www.semanticweb.org/tedsullivan/ontologies/2015/5/music-10#James_Cavanaugh</field><field name="related_entity1_ss">Russ Morgan</field><field name="related_entity1_ss">Larry Stock</field><field name="Music_Writer_Type">Composer</field><field name="Music_Writer_Type">Songwriter</field><field name="path">/Songwriter/James Cavanaugh</field></doc><doc><field name="name">Richard Drapkin</field><field name="id">http://www.semanticweb.org/tedsullivan/ontologies/2015/5/music-10#Richard_Drapkin</field><field name="path">/Songwriter/Richard Drapkin</field><field name="Music_Writer_Type">Composer</field><field name="Music_Writer_Type">Songwriter</field></doc><doc><field name="name">Harry Middlebrooks</field><field name="id">http://www.semanticweb.org/tedsullivan/ontologies/2015/5/music-10#Harry_Middlebrooks</field><field name="related_entity1_ss">J. R. Cobb</field><field name="related_entity1_ss">Buddy Buie</field><field name="related_entity1_ss">Mike Sharpe</field><field name="Music_Writer_Type">Composer</field><field name="Music_Writer_Type">Songwriter</field><field name="path">/Songwriter/Harry Middlebrooks</field></doc><doc><field name="name">Rodger Penzabene</field><field name="id">http://www.semanticweb.org/tedsullivan/ontologies/2015/5/music-10#Rodger_Penzabene</field><field name="related_entity1_ss">Norman Whitfield</field><field name="related_entity2_ss">Barrett Strong</field><field name="related_entity2_ss">Cornelius Grant</field><field name="Music_Writer_Type">Composer</field><field name="Music_Writer_Type">Songwriter</field><field name="related_entity2_ss.Length">15</field><field name="path">/Songwriter/Rodger Penzabene</field><field name="related_entity2_ss.MaximumLength"></field></doc><doc><field name="name">Pete Ham</field><field name="id">http://www.semanticweb.org/tedsullivan/ontologies/2015/5/music-10#Pete_Ham</field><field name="related_entity1_ss">Tom Evans</field><field name="Music_Writer_Type">Composer</field><field name="Music_Writer_Type">Songwriter</field><field name="memberOfGroup_ss.Length">9</field><field name="path">/Instrumentalist/Guitarist/Pete Ham</field><field name="path">/Musician/Singer/Pete Ham</field><field name="path">/Songwriter/Pete Ham</field><field name="Musician_Type">Instrumentalist</field><field name="Musician_Type">Guitarist</field><field name="Musician_Type">Singer</field><field name="memberOfGroup_ss">Badfinger</field><field name="memberOfGroup_ss.MaximumLength"></field></doc><doc><field name="name">Al Kooper</field><field name="id">http://www.semanticweb.org/tedsullivan/ontologies/2015/5/music-10#Al_Kooper</field><field name="related_entity1_ss">David Clayton-Thomas</field><field name="Music_Writer_Type">Composer</field><field name="Music_Writer_Type">Songwriter</field><field name="memberOfGroup.Count">4</field><field name="memberOfGroup_ss.Length">13</field><field name="path">/Instrumentalist/Guitarist/Al Kooper</field><field name="path">/Record Producer/Al Kooper</field><field name="path">/Songwriter/Al Kooper</field><field name="Musician_Type">Instrumentalist</field><field name="Musician_Type">Guitarist</field><field name="memberOfGroup_ss">Blood Sweat and Tears</field><field name="memberOfGroup_ss">Blues Project</field><field name="memberOfGroup_ss.MaximumLength"></field></doc><doc><field name="name">Lisa Ekdahl</field><field name="id">http://www.semanticweb.org/tedsullivan/ontologies/2015/5/music-10#Lisa_Ekdahl</field><field name="Music_Writer_Type">Composer</field><field name="Music_Writer_Type">Songwriter</field><field name="path">/Musician/Singer/Lisa Ekdahl</field><field name="path">/Songwriter/Lisa Ekdahl</field><field name="Musician_Type">Singer</field><field name="genres_ss">Jazz</field></doc><doc><field name="name">Frankie Lymon</field><field name="id">http://www.semanticweb.org/tedsullivan/ontologies/2015/5/music-10#Frankie_Lymon</field><field name="related_entity1_ss">Morris Levy</field><field name="Music_Writer_Type">Composer</field><field name="Music_Writer_Type">Songwriter</field><field name="memberOfGroup_ss.Length">31</field><field name="path">/Musician/Singer/Frankie Lymon</field><field name="path">/Songwriter/Frankie Lymon</field><field name="Musician_Type">Singer</field><field name="memberOfGroup_ss">Frankie Lymon and The Teenagers</field><field name="memberOfGroup_ss.MaximumLength"></field></doc><doc><field name="name">Patrick Leonard</field><field name="id">http://www.semanticweb.org/tedsullivan/ontologies/2015/5/music-10#Patrick_Leonard</field><field name="related_entity1_ss">Madonna</field><field name="Music_Writer_Type">Composer</field><field name="Music_Writer_Type">Songwriter</field><field name="path">/Songwriter/Patrick Leonard</field></doc><doc><field name="name">Alphonso ,",Fonce,", Mizell</field><field name="id">http://www.semanticweb.org/tedsullivan/ontologies/2015/5/music-10#Alphonso_Fonce_Mizell</field><field name="related_entity1_ss">Deke Richards</field><field name="related_entity1_ss">Freddie Perren</field><field name="related_entity1_ss">Berry Gordy</field><field name="Music_Writer_Type">Composer</field><field name="Music_Writer_Type">Songwriter</field><field name="path">/Songwriter/Alphonso ,",Fonce,", Mizell</field></doc><doc><field name="name">Billy Dees</field><field name="id">http://www.semanticweb.org/tedsullivan/ontologies/2015/5/music-10#Billy_Dees</field><field name="related_entity1_ss">Roy Orbison</field><field name="Music_Writer_Type">Composer</field><field name="Music_Writer_Type">Songwriter</field><field name="path">/Songwriter/Billy Dees</field></doc><doc><field name="name">Hughie Prince</field><field name="id">http://www.semanticweb.org/tedsullivan/ontologies/2015/5/music-10#Hughie_Prince</field><field name="related_entity1_ss">Don Raye</field><field name="Music_Writer_Type">Composer</field><field name="Music_Writer_Type">Songwriter</field><field name="path">/Songwriter/Hughie Prince</field></doc><doc><field name="name">Calvin Lewis</field><field name="id">http://www.semanticweb.org/tedsullivan/ontologies/2015/5/music-10#Calvin_Lewis</field><field name="related_entity1_ss">Andrew Wright</field><field name="Music_Writer_Type">Composer</field><field name="Music_Writer_Type">Songwriter</field><field name="path">/Songwriter/Calvin Lewis</field></doc><doc><field name="name">Roy Lee Johnson</field><field name="id">http://www.semanticweb.org/tedsullivan/ontologies/2015/5/music-10#Roy_Lee_Johnson</field><field name="Music_Writer_Type">Composer</field><field name="Music_Writer_Type">Songwriter</field><field name="path">/Instrumentalist/Guitarist/Roy Lee Johnson</field><field name="path">/Musician/Singer/Roy Lee Johnson</field><field name="path">/Songwriter/Roy Lee Johnson</field><field name="Musician_Type">Instrumentalist</field><field name="Musician_Type">Guitarist</field><field name="Musician_Type">Singer</field></doc><doc><field name="name">Ben Homer</field><field name="id">http://www.semanticweb.org/tedsullivan/ontologies/2015/5/music-10#Ben_Homer</field><field name="related_entity1_ss">Bud Green</field><field name="related_entity1_ss">Les Brown</field><field name="Music_Writer_Type">Composer</field><field name="Music_Writer_Type">Songwriter</field><field name="path">/Songwriter/Ben Homer</field></doc><doc><field name="name">Eric Carmen</field><field name="id">http://www.semanticweb.org/tedsullivan/ontologies/2015/5/music-10#Eric_Carmen</field><field name="related_entity1_ss">Dean Pitchford</field><field name="related_entity1_ss">Celine Dion</field><field name="related_entity2_ss">Mike Reno</field><field name="related_entity2_ss">Ann Wilson</field><field name="Music_Writer_Type">Composer</field><field name="Music_Writer_Type">Songwriter</field><field name="related_entity2_ss.Length">10</field><field name="path">/Instrumentalist/Guitarist/Eric Carmen</field><field name="path">/Keyboardist/Eric Carmen</field><field name="path">/Musician/Singer/Eric Carmen</field><field name="path">/Songwriter/Eric Carmen</field><field name="Musician_Type">Instrumentalist</field><field name="Musician_Type">Guitarist</field><field name="Musician_Type">Keyboardist</field><field name="Musician_Type">Singer</field><field name="related_entity2_ss.MaximumLength"></field></doc><doc><field name="name">Turner Wilson Jr.</field><field name="id">http://www.semanticweb.org/tedsullivan/ontologies/2015/5/music-10#Turner_Wilson_Jr.</field><field name="related_entity1_ss">Sonny Harris</field><field name="related_entity1_ss">Carl White</field><field name="related_entity1_ss">Al Frazier</field><field name="Music_Writer_Type">Composer</field><field name="Music_Writer_Type">Songwriter</field><field name="path">/Songwriter/Turner Wilson Jr.</field></doc><doc><field name="name">Joel Newman</field><field name="id">http://www.semanticweb.org/tedsullivan/ontologies/2015/5/music-10#Joel_Newman</field><field name="related_entity1_ss">Paul Campbell</field><field name="Music_Writer_Type">Composer</field><field name="Music_Writer_Type">Songwriter</field><field name="path">/Songwriter/Joel Newman</field></doc><doc><field name="name">Mae Boren Axton</field><field name="id">http://www.semanticweb.org/tedsullivan/ontologies/2015/5/music-10#Mae_Boren_Axton</field><field name="related_entity1_ss">Elvis Presley</field><field name="related_entity1_ss">Tommy Durden</field><field name="Music_Writer_Type">Composer</field><field name="Music_Writer_Type">Songwriter</field><field name="path">/Songwriter/Mae Boren Axton</field></doc><doc><field name="name">Guy-Manuel de Homem-Christo</field><field name="id">http://www.semanticweb.org/tedsullivan/ontologies/2015/5/music-10#Guy-Manuel_de_Homem-Christo</field><field name="related_entity1_ss">Thomas Bangalter</field><field name="related_entity2_ss">Anthony Moore</field><field name="Music_Writer_Type">Composer</field><field name="Music_Writer_Type">Songwriter</field><field name="memberOfGroup_ss.Length">9</field><field name="related_entity2_ss.Length">13</field><field name="path">/Instrumentalist/Bassist/Guy-Manuel de Homem-Christo</field><field name="path">/Drummer/Guy-Manuel de Homem-Christo</field><field name="path">/Instrumentalist/Guitarist/Guy-Manuel de Homem-Christo</field><field name="path">/Keyboardist/Guy-Manuel de Homem-Christo</field><field name="path">/Songwriter/Guy-Manuel de Homem-Christo</field><field name="Musician_Type">Instrumentalist</field><field name="Musician_Type">Bassist</field><field name="Musician_Type">Drummer</field><field name="Musician_Type">Guitarist</field><field name="Musician_Type">Keyboardist</field><field name="memberOfGroup_ss">Daft Punk</field><field name="memberOfGroup_ss.MaximumLength"></field><field name="related_entity2_ss.MaximumLength"></field></doc><doc><field name="name">Paul Griffin</field><field name="id">http://www.semanticweb.org/tedsullivan/ontologies/2015/5/music-10#Paul_Griffin</field><field name="related_entity1_ss">Donald Fagen</field><field name="related_entity1_ss">Walter Becker</field><field name="Music_Writer_Type">Composer</field><field name="Music_Writer_Type">Songwriter</field><field name="path">/Pianist/Paul Griffin</field><field name="path">/Songwriter/Paul Griffin</field><field name="Musician_Type">Instrumentalist</field><field name="Musician_Type">Pianist</field></doc><doc><field name="name">Del Shannon</field><field name="id">http://www.semanticweb.org/tedsullivan/ontologies/2015/5/music-10#Del_Shannon</field><field name="related_entity1_ss">Max Crook</field><field name="related_entity1_ss">Bonnie Raitt</field><field name="Music_Writer_Type">Composer</field><field name="Music_Writer_Type">Songwriter</field><field name="path">/Musician/Singer/Del Shannon</field><field name="path">/Songwriter/Del Shannon</field><field name="Musician_Type">Singer</field></doc><doc><field name="name">Valerie Simpson</field><field name="id">http://www.semanticweb.org/tedsullivan/ontologies/2015/5/music-10#Valerie_Simpson</field><field name="related_entity1_ss">Nickolas Ashford</field><field name="related_entity2_ss">Jo Armstead</field><field name="Music_Writer_Type">Composer</field><field name="Music_Writer_Type">Songwriter</field><field name="memberOfGroup_ss.Length">13</field><field name="related_entity2_ss.Length">11</field><field name="path">/Songwriter/Valerie Simpson</field><field name="memberOfGroup_ss">memberOfGroup</field><field name="memberOfGroup_ss.MaximumLength"></field><field name="related_entity2_ss.MaximumLength"></field></doc><doc><field name="name">Marvin Isley</field><field name="id">http://www.semanticweb.org/tedsullivan/ontologies/2015/5/music-10#Marvin_Isley</field><field name="related_entity1_ss">O'Kelly Isley, Jr.</field><field name="related_entity1_ss">Christopher Jasper</field><field name="related_entity1_ss">Ernie Isley</field><field name="related_entity1_ss">Erika Hedman</field><field name="related_entity1_ss">Alicia Keys</field><field name="related_entity1_ss">Rudolph Isley</field><field name="related_entity1_ss">Ronald Isley</field><field name="Music_Writer_Type">Composer</field><field name="Music_Writer_Type">Songwriter</field><field name="path">/Songwriter/Marvin Isley</field></doc><doc><field name="name">Dick Penner</field><field name="id">http://www.semanticweb.org/tedsullivan/ontologies/2015/5/music-10#Dick_Penner</field><field name="related_entity1_ss">Wade Moore</field><field name="related_entity1_ss">Creedence Clearwater Revival</field><field name="related_entity1_ss">Roy Orbison</field><field name="Music_Writer_Type">Composer</field><field name="Music_Writer_Type">Songwriter</field><field name="path">/Songwriter/Dick Penner</field></doc><doc><field name="name">Barbara Ellis</field><field name="id">http://www.semanticweb.org/tedsullivan/ontologies/2015/5/music-10#Barbara_Ellis</field><field name="related_entity1_ss">Gretchen Christopher</field><field name="related_entity1_ss">Gary Troxel</field><field name="Music_Writer_Type">Composer</field><field name="Music_Writer_Type">Songwriter</field><field name="path">/Songwriter/Barbara Ellis</field></doc><doc><field name="name">Jerry Fuller</field><field name="id">http://www.semanticweb.org/tedsullivan/ontologies/2015/5/music-10#Jerry_Fuller</field><field name="path">/Songwriter/Jerry Fuller</field><field name="Music_Writer_Type">Composer</field><field name="Music_Writer_Type">Songwriter</field></doc><doc><field name="name">Amethyst Amelia Kelly</field><field name="id">http://www.semanticweb.org/tedsullivan/ontologies/2015/5/music-10#Amethyst_Amelia_Kelly</field><field name="related_entity1_ss">Jennifer Lopez</field><field name="related_entity1_ss">Leon D Youngblood</field><field name="related_entity1_ss">James Smith</field><field name="related_entity1_ss">Terence Coles</field><field name="related_entity1_ss">Mark Pitts</field><field name="related_entity1_ss">Yonatan Ayal</field><field name="Music_Writer_Type">Composer</field><field name="Music_Writer_Type">Songwriter</field><field name="path">/Songwriter/Amethyst Amelia Kelly</field></doc><doc><field name="name">Giorgio Moroder</field><field name="id">http://www.semanticweb.org/tedsullivan/ontologies/2015/5/music-10#Giorgio_Moroder</field><field name="related_entity1_ss">Deborah Harry</field><field name="related_entity1_ss">Pete Bellotte</field><field name="Music_Writer_Type">Composer</field><field name="Music_Writer_Type">Songwriter</field><field name="path">/Songwriter/Giorgio Moroder</field></doc><doc><field name="name">Robert Johnson</field><field name="id">http://www.semanticweb.org/tedsullivan/ontologies/2015/5/music-10#Robert_Johnson</field><field name="Music_Writer_Type">Composer</field><field name="Music_Writer_Type">Songwriter</field><field name="path">/Instrumentalist/Guitarist/Robert Johnson</field><field name="path">/Musician/Singer/Robert Johnson</field><field name="path">/Songwriter/Robert Johnson</field><field name="Musician_Type">Instrumentalist</field><field name="Musician_Type">Guitarist</field><field name="Musician_Type">Singer</field><field name="genres_ss">Blues</field><field name="genres_ss">Delta Blues</field></doc><doc><field name="name">Richard Ashcroft</field><field name="id">http://www.semanticweb.org/tedsullivan/ontologies/2015/5/music-10#Richard_Ashcroft</field><field name="related_entity1_ss">Mick Jagger</field><field name="related_entity1_ss">Keith Richards</field><field name="Music_Writer_Type">Composer</field><field name="Music_Writer_Type">Songwriter</field><field name="path">/Songwriter/Richard Ashcroft</field></doc><doc><field name="name">Artie Glenn</field><field name="id">http://www.semanticweb.org/tedsullivan/ontologies/2015/5/music-10#Artie_Glenn</field><field name="path">/Songwriter/Artie Glenn</field><field name="Music_Writer_Type">Composer</field><field name="Music_Writer_Type">Songwriter</field></doc></add>
