<add><doc><field name="name">Next To You</field><field name="id">http://www.semanticweb.org/tedsullivan/ontologies/2015/5/music-10#Next_To_You</field><field name="related_entity1_ss">The Police</field><field name="composer_ss.MaximumLength"></field><field name="path">/Song/Next To You</field><field name="Composition_Type">Song</field><field name="composer_ss">Sting</field><field name="original_performer.Length">10</field><field name="original_performer">The Police</field><field name="composer_ss.Length">5</field><field name="Composition_Type.Length">4</field><field name="original_performer.MaximumLength"></field><field name="verb_ss">composed</field><field name="verb_ss">written</field><field name="verb_ss">authored</field><field name="verb_ss">wrote</field><field name="genres_ss">Rock</field><field name="genres_ss">Punk Rock</field><field name="verb_ss.Length">5</field><field name="verb_ss.MaximumLength"></field><field name="Composition_Type.MaximumLength"></field></doc><doc><field name="name">Sunday Mornin' Comin' Down</field><field name="id">http://www.semanticweb.org/tedsullivan/ontologies/2015/5/music-10#Sunday_Mornin_Comin_Down</field><field name="composer_ss.Length">18</field><field name="related_entity1_ss">Kris Kristofferson</field><field name="Composition_Type.Length">4</field><field name="composer_ss.MaximumLength"></field><field name="original_performer.MaximumLength"></field><field name="verb_ss">composed</field><field name="verb_ss">written</field><field name="verb_ss">authored</field><field name="verb_ss">wrote</field><field name="path">/Song/Sunday Mornin' Comin' Down</field><field name="Composition_Type">Song</field><field name="verb_ss.Length">5</field><field name="verb_ss.MaximumLength"></field><field name="Composition_Type.MaximumLength"></field><field name="composer_ss">Kris Kristofferson</field><field name="original_performer.Length">18</field><field name="original_performer">Kris Kristofferson</field></doc><doc><field name="name">The Happiest Days Of Our Lives</field><field name="id">http://www.semanticweb.org/tedsullivan/ontologies/2015/5/music-10#The_Happiest_Days_Of_Our_Lives</field><field name="composer_ss.Length">12</field><field name="related_entity1_ss">Pink Floyd</field><field name="Composition_Type.Length">4</field><field name="composer_ss.MaximumLength"></field><field name="original_performer.MaximumLength"></field><field name="verb_ss">composed</field><field name="verb_ss">written</field><field name="verb_ss">authored</field><field name="verb_ss">wrote</field><field name="path">/Song/The Happiest Days Of Our Lives</field><field name="Composition_Type">Song</field><field name="verb_ss.Length">5</field><field name="verb_ss.MaximumLength"></field><field name="Composition_Type.MaximumLength"></field><field name="composer_ss">Roger Waters</field><field name="original_performer.Length">10</field><field name="original_performer">Pink Floyd</field></doc><doc><field name="name">I Thought You Ought To Know</field><field name="id">http://www.semanticweb.org/tedsullivan/ontologies/2015/5/music-10#I_Thought_You_Ought_To_Know</field><field name="composer_ss.Length">14</field><field name="Composition_Type.Length">4</field><field name="composer_ss.MaximumLength"></field><field name="verb_ss">composed</field><field name="verb_ss">written</field><field name="verb_ss">authored</field><field name="verb_ss">wrote</field><field name="path">/Song/I Thought You Ought To Know</field><field name="Composition_Type">Song</field><field name="verb_ss.Length">5</field><field name="verb_ss.MaximumLength"></field><field name="Composition_Type.MaximumLength"></field><field name="composer_ss">Benny Carter</field><field name="composer_ss">Thomas Dilbeck</field><field name="composer.Count">4</field></doc><doc><field name="name">Every Little Thing</field><field name="id">http://www.semanticweb.org/tedsullivan/ontologies/2015/5/music-10#Every_Little_Thing</field><field name="related_entity1_ss">Beatles</field><field name="composer_ss.MaximumLength"></field><field name="path">/Song/Every Little Thing</field><field name="Composition_Type">Song</field><field name="composer_ss">John Lennon</field><field name="composer_ss">Paul McCartney</field><field name="original_performer.Length">7</field><field name="original_performer">Beatles</field><field name="composer_ss.Length">14</field><field name="Composition_Type.Length">4</field><field name="original_performer.MaximumLength"></field><field name="verb_ss">composed</field><field name="verb_ss">written</field><field name="verb_ss">authored</field><field name="verb_ss">wrote</field><field name="verb_ss.Length">5</field><field name="verb_ss.MaximumLength"></field><field name="Composition_Type.MaximumLength"></field><field name="composer.Count">4</field></doc><doc><field name="name">Can I Get a Witness</field><field name="id">http://www.semanticweb.org/tedsullivan/ontologies/2015/5/music-10#Can_I_Get_a_Witness</field><field name="composer_ss.Length">13</field><field name="Composition_Type.Length">4</field><field name="composer_ss.MaximumLength"></field><field name="verb_ss">composed</field><field name="verb_ss">written</field><field name="verb_ss">authored</field><field name="verb_ss">wrote</field><field name="path">/Song/Can I Get a Witness</field><field name="Composition_Type">Song</field><field name="genres_ss">R&amp;B</field><field name="verb_ss.Length">5</field><field name="verb_ss.MaximumLength"></field><field name="Composition_Type.MaximumLength"></field><field name="composer_ss">Brian Holland</field><field name="composer_ss">Eddie Holland</field><field name="composer_ss">Lamont Dozier</field><field name="composer.Count">6</field></doc><doc><field name="name">Warm Ways</field><field name="id">http://www.semanticweb.org/tedsullivan/ontologies/2015/5/music-10#Warm_Ways</field><field name="related_entity1_ss">Fleetwood Mac</field><field name="composer_ss.MaximumLength"></field><field name="path">/Song/Warm Ways</field><field name="Composition_Type">Song</field><field name="composer_ss">Christine McVie</field><field name="original_performer.Length">13</field><field name="original_performer">Fleetwood Mac</field><field name="composer_ss.Length">15</field><field name="Composition_Type.Length">4</field><field name="original_performer.MaximumLength"></field><field name="verb_ss">composed</field><field name="verb_ss">written</field><field name="verb_ss">authored</field><field name="verb_ss">wrote</field><field name="genres_ss">Rock</field><field name="genres_ss">Soft Rock</field><field name="verb_ss.Length">5</field><field name="verb_ss.MaximumLength"></field><field name="Composition_Type.MaximumLength"></field></doc><doc><field name="name">Before You Accuse Me (Take A Look At Yourself)</field><field name="id">http://www.semanticweb.org/tedsullivan/ontologies/2015/5/music-10#Before_You_Accuse_Me_Take_a_Look_at_Yourself</field><field name="related_entity1_ss">Bo Diddley</field><field name="composer_ss.MaximumLength"></field><field name="path">/Song/Before You Accuse Me (Take A Look At Yourself)</field><field name="Composition_Type">Song</field><field name="composer_ss">Bo Diddley</field><field name="original_performer.Length">10</field><field name="original_performer">Bo Diddley</field><field name="composer_ss.Length">10</field><field name="Composition_Type.Length">4</field><field name="original_performer.MaximumLength"></field><field name="verb_ss">composed</field><field name="verb_ss">written</field><field name="verb_ss">authored</field><field name="verb_ss">wrote</field><field name="genres_ss">Blues</field><field name="verb_ss.Length">5</field><field name="verb_ss.MaximumLength"></field><field name="Composition_Type.MaximumLength"></field></doc><doc><field name="name">Was a Sunny Day</field><field name="id">http://www.semanticweb.org/tedsullivan/ontologies/2015/5/music-10#Was_a_Sunny_Day</field><field name="related_entity1_ss">Paul Simon</field><field name="composer_ss.MaximumLength"></field><field name="path">/Song/Was a Sunny Day</field><field name="Composition_Type">Song</field><field name="composer_ss">Paul Simon</field><field name="original_performer.Length">10</field><field name="original_performer">Paul Simon</field><field name="composer_ss.Length">10</field><field name="Composition_Type.Length">4</field><field name="original_performer.MaximumLength"></field><field name="verb_ss">composed</field><field name="verb_ss">written</field><field name="verb_ss">authored</field><field name="verb_ss">wrote</field><field name="genres_ss">Popular</field><field name="genres_ss">Pop Rock</field><field name="genres_ss">Rock</field><field name="verb_ss.Length">5</field><field name="verb_ss.MaximumLength"></field><field name="Composition_Type.MaximumLength"></field></doc><doc><field name="name">Buring Love</field><field name="id">http://www.semanticweb.org/tedsullivan/ontologies/2015/5/music-10#Burning_Love</field><field name="Composition_Type.Length">4</field><field name="verb_ss">composed</field><field name="verb_ss">written</field><field name="verb_ss">authored</field><field name="verb_ss">wrote</field><field name="path">/Song/Buring Love</field><field name="Composition_Type">Song</field><field name="verb_ss.Length">5</field><field name="verb_ss.MaximumLength"></field><field name="Composition_Type.MaximumLength"></field></doc><doc><field name="name">Crying My Heart Out For You</field><field name="id">http://www.semanticweb.org/tedsullivan/ontologies/2015/5/music-10#Crying_My_Heart_Out_for_You</field><field name="composer_ss.Length">11</field><field name="Composition_Type.Length">4</field><field name="composer_ss.MaximumLength"></field><field name="verb_ss">composed</field><field name="verb_ss">written</field><field name="verb_ss">authored</field><field name="verb_ss">wrote</field><field name="path">/Song/Crying My Heart Out For You</field><field name="Composition_Type">Song</field><field name="genres_ss">Popular</field><field name="genres_ss">Pop</field><field name="verb_ss.Length">5</field><field name="verb_ss.MaximumLength"></field><field name="Composition_Type.MaximumLength"></field><field name="composer_ss">Neil Sedaka</field></doc><doc><field name="name">Got To Get You Into My Life</field><field name="id">http://www.semanticweb.org/tedsullivan/ontologies/2015/5/music-10#Got_To_Get_You_Into_My_Life</field><field name="related_entity1_ss">Beatles</field><field name="composer_ss.MaximumLength"></field><field name="path">/Song/Got To Get You Into My Life</field><field name="Composition_Type">Song</field><field name="composer_ss">John Lennon</field><field name="composer_ss">Paul McCartney</field><field name="original_performer.Length">7</field><field name="original_performer">Beatles</field><field name="composer_ss.Length">14</field><field name="Composition_Type.Length">4</field><field name="original_performer.MaximumLength"></field><field name="verb_ss">composed</field><field name="verb_ss">written</field><field name="verb_ss">authored</field><field name="verb_ss">wrote</field><field name="genres_ss">Rock</field><field name="genres_ss">Rock &amp; Roll</field><field name="verb_ss.Length">5</field><field name="verb_ss.MaximumLength"></field><field name="Composition_Type.MaximumLength"></field><field name="composer.Count">4</field></doc><doc><field name="name">Evil</field><field name="id">http://www.semanticweb.org/tedsullivan/ontologies/2015/5/music-10#Evil</field><field name="composer_ss.Length">12</field><field name="Composition_Type.Length">4</field><field name="composer_ss.MaximumLength"></field><field name="verb_ss">composed</field><field name="verb_ss">written</field><field name="verb_ss">authored</field><field name="verb_ss">wrote</field><field name="path">/Song/Evil</field><field name="Composition_Type">Song</field><field name="genres_ss">Blues</field><field name="verb_ss.Length">5</field><field name="verb_ss.MaximumLength"></field><field name="Composition_Type.MaximumLength"></field><field name="composer_ss">Willie Dixon</field></doc><doc><field name="name">We Used To</field><field name="id">http://www.semanticweb.org/tedsullivan/ontologies/2015/5/music-10#We_Used_To</field><field name="related_entity1_ss">Dolly Parton</field><field name="composer_ss.MaximumLength"></field><field name="path">/Song/We Used To</field><field name="Composition_Type">Song</field><field name="composer_ss">Dolly Parton</field><field name="original_performer.Length">12</field><field name="original_performer">Dolly Parton</field><field name="composer_ss.Length">12</field><field name="Composition_Type.Length">4</field><field name="original_performer.MaximumLength"></field><field name="verb_ss">composed</field><field name="verb_ss">written</field><field name="verb_ss">authored</field><field name="verb_ss">wrote</field><field name="genres_ss">Country</field><field name="verb_ss.Length">5</field><field name="verb_ss.MaximumLength"></field><field name="Composition_Type.MaximumLength"></field></doc><doc><field name="name">I've Got to Have You</field><field name="id">http://www.semanticweb.org/tedsullivan/ontologies/2015/5/music-10#Ive_Got_to_Have_You</field><field name="composer_ss.Length">18</field><field name="Composition_Type.Length">4</field><field name="composer_ss.MaximumLength"></field><field name="verb_ss">composed</field><field name="verb_ss">written</field><field name="verb_ss">authored</field><field name="verb_ss">wrote</field><field name="path">/Song/I've Got to Have You</field><field name="Composition_Type">Song</field><field name="genres_ss">Country</field><field name="verb_ss.Length">5</field><field name="verb_ss.MaximumLength"></field><field name="Composition_Type.MaximumLength"></field><field name="composer_ss">Kris Kristofferson</field></doc><doc><field name="name">I Write the Songs</field><field name="id">http://www.semanticweb.org/tedsullivan/ontologies/2015/5/music-10#I_Write_the_Songs</field><field name="composer_ss.Length">14</field><field name="Composition_Type.Length">4</field><field name="composer_ss.MaximumLength"></field><field name="verb_ss">composed</field><field name="verb_ss">written</field><field name="verb_ss">authored</field><field name="verb_ss">wrote</field><field name="path">/Song/I Write the Songs</field><field name="Composition_Type">Song</field><field name="genres_ss">Popular</field><field name="verb_ss.Length">5</field><field name="verb_ss.MaximumLength"></field><field name="Composition_Type.MaximumLength"></field><field name="composer_ss">Bruce Johnston</field></doc><doc><field name="name">Mack The Knife</field><field name="id">http://www.semanticweb.org/tedsullivan/ontologies/2015/5/music-10#Mack_The_Knife</field><field name="composer_ss.Length">10</field><field name="Composition_Type.Length">4</field><field name="composer_ss.MaximumLength"></field><field name="lyricist_ss.MaximumLength"></field><field name="verb_ss">composed</field><field name="verb_ss">written</field><field name="verb_ss">authored</field><field name="verb_ss">wrote</field><field name="path">/Song/Mack The Knife</field><field name="lyricist_ss.Length">14</field><field name="Composition_Type">Song</field><field name="lyricist_ss">Bertolt Brecht</field><field name="verb_ss.Length">5</field><field name="verb_ss.MaximumLength"></field><field name="Composition_Type.MaximumLength"></field><field name="composer_ss">Kurt Weill</field></doc><doc><field name="name">Magic Man</field><field name="id">http://www.semanticweb.org/tedsullivan/ontologies/2015/5/music-10#Magic_Man</field><field name="related_entity1_ss">Heart</field><field name="composer_ss.MaximumLength"></field><field name="path">/Song/Magic Man</field><field name="Composition_Type">Song</field><field name="composer_ss">Ann Wilson</field><field name="composer_ss">Nancy Wilson</field><field name="original_performer.Length">5</field><field name="original_performer">Heart</field><field name="composer_ss.Length">12</field><field name="Composition_Type.Length">4</field><field name="original_performer.MaximumLength"></field><field name="verb_ss">composed</field><field name="verb_ss">written</field><field name="verb_ss">authored</field><field name="verb_ss">wrote</field><field name="verb_ss.Length">5</field><field name="verb_ss.MaximumLength"></field><field name="Composition_Type.MaximumLength"></field><field name="composer.Count">4</field></doc><doc><field name="name">Louie Louie</field><field name="id">http://www.semanticweb.org/tedsullivan/ontologies/2015/5/music-10#Louie_Louie</field><field name="composer_ss.Length">13</field><field name="Composition_Type.Length">4</field><field name="composer_ss.MaximumLength"></field><field name="verb_ss">composed</field><field name="verb_ss">written</field><field name="verb_ss">authored</field><field name="verb_ss">wrote</field><field name="path">/Song/Louie Louie</field><field name="Composition_Type">Song</field><field name="genres_ss">Rock</field><field name="genres_ss">Rock &amp; Roll</field><field name="verb_ss.Length">5</field><field name="verb_ss.MaximumLength"></field><field name="Composition_Type.MaximumLength"></field><field name="composer_ss">Richard Berry</field></doc><doc><field name="name">Getting Better</field><field name="id">http://www.semanticweb.org/tedsullivan/ontologies/2015/5/music-10#Getting_Better</field><field name="related_entity1_ss">Beatles</field><field name="composer_ss.MaximumLength"></field><field name="path">/Song/Getting Better</field><field name="Composition_Type">Song</field><field name="composer_ss">Paul McCartney</field><field name="original_performer.Length">7</field><field name="original_performer">Beatles</field><field name="composer_ss.Length">14</field><field name="Composition_Type.Length">4</field><field name="original_performer.MaximumLength"></field><field name="verb_ss">composed</field><field name="verb_ss">written</field><field name="verb_ss">authored</field><field name="verb_ss">wrote</field><field name="genres_ss">Rock</field><field name="verb_ss.Length">5</field><field name="verb_ss.MaximumLength"></field><field name="Composition_Type.MaximumLength"></field></doc><doc><field name="name">Close To Five</field><field name="id">http://www.semanticweb.org/tedsullivan/ontologies/2015/5/music-10#Close_To_Five</field><field name="composer_ss.Length">17</field><field name="hasPerformer_ss">Mary Lou Williams</field><field name="Composition_Type.Length">4</field><field name="composer_ss.MaximumLength"></field><field name="hasPerformer_ss.Length">17</field><field name="verb_ss">composed</field><field name="verb_ss">written</field><field name="verb_ss">authored</field><field name="verb_ss">wrote</field><field name="path">/Song/Close To Five</field><field name="Composition_Type">Song</field><field name="verb_ss.Length">5</field><field name="verb_ss.MaximumLength"></field><field name="Composition_Type.MaximumLength"></field><field name="composer_ss">Mary Lou Williams</field><field name="hasPerformer_ss.MaximumLength"></field></doc><doc><field name="name">Four Little Heels (The Clickety Clack Song)</field><field name="id">http://www.semanticweb.org/tedsullivan/ontologies/2015/5/music-10#Four_Little_Heels</field><field name="Composition_Type.Length">4</field><field name="verb_ss">composed</field><field name="verb_ss">written</field><field name="verb_ss">authored</field><field name="verb_ss">wrote</field><field name="path">/Song/Four Little Heels (The Clickety Clack Song)</field><field name="Composition_Type">Song</field><field name="verb_ss.Length">5</field><field name="verb_ss.MaximumLength"></field><field name="Composition_Type.MaximumLength"></field></doc><doc><field name="name">Mean Mr. Mustard</field><field name="id">http://www.semanticweb.org/tedsullivan/ontologies/2015/5/music-10#Mean_Mr._Mustard</field><field name="related_entity1_ss">Beatles</field><field name="composer_ss.MaximumLength"></field><field name="path">/Song/Mean Mr. Mustard</field><field name="Composition_Type">Song</field><field name="composer_ss">John Lennon</field><field name="composer_ss">Paul McCartney</field><field name="original_performer.Length">7</field><field name="original_performer">Beatles</field><field name="composer_ss.Length">14</field><field name="Composition_Type.Length">4</field><field name="original_performer.MaximumLength"></field><field name="verb_ss">composed</field><field name="verb_ss">written</field><field name="verb_ss">authored</field><field name="verb_ss">wrote</field><field name="verb_ss.Length">5</field><field name="verb_ss.MaximumLength"></field><field name="Composition_Type.MaximumLength"></field><field name="composer.Count">4</field></doc><doc><field name="name">Kokomo</field><field name="id">http://www.semanticweb.org/tedsullivan/ontologies/2015/5/music-10#Kokomo</field><field name="related_entity1_ss">Beach Boys</field><field name="composer_ss.MaximumLength"></field><field name="path">/Song/Kokomo</field><field name="Composition_Type">Song</field><field name="composer_ss">John Phillips</field><field name="composer_ss">Mike Love</field><field name="composer_ss">Scott McKenzie</field><field name="composer_ss">Terry Melcher</field><field name="original_performer.Length">10</field><field name="original_performer">Beach Boys</field><field name="composer_ss.Length">13</field><field name="Composition_Type.Length">4</field><field name="original_performer.MaximumLength"></field><field name="verb_ss">composed</field><field name="verb_ss">written</field><field name="verb_ss">authored</field><field name="verb_ss">wrote</field><field name="verb_ss.Length">5</field><field name="verb_ss.MaximumLength"></field><field name="Composition_Type.MaximumLength"></field><field name="composer.Count">8</field></doc><doc><field name="name">We're Not Gonna Take It</field><field name="id">http://www.semanticweb.org/tedsullivan/ontologies/2015/5/music-10#Were_Not_Gonna_Take_It</field><field name="related_entity1_ss">The Who</field><field name="composer_ss.MaximumLength"></field><field name="path">/Song/We're Not Gonna Take It</field><field name="Composition_Type">Song</field><field name="composer_ss">Pete Townshend</field><field name="original_performer.Length">7</field><field name="original_performer">The Who</field><field name="composer_ss.Length">14</field><field name="Composition_Type.Length">4</field><field name="original_performer.MaximumLength"></field><field name="verb_ss">composed</field><field name="verb_ss">written</field><field name="verb_ss">authored</field><field name="verb_ss">wrote</field><field name="genres_ss">Rock</field><field name="verb_ss.Length">5</field><field name="verb_ss.MaximumLength"></field><field name="Composition_Type.MaximumLength"></field></doc><doc><field name="name">Bessie Smith</field><field name="id">http://www.semanticweb.org/tedsullivan/ontologies/2015/5/music-10#Bessie_Smith_-_The_Band_Song</field><field name="related_entity1_ss">Bob Dylan</field><field name="related_entity1_ss">The Band</field><field name="composer_ss.MaximumLength"></field><field name="original_performer.Count">2</field><field name="path">/Song/Bessie Smith</field><field name="Composition_Type">Song</field><field name="composer_ss">Rick Danko</field><field name="composer_ss">Robbie Robertson</field><field name="hasPerformer_ss">Bob Dylan</field><field name="hasPerformer_ss">The Band</field><field name="composer_ss.Length">16</field><field name="Composition_Type.Length">4</field><field name="verb_ss">composed</field><field name="verb_ss">written</field><field name="verb_ss">authored</field><field name="verb_ss">wrote</field><field name="genres_ss">Folk</field><field name="genres_ss">Folk Rock</field><field name="genres_ss">Rock</field><field name="verb_ss.Length">5</field><field name="verb_ss.MaximumLength"></field><field name="Composition_Type.MaximumLength"></field><field name="composer.Count">4</field></doc><doc><field name="name">Strange Meadow Lark</field><field name="id">http://www.semanticweb.org/tedsullivan/ontologies/2015/5/music-10#Strange_Meadow_Lark</field><field name="composer_ss.Length">12</field><field name="Composition_Type.Length">4</field><field name="composer_ss.MaximumLength"></field><field name="verb_ss">composed</field><field name="verb_ss">written</field><field name="verb_ss">authored</field><field name="verb_ss">wrote</field><field name="path">/Song/Strange Meadow Lark</field><field name="Composition_Type">Song</field><field name="genres_ss">Jazz</field><field name="verb_ss.Length">5</field><field name="verb_ss.MaximumLength"></field><field name="Composition_Type.MaximumLength"></field><field name="composer_ss">Dave Brubeck</field></doc><doc><field name="name">Smoke On The Water</field><field name="id">http://www.semanticweb.org/tedsullivan/ontologies/2015/5/music-10#Smoke_on_the_Water</field><field name="related_entity1_ss">Deep Purple</field><field name="composer_ss.MaximumLength"></field><field name="path">/Song/Smoke On The Water</field><field name="Composition_Type">Song</field><field name="composer_ss">Ian Gillan</field><field name="composer_ss">Ian Paice</field><field name="composer_ss">Jon Lord</field><field name="composer_ss">Ritchie Blackmore</field><field name="composer_ss">Roger Glover</field><field name="original_performer.Length">11</field><field name="original_performer">Deep Purple</field><field name="composer_ss.Length">12</field><field name="Composition_Type.Length">4</field><field name="original_performer.MaximumLength"></field><field name="verb_ss">composed</field><field name="verb_ss">written</field><field name="verb_ss">authored</field><field name="verb_ss">wrote</field><field name="verb_ss.Length">5</field><field name="verb_ss.MaximumLength"></field><field name="Composition_Type.MaximumLength"></field><field name="composer.Count">10</field></doc><doc><field name="name">Oh Baby</field><field name="id">http://www.semanticweb.org/tedsullivan/ontologies/2015/5/music-10#Oh_Baby</field><field name="composer_ss.Length">12</field><field name="Composition_Type.Length">4</field><field name="composer_ss.MaximumLength"></field><field name="verb_ss">composed</field><field name="verb_ss">written</field><field name="verb_ss">authored</field><field name="verb_ss">wrote</field><field name="path">/Song/Oh Baby</field><field name="Composition_Type">Song</field><field name="verb_ss.Length">5</field><field name="verb_ss.MaximumLength"></field><field name="Composition_Type.MaximumLength"></field><field name="composer_ss">Willie Dixon</field></doc><doc><field name="name">Cotton Tail</field><field name="id">http://www.semanticweb.org/tedsullivan/ontologies/2015/5/music-10#Cottontail</field><field name="composer_ss.Length">14</field><field name="Composition_Type.Length">4</field><field name="composer_ss.MaximumLength"></field><field name="verb_ss">composed</field><field name="verb_ss">written</field><field name="verb_ss">authored</field><field name="verb_ss">wrote</field><field name="path">/Song/Cotton Tail</field><field name="Composition_Type">Song</field><field name="genres_ss">Jazz</field><field name="verb_ss.Length">5</field><field name="verb_ss.MaximumLength"></field><field name="Composition_Type.MaximumLength"></field><field name="composer_ss">Duke Ellington</field></doc><doc><field name="name">Voices in the Sky</field><field name="id">http://www.semanticweb.org/tedsullivan/ontologies/2015/5/music-10#Voices_in_the_Sky</field><field name="related_entity1_ss">Moody Blues</field><field name="composer_ss.MaximumLength"></field><field name="hasGenre.Count">8</field><field name="path">/Song/Voices in the Sky</field><field name="Composition_Type">Song</field><field name="composer_ss">Justin Hayward</field><field name="original_performer.Length">11</field><field name="original_performer">Moody Blues</field><field name="composer_ss.Length">14</field><field name="Composition_Type.Length">4</field><field name="original_performer.MaximumLength"></field><field name="verb_ss">composed</field><field name="verb_ss">written</field><field name="verb_ss">authored</field><field name="verb_ss">wrote</field><field name="genres_ss">Popular</field><field name="genres_ss">Pop Rock</field><field name="genres_ss">Rock</field><field name="genres_ss">Progressive Rock</field><field name="genres_ss">Psychedelic Rock</field><field name="genres_ss">Symphonic Rock</field><field name="verb_ss.Length">5</field><field name="verb_ss.MaximumLength"></field><field name="Composition_Type.MaximumLength"></field></doc><doc><field name="name">Any Time At All</field><field name="id">http://www.semanticweb.org/tedsullivan/ontologies/2015/5/music-10#Any_Time_At_All</field><field name="related_entity1_ss">Beatles</field><field name="composer_ss.MaximumLength"></field><field name="path">/Song/Any Time At All</field><field name="Composition_Type">Song</field><field name="composer_ss">John Lennon</field><field name="composer_ss">Paul McCartney</field><field name="original_performer.Length">7</field><field name="original_performer">Beatles</field><field name="composer_ss.Length">14</field><field name="Composition_Type.Length">4</field><field name="original_performer.MaximumLength"></field><field name="verb_ss">composed</field><field name="verb_ss">written</field><field name="verb_ss">authored</field><field name="verb_ss">wrote</field><field name="verb_ss.Length">5</field><field name="verb_ss.MaximumLength"></field><field name="Composition_Type.MaximumLength"></field><field name="composer.Count">4</field></doc><doc><field name="name">Sally Simpson</field><field name="id">http://www.semanticweb.org/tedsullivan/ontologies/2015/5/music-10#Sally_Simpson</field><field name="related_entity1_ss">The Who</field><field name="composer_ss.MaximumLength"></field><field name="path">/Song/Sally Simpson</field><field name="Composition_Type">Song</field><field name="composer_ss">Pete Townshend</field><field name="original_performer.Length">7</field><field name="original_performer">The Who</field><field name="composer_ss.Length">14</field><field name="Composition_Type.Length">4</field><field name="original_performer.MaximumLength"></field><field name="verb_ss">composed</field><field name="verb_ss">written</field><field name="verb_ss">authored</field><field name="verb_ss">wrote</field><field name="genres_ss">Rock</field><field name="verb_ss.Length">5</field><field name="verb_ss.MaximumLength"></field><field name="Composition_Type.MaximumLength"></field></doc><doc><field name="name">I'm Just Wild About Harry</field><field name="id">http://www.semanticweb.org/tedsullivan/ontologies/2015/5/music-10#Im_Just_Wild_About_Harry</field><field name="composer_ss.Length">11</field><field name="Composition_Type.Length">4</field><field name="composer_ss.MaximumLength"></field><field name="verb_ss">composed</field><field name="verb_ss">written</field><field name="verb_ss">authored</field><field name="verb_ss">wrote</field><field name="path">/Song/I'm Just Wild About Harry</field><field name="Composition_Type">Song</field><field name="verb_ss.Length">5</field><field name="verb_ss.MaximumLength"></field><field name="Composition_Type.MaximumLength"></field><field name="composer_ss">Eubie Blake</field></doc><doc><field name="name">You're My Thrill</field><field name="id">http://www.semanticweb.org/tedsullivan/ontologies/2015/5/music-10#Youre_My_Thrill</field><field name="composer_ss.Length">10</field><field name="Composition_Type.Length">4</field><field name="composer_ss.MaximumLength"></field><field name="lyricist_ss.MaximumLength"></field><field name="verb_ss">composed</field><field name="verb_ss">written</field><field name="verb_ss">authored</field><field name="verb_ss">wrote</field><field name="path">/Song/You're My Thrill</field><field name="lyricist_ss.Length">12</field><field name="Composition_Type">Song</field><field name="lyricist_ss">Sidney Clare</field><field name="verb_ss.Length">5</field><field name="verb_ss.MaximumLength"></field><field name="Composition_Type.MaximumLength"></field><field name="composer_ss">Jay Gorney</field></doc><doc><field name="name">Little Green Apples</field><field name="id">http://www.semanticweb.org/tedsullivan/ontologies/2015/5/music-10#Little_Green_Apples</field><field name="composer_ss.Length">13</field><field name="Composition_Type.Length">4</field><field name="composer_ss.MaximumLength"></field><field name="verb_ss">composed</field><field name="verb_ss">written</field><field name="verb_ss">authored</field><field name="verb_ss">wrote</field><field name="hasGenre.Count">4</field><field name="path">/Song/Little Green Apples</field><field name="Composition_Type">Song</field><field name="genres_ss">R&amp;B</field><field name="verb_ss.Length">5</field><field name="verb_ss.MaximumLength"></field><field name="Composition_Type.MaximumLength"></field><field name="composer_ss">Bobby Russell</field></doc><doc><field name="name">Another Saturday Night</field><field name="id">http://www.semanticweb.org/tedsullivan/ontologies/2015/5/music-10#Another_Saturday_Night</field><field name="related_entity1_ss">Sam Cooke</field><field name="composer_ss.MaximumLength"></field><field name="path">/Song/Another Saturday Night</field><field name="Composition_Type">Song</field><field name="composer_ss">Sam Cooke</field><field name="original_performer.Length">9</field><field name="original_performer">Sam Cooke</field><field name="composer_ss.Length">9</field><field name="Composition_Type.Length">4</field><field name="original_performer.MaximumLength"></field><field name="verb_ss">composed</field><field name="verb_ss">written</field><field name="verb_ss">authored</field><field name="verb_ss">wrote</field><field name="genres_ss">R&amp;B</field><field name="verb_ss.Length">5</field><field name="verb_ss.MaximumLength"></field><field name="Composition_Type.MaximumLength"></field></doc><doc><field name="name">Invisible Touch</field><field name="id">http://www.semanticweb.org/tedsullivan/ontologies/2015/5/music-10#Invisible_Touch</field><field name="related_entity1_ss">Genesis</field><field name="composer_ss.MaximumLength"></field><field name="path">/Song/Invisible Touch</field><field name="Composition_Type">Song</field><field name="composer_ss">Mike Rutherford</field><field name="composer_ss">Phil Collins</field><field name="composer_ss">Tony Banks</field><field name="original_performer.Length">7</field><field name="original_performer">Genesis</field><field name="composer_ss.Length">10</field><field name="Composition_Type.Length">4</field><field name="original_performer.MaximumLength"></field><field name="verb_ss">composed</field><field name="verb_ss">written</field><field name="verb_ss">authored</field><field name="verb_ss">wrote</field><field name="verb_ss.Length">5</field><field name="verb_ss.MaximumLength"></field><field name="Composition_Type.MaximumLength"></field><field name="composer.Count">6</field></doc><doc><field name="name">Parachute Woman</field><field name="id">http://www.semanticweb.org/tedsullivan/ontologies/2015/5/music-10#Parachute_Woman</field><field name="related_entity1_ss">Rolling Stones</field><field name="composer_ss.MaximumLength"></field><field name="path">/Song/Parachute Woman</field><field name="Composition_Type">Song</field><field name="composer_ss">Keith Richards</field><field name="composer_ss">Mick Jagger</field><field name="original_performer.Length">14</field><field name="original_performer">Rolling Stones</field><field name="composer_ss.Length">11</field><field name="Composition_Type.Length">4</field><field name="original_performer.MaximumLength"></field><field name="verb_ss">composed</field><field name="verb_ss">written</field><field name="verb_ss">authored</field><field name="verb_ss">wrote</field><field name="verb_ss.Length">5</field><field name="verb_ss.MaximumLength"></field><field name="Composition_Type.MaximumLength"></field><field name="composer.Count">4</field></doc><doc><field name="name">Another Morning</field><field name="id">http://www.semanticweb.org/tedsullivan/ontologies/2015/5/music-10#Another_Morning</field><field name="related_entity1_ss">Moody Blues</field><field name="composer_ss.MaximumLength"></field><field name="path">/Song/Another Morning</field><field name="Composition_Type">Song</field><field name="composer_ss">Ray Thomas</field><field name="original_performer.Length">11</field><field name="original_performer">Moody Blues</field><field name="composer_ss.Length">10</field><field name="Composition_Type.Length">4</field><field name="original_performer.MaximumLength"></field><field name="verb_ss">composed</field><field name="verb_ss">written</field><field name="verb_ss">authored</field><field name="verb_ss">wrote</field><field name="genres_ss">Rock</field><field name="genres_ss">Symphonic Rock</field><field name="verb_ss.Length">5</field><field name="verb_ss.MaximumLength"></field><field name="Composition_Type.MaximumLength"></field></doc><doc><field name="name">Salvation</field><field name="id">http://www.semanticweb.org/tedsullivan/ontologies/2015/5/music-10#Salvation</field><field name="related_entity1_ss">Elton John</field><field name="composer_ss.MaximumLength"></field><field name="path">/Song/Salvation</field><field name="lyricist_ss.Length">13</field><field name="Composition_Type">Song</field><field name="lyricist_ss">Bernie Taupin</field><field name="composer_ss">Elton John</field><field name="original_performer.Length">10</field><field name="original_performer">Elton John</field><field name="composer_ss.Length">10</field><field name="Composition_Type.Length">4</field><field name="original_performer.MaximumLength"></field><field name="lyricist_ss.MaximumLength"></field><field name="verb_ss">composed</field><field name="verb_ss">written</field><field name="verb_ss">authored</field><field name="verb_ss">wrote</field><field name="verb_ss.Length">5</field><field name="verb_ss.MaximumLength"></field><field name="Composition_Type.MaximumLength"></field></doc><doc><field name="name">Talk to Me Baby</field><field name="id">http://www.semanticweb.org/tedsullivan/ontologies/2015/5/music-10#Talk_to_Me_Baby</field><field name="composer_ss.Length">12</field><field name="Composition_Type.Length">4</field><field name="composer_ss.MaximumLength"></field><field name="verb_ss">composed</field><field name="verb_ss">written</field><field name="verb_ss">authored</field><field name="verb_ss">wrote</field><field name="path">/Song/Talk to Me Baby</field><field name="Composition_Type">Song</field><field name="verb_ss.Length">5</field><field name="verb_ss.MaximumLength"></field><field name="Composition_Type.MaximumLength"></field><field name="composer_ss">Willie Dixon</field></doc><doc><field name="name">California Dreamin,'</field><field name="id">http://www.semanticweb.org/tedsullivan/ontologies/2015/5/music-10#California_Dreaming</field><field name="related_entity1_ss">Mamas &amp; the Papas</field><field name="composer_ss.MaximumLength"></field><field name="path">/Song/California Dreamin,'</field><field name="Composition_Type">Song</field><field name="composer_ss">John Phillips</field><field name="composer_ss">Michelle Phillips</field><field name="original_performer.Length">17</field><field name="original_performer">Mamas &amp; the Papas</field><field name="composer_ss.Length">17</field><field name="Composition_Type.Length">4</field><field name="original_performer.MaximumLength"></field><field name="verb_ss">composed</field><field name="verb_ss">written</field><field name="verb_ss">authored</field><field name="verb_ss">wrote</field><field name="verb_ss.Length">5</field><field name="verb_ss.MaximumLength"></field><field name="Composition_Type.MaximumLength"></field><field name="composer.Count">4</field></doc><doc><field name="name">Midnight Rider</field><field name="id">http://www.semanticweb.org/tedsullivan/ontologies/2015/5/music-10#Midnight_Rider</field><field name="composer_ss.Length">11</field><field name="related_entity1_ss">Allman Brothers Band</field><field name="Composition_Type.Length">4</field><field name="composer_ss.MaximumLength"></field><field name="original_performer.MaximumLength"></field><field name="verb_ss">composed</field><field name="verb_ss">written</field><field name="verb_ss">authored</field><field name="verb_ss">wrote</field><field name="path">/Song/Midnight Rider</field><field name="Composition_Type">Song</field><field name="verb_ss.Length">5</field><field name="verb_ss.MaximumLength"></field><field name="Composition_Type.MaximumLength"></field><field name="composer_ss">Greg Allman</field><field name="original_performer.Length">20</field><field name="original_performer">Allman Brothers Band</field></doc><doc><field name="name">Climbing Jacob's Ladder</field><field name="id">http://www.semanticweb.org/tedsullivan/ontologies/2015/5/music-10#Climbing_Jacobs_Ladder</field><field name="Composition_Type.Length">4</field><field name="verb_ss">composed</field><field name="verb_ss">written</field><field name="verb_ss">authored</field><field name="verb_ss">wrote</field><field name="path">/Song/Climbing Jacob's Ladder</field><field name="Composition_Type">Song</field><field name="verb_ss.Length">5</field><field name="verb_ss.MaximumLength"></field><field name="Composition_Type.MaximumLength"></field></doc><doc><field name="name">Have You Heard</field><field name="id">http://www.semanticweb.org/tedsullivan/ontologies/2015/5/music-10#Have_You_Heard</field><field name="related_entity1_ss">John Mayall's Bluesbreakers</field><field name="composer_ss.MaximumLength"></field><field name="path">/Song/Have You Heard</field><field name="Composition_Type">Song</field><field name="composer_ss">John Mayall</field><field name="original_performer.Length">27</field><field name="original_performer">John Mayall's Bluesbreakers</field><field name="composer_ss.Length">11</field><field name="Composition_Type.Length">4</field><field name="original_performer.MaximumLength"></field><field name="verb_ss">composed</field><field name="verb_ss">written</field><field name="verb_ss">authored</field><field name="verb_ss">wrote</field><field name="genres_ss">Blues</field><field name="verb_ss.Length">5</field><field name="verb_ss.MaximumLength"></field><field name="Composition_Type.MaximumLength"></field></doc><doc><field name="name">Outlaw Man</field><field name="id">http://www.semanticweb.org/tedsullivan/ontologies/2015/5/music-10#Outlaw_Man</field><field name="composer_ss.Length">10</field><field name="Composition_Type.Length">4</field><field name="composer_ss.MaximumLength"></field><field name="verb_ss">composed</field><field name="verb_ss">written</field><field name="verb_ss">authored</field><field name="verb_ss">wrote</field><field name="hasGenre.Count">4</field><field name="path">/Song/Outlaw Man</field><field name="Composition_Type">Song</field><field name="genres_ss">Country</field><field name="genres_ss">Country Rock</field><field name="genres_ss">Rock</field><field name="genres_ss">Hard Rock</field><field name="verb_ss.Length">5</field><field name="verb_ss.MaximumLength"></field><field name="Composition_Type.MaximumLength"></field><field name="composer_ss">David Blue</field></doc><doc><field name="name">I Am A Rock</field><field name="id">http://www.semanticweb.org/tedsullivan/ontologies/2015/5/music-10#I_Am_a_Rock</field><field name="composer_ss.Length">10</field><field name="Composition_Type.Length">4</field><field name="composer_ss.MaximumLength"></field><field name="verb_ss">composed</field><field name="verb_ss">written</field><field name="verb_ss">authored</field><field name="verb_ss">wrote</field><field name="path">/Song/I Am A Rock</field><field name="Composition_Type">Song</field><field name="verb_ss.Length">5</field><field name="verb_ss.MaximumLength"></field><field name="Composition_Type.MaximumLength"></field><field name="composer_ss">Paul Simon</field></doc><doc><field name="name">Ebb Tide</field><field name="id">http://www.semanticweb.org/tedsullivan/ontologies/2015/5/music-10#Ebb_Tide</field><field name="composer_ss.Length">14</field><field name="Composition_Type.Length">4</field><field name="composer_ss.MaximumLength"></field><field name="verb_ss">composed</field><field name="verb_ss">written</field><field name="verb_ss">authored</field><field name="verb_ss">wrote</field><field name="path">/Song/Ebb Tide</field><field name="Composition_Type">Song</field><field name="genres_ss">Popular</field><field name="verb_ss.Length">5</field><field name="verb_ss.MaximumLength"></field><field name="Composition_Type.MaximumLength"></field><field name="composer_ss">Carl Sigman</field><field name="composer_ss">Robert Maxwell</field><field name="composer.Count">4</field></doc><doc><field name="name">Dance to the Music</field><field name="id">http://www.semanticweb.org/tedsullivan/ontologies/2015/5/music-10#Dance_to_the_Music</field><field name="composer_ss.Length">9</field><field name="Composition_Type.Length">4</field><field name="composer_ss.MaximumLength"></field><field name="verb_ss">composed</field><field name="verb_ss">written</field><field name="verb_ss">authored</field><field name="verb_ss">wrote</field><field name="path">/Song/Dance to the Music</field><field name="Composition_Type">Song</field><field name="verb_ss.Length">5</field><field name="verb_ss.MaximumLength"></field><field name="Composition_Type.MaximumLength"></field><field name="composer_ss">Sly Stone</field></doc><doc><field name="name">D'yer Mak'er</field><field name="id">http://www.semanticweb.org/tedsullivan/ontologies/2015/5/music-10#Dyer_Maker</field><field name="related_entity1_ss">Led Zeppelin</field><field name="composer_ss.MaximumLength"></field><field name="path">/Song/D'yer Mak'er</field><field name="Composition_Type">Song</field><field name="composer_ss">Jimmy Page</field><field name="composer_ss">John Bonham</field><field name="composer_ss">John Paul Jones</field><field name="composer_ss">Robert Plant</field><field name="original_performer.Length">12</field><field name="original_performer">Led Zeppelin</field><field name="composer_ss.Length">12</field><field name="Composition_Type.Length">4</field><field name="original_performer.MaximumLength"></field><field name="verb_ss">composed</field><field name="verb_ss">written</field><field name="verb_ss">authored</field><field name="verb_ss">wrote</field><field name="genres_ss">Rock</field><field name="verb_ss.Length">5</field><field name="verb_ss.MaximumLength"></field><field name="Composition_Type.MaximumLength"></field><field name="composer.Count">8</field></doc><doc><field name="name">Baby, I Love You</field><field name="id">http://www.semanticweb.org/tedsullivan/ontologies/2015/5/music-10#Baby_I_Love_You</field><field name="composer_ss.Length">12</field><field name="Composition_Type.Length">4</field><field name="composer_ss.MaximumLength"></field><field name="verb_ss">composed</field><field name="verb_ss">written</field><field name="verb_ss">authored</field><field name="verb_ss">wrote</field><field name="path">/Song/Baby, I Love You</field><field name="Composition_Type">Song</field><field name="genres_ss">Popular</field><field name="genres_ss">Pop</field><field name="verb_ss.Length">5</field><field name="verb_ss.MaximumLength"></field><field name="Composition_Type.MaximumLength"></field><field name="composer_ss">Ellie Greenwich</field><field name="composer_ss">Jeff Barry</field><field name="composer_ss">Phil Spector</field><field name="composer.Count">6</field></doc><doc><field name="name">Walk of Life</field><field name="id">http://www.semanticweb.org/tedsullivan/ontologies/2015/5/music-10#Walk_of_Life</field><field name="related_entity1_ss">Dire Straits</field><field name="composer_ss.MaximumLength"></field><field name="path">/Song/Walk of Life</field><field name="Composition_Type">Song</field><field name="composer_ss">Mark Knopfler</field><field name="original_performer.Length">12</field><field name="original_performer">Dire Straits</field><field name="composer_ss.Length">13</field><field name="Composition_Type.Length">4</field><field name="original_performer.MaximumLength"></field><field name="verb_ss">composed</field><field name="verb_ss">written</field><field name="verb_ss">authored</field><field name="verb_ss">wrote</field><field name="genres_ss">Rock</field><field name="verb_ss.Length">5</field><field name="verb_ss.MaximumLength"></field><field name="Composition_Type.MaximumLength"></field></doc><doc><field name="name">She Will Be Loved</field><field name="id">http://www.semanticweb.org/tedsullivan/ontologies/2015/5/music-10#She_Will_Be_Loved</field><field name="related_entity1_ss">Matt Wallace</field><field name="related_entity1_ss">Maroon 5</field><field name="composer_ss.MaximumLength"></field><field name="path">/Song/She Will Be Loved</field><field name="Composition_Type">Song</field><field name="composer_ss">Adam Levine</field><field name="composer_ss">James Valentine</field><field name="original_performer.Length">8</field><field name="original_performer">Maroon 5</field><field name="composer_ss.Length">15</field><field name="Composition_Type.Length">4</field><field name="original_performer.MaximumLength"></field><field name="verb_ss">composed</field><field name="verb_ss">written</field><field name="verb_ss">authored</field><field name="verb_ss">wrote</field><field name="verb_ss.Length">5</field><field name="verb_ss.MaximumLength"></field><field name="Composition_Type.MaximumLength"></field><field name="composer.Count">4</field></doc><doc><field name="name">Industrial Disease</field><field name="id">http://www.semanticweb.org/tedsullivan/ontologies/2015/5/music-10#Industrial_Disease</field><field name="related_entity1_ss">Dire Straits</field><field name="composer_ss.MaximumLength"></field><field name="path">/Song/Industrial Disease</field><field name="Composition_Type">Song</field><field name="composer_ss">Mark Knopfler</field><field name="original_performer.Length">12</field><field name="original_performer">Dire Straits</field><field name="composer_ss.Length">13</field><field name="Composition_Type.Length">4</field><field name="original_performer.MaximumLength"></field><field name="verb_ss">composed</field><field name="verb_ss">written</field><field name="verb_ss">authored</field><field name="verb_ss">wrote</field><field name="genres_ss">Rock</field><field name="verb_ss.Length">5</field><field name="verb_ss.MaximumLength"></field><field name="Composition_Type.MaximumLength"></field></doc><doc><field name="name">Don't Give Up</field><field name="id">http://www.semanticweb.org/tedsullivan/ontologies/2015/5/music-10#Dont_Give_Up</field><field name="related_entity1_ss">Kate Bush</field><field name="related_entity1_ss">Peter Gabriel</field><field name="composer_ss.MaximumLength"></field><field name="hasGenre.Count">4</field><field name="original_performer.Count">2</field><field name="path">/Song/Don't Give Up</field><field name="Composition_Type">Song</field><field name="composer_ss">Peter Gabriel</field><field name="hasPerformer_ss">Kate Bush</field><field name="hasPerformer_ss">Peter Gabriel</field><field name="composer_ss.Length">13</field><field name="Composition_Type.Length">4</field><field name="verb_ss">composed</field><field name="verb_ss">written</field><field name="verb_ss">authored</field><field name="verb_ss">wrote</field><field name="genres_ss">Rock</field><field name="genres_ss">Art Rock</field><field name="genres_ss">Popular</field><field name="genres_ss">Pop Rock</field><field name="verb_ss.Length">5</field><field name="verb_ss.MaximumLength"></field><field name="Composition_Type.MaximumLength"></field></doc><doc><field name="name">Walk Like A Man</field><field name="id">http://www.semanticweb.org/tedsullivan/ontologies/2015/5/music-10#Walk_Like_A_Man</field><field name="related_entity1_ss">The Four Seasons</field><field name="composer_ss.MaximumLength"></field><field name="path">/Song/Walk Like A Man</field><field name="Composition_Type">Song</field><field name="composer_ss">Bob Crewe</field><field name="composer_ss">Bob Gaudio</field><field name="original_performer.Length">16</field><field name="original_performer">The Four Seasons</field><field name="composer_ss.Length">10</field><field name="Composition_Type.Length">4</field><field name="original_performer.MaximumLength"></field><field name="verb_ss">composed</field><field name="verb_ss">written</field><field name="verb_ss">authored</field><field name="verb_ss">wrote</field><field name="genres_ss">Popular</field><field name="genres_ss">Pop Rock</field><field name="genres_ss">Rock</field><field name="verb_ss.Length">5</field><field name="verb_ss.MaximumLength"></field><field name="Composition_Type.MaximumLength"></field><field name="composer.Count">4</field></doc><doc><field name="name">Hole in My Life</field><field name="id">http://www.semanticweb.org/tedsullivan/ontologies/2015/5/music-10#Hole_in_My_Life</field><field name="related_entity1_ss">The Police</field><field name="composer_ss.MaximumLength"></field><field name="path">/Song/Hole in My Life</field><field name="Composition_Type">Song</field><field name="composer_ss">Sting</field><field name="original_performer.Length">10</field><field name="original_performer">The Police</field><field name="composer_ss.Length">5</field><field name="Composition_Type.Length">4</field><field name="original_performer.MaximumLength"></field><field name="verb_ss">composed</field><field name="verb_ss">written</field><field name="verb_ss">authored</field><field name="verb_ss">wrote</field><field name="genres_ss">Rock</field><field name="genres_ss">Punk Rock</field><field name="verb_ss.Length">5</field><field name="verb_ss.MaximumLength"></field><field name="Composition_Type.MaximumLength"></field></doc><doc><field name="name">Presence of the Lord</field><field name="id">http://www.semanticweb.org/tedsullivan/ontologies/2015/5/music-10#Presence_of_the_Lord</field><field name="related_entity1_ss">Blind Faith</field><field name="composer_ss.MaximumLength"></field><field name="path">/Song/Presence of the Lord</field><field name="Composition_Type">Song</field><field name="composer_ss">Eric Clapton</field><field name="original_performer.Length">11</field><field name="original_performer">Blind Faith</field><field name="composer_ss.Length">12</field><field name="Composition_Type.Length">4</field><field name="original_performer.MaximumLength"></field><field name="verb_ss">composed</field><field name="verb_ss">written</field><field name="verb_ss">authored</field><field name="verb_ss">wrote</field><field name="genres_ss">Rock</field><field name="verb_ss.Length">5</field><field name="verb_ss.MaximumLength"></field><field name="Composition_Type.MaximumLength"></field></doc><doc><field name="name">Daydream Believer</field><field name="id">http://www.semanticweb.org/tedsullivan/ontologies/2015/5/music-10#Daydream_Believer</field><field name="composer_ss.Length">12</field><field name="Composition_Type.Length">4</field><field name="composer_ss.MaximumLength"></field><field name="verb_ss">composed</field><field name="verb_ss">written</field><field name="verb_ss">authored</field><field name="verb_ss">wrote</field><field name="path">/Song/Daydream Believer</field><field name="Composition_Type">Song</field><field name="verb_ss.Length">5</field><field name="verb_ss.MaximumLength"></field><field name="Composition_Type.MaximumLength"></field><field name="composer_ss">John Stewart</field></doc><doc><field name="name">Thriller</field><field name="id">http://www.semanticweb.org/tedsullivan/ontologies/2015/5/music-10#Thriller</field><field name="composer_ss.Length">13</field><field name="Composition_Type.Length">4</field><field name="composer_ss.MaximumLength"></field><field name="verb_ss">composed</field><field name="verb_ss">written</field><field name="verb_ss">authored</field><field name="verb_ss">wrote</field><field name="path">/Song/Thriller</field><field name="Composition_Type">Song</field><field name="genres_ss">Dance Music</field><field name="genres_ss">Dance-rock</field><field name="genres_ss">Rock</field><field name="verb_ss.Length">5</field><field name="verb_ss.MaximumLength"></field><field name="Composition_Type.MaximumLength"></field><field name="composer_ss">Rod Temperton</field></doc><doc><field name="name">Good Clean Fun</field><field name="id">http://www.semanticweb.org/tedsullivan/ontologies/2015/5/music-10#Good_Clean_Fun</field><field name="related_entity1_ss">Allman Brothers Band</field><field name="composer_ss.MaximumLength"></field><field name="hasGenre.Count">4</field><field name="path">/Song/Good Clean Fun</field><field name="Composition_Type">Song</field><field name="composer_ss">Dickie Betts</field><field name="composer_ss">Greg Allman</field><field name="composer_ss">Johnny Neel</field><field name="original_performer.Length">20</field><field name="original_performer">Allman Brothers Band</field><field name="composer_ss.Length">11</field><field name="Composition_Type.Length">4</field><field name="original_performer.MaximumLength"></field><field name="verb_ss">composed</field><field name="verb_ss">written</field><field name="verb_ss">authored</field><field name="verb_ss">wrote</field><field name="genres_ss">Country</field><field name="genres_ss">Country Rock</field><field name="genres_ss">Rock</field><field name="genres_ss">Southern Rock</field><field name="verb_ss.Length">5</field><field name="verb_ss.MaximumLength"></field><field name="Composition_Type.MaximumLength"></field><field name="composer.Count">6</field></doc><doc><field name="name">Learning To Fly</field><field name="id">http://www.semanticweb.org/tedsullivan/ontologies/2015/5/music-10#Learning_To_Fly</field><field name="related_entity1_ss">Pink Floyd</field><field name="composer_ss.MaximumLength"></field><field name="path">/Song/Learning To Fly</field><field name="Composition_Type">Song</field><field name="composer_ss">Anthony Moore</field><field name="composer_ss">Bob Ezrin</field><field name="composer_ss">David Gilmour</field><field name="composer_ss">Jon Carin</field><field name="original_performer.Length">10</field><field name="original_performer">Pink Floyd</field><field name="composer_ss.Length">9</field><field name="Composition_Type.Length">4</field><field name="original_performer.MaximumLength"></field><field name="verb_ss">composed</field><field name="verb_ss">written</field><field name="verb_ss">authored</field><field name="verb_ss">wrote</field><field name="verb_ss.Length">5</field><field name="verb_ss.MaximumLength"></field><field name="Composition_Type.MaximumLength"></field><field name="composer.Count">8</field></doc><doc><field name="name">That's Entertainment</field><field name="id">http://www.semanticweb.org/tedsullivan/ontologies/2015/5/music-10#Thats_Entertainment</field><field name="composer_ss.Length">11</field><field name="Composition_Type.Length">4</field><field name="composer_ss.MaximumLength"></field><field name="verb_ss">composed</field><field name="verb_ss">written</field><field name="verb_ss">authored</field><field name="verb_ss">wrote</field><field name="path">/Song/That's Entertainment</field><field name="Composition_Type">Song</field><field name="verb_ss.Length">5</field><field name="verb_ss.MaximumLength"></field><field name="Composition_Type.MaximumLength"></field><field name="composer_ss">Paul Weller</field></doc><doc><field name="name">Bad Boy</field><field name="id">http://www.semanticweb.org/tedsullivan/ontologies/2015/5/music-10#Bad_Boy</field><field name="composer_ss.Length">14</field><field name="related_entity1_ss">Larry Williams</field><field name="Composition_Type.Length">4</field><field name="composer_ss.MaximumLength"></field><field name="original_performer.MaximumLength"></field><field name="verb_ss">composed</field><field name="verb_ss">written</field><field name="verb_ss">authored</field><field name="verb_ss">wrote</field><field name="path">/Song/Bad Boy</field><field name="Composition_Type">Song</field><field name="verb_ss.Length">5</field><field name="verb_ss.MaximumLength"></field><field name="Composition_Type.MaximumLength"></field><field name="composer_ss">Larry Williams</field><field name="original_performer.Length">14</field><field name="original_performer">Larry Williams</field></doc><doc><field name="name">The Prophet's Song</field><field name="id">http://www.semanticweb.org/tedsullivan/ontologies/2015/5/music-10#The_Prophets_Song</field><field name="related_entity1_ss">Queen</field><field name="composer_ss.MaximumLength"></field><field name="hasGenre.Count">6</field><field name="path">/Song/The Prophet's Song</field><field name="Composition_Type">Song</field><field name="composer_ss">Brian May</field><field name="original_performer.Length">5</field><field name="original_performer">Queen</field><field name="composer_ss.Length">9</field><field name="Composition_Type.Length">4</field><field name="original_performer.MaximumLength"></field><field name="verb_ss">composed</field><field name="verb_ss">written</field><field name="verb_ss">authored</field><field name="verb_ss">wrote</field><field name="genres_ss">Rock</field><field name="genres_ss">Hard Rock</field><field name="genres_ss">Heavy Metal</field><field name="genres_ss">Progressive Rock</field><field name="verb_ss.Length">5</field><field name="verb_ss.MaximumLength"></field><field name="Composition_Type.MaximumLength"></field></doc><doc><field name="name">Catchin' On Fast</field><field name="id">http://www.semanticweb.org/tedsullivan/ontologies/2015/5/music-10#Catchin_On_Fast</field><field name="composer_ss.Length">13</field><field name="Composition_Type.Length">4</field><field name="composer_ss.MaximumLength"></field><field name="verb_ss">composed</field><field name="verb_ss">written</field><field name="verb_ss">authored</field><field name="verb_ss">wrote</field><field name="path">/Song/Catchin' On Fast</field><field name="Composition_Type">Song</field><field name="verb_ss.Length">5</field><field name="verb_ss.MaximumLength"></field><field name="Composition_Type.MaximumLength"></field><field name="composer_ss">Bernie Baum</field><field name="composer_ss">Bill Giant</field><field name="composer_ss">Florence Kaye</field><field name="composer.Count">6</field></doc><doc><field name="name">Good Luck Charm</field><field name="id">http://www.semanticweb.org/tedsullivan/ontologies/2015/5/music-10#Good_Luck_Charm</field><field name="composer_ss.Length">10</field><field name="Composition_Type.Length">4</field><field name="composer_ss.MaximumLength"></field><field name="verb_ss">composed</field><field name="verb_ss">written</field><field name="verb_ss">authored</field><field name="verb_ss">wrote</field><field name="path">/Song/Good Luck Charm</field><field name="Composition_Type">Song</field><field name="genres_ss">R&amp;B</field><field name="verb_ss.Length">5</field><field name="verb_ss.MaximumLength"></field><field name="Composition_Type.MaximumLength"></field><field name="composer_ss">Aaron Schroeder</field><field name="composer_ss">Wally Gold</field><field name="composer.Count">4</field></doc><doc><field name="name">Black Mountain Side</field><field name="id">http://www.semanticweb.org/tedsullivan/ontologies/2015/5/music-10#Black_Mountain_Side</field><field name="related_entity1_ss">Led Zeppelin</field><field name="composer_ss.MaximumLength"></field><field name="path">/Song/Black Mountain Side</field><field name="Composition_Type">Song</field><field name="composer_ss">Jimmy Page</field><field name="original_performer.Length">12</field><field name="original_performer">Led Zeppelin</field><field name="composer_ss.Length">10</field><field name="Composition_Type.Length">4</field><field name="original_performer.MaximumLength"></field><field name="verb_ss">composed</field><field name="verb_ss">written</field><field name="verb_ss">authored</field><field name="verb_ss">wrote</field><field name="genres_ss">Rock</field><field name="verb_ss.Length">5</field><field name="verb_ss.MaximumLength"></field><field name="Composition_Type.MaximumLength"></field></doc><doc><field name="name">Bad</field><field name="id">http://www.semanticweb.org/tedsullivan/ontologies/2015/5/music-10#Bad</field><field name="related_entity1_ss">Michael Jackson</field><field name="composer_ss.MaximumLength"></field><field name="hasGenre.Count">4</field><field name="related_entity2_ss.Length">12</field><field name="path">/Song/Bad</field><field name="Composition_Type">Song</field><field name="composer_ss">Michael Jackson</field><field name="original_performer.Length">15</field><field name="original_performer">Michael Jackson</field><field name="composer_ss.Length">15</field><field name="related_entity2_ss">Quincy Jones</field><field name="Composition_Type.Length">4</field><field name="original_performer.MaximumLength"></field><field name="verb_ss">composed</field><field name="verb_ss">written</field><field name="verb_ss">authored</field><field name="verb_ss">wrote</field><field name="genres_ss">Dance Music</field><field name="genres_ss">Popular</field><field name="genres_ss">Jazz</field><field name="genres_ss">Rock</field><field name="verb_ss.Length">5</field><field name="verb_ss.MaximumLength"></field><field name="Composition_Type.MaximumLength"></field><field name="related_entity2_ss.MaximumLength"></field></doc><doc><field name="name">You Can Call Me Al</field><field name="id">http://www.semanticweb.org/tedsullivan/ontologies/2015/5/music-10#You_Can_Call_Me_Al</field><field name="related_entity1_ss">Paul Simon</field><field name="composer_ss.MaximumLength"></field><field name="path">/Song/You Can Call Me Al</field><field name="Composition_Type">Song</field><field name="composer_ss">Paul Simon</field><field name="original_performer.Length">10</field><field name="original_performer">Paul Simon</field><field name="composer_ss.Length">10</field><field name="Composition_Type.Length">4</field><field name="original_performer.MaximumLength"></field><field name="verb_ss">composed</field><field name="verb_ss">written</field><field name="verb_ss">authored</field><field name="verb_ss">wrote</field><field name="genres_ss">Rock</field><field name="genres_ss">Soft Rock</field><field name="verb_ss.Length">5</field><field name="verb_ss.MaximumLength"></field><field name="Composition_Type.MaximumLength"></field></doc><doc><field name="name">Hallelujah I Love Her So</field><field name="id">http://www.semanticweb.org/tedsullivan/ontologies/2015/5/music-10#Hallelujah_I_Love_Her_So</field><field name="related_entity1_ss">Jerry Wexler</field><field name="related_entity1_ss">Ray Charles</field><field name="related_entity1_ss">Jerry Reed</field><field name="composer_ss.MaximumLength"></field><field name="path">/Song/Hallelujah I Love Her So</field><field name="Composition_Type">Song</field><field name="composer_ss">Ray Charles</field><field name="original_performer.Length">11</field><field name="original_performer">Ray Charles</field><field name="composer_ss.Length">11</field><field name="Composition_Type.Length">4</field><field name="original_performer.MaximumLength"></field><field name="verb_ss">composed</field><field name="verb_ss">written</field><field name="verb_ss">authored</field><field name="verb_ss">wrote</field><field name="genres_ss">R&amp;B</field><field name="verb_ss.Length">5</field><field name="verb_ss.MaximumLength"></field><field name="Composition_Type.MaximumLength"></field></doc><doc><field name="name">Tell Me Why</field><field name="id">http://www.semanticweb.org/tedsullivan/ontologies/2015/5/music-10#Tell_Me_Why</field><field name="related_entity1_ss">Beatles</field><field name="composer_ss.MaximumLength"></field><field name="path">/Song/Tell Me Why</field><field name="Composition_Type">Song</field><field name="composer_ss">John Lennon</field><field name="composer_ss">Paul McCartney</field><field name="original_performer.Length">7</field><field name="original_performer">Beatles</field><field name="composer_ss.Length">14</field><field name="Composition_Type.Length">4</field><field name="original_performer.MaximumLength"></field><field name="verb_ss">composed</field><field name="verb_ss">written</field><field name="verb_ss">authored</field><field name="verb_ss">wrote</field><field name="verb_ss.Length">5</field><field name="verb_ss.MaximumLength"></field><field name="Composition_Type.MaximumLength"></field><field name="composer.Count">4</field></doc><doc><field name="name">Prisoner Of Your Imagination</field><field name="id">http://www.semanticweb.org/tedsullivan/ontologies/2015/5/music-10#Prisoner_of_Your_Imagination</field><field name="composer_ss.Length">11</field><field name="Composition_Type.Length">4</field><field name="composer_ss.MaximumLength"></field><field name="verb_ss">composed</field><field name="verb_ss">written</field><field name="verb_ss">authored</field><field name="verb_ss">wrote</field><field name="path">/Song/Prisoner Of Your Imagination</field><field name="Composition_Type">Song</field><field name="verb_ss.Length">5</field><field name="verb_ss.MaximumLength"></field><field name="Composition_Type.MaximumLength"></field><field name="composer_ss">Len Tuckey</field><field name="composer_ss">Suzi Quatro</field><field name="composer.Count">4</field></doc><doc><field name="name">Have Mercy On The Criminal</field><field name="id">http://www.semanticweb.org/tedsullivan/ontologies/2015/5/music-10#Have_Mercy_On_The_Criminal</field><field name="composer_ss.Length">10</field><field name="Composition_Type.Length">4</field><field name="composer_ss.MaximumLength"></field><field name="verb_ss">composed</field><field name="verb_ss">written</field><field name="verb_ss">authored</field><field name="verb_ss">wrote</field><field name="path">/Song/Have Mercy On The Criminal</field><field name="Composition_Type">Song</field><field name="verb_ss.Length">5</field><field name="verb_ss.MaximumLength"></field><field name="Composition_Type.MaximumLength"></field><field name="composer_ss">Bernie Taupin</field><field name="composer_ss">Elton John</field><field name="composer.Count">4</field></doc><doc><field name="name">Chloe</field><field name="id">http://www.semanticweb.org/tedsullivan/ontologies/2015/5/music-10#Chloe</field><field name="composer_ss.Length">20</field><field name="Composition_Type.Length">4</field><field name="composer_ss.MaximumLength"></field><field name="verb_ss">composed</field><field name="verb_ss">written</field><field name="verb_ss">authored</field><field name="verb_ss">wrote</field><field name="path">/Song/Chloe</field><field name="Composition_Type">Song</field><field name="verb_ss.Length">5</field><field name="verb_ss.MaximumLength"></field><field name="Composition_Type.MaximumLength"></field><field name="composer_ss">Elton John</field><field name="composer_ss">Gary Anthony Osborne</field><field name="composer.Count">4</field></doc><doc><field name="name">Bad Girl</field><field name="id">http://www.semanticweb.org/tedsullivan/ontologies/2015/5/music-10#Bad_Girl</field><field name="composer_ss.Length">11</field><field name="Composition_Type.Length">4</field><field name="composer_ss.MaximumLength"></field><field name="verb_ss">composed</field><field name="verb_ss">written</field><field name="verb_ss">authored</field><field name="verb_ss">wrote</field><field name="path">/Song/Bad Girl</field><field name="Composition_Type">Song</field><field name="genres_ss">R&amp;B</field><field name="verb_ss.Length">5</field><field name="verb_ss.MaximumLength"></field><field name="Composition_Type.MaximumLength"></field><field name="composer_ss">Berry Gordy</field></doc><doc><field name="name">Spill The Wine</field><field name="id">http://www.semanticweb.org/tedsullivan/ontologies/2015/5/music-10#Spill_The_Wine</field><field name="Composition_Type.Length">4</field><field name="verb_ss">composed</field><field name="verb_ss">written</field><field name="verb_ss">authored</field><field name="verb_ss">wrote</field><field name="path">/Song/Spill The Wine</field><field name="Composition_Type">Song</field><field name="verb_ss.Length">5</field><field name="verb_ss.MaximumLength"></field><field name="Composition_Type.MaximumLength"></field></doc><doc><field name="name">Santa Claus Is Coming To Town</field><field name="id">http://www.semanticweb.org/tedsullivan/ontologies/2015/5/music-10#Santa_Claus_Is_Coming_to_Town</field><field name="composer_ss.Length">20</field><field name="Composition_Type.Length">4</field><field name="composer_ss.MaximumLength"></field><field name="verb_ss">composed</field><field name="verb_ss">written</field><field name="verb_ss">authored</field><field name="verb_ss">wrote</field><field name="path">/Song/Santa Claus Is Coming To Town</field><field name="Composition_Type">Song</field><field name="verb_ss.Length">5</field><field name="verb_ss.MaximumLength"></field><field name="Composition_Type.MaximumLength"></field><field name="composer_ss">Haven Gillespie</field><field name="composer_ss">John Frederick Coots</field><field name="composer.Count">4</field></doc><doc><field name="name">Peanuts</field><field name="id">http://www.semanticweb.org/tedsullivan/ontologies/2015/5/music-10#Peanuts</field><field name="related_entity1_ss">The Police</field><field name="composer_ss.MaximumLength"></field><field name="path">/Song/Peanuts</field><field name="Composition_Type">Song</field><field name="composer_ss">Stewart Copeland</field><field name="composer_ss">Sting</field><field name="original_performer.Length">10</field><field name="original_performer">The Police</field><field name="composer_ss.Length">5</field><field name="Composition_Type.Length">4</field><field name="original_performer.MaximumLength"></field><field name="verb_ss">composed</field><field name="verb_ss">written</field><field name="verb_ss">authored</field><field name="verb_ss">wrote</field><field name="genres_ss">Rock</field><field name="verb_ss.Length">5</field><field name="verb_ss.MaximumLength"></field><field name="Composition_Type.MaximumLength"></field><field name="composer.Count">4</field></doc><doc><field name="name">The Day Begins</field><field name="id">http://www.semanticweb.org/tedsullivan/ontologies/2015/5/music-10#The_Day_Begins</field><field name="related_entity1_ss">Moody Blues</field><field name="composer_ss.MaximumLength"></field><field name="path">/Song/The Day Begins</field><field name="Composition_Type">Song</field><field name="composer_ss">Graeme Edge</field><field name="composer_ss">John Lodge</field><field name="composer_ss">Justin Hayward</field><field name="composer_ss">Mike Pinder</field><field name="composer_ss">Peter Knight</field><field name="original_performer.Length">11</field><field name="original_performer">Moody Blues</field><field name="composer_ss.Length">12</field><field name="Composition_Type.Length">4</field><field name="original_performer.MaximumLength"></field><field name="verb_ss">composed</field><field name="verb_ss">written</field><field name="verb_ss">authored</field><field name="verb_ss">wrote</field><field name="genres_ss">Rock</field><field name="genres_ss">Symphonic Rock</field><field name="verb_ss.Length">5</field><field name="verb_ss.MaximumLength"></field><field name="Composition_Type.MaximumLength"></field><field name="composer.Count">10</field></doc><doc><field name="name">Shattered</field><field name="id">http://www.semanticweb.org/tedsullivan/ontologies/2015/5/music-10#Shattered</field><field name="related_entity1_ss">Rolling Stones</field><field name="composer_ss.MaximumLength"></field><field name="path">/Song/Shattered</field><field name="Composition_Type">Song</field><field name="composer_ss">Keith Richards</field><field name="composer_ss">Mick Jagger</field><field name="original_performer.Length">14</field><field name="original_performer">Rolling Stones</field><field name="composer_ss.Length">11</field><field name="Composition_Type.Length">4</field><field name="original_performer.MaximumLength"></field><field name="verb_ss">composed</field><field name="verb_ss">written</field><field name="verb_ss">authored</field><field name="verb_ss">wrote</field><field name="genres_ss">Rock</field><field name="verb_ss.Length">5</field><field name="verb_ss.MaximumLength"></field><field name="Composition_Type.MaximumLength"></field><field name="composer.Count">4</field></doc><doc><field name="name">Right Place, Wrong Time</field><field name="id">http://www.semanticweb.org/tedsullivan/ontologies/2015/5/music-10#Right_Place_Wrong_Time</field><field name="composer_ss.Length">8</field><field name="related_entity1_ss">Dr. John</field><field name="Composition_Type.Length">4</field><field name="composer_ss.MaximumLength"></field><field name="original_performer.MaximumLength"></field><field name="verb_ss">composed</field><field name="verb_ss">written</field><field name="verb_ss">authored</field><field name="verb_ss">wrote</field><field name="path">/Song/Right Place, Wrong Time</field><field name="Composition_Type">Song</field><field name="verb_ss.Length">5</field><field name="verb_ss.MaximumLength"></field><field name="Composition_Type.MaximumLength"></field><field name="composer_ss">Dr. John</field><field name="original_performer.Length">8</field><field name="original_performer">Dr. John</field></doc><doc><field name="name">Rock'n Me</field><field name="id">http://www.semanticweb.org/tedsullivan/ontologies/2015/5/music-10#Rockn_Me</field><field name="composer_ss.Length">12</field><field name="Composition_Type.Length">4</field><field name="composer_ss.MaximumLength"></field><field name="verb_ss">composed</field><field name="verb_ss">written</field><field name="verb_ss">authored</field><field name="verb_ss">wrote</field><field name="path">/Song/Rock'n Me</field><field name="Composition_Type">Song</field><field name="genres_ss">Rock</field><field name="verb_ss.Length">5</field><field name="verb_ss.MaximumLength"></field><field name="Composition_Type.MaximumLength"></field><field name="composer_ss">Steve Miller</field></doc><doc><field name="name">Corinne, Corinna</field><field name="id">http://www.semanticweb.org/tedsullivan/ontologies/2015/5/music-10#Corinne_Corinna</field><field name="composer_ss.Length">15</field><field name="Composition_Type.Length">4</field><field name="composer_ss.MaximumLength"></field><field name="verb_ss">composed</field><field name="verb_ss">written</field><field name="verb_ss">authored</field><field name="verb_ss">wrote</field><field name="path">/Song/Corinne, Corinna</field><field name="Composition_Type">Song</field><field name="genres_ss">Rock</field><field name="genres_ss">Rock &amp; Roll</field><field name="verb_ss.Length">5</field><field name="verb_ss.MaximumLength"></field><field name="Composition_Type.MaximumLength"></field><field name="composer_ss">Bo Chapman</field><field name="composer_ss">J Mayo Williams</field><field name="composer_ss">Mitchell Parish</field><field name="composer.Count">6</field></doc><doc><field name="name">I Get Around</field><field name="id">http://www.semanticweb.org/tedsullivan/ontologies/2015/5/music-10#I_Get_Around</field><field name="related_entity1_ss">Beach Boys</field><field name="composer_ss.MaximumLength"></field><field name="path">/Song/I Get Around</field><field name="Composition_Type">Song</field><field name="composer_ss">Brian Wilson</field><field name="composer_ss">Mike Love</field><field name="original_performer.Length">10</field><field name="original_performer">Beach Boys</field><field name="composer_ss.Length">9</field><field name="Composition_Type.Length">4</field><field name="original_performer.MaximumLength"></field><field name="verb_ss">composed</field><field name="verb_ss">written</field><field name="verb_ss">authored</field><field name="verb_ss">wrote</field><field name="verb_ss.Length">5</field><field name="verb_ss.MaximumLength"></field><field name="Composition_Type.MaximumLength"></field><field name="composer.Count">4</field></doc><doc><field name="name">Chapel Of Love</field><field name="id">http://www.semanticweb.org/tedsullivan/ontologies/2015/5/music-10#Chapel_of_Love</field><field name="composer_ss.Length">12</field><field name="Composition_Type.Length">4</field><field name="composer_ss.MaximumLength"></field><field name="verb_ss">composed</field><field name="verb_ss">written</field><field name="verb_ss">authored</field><field name="verb_ss">wrote</field><field name="path">/Song/Chapel Of Love</field><field name="Composition_Type">Song</field><field name="verb_ss.Length">5</field><field name="verb_ss.MaximumLength"></field><field name="Composition_Type.MaximumLength"></field><field name="composer_ss">Ellie Greenwich</field><field name="composer_ss">Jeff Barry</field><field name="composer_ss">Phil Spector</field><field name="composer.Count">6</field></doc><doc><field name="name">Leopard-Skin Pill-Box Hat</field><field name="id">http://www.semanticweb.org/tedsullivan/ontologies/2015/5/music-10#Leopard-Skin_Pill-Box_Hat</field><field name="related_entity1_ss">Bob Dylan</field><field name="composer_ss.MaximumLength"></field><field name="path">/Song/Leopard-Skin Pill-Box Hat</field><field name="Composition_Type">Song</field><field name="composer_ss">Bob Dylan</field><field name="original_performer.Length">9</field><field name="original_performer">Bob Dylan</field><field name="composer_ss.Length">9</field><field name="Composition_Type.Length">4</field><field name="original_performer.MaximumLength"></field><field name="verb_ss">composed</field><field name="verb_ss">written</field><field name="verb_ss">authored</field><field name="verb_ss">wrote</field><field name="genres_ss">Folk</field><field name="genres_ss">Folk Rock</field><field name="genres_ss">Rock</field><field name="verb_ss.Length">5</field><field name="verb_ss.MaximumLength"></field><field name="Composition_Type.MaximumLength"></field></doc><doc><field name="name">We Won't Get Fooled Again</field><field name="id">http://www.semanticweb.org/tedsullivan/ontologies/2015/5/music-10#We_Wont_Get_Fooled_Again</field><field name="composer_ss.Length">14</field><field name="related_entity1_ss">The Who</field><field name="Composition_Type.Length">4</field><field name="composer_ss.MaximumLength"></field><field name="original_performer.MaximumLength"></field><field name="verb_ss">composed</field><field name="verb_ss">written</field><field name="verb_ss">authored</field><field name="verb_ss">wrote</field><field name="path">/Song/We Won't Get Fooled Again</field><field name="Composition_Type">Song</field><field name="verb_ss.Length">5</field><field name="verb_ss.MaximumLength"></field><field name="Composition_Type.MaximumLength"></field><field name="composer_ss">Pete Townshend</field><field name="original_performer.Length">7</field><field name="original_performer">The Who</field></doc><doc><field name="name">Gypsys, Tramps &amp; Thieves</field><field name="id">http://www.semanticweb.org/tedsullivan/ontologies/2015/5/music-10#Gypsys_Tramps_and_Thieves</field><field name="composer_ss.Length">9</field><field name="Composition_Type.Length">4</field><field name="composer_ss.MaximumLength"></field><field name="verb_ss">composed</field><field name="verb_ss">written</field><field name="verb_ss">authored</field><field name="verb_ss">wrote</field><field name="path">/Song/Gypsys, Tramps &amp; Thieves</field><field name="Composition_Type">Song</field><field name="verb_ss.Length">5</field><field name="verb_ss.MaximumLength"></field><field name="Composition_Type.MaximumLength"></field><field name="composer_ss">Bob Stone</field></doc><doc><field name="name">Words (Between The Lines Of Age)</field><field name="id">http://www.semanticweb.org/tedsullivan/ontologies/2015/5/music-10#Words_Between_The_Lines_Of_Age</field><field name="composer_ss.Length">10</field><field name="related_entity1_ss">Neil Young</field><field name="Composition_Type.Length">4</field><field name="composer_ss.MaximumLength"></field><field name="original_performer.MaximumLength"></field><field name="verb_ss">composed</field><field name="verb_ss">written</field><field name="verb_ss">authored</field><field name="verb_ss">wrote</field><field name="path">/Song/Words (Between The Lines Of Age)</field><field name="Composition_Type">Song</field><field name="verb_ss.Length">5</field><field name="verb_ss.MaximumLength"></field><field name="Composition_Type.MaximumLength"></field><field name="composer_ss">Neil Young</field><field name="original_performer.Length">10</field><field name="original_performer">Neil Young</field></doc><doc><field name="name">Lies</field><field name="id">http://www.semanticweb.org/tedsullivan/ontologies/2015/5/music-10#Lies</field><field name="related_entity1_ss">Rolling Stones</field><field name="composer_ss.MaximumLength"></field><field name="path">/Song/Lies</field><field name="Composition_Type">Song</field><field name="composer_ss">Keith Richards</field><field name="composer_ss">Mick Jagger</field><field name="original_performer.Length">14</field><field name="original_performer">Rolling Stones</field><field name="composer_ss.Length">11</field><field name="Composition_Type.Length">4</field><field name="original_performer.MaximumLength"></field><field name="verb_ss">composed</field><field name="verb_ss">written</field><field name="verb_ss">authored</field><field name="verb_ss">wrote</field><field name="genres_ss">Rock</field><field name="verb_ss.Length">5</field><field name="verb_ss.MaximumLength"></field><field name="Composition_Type.MaximumLength"></field><field name="composer.Count">4</field></doc><doc><field name="name">Make Me Smile</field><field name="id">http://www.semanticweb.org/tedsullivan/ontologies/2015/5/music-10#Make_Me_Smile</field><field name="related_entity1_ss">Chicago</field><field name="composer_ss.MaximumLength"></field><field name="hasGenre.Count">4</field><field name="path">/Song/Make Me Smile</field><field name="Composition_Type">Song</field><field name="composer_ss">James Pankow</field><field name="original_performer.Length">7</field><field name="original_performer">Chicago</field><field name="composer_ss.Length">12</field><field name="Composition_Type.Length">4</field><field name="original_performer.MaximumLength"></field><field name="verb_ss">composed</field><field name="verb_ss">written</field><field name="verb_ss">authored</field><field name="verb_ss">wrote</field><field name="genres_ss">Blue-eyed Soul</field><field name="genres_ss">Rock</field><field name="verb_ss.Length">5</field><field name="verb_ss.MaximumLength"></field><field name="Composition_Type.MaximumLength"></field></doc><doc><field name="name">I Am A Lonesome Hobo</field><field name="id">http://www.semanticweb.org/tedsullivan/ontologies/2015/5/music-10#I_Am_A_Lonesome_Hobo</field><field name="composer_ss.Length">9</field><field name="related_entity1_ss">Bob Dylan</field><field name="Composition_Type.Length">4</field><field name="composer_ss.MaximumLength"></field><field name="original_performer.MaximumLength"></field><field name="verb_ss">composed</field><field name="verb_ss">written</field><field name="verb_ss">authored</field><field name="verb_ss">wrote</field><field name="path">/Song/I Am A Lonesome Hobo</field><field name="Composition_Type">Song</field><field name="verb_ss.Length">5</field><field name="verb_ss.MaximumLength"></field><field name="Composition_Type.MaximumLength"></field><field name="composer_ss">Bob Dylan</field><field name="original_performer.Length">9</field><field name="original_performer">Bob Dylan</field></doc><doc><field name="name">Ridin' High</field><field name="id">http://www.semanticweb.org/tedsullivan/ontologies/2015/5/music-10#Ridin_High</field><field name="composer_ss.Length">11</field><field name="Composition_Type.Length">4</field><field name="composer_ss.MaximumLength"></field><field name="verb_ss">composed</field><field name="verb_ss">written</field><field name="verb_ss">authored</field><field name="verb_ss">wrote</field><field name="path">/Song/Ridin' High</field><field name="Composition_Type">Song</field><field name="genres_ss">Jazz</field><field name="verb_ss.Length">5</field><field name="verb_ss.MaximumLength"></field><field name="Composition_Type.MaximumLength"></field><field name="composer_ss">Cole Porter</field></doc><doc><field name="name">Duke Of Earl</field><field name="id">http://www.semanticweb.org/tedsullivan/ontologies/2015/5/music-10#Duke_Of_Earl</field><field name="composer_ss.Length">13</field><field name="hasPerformer_ss">Gene Chandler</field><field name="hasPerformer_ss">Sha Na Na</field><field name="Composition_Type.Length">4</field><field name="composer_ss.MaximumLength"></field><field name="hasPerformer_ss.Length">9</field><field name="verb_ss">composed</field><field name="verb_ss">written</field><field name="verb_ss">authored</field><field name="verb_ss">wrote</field><field name="hasPerformer.Count">4</field><field name="path">/Song/Duke Of Earl</field><field name="Composition_Type">Song</field><field name="verb_ss.Length">5</field><field name="verb_ss.MaximumLength"></field><field name="Composition_Type.MaximumLength"></field><field name="composer_ss">Gene Chandler</field><field name="hasPerformer_ss.MaximumLength"></field></doc><doc><field name="name">Walking in the Rain</field><field name="id">http://www.semanticweb.org/tedsullivan/ontologies/2015/5/music-10#Walking_in_the_Rain</field><field name="composer_ss.Length">12</field><field name="Composition_Type.Length">4</field><field name="composer_ss.MaximumLength"></field><field name="verb_ss">composed</field><field name="verb_ss">written</field><field name="verb_ss">authored</field><field name="verb_ss">wrote</field><field name="path">/Song/Walking in the Rain</field><field name="Composition_Type">Song</field><field name="genres_ss">Popular</field><field name="genres_ss">Pop</field><field name="verb_ss.Length">5</field><field name="verb_ss.MaximumLength"></field><field name="Composition_Type.MaximumLength"></field><field name="composer_ss">Barry Mann</field><field name="composer_ss">Cynthia Weil</field><field name="composer_ss">Phil Spector</field><field name="composer.Count">6</field></doc><doc><field name="name">Dang Me</field><field name="id">http://www.semanticweb.org/tedsullivan/ontologies/2015/5/music-10#Dang_Me</field><field name="composer_ss.Length">12</field><field name="hasPerformer_ss">Roger Miller</field><field name="Composition_Type.Length">4</field><field name="composer_ss.MaximumLength"></field><field name="hasPerformer_ss.Length">12</field><field name="verb_ss">composed</field><field name="verb_ss">written</field><field name="verb_ss">authored</field><field name="verb_ss">wrote</field><field name="path">/Song/Dang Me</field><field name="Composition_Type">Song</field><field name="verb_ss.Length">5</field><field name="verb_ss.MaximumLength"></field><field name="Composition_Type.MaximumLength"></field><field name="composer_ss">Roger Miller</field><field name="hasPerformer_ss.MaximumLength"></field></doc><doc><field name="name">A Child Is Born</field><field name="id">http://www.semanticweb.org/tedsullivan/ontologies/2015/5/music-10#A_Child_Is_Born</field><field name="composer_ss.Length">7</field><field name="Composition_Type.Length">4</field><field name="composer_ss.MaximumLength"></field><field name="verb_ss">composed</field><field name="verb_ss">written</field><field name="verb_ss">authored</field><field name="verb_ss">wrote</field><field name="path">/Song/A Child Is Born</field><field name="Composition_Type">Song</field><field name="verb_ss.Length">5</field><field name="verb_ss.MaximumLength"></field><field name="Composition_Type.MaximumLength"></field><field name="composer_ss">Rihanna</field></doc><doc><field name="name">Another Brick In The Wall, Part 2</field><field name="id">http://www.semanticweb.org/tedsullivan/ontologies/2015/5/music-10#Another_Brick_In_The_Wall</field><field name="related_entity1_ss">Pink Floyd</field><field name="composer_ss.MaximumLength"></field><field name="path">/Song/Another Brick In The Wall, Part 2</field><field name="synonym">We Don't Need No Education</field><field name="Composition_Type">Song</field><field name="composer_ss">Roger Waters</field><field name="original_performer.Length">10</field><field name="original_performer">Pink Floyd</field><field name="composer_ss.Length">12</field><field name="Composition_Type.Length">4</field><field name="original_performer.MaximumLength"></field><field name="verb_ss">composed</field><field name="verb_ss">written</field><field name="verb_ss">authored</field><field name="verb_ss">wrote</field><field name="verb_ss.Length">5</field><field name="verb_ss.MaximumLength"></field><field name="Composition_Type.MaximumLength"></field></doc></add>
