<add><doc><field name="name">James 'Bubber' Miley</field><field name="id">http://www.semanticweb.org/tedsullivan/ontologies/2015/5/music-10#James_Bubber_Miley</field><field name="path">/Trumpeter/James 'Bubber' Miley</field><field name="Musician_Type">Instrumentalist</field><field name="Musician_Type">Trumpeter</field></doc><doc><field name="name">Maurice Andre</field><field name="id">http://www.semanticweb.org/tedsullivan/ontologies/2015/5/music-10#Maurice_Andre</field><field name="path">/Trumpeter/Maurice Andre</field><field name="Musician_Type">Instrumentalist</field><field name="Musician_Type">Trumpeter</field><field name="genres_ss">Classical</field></doc><doc><field name="name">Jean-Claude Borelly</field><field name="id">http://www.semanticweb.org/tedsullivan/ontologies/2015/5/music-10#Jean-Claude_Borelly</field><field name="path">/Trumpeter/Jean-Claude Borelly</field><field name="Musician_Type">Instrumentalist</field><field name="Musician_Type">Trumpeter</field></doc><doc><field name="name">Roy Eldridge</field><field name="id">http://www.semanticweb.org/tedsullivan/ontologies/2015/5/music-10#Roy_Eldridge</field><field name="path">/Trumpeter/Roy Eldridge</field><field name="Musician_Type">Instrumentalist</field><field name="Musician_Type">Trumpeter</field></doc><doc><field name="name">Freddie Jenkins</field><field name="id">http://www.semanticweb.org/tedsullivan/ontologies/2015/5/music-10#Freddie_Jenkins</field><field name="related_entity1_ss">William ,",Cat,", Anderson</field><field name="related_entity1_ss">Johnny Hodges</field><field name="related_entity1_ss">Paul Gonsalves</field><field name="related_entity1_ss">Ray Nance</field><field name="related_entity1_ss">Juan Tizol</field><field name="related_entity1_ss">Rex Stewart</field><field name="related_entity1_ss">Russell Procope</field><field name="related_entity1_ss">Cootie Williams</field><field name="memberOfGroup_ss.Length">24</field><field name="path">/Trumpeter/Freddie Jenkins</field><field name="Musician_Type">Instrumentalist</field><field name="Musician_Type">Trumpeter</field><field name="memberOfGroup_ss">Duke Ellington Orchestra</field><field name="memberOfGroup_ss.MaximumLength"></field></doc><doc><field name="name">Leonard Davis</field><field name="id">http://www.semanticweb.org/tedsullivan/ontologies/2015/5/music-10#Leonard_Davis</field><field name="path">/Trumpeter/Leonard Davis</field><field name="Musician_Type">Instrumentalist</field><field name="Musician_Type">Trumpeter</field></doc><doc><field name="name">Wild Bill Davidson</field><field name="id">http://www.semanticweb.org/tedsullivan/ontologies/2015/5/music-10#Wild_Bill_Davidson</field><field name="path">/Trumpeter/Wild Bill Davidson</field><field name="Musician_Type">Instrumentalist</field><field name="Musician_Type">Trumpeter</field><field name="genres_ss">Jazz</field></doc><doc><field name="name">Charlie Shavers</field><field name="id">http://www.semanticweb.org/tedsullivan/ontologies/2015/5/music-10#Charlie_Shavers</field><field name="path">/Trumpeter/Charlie Shavers</field><field name="Musician_Type">Instrumentalist</field><field name="Musician_Type">Trumpeter</field></doc><doc><field name="name">Buck Clayton</field><field name="id">http://www.semanticweb.org/tedsullivan/ontologies/2015/5/music-10#Buck_Clayton</field><field name="path">/Trumpeter/Buck Clayton</field><field name="Musician_Type">Instrumentalist</field><field name="Musician_Type">Trumpeter</field></doc><doc><field name="name">Dizzy Gillespie</field><field name="id">http://www.semanticweb.org/tedsullivan/ontologies/2015/5/music-10#Dizzy_Gillespie</field><field name="related_entity1_ss">Frank Paparelli</field><field name="related_entity1_ss">Charlie Parker</field><field name="related_entity2_ss">Bud Powell</field><field name="related_entity2_ss">Charles Mingus</field><field name="related_entity2_ss">Max Roach</field><field name="related_entity2_ss.Length">9</field><field name="path">/Trumpeter/Dizzy Gillespie</field><field name="Musician_Type">Instrumentalist</field><field name="Musician_Type">Trumpeter</field><field name="genres_ss">Jazz</field><field name="related_entity2_ss.MaximumLength"></field></doc><doc><field name="name">William ,",Cat,", Anderson</field><field name="id">http://www.semanticweb.org/tedsullivan/ontologies/2015/5/music-10#William_Cat_Anderson</field><field name="related_entity1_ss">Johnny Hodges</field><field name="related_entity1_ss">Freddie Jenkins</field><field name="related_entity1_ss">Paul Gonsalves</field><field name="related_entity1_ss">Ray Nance</field><field name="related_entity1_ss">Juan Tizol</field><field name="related_entity1_ss">Rex Stewart</field><field name="related_entity1_ss">Russell Procope</field><field name="related_entity1_ss">Cootie Williams</field><field name="memberOfGroup_ss.Length">24</field><field name="path">/Musician/Instrumentalist/Trumpeter/William ,",Cat,", Anderson</field><field name="Musician_Type">Instrumentalist</field><field name="Musician_Type">Trumpeter</field><field name="genres_ss">Jazz</field><field name="memberOfGroup_ss">Duke Ellington Orchestra</field><field name="memberOfGroup_ss.MaximumLength"></field></doc><doc><field name="name">Art Farmer</field><field name="id">http://www.semanticweb.org/tedsullivan/ontologies/2015/5/music-10#Art_Farmer</field><field name="path">/Musician/Instrumentalist/Trumpeter/Art Farmer</field><field name="Musician_Type">Instrumentalist</field><field name="Musician_Type">Trumpeter</field></doc><doc><field name="name">Clifford Brown</field><field name="id">http://www.semanticweb.org/tedsullivan/ontologies/2015/5/music-10#Clifford_Brown</field><field name="path">/Musician/Instrumentalist/Trumpeter/Clifford Brown</field><field name="Musician_Type">Instrumentalist</field><field name="Musician_Type">Trumpeter</field><field name="genres_ss">Jazz</field></doc><doc><field name="name">Jimmy McPartland</field><field name="id">http://www.semanticweb.org/tedsullivan/ontologies/2015/5/music-10#Jimmy_McPartland</field><field name="path">/Musician/Instrumentalist/Trumpeter/Jimmy McPartland</field><field name="Musician_Type">Instrumentalist</field><field name="Musician_Type">Trumpeter</field></doc><doc><field name="name">Bunny Berigan</field><field name="id">http://www.semanticweb.org/tedsullivan/ontologies/2015/5/music-10#Bunny_Berigan</field><field name="path">/Musician/Instrumentalist/Trumpeter/Bunny Berigan</field><field name="Musician_Type">Instrumentalist</field><field name="Musician_Type">Trumpeter</field></doc><doc><field name="name">Freddie Hubbard</field><field name="id">http://www.semanticweb.org/tedsullivan/ontologies/2015/5/music-10#Freddie_Hubbard</field><field name="path">/Musician/Instrumentalist/Trumpeter/Freddie Hubbard</field><field name="Musician_Type">Instrumentalist</field><field name="Musician_Type">Trumpeter</field><field name="genres_ss">Jazz</field></doc><doc><field name="name">Doc Cheatham</field><field name="id">http://www.semanticweb.org/tedsullivan/ontologies/2015/5/music-10#Doc_Cheatham</field><field name="path">/Musician/Instrumentalist/Trumpeter/Doc Cheatham</field><field name="Musician_Type">Instrumentalist</field><field name="Musician_Type">Trumpeter</field><field name="genres_ss">Jazz</field></doc><doc><field name="name">Buddy Bolden</field><field name="id">http://www.semanticweb.org/tedsullivan/ontologies/2015/5/music-10#Buddy_Bolden</field><field name="path">/Musician/Instrumentalist/Trumpeter/Buddy Bolden</field><field name="Musician_Type">Instrumentalist</field><field name="Musician_Type">Trumpeter</field><field name="genres_ss">Jazz</field></doc><doc><field name="name">Tommy Turrentine</field><field name="id">http://www.semanticweb.org/tedsullivan/ontologies/2015/5/music-10#Tommy_Turrentine</field><field name="path">/Musician/Instrumentalist/Trumpeter/Tommy Turrentine</field><field name="Musician_Type">Instrumentalist</field><field name="Musician_Type">Trumpeter</field></doc><doc><field name="name">Mutt Carey</field><field name="id">http://www.semanticweb.org/tedsullivan/ontologies/2015/5/music-10#Mutt_Carey</field><field name="path">/Musician/Instrumentalist/Trumpeter/Mutt Carey</field><field name="Musician_Type">Instrumentalist</field><field name="Musician_Type">Trumpeter</field></doc><doc><field name="name">Harry 'Sweets' Edison</field><field name="id">http://www.semanticweb.org/tedsullivan/ontologies/2015/5/music-10#Harry_Edison</field><field name="related_entity1_ss">Lester Young</field><field name="related_entity1_ss">Clark Terry</field><field name="memberOfGroup_ss.Length">21</field><field name="path">/Musician/Instrumentalist/Trumpeter/Harry 'Sweets' Edison</field><field name="Musician_Type">Instrumentalist</field><field name="Musician_Type">Trumpeter</field><field name="memberOfGroup_ss">Count Basie Orchestra</field><field name="memberOfGroup_ss.MaximumLength"></field></doc><doc><field name="name">Magic Dick</field><field name="id">http://www.semanticweb.org/tedsullivan/ontologies/2015/5/music-10#Magic_Dick</field><field name="related_entity1_ss">Stephen Jo Bladd</field><field name="related_entity1_ss">Peter Wolf</field><field name="related_entity1_ss">Seth Justman</field><field name="related_entity1_ss">Danny Klein</field><field name="related_entity1_ss">J Geils</field><field name="memberOfGroup_ss.Length">12</field><field name="path">/Musician/Instrumentalist/Harmonica Player/Magic Dick</field><field name="path">/Musician/Instrumentalist/Trumpeter/Magic Dick</field><field name="Musician_Type">Instrumentalist</field><field name="Musician_Type">Harmonica Player</field><field name="Musician_Type">Trumpeter</field><field name="genres_ss">Blues</field><field name="memberOfGroup_ss">J Geils Band</field><field name="memberOfGroup_ss.MaximumLength"></field></doc><doc><field name="name">Crispian Steele-Perkins</field><field name="id">http://www.semanticweb.org/tedsullivan/ontologies/2015/5/music-10#Crispian_Steele_Perkins</field><field name="path">/Musician/Instrumentalist/Trumpeter/Crispian Steele-Perkins</field><field name="Musician_Type">Instrumentalist</field><field name="Musician_Type">Trumpeter</field><field name="genres_ss">Classical</field></doc><doc><field name="name">Donald Byrd</field><field name="id">http://www.semanticweb.org/tedsullivan/ontologies/2015/5/music-10#Donald_Byrd</field><field name="path">/Musician/Instrumentalist/Trumpeter/Donald Byrd</field><field name="Musician_Type">Instrumentalist</field><field name="Musician_Type">Trumpeter</field><field name="genres_ss">Jazz</field></doc><doc><field name="name">Thomas Morris</field><field name="id">http://www.semanticweb.org/tedsullivan/ontologies/2015/5/music-10#Thomas_Morris</field><field name="path">/Musician/Instrumentalist/Trumpeter/Thomas Morris</field><field name="Musician_Type">Instrumentalist</field><field name="Musician_Type">Trumpeter</field></doc><doc><field name="name">Keyboardist</field><field name="id">http://www.semanticweb.org/tedsullivan/ontologies/2015/5/music-10#Keyboardist</field><field name="rdfs:subClassOf">http://www.semanticweb.org/tedsullivan/ontologies/2015/5/music-10#Instrumentalist</field><field name="path">/Musician/Instrumentalist/Keyboardist</field><field name="Musician_Type">Instrumentalist</field></doc><doc><field name="name">Keith Emerson</field><field name="id">http://www.semanticweb.org/tedsullivan/ontologies/2015/5/music-10#Keith_Emerson</field><field name="related_entity1_ss">Greg Lake</field><field name="related_entity2_ss">Emerson Lake And Palmer</field><field name="related_entity2_ss">Peter Sinfield</field><field name="related_entity2_ss">Carl Palmer</field><field name="memberOfGroup_ss.Length">23</field><field name="related_entity2_ss.Length">11</field><field name="path">/Keyboardist/Keith Emerson</field><field name="Musician_Type">Instrumentalist</field><field name="Musician_Type">Keyboardist</field><field name="memberOfGroup_ss">Emerson Lake And Palmer</field><field name="memberOfGroup_ss.MaximumLength"></field><field name="related_entity2_ss.MaximumLength"></field></doc><doc><field name="name">David Bryan</field><field name="id">http://www.semanticweb.org/tedsullivan/ontologies/2015/5/music-10#David_Bryan</field><field name="related_entity1_ss">Richie Sambora</field><field name="related_entity1_ss">Jon Bon Jovi</field><field name="related_entity1_ss">Tico Torres</field><field name="memberOfGroup_ss.Length">8</field><field name="path">/Keyboardist/David Bryan</field><field name="Musician_Type">Instrumentalist</field><field name="Musician_Type">Keyboardist</field><field name="memberOfGroup_ss">Bon Jovi</field><field name="memberOfGroup_ss.MaximumLength"></field></doc><doc><field name="name">Ian Stewart</field><field name="id">http://www.semanticweb.org/tedsullivan/ontologies/2015/5/music-10#Ian_Stewart</field><field name="related_entity1_ss">Brian Jones</field><field name="related_entity1_ss">Bill Wyman</field><field name="related_entity1_ss">Ronnie Wood</field><field name="related_entity1_ss">Mick Jagger</field><field name="related_entity1_ss">Mick Taylor</field><field name="related_entity1_ss">Keith Richards</field><field name="related_entity1_ss">Nanker Phelge</field><field name="related_entity1_ss">Charlie Watts</field><field name="memberOfGroup_ss.Length">14</field><field name="path">/Keyboardist/Ian Stewart</field><field name="Musician_Type">Instrumentalist</field><field name="Musician_Type">Keyboardist</field><field name="memberOfGroup_ss">Rolling Stones</field><field name="memberOfGroup_ss.MaximumLength"></field></doc><doc><field name="name">Nicky Hopkins</field><field name="id">http://www.semanticweb.org/tedsullivan/ontologies/2015/5/music-10#Nicky_Hopkins</field><field name="related_entity1_ss">Ray Davies</field><field name="related_entity1_ss">Dave Davies</field><field name="related_entity1_ss">Pete Quaife</field><field name="memberOfGroup_ss.Length">9</field><field name="path">/Keyboardist/Nicky Hopkins</field><field name="Musician_Type">Instrumentalist</field><field name="Musician_Type">Keyboardist</field><field name="memberOfGroup_ss">The Kinks</field><field name="memberOfGroup_ss.MaximumLength"></field></doc><doc><field name="name">Josh Phillips</field><field name="id">http://www.semanticweb.org/tedsullivan/ontologies/2015/5/music-10#Josh_Phillips</field><field name="related_entity1_ss">Robin Trower</field><field name="related_entity1_ss">Geoff Whitehorn</field><field name="related_entity1_ss">David Knights</field><field name="related_entity1_ss">Matt Pegg</field><field name="related_entity1_ss">Chris Copping</field><field name="related_entity1_ss">Bobby Harrison</field><field name="related_entity1_ss">Keith Reid</field><field name="related_entity1_ss">B. J. Wilson</field><field name="related_entity1_ss">Gary Brooker</field><field name="related_entity1_ss">Matthew Fisher</field><field name="memberOfGroup_ss.Length">12</field><field name="path">/Keyboardist/Josh Phillips</field><field name="Musician_Type">Instrumentalist</field><field name="Musician_Type">Keyboardist</field><field name="memberOfGroup_ss">Procol Harum</field><field name="memberOfGroup_ss.MaximumLength"></field></doc><doc><field name="name">Seth Justman</field><field name="id">http://www.semanticweb.org/tedsullivan/ontologies/2015/5/music-10#Seth_Justman</field><field name="related_entity1_ss">Stephen Jo Bladd</field><field name="related_entity1_ss">Peter Wolf</field><field name="related_entity1_ss">Danny Klein</field><field name="related_entity1_ss">J Geils</field><field name="related_entity1_ss">Magic Dick</field><field name="memberOfGroup_ss.Length">12</field><field name="path">/Keyboardist/Seth Justman</field><field name="Musician_Type">Instrumentalist</field><field name="Musician_Type">Keyboardist</field><field name="memberOfGroup_ss">J Geils Band</field><field name="memberOfGroup_ss.MaximumLength"></field></doc><doc><field name="name">John Evan</field><field name="id">http://www.semanticweb.org/tedsullivan/ontologies/2015/5/music-10#John_Evan</field><field name="related_entity1_ss">Martin Barre</field><field name="related_entity1_ss">Jeffrey Hammond</field><field name="related_entity1_ss">Ian Anderson</field><field name="related_entity1_ss">Dave Pegg</field><field name="related_entity1_ss">Barriemore Barlow</field><field name="related_entity1_ss">Clive Bunker</field><field name="related_entity1_ss">Glenn Cornick</field><field name="related_entity1_ss">Doane Perry</field><field name="memberOfGroup_ss.Length">11</field><field name="path">/Keyboardist/John Evan</field><field name="Musician_Type">Instrumentalist</field><field name="Musician_Type">Keyboardist</field><field name="memberOfGroup_ss">Jethro Tull</field><field name="memberOfGroup_ss.MaximumLength"></field></doc><doc><field name="name">D.C. Collard</field><field name="id">http://www.semanticweb.org/tedsullivan/ontologies/2015/5/music-10#D.C._Collard</field><field name="related_entity1_ss">Keith Joyner</field><field name="related_entity1_ss">Jared Michael Nickerson</field><field name="related_entity1_ss">Peter Ashworth</field><field name="related_entity1_ss">James Eller</field><field name="related_entity1_ss">Brian MacLeod</field><field name="related_entity1_ss">Earl Harvin</field><field name="related_entity1_ss">Eric Schermerhorn</field><field name="related_entity1_ss">Simon Fisher Turner</field><field name="related_entity1_ss">Johnny Marr</field><field name="related_entity1_ss">Colin Lloyd Tucker</field><field name="related_entity1_ss">Spencer Campbell</field><field name="related_entity1_ss">Jim Fitting</field><field name="related_entity1_ss">Matt Johnson</field><field name="related_entity1_ss">Tom Johnston</field><field name="related_entity1_ss">Gail Ann Dorsey</field><field name="related_entity1_ss">Keith Laws</field><field name="memberOfGroup_ss.Length">7</field><field name="path">/Keyboardist/D.C. Collard</field><field name="Musician_Type">Instrumentalist</field><field name="Musician_Type">Keyboardist</field><field name="memberOfGroup_ss">The The</field><field name="memberOfGroup_ss.MaximumLength"></field></doc><doc><field name="name">Roger O'Donnell</field><field name="id">http://www.semanticweb.org/tedsullivan/ontologies/2015/5/music-10#Roger_ODonnell</field><field name="related_entity1_ss">Robert Smith</field><field name="related_entity1_ss">Simon Gallup</field><field name="related_entity2_ss">Reeves Gabrels</field><field name="related_entity2_ss">Boris Williams</field><field name="related_entity2_ss">Jason Cooper</field><field name="related_entity2_ss">Porl Thompson</field><field name="related_entity2_ss">Lol Tolhurst</field><field name="memberOfGroup_ss.Length">8</field><field name="related_entity2_ss.Length">12</field><field name="path">/Keyboardist/Roger O'Donnell</field><field name="Musician_Type">Instrumentalist</field><field name="Musician_Type">Keyboardist</field><field name="memberOfGroup_ss">The Cure</field><field name="memberOfGroup_ss.MaximumLength"></field><field name="related_entity2_ss.MaximumLength"></field></doc><doc><field name="name">Max Crook</field><field name="id">http://www.semanticweb.org/tedsullivan/ontologies/2015/5/music-10#Max_Crook</field><field name="related_entity1_ss">Del Shannon</field><field name="related_entity2_ss">Bonnie Raitt</field><field name="related_entity2_ss.Length">12</field><field name="path">/Keyboardist/Max Crook</field><field name="Musician_Type">Instrumentalist</field><field name="Musician_Type">Keyboardist</field><field name="genres_ss">Popular</field><field name="genres_ss">Pop</field><field name="related_entity2_ss.MaximumLength"></field></doc><doc><field name="name">Reese Wynans</field><field name="id">http://www.semanticweb.org/tedsullivan/ontologies/2015/5/music-10#Reese_Wynans</field><field name="related_entity1_ss">Stevie Ray Vaughn</field><field name="related_entity1_ss">Chris Layton</field><field name="related_entity1_ss">Tommy Shannon</field><field name="related_entity1_ss">Lou Ann Barton</field><field name="memberOfGroup_ss.Length">14</field><field name="path">/Keyboardist/Reese Wynans</field><field name="Musician_Type">Instrumentalist</field><field name="Musician_Type">Keyboardist</field><field name="memberOfGroup_ss">Double Trouble</field><field name="memberOfGroup_ss.MaximumLength"></field></doc><doc><field name="name">Chris Lowe</field><field name="id">http://www.semanticweb.org/tedsullivan/ontologies/2015/5/music-10#Chris_Lowe</field><field name="related_entity1_ss">Neil Tennant</field><field name="memberOfGroup_ss.Length">13</field><field name="path">/Musician/Instrumentalist/Keyboardist/Chris Lowe</field><field name="Musician_Type">Instrumentalist</field><field name="Musician_Type">Keyboardist</field><field name="memberOfGroup_ss">Pet Shop Boys</field><field name="memberOfGroup_ss.MaximumLength"></field></doc><doc><field name="name">Jim Alcivar</field><field name="id">http://www.semanticweb.org/tedsullivan/ontologies/2015/5/music-10#Jim_Alcivar</field><field name="related_entity1_ss">Alan Fitzgerald</field><field name="related_entity1_ss">Denny Carmassi</field><field name="related_entity1_ss">Skip Gillette</field><field name="related_entity1_ss">Ronnie Montrose</field><field name="related_entity1_ss">Mitchell Froom</field><field name="related_entity1_ss">Davey Pattison</field><field name="related_entity1_ss">Glenn Letsch</field><field name="memberOfGroup_ss.Length">5</field><field name="path">/Musician/Instrumentalist/Keyboardist/Jim Alcivar</field><field name="Musician_Type">Instrumentalist</field><field name="Musician_Type">Keyboardist</field><field name="memberOfGroup_ss">Gamma</field><field name="memberOfGroup_ss.MaximumLength"></field></doc><doc><field name="name">Jimmy Destri</field><field name="id">http://www.semanticweb.org/tedsullivan/ontologies/2015/5/music-10#Jimmy_Destri</field><field name="related_entity1_ss">Matt Katz-Bohen</field><field name="related_entity1_ss">Deborah Harry</field><field name="related_entity1_ss">Tommy Kessler</field><field name="related_entity1_ss">Clem Burke</field><field name="related_entity1_ss">Chris Stein</field><field name="memberOfGroup_ss.Length">7</field><field name="path">/Musician/Instrumentalist/Keyboardist/Jimmy Destri</field><field name="Musician_Type">Instrumentalist</field><field name="Musician_Type">Keyboardist</field><field name="memberOfGroup_ss">Blondie</field><field name="memberOfGroup_ss.MaximumLength"></field></doc><doc><field name="name">Craig Villeneuve</field><field name="id">http://www.semanticweb.org/tedsullivan/ontologies/2015/5/music-10#Craig_Villeneuve</field><field name="related_entity1_ss">Larry Coverdale</field><field name="related_entity1_ss">Tommy James</field><field name="related_entity1_ss">Larry Wright</field><field name="related_entity1_ss">Peter Lucia, Jr.</field><field name="related_entity1_ss">Jim Payne</field><field name="memberOfGroup_ss.Length">29</field><field name="path">/Musician/Instrumentalist/Keyboardist/Craig Villeneuve</field><field name="Musician_Type">Instrumentalist</field><field name="Musician_Type">Keyboardist</field><field name="memberOfGroup_ss">Tommy James and the Shondells</field><field name="memberOfGroup_ss.MaximumLength"></field></doc><doc><field name="name">Steve Knight</field><field name="id">http://www.semanticweb.org/tedsullivan/ontologies/2015/5/music-10#Steve_Knight</field><field name="related_entity1_ss">Corky Laing</field><field name="related_entity1_ss">Felix Pappalardi</field><field name="related_entity1_ss">Mark Clarke</field><field name="memberOfGroup_ss.Length">8</field><field name="path">/Musician/Instrumentalist/Keyboardist/Steve Knight</field><field name="Musician_Type">Instrumentalist</field><field name="Musician_Type">Keyboardist</field><field name="memberOfGroup_ss">Mountain</field><field name="memberOfGroup_ss.MaximumLength"></field></doc><doc><field name="name">Keith Laws</field><field name="id">http://www.semanticweb.org/tedsullivan/ontologies/2015/5/music-10#Keith_Laws</field><field name="related_entity1_ss">Keith Joyner</field><field name="related_entity1_ss">Jared Michael Nickerson</field><field name="related_entity1_ss">Peter Ashworth</field><field name="related_entity1_ss">James Eller</field><field name="related_entity1_ss">Brian MacLeod</field><field name="related_entity1_ss">Earl Harvin</field><field name="related_entity1_ss">Eric Schermerhorn</field><field name="related_entity1_ss">Simon Fisher Turner</field><field name="related_entity1_ss">Johnny Marr</field><field name="related_entity1_ss">Colin Lloyd Tucker</field><field name="related_entity1_ss">Spencer Campbell</field><field name="related_entity1_ss">Jim Fitting</field><field name="related_entity1_ss">Matt Johnson</field><field name="related_entity1_ss">Tom Johnston</field><field name="related_entity1_ss">Gail Ann Dorsey</field><field name="related_entity1_ss">D.C. Collard</field><field name="memberOfGroup_ss.Length">7</field><field name="path">/Musician/Instrumentalist/Keyboardist/Keith Laws</field><field name="Musician_Type">Instrumentalist</field><field name="Musician_Type">Keyboardist</field><field name="memberOfGroup_ss">The The</field><field name="memberOfGroup_ss.MaximumLength"></field></doc><doc><field name="name">Daryl Dragon</field><field name="id">http://www.semanticweb.org/tedsullivan/ontologies/2015/5/music-10#Daryl_Dragon</field><field name="related_entity1_ss">Toni Tennille</field><field name="memberOfGroup_ss.Length">22</field><field name="path">/Musician/Instrumentalist/Keyboardist/Daryl Dragon</field><field name="Musician_Type">Instrumentalist</field><field name="Musician_Type">Keyboardist</field><field name="memberOfGroup_ss">The Captain &amp; Tennille</field><field name="memberOfGroup_ss.MaximumLength"></field></doc><doc><field name="name">Ray Manzarek</field><field name="id">http://www.semanticweb.org/tedsullivan/ontologies/2015/5/music-10#Ray_Manzarek</field><field name="related_entity1_ss">Robby Krieger</field><field name="related_entity1_ss">Jim Morrison</field><field name="related_entity1_ss">John Densmore</field><field name="memberOfGroup_ss.Length">5</field><field name="path">/Musician/Instrumentalist/Keyboardist/Ray Manzarek</field><field name="Musician_Type">Instrumentalist</field><field name="Musician_Type">Keyboardist</field><field name="memberOfGroup_ss">Doors</field><field name="memberOfGroup_ss.MaximumLength"></field></doc><doc><field name="name">Peter Keys</field><field name="id">http://www.semanticweb.org/tedsullivan/ontologies/2015/5/music-10#Peter_Keys</field><field name="related_entity1_ss">Hughie Thomasson</field><field name="related_entity1_ss">Ed King</field><field name="related_entity1_ss">Michael Cartellone</field><field name="related_entity1_ss">Allen Collins</field><field name="related_entity1_ss">Bob Burns</field><field name="related_entity1_ss">Johnny Van Zant</field><field name="related_entity1_ss">Ean Evans</field><field name="related_entity1_ss">Robert Kearns</field><field name="related_entity1_ss">Mark Matejka</field><field name="related_entity1_ss">Larry Junstrom</field><field name="related_entity1_ss">Johnny Colt</field><field name="related_entity1_ss">Leon Wilkeson</field><field name="related_entity1_ss">Steve Gaines</field><field name="related_entity1_ss">Gary Rossington</field><field name="related_entity1_ss">Artimus Pyle</field><field name="related_entity1_ss">Owen Hale</field><field name="related_entity1_ss">Billy Powell</field><field name="related_entity1_ss">Ronnie Van Zant</field><field name="related_entity1_ss">Greg T. Walker</field><field name="related_entity1_ss">Rickey Medlocke</field><field name="memberOfGroup_ss.Length">14</field><field name="path">/Musician/Instrumentalist/Keyboardist/Peter Keys</field><field name="Musician_Type">Instrumentalist</field><field name="Musician_Type">Keyboardist</field><field name="memberOfGroup_ss">Lynyrd Skynyrd</field><field name="memberOfGroup_ss.MaximumLength"></field></doc><doc><field name="name">Organist</field><field name="id">http://www.semanticweb.org/tedsullivan/ontologies/2015/5/music-10#Organist</field><field name="rdfs:subClassOf">http://www.semanticweb.org/tedsullivan/ontologies/2015/5/music-10#Instrumentalist</field><field name="path">/Musician/Instrumentalist/Organist</field><field name="Musician_Type">Instrumentalist</field></doc><doc><field name="name">Jack McDuff</field><field name="id">http://www.semanticweb.org/tedsullivan/ontologies/2015/5/music-10#Jack_McDuff</field><field name="hasGenre.Count">8</field><field name="path">/Organist/Jack McDuff</field><field name="Musician_Type">Instrumentalist</field><field name="Musician_Type">Organist</field><field name="genres_ss">Jazz</field><field name="genres_ss">Hard Bop</field><field name="genres_ss">Jazz-Funk</field><field name="genres_ss">R&amp;B</field><field name="genres_ss">Soul Jazz</field></doc><doc><field name="name">Don Shirley</field><field name="id">http://www.semanticweb.org/tedsullivan/ontologies/2015/5/music-10#Don_Shirley</field><field name="hasGenre.Count">8</field><field name="path">/Organist/Don Shirley</field><field name="path">/Pianist/Don Shirley</field><field name="Musician_Type">Instrumentalist</field><field name="Musician_Type">Organist</field><field name="Musician_Type">Pianist</field><field name="genres_ss">Classical</field><field name="genres_ss">Gospel</field><field name="genres_ss">Jazz</field><field name="genres_ss">Popular</field><field name="genres_ss">Pop</field></doc><doc><field name="name">Billy Hawks</field><field name="id">http://www.semanticweb.org/tedsullivan/ontologies/2015/5/music-10#Billy_Hawks</field><field name="hasGenre.Count">4</field><field name="path">/Organist/Billy Hawks</field><field name="Musician_Type">Instrumentalist</field><field name="Musician_Type">Organist</field><field name="genres_ss">Jazz</field><field name="genres_ss">R&amp;B</field></doc><doc><field name="name">E. Power Biggs</field><field name="id">http://www.semanticweb.org/tedsullivan/ontologies/2015/5/music-10#E_Power_Biggs</field><field name="path">/Organist/E. Power Biggs</field><field name="Musician_Type">Instrumentalist</field><field name="Musician_Type">Organist</field></doc><doc><field name="name">Pianist</field><field name="id">http://www.semanticweb.org/tedsullivan/ontologies/2015/5/music-10#Pianist</field><field name="rdfs:subClassOf">http://www.semanticweb.org/tedsullivan/ontologies/2015/5/music-10#Instrumentalist</field><field name="path">/Musician/Instrumentalist/Pianist</field><field name="Musician_Type">Instrumentalist</field></doc><doc><field name="name">Keith Jarrett</field><field name="id">http://www.semanticweb.org/tedsullivan/ontologies/2015/5/music-10#Keith_Jarrett</field><field name="hasGenre.Count">4</field><field name="path">/Pianist/Keith Jarrett</field><field name="Musician_Type">Instrumentalist</field><field name="Musician_Type">Pianist</field><field name="genres_ss">Classical</field><field name="genres_ss">Jazz</field></doc><doc><field name="name">Dalton Baldwin</field><field name="id">http://www.semanticweb.org/tedsullivan/ontologies/2015/5/music-10#Dalton_Baldwin</field><field name="path">/Pianist/Dalton Baldwin</field><field name="Musician_Type">Instrumentalist</field><field name="Musician_Type">Pianist</field><field name="genres_ss">Classical</field></doc><doc><field name="name">Emil Gilels</field><field name="id">http://www.semanticweb.org/tedsullivan/ontologies/2015/5/music-10#Emil_Gilels</field><field name="path">/Pianist/Emil Gilels</field><field name="Musician_Type">Instrumentalist</field><field name="Musician_Type">Pianist</field><field name="genres_ss">Classical</field></doc><doc><field name="name">Jean-Michel Pilc</field><field name="id">http://www.semanticweb.org/tedsullivan/ontologies/2015/5/music-10#JeanMichel_Pilc</field><field name="path">/Pianist/Jean-Michel Pilc</field><field name="Musician_Type">Instrumentalist</field><field name="Musician_Type">Pianist</field><field name="genres_ss">Jazz</field></doc><doc><field name="name">Andre Watts</field><field name="id">http://www.semanticweb.org/tedsullivan/ontologies/2015/5/music-10#André_Watts</field><field name="path">/Pianist/Andre Watts</field><field name="Musician_Type">Instrumentalist</field><field name="Musician_Type">Pianist</field><field name="genres_ss">Classical</field></doc><doc><field name="name">Richie Beirach</field><field name="id">http://www.semanticweb.org/tedsullivan/ontologies/2015/5/music-10#Richie_Beirach</field><field name="path">/Pianist/Richie Beirach</field><field name="Musician_Type">Instrumentalist</field><field name="Musician_Type">Pianist</field><field name="genres_ss">Jazz</field></doc><doc><field name="name">Jelly Roll Morton</field><field name="id">http://www.semanticweb.org/tedsullivan/ontologies/2015/5/music-10#Jellyroll_Morton</field><field name="path">/Pianist/Jelly Roll Morton</field><field name="Musician_Type">Instrumentalist</field><field name="Musician_Type">Pianist</field><field name="genres_ss">Jazz</field></doc><doc><field name="name">Richard Goode</field><field name="id">http://www.semanticweb.org/tedsullivan/ontologies/2015/5/music-10#Richard_Goode</field><field name="path">/Pianist/Richard Goode</field><field name="Musician_Type">Instrumentalist</field><field name="Musician_Type">Pianist</field></doc><doc><field name="name">Mel Stitzel</field><field name="id">http://www.semanticweb.org/tedsullivan/ontologies/2015/5/music-10#Mel_Stitzel</field><field name="related_entity1_ss">George Brunies</field><field name="related_entity1_ss">Paul Mares</field><field name="related_entity1_ss">Leon Roppolo</field><field name="related_entity2_ss">Walter Melrose</field><field name="related_entity2_ss">Arnold Loyacano</field><field name="related_entity2_ss">Elmer Schoebel</field><field name="related_entity2_ss">Jack Pettis</field><field name="related_entity2_ss">Frank Snyder</field><field name="related_entity2_ss">Bill Norvas</field><field name="related_entity2_ss">Ben Pollack</field><field name="related_entity2_ss">Alan Copeland</field><field name="memberOfGroup_ss.Length">24</field><field name="related_entity2_ss.Length">13</field><field name="path">/Pianist/Mel Stitzel</field><field name="Musician_Type">Instrumentalist</field><field name="Musician_Type">Pianist</field><field name="memberOfGroup_ss">New Orleans Rhythm Kings</field><field name="memberOfGroup_ss.MaximumLength"></field><field name="related_entity2_ss.MaximumLength"></field></doc><doc><field name="name">John Browning</field><field name="id">http://www.semanticweb.org/tedsullivan/ontologies/2015/5/music-10#John_Browning</field><field name="path">/Pianist/John Browning</field><field name="Musician_Type">Instrumentalist</field><field name="Musician_Type">Pianist</field><field name="genres_ss">Classical</field></doc><doc><field name="name">John Lewis</field><field name="id">http://www.semanticweb.org/tedsullivan/ontologies/2015/5/music-10#John_Lewis</field><field name="related_entity1_ss">Kenny Clarke</field><field name="related_entity1_ss">Connie Kay</field><field name="related_entity1_ss">Percy Heath</field><field name="related_entity1_ss">Milt Jackson</field><field name="memberOfGroup_ss.Length">19</field><field name="path">/Pianist/John Lewis</field><field name="Musician_Type">Instrumentalist</field><field name="Musician_Type">Pianist</field><field name="genres_ss">Jazz</field><field name="memberOfGroup_ss">Modern Jazz Quartet</field><field name="memberOfGroup_ss.MaximumLength"></field></doc><doc><field name="name">Clifford Curzon</field><field name="id">http://www.semanticweb.org/tedsullivan/ontologies/2015/5/music-10#Clifford_Curzon</field><field name="path">/Pianist/Clifford Curzon</field><field name="Musician_Type">Instrumentalist</field><field name="Musician_Type">Pianist</field><field name="genres_ss">Classical</field></doc><doc><field name="name">Alexis Weissenberg</field><field name="id">http://www.semanticweb.org/tedsullivan/ontologies/2015/5/music-10#Alexis_Weissenberg</field><field name="path">/Pianist/Alexis Weissenberg</field><field name="Musician_Type">Instrumentalist</field><field name="Musician_Type">Pianist</field><field name="genres_ss">Classical</field></doc><doc><field name="name">Victor Borge</field><field name="id">http://www.semanticweb.org/tedsullivan/ontologies/2015/5/music-10#Victor_Borge</field><field name="path">/Pianist/Victor Borge</field><field name="Musician_Type">Instrumentalist</field><field name="Musician_Type">Pianist</field><field name="genres_ss">Popular</field></doc><doc><field name="name">Pinetop Perkins</field><field name="id">http://www.semanticweb.org/tedsullivan/ontologies/2015/5/music-10#Pinetop_Perkins</field><field name="path">/Pianist/Pinetop Perkins</field><field name="Musician_Type">Instrumentalist</field><field name="Musician_Type">Pianist</field></doc><doc><field name="name">Menahem Pressler</field><field name="id">http://www.semanticweb.org/tedsullivan/ontologies/2015/5/music-10#Menahem_Pressler</field><field name="path">/Pianist/Menahem Pressler</field><field name="Musician_Type">Instrumentalist</field><field name="Musician_Type">Pianist</field><field name="genres_ss">Classical</field></doc><doc><field name="name">Johnny Maddox</field><field name="id">http://www.semanticweb.org/tedsullivan/ontologies/2015/5/music-10#Johnny_Maddox</field><field name="path">/Pianist/Johnny Maddox</field><field name="Musician_Type">Instrumentalist</field><field name="Musician_Type">Pianist</field><field name="genres_ss">Jazz</field><field name="genres_ss">Ragtime</field></doc><doc><field name="name">David Hazeltine</field><field name="id">http://www.semanticweb.org/tedsullivan/ontologies/2015/5/music-10#David_Hazeltine</field><field name="path">/Pianist/David Hazeltine</field><field name="Musician_Type">Instrumentalist</field><field name="Musician_Type">Pianist</field></doc><doc><field name="name">Richard Clayderman</field><field name="id">http://www.semanticweb.org/tedsullivan/ontologies/2015/5/music-10#Richard_Clayderman</field><field name="path">/Pianist/Richard Clayderman</field><field name="Musician_Type">Instrumentalist</field><field name="Musician_Type">Pianist</field></doc><doc><field name="name">George Shearing</field><field name="id">http://www.semanticweb.org/tedsullivan/ontologies/2015/5/music-10#George_Shearing</field><field name="related_entity1_ss">George David Weiss</field><field name="path">/Pianist/George Shearing</field><field name="Musician_Type">Instrumentalist</field><field name="Musician_Type">Pianist</field><field name="genres_ss">Jazz</field></doc><doc><field name="name">Van Cliburn</field><field name="id">http://www.semanticweb.org/tedsullivan/ontologies/2015/5/music-10#Van_Cliburn</field><field name="path">/Pianist/Van Cliburn</field><field name="Musician_Type">Instrumentalist</field><field name="Musician_Type">Pianist</field><field name="genres_ss">Classical</field></doc><doc><field name="name">Gonzalo Rubalcaba</field><field name="id">http://www.semanticweb.org/tedsullivan/ontologies/2015/5/music-10#Gonzalo_Rubalcaba</field><field name="path">/Pianist/Gonzalo Rubalcaba</field><field name="Musician_Type">Instrumentalist</field><field name="Musician_Type">Pianist</field><field name="genres_ss">Jazz</field></doc><doc><field name="name">Gary Graffman</field><field name="id">http://www.semanticweb.org/tedsullivan/ontologies/2015/5/music-10#Gary_Graffman</field><field name="path">/Pianist/Gary Graffman</field><field name="Musician_Type">Instrumentalist</field><field name="Musician_Type">Pianist</field><field name="genres_ss">Classical</field></doc><doc><field name="name">Eldar Djangirov</field><field name="id">http://www.semanticweb.org/tedsullivan/ontologies/2015/5/music-10#Eldar_Djangirov</field><field name="path">/Pianist/Eldar Djangirov</field><field name="Musician_Type">Instrumentalist</field><field name="Musician_Type">Pianist</field><field name="genres_ss">Jazz</field></doc><doc><field name="name">Andrew Hill</field><field name="id">http://www.semanticweb.org/tedsullivan/ontologies/2015/5/music-10#Andrew_Hill</field><field name="path">/Pianist/Andrew Hill</field><field name="Musician_Type">Instrumentalist</field><field name="Musician_Type">Pianist</field><field name="genres_ss">Jazz</field></doc><doc><field name="name">Oscar Peterson</field><field name="id">http://www.semanticweb.org/tedsullivan/ontologies/2015/5/music-10#Oscar_Peterson</field><field name="related_entity1_ss">Ray Brown</field><field name="related_entity1_ss">Norman Granz</field><field name="related_entity1_ss">Louis Armstrong</field><field name="related_entity1_ss">Oscar Peterson Trio</field><field name="related_entity1_ss">Ed Thigpen</field><field name="memberOfGroup_ss.Length">19</field><field name="path">/Pianist/Oscar Peterson</field><field name="Musician_Type">Instrumentalist</field><field name="Musician_Type">Pianist</field><field name="genres_ss">Jazz</field><field name="memberOfGroup_ss">Oscar Peterson Trio</field><field name="memberOfGroup_ss.MaximumLength"></field></doc><doc><field name="name">Chick Corea</field><field name="id">http://www.semanticweb.org/tedsullivan/ontologies/2015/5/music-10#Chick_Corea</field><field name="related_entity1_ss">Stanley Clarke</field><field name="related_entity1_ss">Dave Weckl</field><field name="related_entity1_ss">Victor Wooten</field><field name="related_entity1_ss">Eric Marienthal</field><field name="related_entity1_ss">Frank Gambale</field><field name="related_entity1_ss">Al Dimeola</field><field name="memberOfGroup.Count">4</field><field name="memberOfGroup_ss.Length">17</field><field name="path">/Pianist/Chick Corea</field><field name="Musician_Type">Instrumentalist</field><field name="Musician_Type">Pianist</field><field name="genres_ss">Jazz</field><field name="genres_ss">Jazz  Fusion</field><field name="genres_ss">Rock</field><field name="memberOfGroup_ss">Chick Corea Elektric Band</field><field name="memberOfGroup_ss">Return To Forever</field><field name="memberOfGroup_ss.MaximumLength"></field></doc><doc><field name="name">Vladimir Feltsman</field><field name="id">http://www.semanticweb.org/tedsullivan/ontologies/2015/5/music-10#Vladimir_Feltsman</field><field name="path">/Pianist/Vladimir Feltsman</field><field name="Musician_Type">Instrumentalist</field><field name="Musician_Type">Pianist</field><field name="genres_ss">Classical</field></doc><doc><field name="name">Jason Moran</field><field name="id">http://www.semanticweb.org/tedsullivan/ontologies/2015/5/music-10#Jason_Moran</field><field name="path">/Pianist/Jason Moran</field><field name="Musician_Type">Instrumentalist</field><field name="Musician_Type">Pianist</field><field name="genres_ss">Jazz</field></doc><doc><field name="name">Mulgrew Miller</field><field name="id">http://www.semanticweb.org/tedsullivan/ontologies/2015/5/music-10#Mulgrew_Miller</field><field name="path">/Pianist/Mulgrew Miller</field><field name="Musician_Type">Instrumentalist</field><field name="Musician_Type">Pianist</field><field name="genres_ss">Jazz</field></doc><doc><field name="name">Bobby Timmons</field><field name="id">http://www.semanticweb.org/tedsullivan/ontologies/2015/5/music-10#Bobby_Timmons</field><field name="related_entity1_ss">Bill Hardman</field><field name="related_entity1_ss">Benny Golson</field><field name="related_entity1_ss">Johnny Griffin</field><field name="related_entity1_ss">Jymie Merritt</field><field name="related_entity1_ss">Lee Morgan</field><field name="related_entity1_ss">Art Blakey</field><field name="related_entity1_ss">Jackie McLean</field><field name="memberOfGroup_ss.Length">34</field><field name="path">/Pianist/Bobby Timmons</field><field name="Musician_Type">Instrumentalist</field><field name="Musician_Type">Pianist</field><field name="genres_ss">Jazz</field><field name="memberOfGroup_ss">Art Blakey and the Jazz Messengers</field><field name="memberOfGroup_ss.MaximumLength"></field></doc><doc><field name="name">Victor Arden</field><field name="id">http://www.semanticweb.org/tedsullivan/ontologies/2015/5/music-10#Victor_Arden</field><field name="path">/Pianist/Victor Arden</field><field name="Musician_Type">Instrumentalist</field><field name="Musician_Type">Pianist</field></doc><doc><field name="name">Krystian Zimerman</field><field name="id">http://www.semanticweb.org/tedsullivan/ontologies/2015/5/music-10#Krystian_Zimerman</field><field name="path">/Pianist/Krystian Zimerman</field><field name="Musician_Type">Instrumentalist</field><field name="Musician_Type">Pianist</field><field name="genres_ss">Classical</field></doc><doc><field name="name">Rafael Orozco</field><field name="id">http://www.semanticweb.org/tedsullivan/ontologies/2015/5/music-10#Rafael_Orozco</field><field name="path">/Pianist/Rafael Orozco</field><field name="Musician_Type">Instrumentalist</field><field name="Musician_Type">Pianist</field></doc><doc><field name="name">Willie 'The Lion' Smith</field><field name="id">http://www.semanticweb.org/tedsullivan/ontologies/2015/5/music-10#Willie_The_Lion_Smith</field><field name="path">/Pianist/Willie 'The Lion' Smith</field><field name="Musician_Type">Instrumentalist</field><field name="Musician_Type">Pianist</field><field name="genres_ss">Jazz</field></doc><doc><field name="name">Alfred Brendel</field><field name="id">http://www.semanticweb.org/tedsullivan/ontologies/2015/5/music-10#Alfred_Brendel</field><field name="path">/Pianist/Alfred Brendel</field><field name="Musician_Type">Instrumentalist</field><field name="Musician_Type">Pianist</field><field name="genres_ss">Classical</field></doc><doc><field name="name">Vladimir Horowitz</field><field name="id">http://www.semanticweb.org/tedsullivan/ontologies/2015/5/music-10#Vladimir_Horowitz</field><field name="path">/Pianist/Vladimir Horowitz</field><field name="Musician_Type">Instrumentalist</field><field name="Musician_Type">Pianist</field><field name="genres_ss">Classical</field></doc><doc><field name="name">John Ogdon</field><field name="id">http://www.semanticweb.org/tedsullivan/ontologies/2015/5/music-10#John_Ogdon</field><field name="path">/Pianist/John Ogdon</field><field name="Musician_Type">Instrumentalist</field><field name="Musician_Type">Pianist</field><field name="genres_ss">Classical</field></doc><doc><field name="name">Dan Tepfer</field><field name="id">http://www.semanticweb.org/tedsullivan/ontologies/2015/5/music-10#Dan_Tepfer</field><field name="path">/Pianist/Dan Tepfer</field><field name="Musician_Type">Instrumentalist</field><field name="Musician_Type">Pianist</field><field name="genres_ss">Jazz</field></doc><doc><field name="name">Eyran Katsenelenbogen</field><field name="id">http://www.semanticweb.org/tedsullivan/ontologies/2015/5/music-10#Eyran_Katsenelenbogen</field><field name="path">/Pianist/Eyran Katsenelenbogen</field><field name="Musician_Type">Instrumentalist</field><field name="Musician_Type">Pianist</field><field name="genres_ss">Jazz</field></doc><doc><field name="name">Kenny Barron</field><field name="id">http://www.semanticweb.org/tedsullivan/ontologies/2015/5/music-10#Kenny_Barron</field><field name="path">/Pianist/Kenny Barron</field><field name="Musician_Type">Instrumentalist</field><field name="Musician_Type">Pianist</field><field name="genres_ss">Jazz</field></doc><doc><field name="name">Emmanual Ax</field><field name="id">http://www.semanticweb.org/tedsullivan/ontologies/2015/5/music-10#Emmanual_Ax</field><field name="path">/Pianist/Emmanual Ax</field><field name="Musician_Type">Instrumentalist</field><field name="Musician_Type">Pianist</field><field name="genres_ss">Classical</field></doc><doc><field name="name">Christopher O'Riley</field><field name="id">http://www.semanticweb.org/tedsullivan/ontologies/2015/5/music-10#Christopher_ORiley</field><field name="path">/Pianist/Christopher O'Riley</field><field name="Musician_Type">Instrumentalist</field><field name="Musician_Type">Pianist</field></doc><doc><field name="name">Teddy Wilson</field><field name="id">http://www.semanticweb.org/tedsullivan/ontologies/2015/5/music-10#Teddy_Wilson</field><field name="related_entity1_ss">Benny Goodman</field><field name="related_entity2_ss">Lionel Hampton</field><field name="related_entity2_ss">Ella Fitzgerald</field><field name="related_entity2_ss">Lester Young</field><field name="memberOfGroup.Count">4</field><field name="memberOfGroup_ss.Length">18</field><field name="related_entity2_ss.Length">12</field><field name="path">/Pianist/Teddy Wilson</field><field name="Musician_Type">Instrumentalist</field><field name="Musician_Type">Pianist</field><field name="genres_ss">Jazz</field><field name="memberOfGroup_ss">Benny Goodman Quartet</field><field name="memberOfGroup_ss">Benny Goodman Trio</field><field name="memberOfGroup_ss.MaximumLength"></field><field name="related_entity2_ss.MaximumLength"></field></doc><doc><field name="name">Alicia de Larrocha</field><field name="id">http://www.semanticweb.org/tedsullivan/ontologies/2015/5/music-10#Alicia_de_Larrocha</field><field name="path">/Pianist/Alicia de Larrocha</field><field name="Musician_Type">Instrumentalist</field><field name="Musician_Type">Pianist</field><field name="genres_ss">Classical</field></doc><doc><field name="name">Jo Ann Castle</field><field name="id">http://www.semanticweb.org/tedsullivan/ontologies/2015/5/music-10#Jo_Ann_Castle</field><field name="path">/Pianist/Jo Ann Castle</field><field name="Musician_Type">Instrumentalist</field><field name="Musician_Type">Pianist</field></doc><doc><field name="name">Harrison Potter</field><field name="id">http://www.semanticweb.org/tedsullivan/ontologies/2015/5/music-10#Harrison_Potter</field><field name="path">/Pianist/Harrison Potter</field><field name="Musician_Type">Instrumentalist</field><field name="Musician_Type">Pianist</field></doc><doc><field name="name">Anna Yesipova</field><field name="id">http://www.semanticweb.org/tedsullivan/ontologies/2015/5/music-10#Anna_Yesipova</field><field name="path">/Pianist/Anna Yesipova</field><field name="Musician_Type">Instrumentalist</field><field name="Musician_Type">Pianist</field></doc></add>
