<add><doc><field name="name">Holiday</field><field name="id">http://www.semanticweb.org/tedsullivan/ontologies/2015/5/music-10#Holiday</field><field name="related_entity1_ss">Green Day</field><field name="composer_ss.MaximumLength"></field><field name="path">/Composition/Song/Holiday</field><field name="Composition_Type">Song</field><field name="composer_ss">Billie Joe Armstrong</field><field name="composer_ss">Mike Dirnt</field><field name="composer_ss">Tre Cool</field><field name="original_performer.Length">9</field><field name="original_performer">Green Day</field><field name="composer_ss.Length">8</field><field name="Composition_Type.Length">4</field><field name="original_performer.MaximumLength"></field><field name="verb_ss">composed</field><field name="verb_ss">written</field><field name="verb_ss">authored</field><field name="verb_ss">wrote</field><field name="verb_ss.Length">5</field><field name="verb_ss.MaximumLength"></field><field name="Composition_Type.MaximumLength"></field><field name="composer.Count">6</field></doc><doc><field name="name">Love Street</field><field name="id">http://www.semanticweb.org/tedsullivan/ontologies/2015/5/music-10#Love_Street</field><field name="song_ss.Length">13</field><field name="Composition_Type.Length">4</field><field name="verb_ss">composed</field><field name="verb_ss">written</field><field name="verb_ss">authored</field><field name="verb_ss">wrote</field><field name="path">/Composition/Song/Love Street</field><field name="Composition_Type">Song</field><field name="hasCompositions.Count">8</field><field name="genres_ss">Rock</field><field name="verb_ss.Length">5</field><field name="verb_ss.MaximumLength"></field><field name="Composition_Type.MaximumLength"></field><field name="song_ss.MaximumLength"></field><field name="song_ss">Jim Morrison</field><field name="song_ss">John Densmore</field><field name="song_ss">Ray Manzarek</field><field name="song_ss">Robby Krieger</field></doc><doc><field name="name">Anna (Go to Him)</field><field name="id">http://www.semanticweb.org/tedsullivan/ontologies/2015/5/music-10#Anna_Go_to_Him</field><field name="composer_ss.Length">16</field><field name="Composition_Type.Length">4</field><field name="composer_ss.MaximumLength"></field><field name="verb_ss">composed</field><field name="verb_ss">written</field><field name="verb_ss">authored</field><field name="verb_ss">wrote</field><field name="path">/Composition/Song/Anna (Go to Him)</field><field name="Composition_Type">Song</field><field name="verb_ss.Length">5</field><field name="verb_ss.MaximumLength"></field><field name="Composition_Type.MaximumLength"></field><field name="composer_ss">Arthur Alexander</field></doc><doc><field name="name">Stan</field><field name="id">http://www.semanticweb.org/tedsullivan/ontologies/2015/5/music-10#Stan</field><field name="composer_ss.Length">9</field><field name="hasPerformer_ss">Eminem</field><field name="Composition_Type.Length">4</field><field name="composer_ss.MaximumLength"></field><field name="hasPerformer_ss.Length">6</field><field name="verb_ss">composed</field><field name="verb_ss">written</field><field name="verb_ss">authored</field><field name="verb_ss">wrote</field><field name="path">/Composition/Song/Stan</field><field name="Composition_Type">Song</field><field name="verb_ss.Length">5</field><field name="verb_ss.MaximumLength"></field><field name="Composition_Type.MaximumLength"></field><field name="composer_ss">D. Armstrong</field><field name="composer_ss">Eminem</field><field name="composer_ss">P. Herman</field><field name="composer.Count">6</field><field name="hasPerformer_ss.MaximumLength"></field></doc><doc><field name="name">I Love Rock &amp; Roll</field><field name="id">http://www.semanticweb.org/tedsullivan/ontologies/2015/5/music-10#I_Love_Rock_And_Roll</field><field name="related_entity1_ss">Joan Jett &amp; The Blackhearts</field><field name="composer_ss.MaximumLength"></field><field name="path">/Composition/Song/I Love Rock &amp; Roll</field><field name="Composition_Type">Song</field><field name="composer_ss">Joan Jett</field><field name="original_performer.Length">27</field><field name="original_performer">Joan Jett &amp; The Blackhearts</field><field name="composer_ss.Length">9</field><field name="Composition_Type.Length">4</field><field name="original_performer.MaximumLength"></field><field name="verb_ss">composed</field><field name="verb_ss">written</field><field name="verb_ss">authored</field><field name="verb_ss">wrote</field><field name="genres_ss">Rock</field><field name="verb_ss.Length">5</field><field name="verb_ss.MaximumLength"></field><field name="Composition_Type.MaximumLength"></field></doc><doc><field name="name">Stay</field><field name="id">http://www.semanticweb.org/tedsullivan/ontologies/2015/5/music-10#Stay</field><field name="composer_ss.Length">16</field><field name="Composition_Type.Length">4</field><field name="composer_ss.MaximumLength"></field><field name="verb_ss">composed</field><field name="verb_ss">written</field><field name="verb_ss">authored</field><field name="verb_ss">wrote</field><field name="path">/Composition/Song/Stay</field><field name="Composition_Type">Song</field><field name="genres_ss">Rock</field><field name="genres_ss">Doo Wop</field><field name="verb_ss.Length">5</field><field name="verb_ss.MaximumLength"></field><field name="Composition_Type.MaximumLength"></field><field name="composer_ss">Maurice Williams</field></doc><doc><field name="name">Shine On, Harvest Moon</field><field name="id">http://www.semanticweb.org/tedsullivan/ontologies/2015/5/music-10#Shine_On_Harvest_Moon</field><field name="Composition_Type.Length">4</field><field name="verb_ss">composed</field><field name="verb_ss">written</field><field name="verb_ss">authored</field><field name="verb_ss">wrote</field><field name="path">/Composition/Song/Shine On, Harvest Moon</field><field name="Composition_Type">Song</field><field name="verb_ss.Length">5</field><field name="verb_ss.MaximumLength"></field><field name="Composition_Type.MaximumLength"></field></doc><doc><field name="name">Ride My See-Saw</field><field name="id">http://www.semanticweb.org/tedsullivan/ontologies/2015/5/music-10#Ride_My_See-Saw</field><field name="related_entity1_ss">Tony Clarke</field><field name="related_entity1_ss">Moody Blues</field><field name="composer_ss.MaximumLength"></field><field name="path">/Composition/Song/Ride My See-Saw</field><field name="Composition_Type">Song</field><field name="composer_ss">John Lodge</field><field name="original_performer.Length">11</field><field name="original_performer">Moody Blues</field><field name="composer_ss.Length">10</field><field name="Composition_Type.Length">4</field><field name="original_performer.MaximumLength"></field><field name="verb_ss">composed</field><field name="verb_ss">written</field><field name="verb_ss">authored</field><field name="verb_ss">wrote</field><field name="genres_ss">Rock</field><field name="genres_ss">Psychedelic Rock</field><field name="verb_ss.Length">5</field><field name="verb_ss.MaximumLength"></field><field name="Composition_Type.MaximumLength"></field></doc><doc><field name="name">Shake for Me</field><field name="id">http://www.semanticweb.org/tedsullivan/ontologies/2015/5/music-10#Shake_for_Me</field><field name="composer_ss.Length">12</field><field name="Composition_Type.Length">4</field><field name="composer_ss.MaximumLength"></field><field name="verb_ss">composed</field><field name="verb_ss">written</field><field name="verb_ss">authored</field><field name="verb_ss">wrote</field><field name="path">/Composition/Song/Shake for Me</field><field name="Composition_Type">Song</field><field name="verb_ss.Length">5</field><field name="verb_ss.MaximumLength"></field><field name="Composition_Type.MaximumLength"></field><field name="composer_ss">Willie Dixon</field></doc><doc><field name="name">Ain't Wastin' Time No More</field><field name="id">http://www.semanticweb.org/tedsullivan/ontologies/2015/5/music-10#Aint_Wastin_Time_No_More</field><field name="performers.MaximumLength"></field><field name="hasPerformer_ss">Allman Brothers Band</field><field name="performers.Length">12</field><field name="Composition_Type.Length">4</field><field name="hasPerformer_ss.Length">20</field><field name="verb_ss">composed</field><field name="verb_ss">written</field><field name="verb_ss">authored</field><field name="verb_ss">wrote</field><field name="path">/Composition/Song/Ain't Wastin' Time No More</field><field name="Composition_Type">Song</field><field name="verb_ss.Length">5</field><field name="verb_ss.MaximumLength"></field><field name="Composition_Type.MaximumLength"></field><field name="hasPerformer_ss.MaximumLength"></field></doc><doc><field name="name">Blue In Green</field><field name="id">http://www.semanticweb.org/tedsullivan/ontologies/2015/5/music-10#Blue_In_Green</field><field name="composer_ss.Length">11</field><field name="Composition_Type.Length">4</field><field name="composer_ss.MaximumLength"></field><field name="verb_ss">composed</field><field name="verb_ss">written</field><field name="verb_ss">authored</field><field name="verb_ss">wrote</field><field name="path">/Composition/Song/Blue In Green</field><field name="Composition_Type">Song</field><field name="genres_ss">Jazz</field><field name="verb_ss.Length">5</field><field name="verb_ss.MaximumLength"></field><field name="Composition_Type.MaximumLength"></field><field name="composer_ss">Bill Evans</field><field name="composer_ss">Miles Davis</field><field name="composer.Count">4</field></doc><doc><field name="name">Milkcow's Calf Blues</field><field name="id">http://www.semanticweb.org/tedsullivan/ontologies/2015/5/music-10#Milkcows_Calf_Blues</field><field name="related_entity1_ss">Robert Johnson</field><field name="composer_ss.MaximumLength"></field><field name="path">/Composition/Song/Milkcow's Calf Blues</field><field name="Composition_Type">Song</field><field name="composer_ss">Robert Johnson</field><field name="original_performer.Length">14</field><field name="original_performer">Robert Johnson</field><field name="composer_ss.Length">14</field><field name="Composition_Type.Length">4</field><field name="original_performer.MaximumLength"></field><field name="verb_ss">composed</field><field name="verb_ss">written</field><field name="verb_ss">authored</field><field name="verb_ss">wrote</field><field name="genres_ss">Blues</field><field name="genres_ss">Delta Blues</field><field name="verb_ss.Length">5</field><field name="verb_ss.MaximumLength"></field><field name="Composition_Type.MaximumLength"></field></doc><doc><field name="name">Procession</field><field name="id">http://www.semanticweb.org/tedsullivan/ontologies/2015/5/music-10#Procession</field><field name="related_entity1_ss">Moody Blues</field><field name="composer_ss.MaximumLength"></field><field name="path">/Composition/Song/Procession</field><field name="Composition_Type">Song</field><field name="composer_ss">Graeme Edge</field><field name="composer_ss">John Lodge</field><field name="composer_ss">Justin Hayward</field><field name="composer_ss">Mike Pinder</field><field name="composer_ss">Ray Thomas</field><field name="original_performer.Length">11</field><field name="original_performer">Moody Blues</field><field name="composer_ss.Length">10</field><field name="Composition_Type.Length">4</field><field name="original_performer.MaximumLength"></field><field name="verb_ss">composed</field><field name="verb_ss">written</field><field name="verb_ss">authored</field><field name="verb_ss">wrote</field><field name="genres_ss">Rock</field><field name="genres_ss">Progressive Rock</field><field name="verb_ss.Length">5</field><field name="verb_ss.MaximumLength"></field><field name="Composition_Type.MaximumLength"></field><field name="composer.Count">10</field></doc><doc><field name="name">Turd On The Run</field><field name="id">http://www.semanticweb.org/tedsullivan/ontologies/2015/5/music-10#Turd_On_The_Run</field><field name="hasPerformer_ss">Rolling Stones</field><field name="performers.Length">13</field><field name="composer_ss.MaximumLength"></field><field name="hasPerformer_ss.Length">14</field><field name="path">/Composition/Song/Turd On The Run</field><field name="Composition_Type">Song</field><field name="composer_ss">Keith Richards</field><field name="composer_ss">Mick Jagger</field><field name="composer_ss.Length">11</field><field name="performers.MaximumLength"></field><field name="Composition_Type.Length">4</field><field name="verb_ss">composed</field><field name="verb_ss">written</field><field name="verb_ss">authored</field><field name="verb_ss">wrote</field><field name="verb_ss.Length">5</field><field name="verb_ss.MaximumLength"></field><field name="Composition_Type.MaximumLength"></field><field name="composer.Count">4</field><field name="hasPerformer_ss.MaximumLength"></field></doc><doc><field name="name">Crazy Feeling</field><field name="id">http://www.semanticweb.org/tedsullivan/ontologies/2015/5/music-10#Crazy_Feeling</field><field name="composer_ss.Length">8</field><field name="related_entity1_ss">Lou Reed</field><field name="Composition_Type.Length">4</field><field name="composer_ss.MaximumLength"></field><field name="original_performer.MaximumLength"></field><field name="verb_ss">composed</field><field name="verb_ss">written</field><field name="verb_ss">authored</field><field name="verb_ss">wrote</field><field name="path">/Composition/Song/Crazy Feeling</field><field name="Composition_Type">Song</field><field name="verb_ss.Length">5</field><field name="verb_ss.MaximumLength"></field><field name="Composition_Type.MaximumLength"></field><field name="composer_ss">Lou Reed</field><field name="original_performer.Length">8</field><field name="original_performer">Lou Reed</field></doc><doc><field name="name">Chilling of the Evening</field><field name="id">http://www.semanticweb.org/tedsullivan/ontologies/2015/5/music-10#Chilling_of_the_Evening</field><field name="related_entity1_ss">Arlo Guthrie</field><field name="composer_ss.MaximumLength"></field><field name="path">/Composition/Song/Chilling of the Evening</field><field name="Composition_Type">Song</field><field name="composer_ss">Arlo Guthrie</field><field name="original_performer.Length">12</field><field name="original_performer">Arlo Guthrie</field><field name="composer_ss.Length">12</field><field name="Composition_Type.Length">4</field><field name="original_performer.MaximumLength"></field><field name="verb_ss">composed</field><field name="verb_ss">written</field><field name="verb_ss">authored</field><field name="verb_ss">wrote</field><field name="genres_ss">Folk</field><field name="verb_ss.Length">5</field><field name="verb_ss.MaximumLength"></field><field name="Composition_Type.MaximumLength"></field></doc><doc><field name="name">Down By The Sea Side</field><field name="id">http://www.semanticweb.org/tedsullivan/ontologies/2015/5/music-10#Down_By_The_Sea_Side</field><field name="composer_ss.Length">12</field><field name="Composition_Type.Length">4</field><field name="composer_ss.MaximumLength"></field><field name="verb_ss">composed</field><field name="verb_ss">written</field><field name="verb_ss">authored</field><field name="verb_ss">wrote</field><field name="path">/Composition/Song/Down By The Sea Side</field><field name="Composition_Type">Song</field><field name="genres_ss">Rock</field><field name="verb_ss.Length">5</field><field name="verb_ss.MaximumLength"></field><field name="Composition_Type.MaximumLength"></field><field name="composer_ss">Jimmy Page</field><field name="composer_ss">Robert Plant</field><field name="composer.Count">4</field></doc><doc><field name="name">In The Air Tonight</field><field name="id">http://www.semanticweb.org/tedsullivan/ontologies/2015/5/music-10#In_The_Air_Tonight</field><field name="related_entity1_ss">Phil Collins</field><field name="composer_ss.MaximumLength"></field><field name="path">/Composition/Song/In The Air Tonight</field><field name="Composition_Type">Song</field><field name="composer_ss">Phil Collins</field><field name="original_performer.Length">12</field><field name="original_performer">Phil Collins</field><field name="composer_ss.Length">12</field><field name="Composition_Type.Length">4</field><field name="original_performer.MaximumLength"></field><field name="verb_ss">composed</field><field name="verb_ss">written</field><field name="verb_ss">authored</field><field name="verb_ss">wrote</field><field name="genres_ss">Rock</field><field name="genres_ss">Soft Rock</field><field name="verb_ss.Length">5</field><field name="verb_ss.MaximumLength"></field><field name="Composition_Type.MaximumLength"></field></doc><doc><field name="name">Fast Boogie</field><field name="id">http://www.semanticweb.org/tedsullivan/ontologies/2015/5/music-10#Fast_Boogie</field><field name="composer_ss.Length">13</field><field name="Composition_Type.Length">4</field><field name="composer_ss.MaximumLength"></field><field name="verb_ss">composed</field><field name="verb_ss">written</field><field name="verb_ss">authored</field><field name="verb_ss">wrote</field><field name="path">/Composition/Song/Fast Boogie</field><field name="Composition_Type">Song</field><field name="genres_ss">Blues</field><field name="verb_ss.Length">5</field><field name="verb_ss.MaximumLength"></field><field name="Composition_Type.MaximumLength"></field><field name="composer_ss">Little Walter</field></doc><doc><field name="name">The Thrill is Gone</field><field name="id">http://www.semanticweb.org/tedsullivan/ontologies/2015/5/music-10#The_Thrill_is_Gone</field><field name="composer_ss.Length">11</field><field name="hasPerformer_ss">B.B. King</field><field name="Composition_Type.Length">4</field><field name="composer_ss.MaximumLength"></field><field name="hasPerformer_ss.Length">9</field><field name="verb_ss">composed</field><field name="verb_ss">written</field><field name="verb_ss">authored</field><field name="verb_ss">wrote</field><field name="path">/Composition/Song/The Thrill is Gone</field><field name="Composition_Type">Song</field><field name="verb_ss.Length">5</field><field name="verb_ss.MaximumLength"></field><field name="Composition_Type.MaximumLength"></field><field name="composer_ss">Rick Darnell</field><field name="composer_ss">Roy Hawkins</field><field name="composer.Count">4</field><field name="hasPerformer_ss.MaximumLength"></field></doc><doc><field name="name">Never Before</field><field name="id">http://www.semanticweb.org/tedsullivan/ontologies/2015/5/music-10#Never_Before</field><field name="performers.MaximumLength"></field><field name="hasPerformer_ss">Deep Purple</field><field name="performers.Length">9</field><field name="Composition_Type.Length">4</field><field name="hasPerformer_ss.Length">11</field><field name="verb_ss">composed</field><field name="verb_ss">written</field><field name="verb_ss">authored</field><field name="verb_ss">wrote</field><field name="path">/Composition/Song/Never Before</field><field name="Composition_Type">Song</field><field name="verb_ss.Length">5</field><field name="verb_ss.MaximumLength"></field><field name="Composition_Type.MaximumLength"></field><field name="hasPerformer_ss.MaximumLength"></field></doc><doc><field name="name">The Lion Sleeps Tonight</field><field name="id">http://www.semanticweb.org/tedsullivan/ontologies/2015/5/music-10#The_Lion_Sleeps_Tonight</field><field name="composer_ss.Length">13</field><field name="Composition_Type.Length">4</field><field name="composer_ss.MaximumLength"></field><field name="verb_ss">composed</field><field name="verb_ss">written</field><field name="verb_ss">authored</field><field name="verb_ss">wrote</field><field name="path">/Composition/Song/The Lion Sleeps Tonight</field><field name="Composition_Type">Song</field><field name="verb_ss.Length">5</field><field name="verb_ss.MaximumLength"></field><field name="Composition_Type.MaximumLength"></field><field name="composer_ss">Albert Stanton</field><field name="composer_ss">George David Weiss</field><field name="composer_ss">Hugo Peretti</field><field name="composer_ss">Luigi Creatore</field><field name="composer_ss">Solomon Linda</field><field name="composer.Count">10</field></doc><doc><field name="name">Tales Of Brave Ulysses</field><field name="id">http://www.semanticweb.org/tedsullivan/ontologies/2015/5/music-10#Tales_of_Brave_Ulysees</field><field name="related_entity1_ss">Cream</field><field name="composer_ss.MaximumLength"></field><field name="path">/Composition/Song/Tales Of Brave Ulysses</field><field name="lyricist_ss.Length">12</field><field name="Composition_Type">Song</field><field name="lyricist_ss">Martin Sharp</field><field name="composer_ss">Eric Clapton</field><field name="original_performer.Length">5</field><field name="original_performer">Cream</field><field name="composer_ss.Length">12</field><field name="Composition_Type.Length">4</field><field name="original_performer.MaximumLength"></field><field name="lyricist_ss.MaximumLength"></field><field name="verb_ss">composed</field><field name="verb_ss">written</field><field name="verb_ss">authored</field><field name="verb_ss">wrote</field><field name="genres_ss">Rock</field><field name="verb_ss.Length">5</field><field name="verb_ss.MaximumLength"></field><field name="Composition_Type.MaximumLength"></field></doc><doc><field name="name">One Of These Days</field><field name="id">http://www.semanticweb.org/tedsullivan/ontologies/2015/5/music-10#One_Of_These_Days</field><field name="performers.MaximumLength"></field><field name="hasPerformer_ss">Pink Floyd</field><field name="performers.Length">13</field><field name="Composition_Type.Length">4</field><field name="hasPerformer_ss.Length">10</field><field name="verb_ss">composed</field><field name="verb_ss">written</field><field name="verb_ss">authored</field><field name="verb_ss">wrote</field><field name="path">/Composition/Song/One Of These Days</field><field name="Composition_Type">Song</field><field name="verb_ss.Length">5</field><field name="verb_ss.MaximumLength"></field><field name="Composition_Type.MaximumLength"></field><field name="hasPerformer_ss.MaximumLength"></field></doc><doc><field name="name">Tryin,'</field><field name="id">http://www.semanticweb.org/tedsullivan/ontologies/2015/5/music-10#Tryin</field><field name="related_entity1_ss">Eagles</field><field name="composer_ss.MaximumLength"></field><field name="path">/Composition/Song/Tryin,'</field><field name="Composition_Type">Song</field><field name="composer_ss">Randy Meisner</field><field name="original_performer.Length">6</field><field name="original_performer">Eagles</field><field name="composer_ss.Length">13</field><field name="Composition_Type.Length">4</field><field name="original_performer.MaximumLength"></field><field name="verb_ss">composed</field><field name="verb_ss">written</field><field name="verb_ss">authored</field><field name="verb_ss">wrote</field><field name="genres_ss">Rock</field><field name="verb_ss.Length">5</field><field name="verb_ss.MaximumLength"></field><field name="Composition_Type.MaximumLength"></field></doc><doc><field name="name">Crying In The Chapel</field><field name="id">http://www.semanticweb.org/tedsullivan/ontologies/2015/5/music-10#Crying_In_The_Chapel</field><field name="composer_ss.Length">11</field><field name="Composition_Type.Length">4</field><field name="composer_ss.MaximumLength"></field><field name="verb_ss">composed</field><field name="verb_ss">written</field><field name="verb_ss">authored</field><field name="verb_ss">wrote</field><field name="path">/Composition/Song/Crying In The Chapel</field><field name="Composition_Type">Song</field><field name="genres_ss">Gospel</field><field name="verb_ss.Length">5</field><field name="verb_ss.MaximumLength"></field><field name="Composition_Type.MaximumLength"></field><field name="composer_ss">Artie Glenn</field></doc><doc><field name="name">Brown Sugar</field><field name="id">http://www.semanticweb.org/tedsullivan/ontologies/2015/5/music-10#Brown_Sugar</field><field name="related_entity1_ss">Rolling Stones</field><field name="hasPerformer_ss">Rolling Stones</field><field name="performers.Length">13</field><field name="composer_ss.MaximumLength"></field><field name="hasPerformer_ss.Length">14</field><field name="path">/Composition/Song/Brown Sugar</field><field name="Composition_Type">Song</field><field name="composer_ss">Keith Richards</field><field name="composer_ss">Mick Jagger</field><field name="original_performer.Length">14</field><field name="original_performer">Rolling Stones</field><field name="composer_ss.Length">11</field><field name="performers.MaximumLength"></field><field name="Composition_Type.Length">4</field><field name="original_performer.MaximumLength"></field><field name="verb_ss">composed</field><field name="verb_ss">written</field><field name="verb_ss">authored</field><field name="verb_ss">wrote</field><field name="genres_ss">Rock</field><field name="verb_ss.Length">5</field><field name="verb_ss.MaximumLength"></field><field name="Composition_Type.MaximumLength"></field><field name="composer.Count">4</field><field name="hasPerformer_ss.MaximumLength"></field></doc><doc><field name="name">Katie's Been Gone</field><field name="id">http://www.semanticweb.org/tedsullivan/ontologies/2015/5/music-10#Katies_Been_Gone</field><field name="related_entity1_ss">Bob Dylan</field><field name="related_entity1_ss">The Band</field><field name="composer_ss.MaximumLength"></field><field name="original_performer.Count">2</field><field name="path">/Composition/Song/Katie's Been Gone</field><field name="Composition_Type">Song</field><field name="composer_ss">Richard Manuel</field><field name="composer_ss">Robbie Robertson</field><field name="hasPerformer_ss">Bob Dylan</field><field name="hasPerformer_ss">The Band</field><field name="composer_ss.Length">16</field><field name="Composition_Type.Length">4</field><field name="verb_ss">composed</field><field name="verb_ss">written</field><field name="verb_ss">authored</field><field name="verb_ss">wrote</field><field name="genres_ss">Folk</field><field name="genres_ss">Folk Rock</field><field name="genres_ss">Rock</field><field name="verb_ss.Length">5</field><field name="verb_ss.MaximumLength"></field><field name="Composition_Type.MaximumLength"></field><field name="composer.Count">4</field></doc><doc><field name="name">',S Wonderful</field><field name="id">http://www.semanticweb.org/tedsullivan/ontologies/2015/5/music-10#S_Wonderful</field><field name="composer_ss.Length">15</field><field name="Composition_Type.Length">4</field><field name="composer_ss.MaximumLength"></field><field name="lyricist_ss.MaximumLength"></field><field name="verb_ss">composed</field><field name="verb_ss">written</field><field name="verb_ss">authored</field><field name="verb_ss">wrote</field><field name="path">/Composition/Song/',S Wonderful</field><field name="lyricist_ss.Length">12</field><field name="Composition_Type">Song</field><field name="lyricist_ss">Ira Gershwin</field><field name="verb_ss.Length">5</field><field name="verb_ss.MaximumLength"></field><field name="Composition_Type.MaximumLength"></field><field name="composer_ss">George Gershwin</field></doc><doc><field name="name">I Was Doing All Right</field><field name="id">http://www.semanticweb.org/tedsullivan/ontologies/2015/5/music-10#I_Was_Doing_All_Right</field><field name="composer_ss.Length">15</field><field name="Composition_Type.Length">4</field><field name="composer_ss.MaximumLength"></field><field name="lyricist_ss.MaximumLength"></field><field name="verb_ss">composed</field><field name="verb_ss">written</field><field name="verb_ss">authored</field><field name="verb_ss">wrote</field><field name="path">/Composition/Song/I Was Doing All Right</field><field name="lyricist_ss.Length">12</field><field name="Composition_Type">Song</field><field name="lyricist_ss">Ira Gershwin</field><field name="verb_ss.Length">5</field><field name="verb_ss.MaximumLength"></field><field name="Composition_Type.MaximumLength"></field><field name="composer_ss">George Gershwin</field></doc><doc><field name="name">Little Child</field><field name="id">http://www.semanticweb.org/tedsullivan/ontologies/2015/5/music-10#Little_Child</field><field name="related_entity1_ss">Beatles</field><field name="composer_ss.MaximumLength"></field><field name="path">/Composition/Song/Little Child</field><field name="Composition_Type">Song</field><field name="composer_ss">John Lennon</field><field name="composer_ss">Paul McCartney</field><field name="original_performer.Length">7</field><field name="original_performer">Beatles</field><field name="composer_ss.Length">14</field><field name="Composition_Type.Length">4</field><field name="original_performer.MaximumLength"></field><field name="verb_ss">composed</field><field name="verb_ss">written</field><field name="verb_ss">authored</field><field name="verb_ss">wrote</field><field name="genres_ss">Rock</field><field name="genres_ss">Rock &amp; Roll</field><field name="verb_ss.Length">5</field><field name="verb_ss.MaximumLength"></field><field name="Composition_Type.MaximumLength"></field><field name="composer.Count">4</field></doc><doc><field name="name">Blueberry Hill</field><field name="id">http://www.semanticweb.org/tedsullivan/ontologies/2015/5/music-10#Blueberry_Hill</field><field name="composer_ss.MaximumLength"></field><field name="path">/Composition/Song/Blueberry Hill</field><field name="lyricist_ss.Length">11</field><field name="Composition_Type">Song</field><field name="lyricist_ss">Al Lewis</field><field name="lyricist_ss">Larry Stock</field><field name="composer_ss">Vincent Rose</field><field name="composer_ss.Length">12</field><field name="lyricsBy.Count">4</field><field name="Composition_Type.Length">4</field><field name="lyricist_ss.MaximumLength"></field><field name="verb_ss">composed</field><field name="verb_ss">written</field><field name="verb_ss">authored</field><field name="verb_ss">wrote</field><field name="genres_ss">R&amp;B</field><field name="verb_ss.Length">5</field><field name="verb_ss.MaximumLength"></field><field name="Composition_Type.MaximumLength"></field></doc><doc><field name="name">Frankie And Johnny</field><field name="id">http://www.semanticweb.org/tedsullivan/ontologies/2015/5/music-10#Frankie_And_Johnny</field><field name="composer_ss.Length">11</field><field name="Composition_Type.Length">4</field><field name="composer_ss.MaximumLength"></field><field name="verb_ss">composed</field><field name="verb_ss">written</field><field name="verb_ss">authored</field><field name="verb_ss">wrote</field><field name="path">/Composition/Song/Frankie And Johnny</field><field name="Composition_Type">Song</field><field name="verb_ss.Length">5</field><field name="verb_ss.MaximumLength"></field><field name="Composition_Type.MaximumLength"></field><field name="composer_ss">Traditional</field></doc><doc><field name="name">Charleston</field><field name="id">http://www.semanticweb.org/tedsullivan/ontologies/2015/5/music-10#Charleston</field><field name="composer_ss.Length">16</field><field name="Composition_Type.Length">4</field><field name="composer_ss.MaximumLength"></field><field name="lyricist_ss.MaximumLength"></field><field name="verb_ss">composed</field><field name="verb_ss">written</field><field name="verb_ss">authored</field><field name="verb_ss">wrote</field><field name="path">/Composition/Song/Charleston</field><field name="lyricist_ss.Length">10</field><field name="Composition_Type">Song</field><field name="lyricist_ss">Cecil Mack</field><field name="verb_ss.Length">5</field><field name="verb_ss.MaximumLength"></field><field name="Composition_Type.MaximumLength"></field><field name="composer_ss">James P  Johnson</field></doc><doc><field name="name">Second Hand News</field><field name="id">http://www.semanticweb.org/tedsullivan/ontologies/2015/5/music-10#Second_Hand_News</field><field name="composer_ss.Length">18</field><field name="Composition_Type.Length">4</field><field name="composer_ss.MaximumLength"></field><field name="verb_ss">composed</field><field name="verb_ss">written</field><field name="verb_ss">authored</field><field name="verb_ss">wrote</field><field name="path">/Composition/Song/Second Hand News</field><field name="Composition_Type">Song</field><field name="verb_ss.Length">5</field><field name="verb_ss.MaximumLength"></field><field name="Composition_Type.MaximumLength"></field><field name="composer_ss">Lindsey Buckingham</field></doc><doc><field name="name">Les Brers In A Minor</field><field name="id">http://www.semanticweb.org/tedsullivan/ontologies/2015/5/music-10#Les_Brers_in_A_Minor</field><field name="composer_ss.Length">12</field><field name="related_entity1_ss">Allman Brothers Band</field><field name="Composition_Type.Length">4</field><field name="composer_ss.MaximumLength"></field><field name="original_performer.MaximumLength"></field><field name="verb_ss">composed</field><field name="verb_ss">written</field><field name="verb_ss">authored</field><field name="verb_ss">wrote</field><field name="path">/Composition/Song/Les Brers In A Minor</field><field name="Composition_Type">Song</field><field name="verb_ss.Length">5</field><field name="verb_ss.MaximumLength"></field><field name="Composition_Type.MaximumLength"></field><field name="composer_ss">Dickie Betts</field><field name="original_performer.Length">20</field><field name="original_performer">Allman Brothers Band</field></doc><doc><field name="name">Green Earrings</field><field name="id">http://www.semanticweb.org/tedsullivan/ontologies/2015/5/music-10#Green_Earrings</field><field name="related_entity1_ss">Steely Dan</field><field name="composer_ss.MaximumLength"></field><field name="path">/Composition/Song/Green Earrings</field><field name="Composition_Type">Song</field><field name="composer_ss">Donald Fagen</field><field name="composer_ss">Walter Becker</field><field name="original_performer.Length">10</field><field name="original_performer">Steely Dan</field><field name="composer_ss.Length">13</field><field name="Composition_Type.Length">4</field><field name="original_performer.MaximumLength"></field><field name="verb_ss">composed</field><field name="verb_ss">written</field><field name="verb_ss">authored</field><field name="verb_ss">wrote</field><field name="genres_ss">Rock</field><field name="genres_ss">Funk Rock</field><field name="verb_ss.Length">5</field><field name="verb_ss.MaximumLength"></field><field name="Composition_Type.MaximumLength"></field><field name="composer.Count">4</field></doc><doc><field name="name">Phonograph Blues</field><field name="id">http://www.semanticweb.org/tedsullivan/ontologies/2015/5/music-10#Phonograph_Blues</field><field name="composer_ss.Length">14</field><field name="related_entity1_ss">Robert Johnson</field><field name="Composition_Type.Length">4</field><field name="composer_ss.MaximumLength"></field><field name="original_performer.MaximumLength"></field><field name="verb_ss">composed</field><field name="verb_ss">written</field><field name="verb_ss">authored</field><field name="verb_ss">wrote</field><field name="path">/Composition/Song/Phonograph Blues</field><field name="Composition_Type">Song</field><field name="verb_ss.Length">5</field><field name="verb_ss.MaximumLength"></field><field name="Composition_Type.MaximumLength"></field><field name="composer_ss">Robert Johnson</field><field name="original_performer.Length">14</field><field name="original_performer">Robert Johnson</field></doc><doc><field name="name">I Remember You</field><field name="id">http://www.semanticweb.org/tedsullivan/ontologies/2015/5/music-10#I_Remember_You</field><field name="composer_ss.Length">19</field><field name="Composition_Type.Length">4</field><field name="composer_ss.MaximumLength"></field><field name="lyricist_ss.MaximumLength"></field><field name="verb_ss">composed</field><field name="verb_ss">written</field><field name="verb_ss">authored</field><field name="verb_ss">wrote</field><field name="path">/Composition/Song/I Remember You</field><field name="lyricist_ss.Length">13</field><field name="Composition_Type">Song</field><field name="lyricist_ss">Johnny Mercer</field><field name="verb_ss.Length">5</field><field name="verb_ss.MaximumLength"></field><field name="Composition_Type.MaximumLength"></field><field name="composer_ss">Victor Schertzinger</field></doc><doc><field name="name">Born in the '50s</field><field name="id">http://www.semanticweb.org/tedsullivan/ontologies/2015/5/music-10#Born_in_the_50s</field><field name="related_entity1_ss">The Police</field><field name="composer_ss.MaximumLength"></field><field name="path">/Composition/Song/Born in the '50s</field><field name="Composition_Type">Song</field><field name="composer_ss">Sting</field><field name="original_performer.Length">10</field><field name="original_performer">The Police</field><field name="composer_ss.Length">5</field><field name="Composition_Type.Length">4</field><field name="original_performer.MaximumLength"></field><field name="verb_ss">composed</field><field name="verb_ss">written</field><field name="verb_ss">authored</field><field name="verb_ss">wrote</field><field name="genres_ss">Rock</field><field name="verb_ss.Length">5</field><field name="verb_ss.MaximumLength"></field><field name="Composition_Type.MaximumLength"></field></doc><doc><field name="name">Feet in the Clouds</field><field name="id">http://www.semanticweb.org/tedsullivan/ontologies/2015/5/music-10#Feet_in_the_Clouds</field><field name="related_entity1_ss">Paul McCartney</field><field name="composer_ss.MaximumLength"></field><field name="path">/Composition/Song/Feet in the Clouds</field><field name="Composition_Type">Song</field><field name="composer_ss">Paul McCartney</field><field name="original_performer.Length">14</field><field name="original_performer">Paul McCartney</field><field name="composer_ss.Length">14</field><field name="Composition_Type.Length">4</field><field name="original_performer.MaximumLength"></field><field name="verb_ss">composed</field><field name="verb_ss">written</field><field name="verb_ss">authored</field><field name="verb_ss">wrote</field><field name="genres_ss">Popular</field><field name="genres_ss">Pop Rock</field><field name="genres_ss">Rock</field><field name="verb_ss.Length">5</field><field name="verb_ss.MaximumLength"></field><field name="Composition_Type.MaximumLength"></field></doc><doc><field name="name">Baby</field><field name="id">http://www.semanticweb.org/tedsullivan/ontologies/2015/5/music-10#Baby</field><field name="related_entity1_ss">Justin Bieber</field><field name="composer_ss.MaximumLength"></field><field name="path">/Composition/Song/Baby</field><field name="Composition_Type">Song</field><field name="composer_ss">Justin Bieber</field><field name="original_performer.Length">13</field><field name="original_performer">Justin Bieber</field><field name="composer_ss.Length">13</field><field name="Composition_Type.Length">4</field><field name="original_performer.MaximumLength"></field><field name="verb_ss">composed</field><field name="verb_ss">written</field><field name="verb_ss">authored</field><field name="verb_ss">wrote</field><field name="genres_ss">Popular</field><field name="genres_ss">Pop</field><field name="verb_ss.Length">5</field><field name="verb_ss.MaximumLength"></field><field name="Composition_Type.MaximumLength"></field></doc><doc><field name="name">Ventura Highway</field><field name="id">http://www.semanticweb.org/tedsullivan/ontologies/2015/5/music-10#Ventura_Highway</field><field name="composer_ss.Length">13</field><field name="performers.MaximumLength"></field><field name="hasPerformer_ss">America</field><field name="performers.Length">8</field><field name="Composition_Type.Length">4</field><field name="composer_ss.MaximumLength"></field><field name="hasPerformer_ss.Length">7</field><field name="verb_ss">composed</field><field name="verb_ss">written</field><field name="verb_ss">authored</field><field name="verb_ss">wrote</field><field name="path">/Composition/Song/Ventura Highway</field><field name="Composition_Type">Song</field><field name="verb_ss.Length">5</field><field name="verb_ss.MaximumLength"></field><field name="Composition_Type.MaximumLength"></field><field name="composer_ss">Dewey Bunnell</field><field name="hasPerformer_ss.MaximumLength"></field></doc><doc><field name="name">The Arms of Orion</field><field name="id">http://www.semanticweb.org/tedsullivan/ontologies/2015/5/music-10#The_Arms_of_Orion</field><field name="related_entity1_ss">Prince</field><field name="related_entity1_ss">Sheena Easton</field><field name="composer_ss.MaximumLength"></field><field name="original_performer.Count">2</field><field name="path">/Composition/Song/The Arms of Orion</field><field name="Composition_Type">Song</field><field name="composer_ss">Prince</field><field name="composer_ss">Sheena Easton</field><field name="hasPerformer_ss">Prince</field><field name="hasPerformer_ss">Sheena Easton</field><field name="composer_ss.Length">13</field><field name="Composition_Type.Length">4</field><field name="verb_ss">composed</field><field name="verb_ss">written</field><field name="verb_ss">authored</field><field name="verb_ss">wrote</field><field name="genres_ss">Popular</field><field name="genres_ss">Pop</field><field name="verb_ss.Length">5</field><field name="verb_ss.MaximumLength"></field><field name="Composition_Type.MaximumLength"></field><field name="composer.Count">4</field></doc><doc><field name="name">Satin Doll</field><field name="id">http://www.semanticweb.org/tedsullivan/ontologies/2015/5/music-10#Satin_Doll</field><field name="composer_ss.Length">14</field><field name="Composition_Type.Length">4</field><field name="composer_ss.MaximumLength"></field><field name="lyricist_ss.MaximumLength"></field><field name="verb_ss">composed</field><field name="verb_ss">written</field><field name="verb_ss">authored</field><field name="verb_ss">wrote</field><field name="path">/Composition/Song/Satin Doll</field><field name="lyricist_ss.Length">13</field><field name="Composition_Type">Song</field><field name="lyricist_ss">Johnny Mercer</field><field name="verb_ss.Length">5</field><field name="verb_ss.MaximumLength"></field><field name="Composition_Type.MaximumLength"></field><field name="composer_ss">Billy Strayhorn</field><field name="composer_ss">Duke Ellington</field><field name="composer.Count">4</field></doc><doc><field name="name">For Your Eyes Only</field><field name="id">http://www.semanticweb.org/tedsullivan/ontologies/2015/5/music-10#For_Your_Eyes_Only</field><field name="composer_ss.Length">11</field><field name="Composition_Type.Length">4</field><field name="composer_ss.MaximumLength"></field><field name="verb_ss">composed</field><field name="verb_ss">written</field><field name="verb_ss">authored</field><field name="verb_ss">wrote</field><field name="path">/Composition/Song/For Your Eyes Only</field><field name="Composition_Type">Song</field><field name="verb_ss.Length">5</field><field name="verb_ss.MaximumLength"></field><field name="Composition_Type.MaximumLength"></field><field name="composer_ss">Bill Conti</field><field name="composer_ss">Mick Leeson</field><field name="composer.Count">4</field></doc><doc><field name="name">The Word</field><field name="id">http://www.semanticweb.org/tedsullivan/ontologies/2015/5/music-10#The_Word</field><field name="related_entity1_ss">Beatles</field><field name="composer_ss.MaximumLength"></field><field name="path">/Composition/Song/The Word</field><field name="Composition_Type">Song</field><field name="composer_ss">John Lennon</field><field name="composer_ss">Paul McCartney</field><field name="original_performer.Length">7</field><field name="original_performer">Beatles</field><field name="composer_ss.Length">14</field><field name="Composition_Type.Length">4</field><field name="original_performer.MaximumLength"></field><field name="verb_ss">composed</field><field name="verb_ss">written</field><field name="verb_ss">authored</field><field name="verb_ss">wrote</field><field name="verb_ss.Length">5</field><field name="verb_ss.MaximumLength"></field><field name="Composition_Type.MaximumLength"></field><field name="composer.Count">4</field></doc><doc><field name="name">Easy Lover</field><field name="id">http://www.semanticweb.org/tedsullivan/ontologies/2015/5/music-10#Easy_Lover</field><field name="composer_ss.Length">13</field><field name="related_entity1_ss">Phil Collins</field><field name="related_entity1_ss">Philip Bailey</field><field name="Composition_Type.Length">4</field><field name="composer_ss.MaximumLength"></field><field name="verb_ss">composed</field><field name="verb_ss">written</field><field name="verb_ss">authored</field><field name="verb_ss">wrote</field><field name="original_performer.Count">2</field><field name="path">/Composition/Song/Easy Lover</field><field name="Composition_Type">Song</field><field name="verb_ss.Length">5</field><field name="verb_ss.MaximumLength"></field><field name="Composition_Type.MaximumLength"></field><field name="composer_ss">Nathan East</field><field name="composer_ss">Phil Collins</field><field name="composer_ss">Philip Bailey</field><field name="composer.Count">6</field><field name="hasPerformer_ss">Phil Collins</field><field name="hasPerformer_ss">Philip Bailey</field></doc><doc><field name="name">Burning Of The Midnight Lamp</field><field name="id">http://www.semanticweb.org/tedsullivan/ontologies/2015/5/music-10#Burning_Of_The_Midnight_Lamp</field><field name="composer_ss.Length">12</field><field name="Composition_Type.Length">4</field><field name="composer_ss.MaximumLength"></field><field name="verb_ss">composed</field><field name="verb_ss">written</field><field name="verb_ss">authored</field><field name="verb_ss">wrote</field><field name="path">/Composition/Song/Burning Of The Midnight Lamp</field><field name="Composition_Type">Song</field><field name="verb_ss.Length">5</field><field name="verb_ss.MaximumLength"></field><field name="Composition_Type.MaximumLength"></field><field name="composer_ss">Jimi Hendrix</field></doc><doc><field name="name">Baby's In Black</field><field name="id">http://www.semanticweb.org/tedsullivan/ontologies/2015/5/music-10#Babys_In_Black</field><field name="related_entity1_ss">Beatles</field><field name="composer_ss.MaximumLength"></field><field name="path">/Composition/Song/Baby's In Black</field><field name="Composition_Type">Song</field><field name="composer_ss">John Lennon</field><field name="composer_ss">Paul McCartney</field><field name="original_performer.Length">7</field><field name="original_performer">Beatles</field><field name="composer_ss.Length">14</field><field name="Composition_Type.Length">4</field><field name="original_performer.MaximumLength"></field><field name="verb_ss">composed</field><field name="verb_ss">written</field><field name="verb_ss">authored</field><field name="verb_ss">wrote</field><field name="genres_ss">Rock</field><field name="verb_ss.Length">5</field><field name="verb_ss.MaximumLength"></field><field name="Composition_Type.MaximumLength"></field><field name="composer.Count">4</field></doc><doc><field name="name">Everything I Own</field><field name="id">http://www.semanticweb.org/tedsullivan/ontologies/2015/5/music-10#Everything_I_Own</field><field name="related_entity1_ss">Bread</field><field name="composer_ss.MaximumLength"></field><field name="path">/Composition/Song/Everything I Own</field><field name="Composition_Type">Song</field><field name="composer_ss">David Gates</field><field name="original_performer.Length">5</field><field name="original_performer">Bread</field><field name="composer_ss.Length">11</field><field name="Composition_Type.Length">4</field><field name="original_performer.MaximumLength"></field><field name="verb_ss">composed</field><field name="verb_ss">written</field><field name="verb_ss">authored</field><field name="verb_ss">wrote</field><field name="genres_ss">Rock</field><field name="genres_ss">Soft Rock</field><field name="verb_ss.Length">5</field><field name="verb_ss.MaximumLength"></field><field name="Composition_Type.MaximumLength"></field></doc><doc><field name="name">Give Peace a Chance</field><field name="id">http://www.semanticweb.org/tedsullivan/ontologies/2015/5/music-10#Give_Peace_a_Chance_-_Leon_Russell</field><field name="composer_ss.Length">12</field><field name="Composition_Type.Length">4</field><field name="composer_ss.MaximumLength"></field><field name="verb_ss">composed</field><field name="verb_ss">written</field><field name="verb_ss">authored</field><field name="verb_ss">wrote</field><field name="path">/Composition/Song/Give Peace a Chance</field><field name="Composition_Type">Song</field><field name="verb_ss.Length">5</field><field name="verb_ss.MaximumLength"></field><field name="Composition_Type.MaximumLength"></field><field name="composer_ss">Bonnie Bramlett</field><field name="composer_ss">Leon Russell</field><field name="composer.Count">4</field></doc><doc><field name="name">Because Of Love</field><field name="id">http://www.semanticweb.org/tedsullivan/ontologies/2015/5/music-10#Because_Of_Love</field><field name="Composition_Type.Length">4</field><field name="verb_ss">composed</field><field name="verb_ss">written</field><field name="verb_ss">authored</field><field name="verb_ss">wrote</field><field name="path">/Composition/Song/Because Of Love</field><field name="Composition_Type">Song</field><field name="verb_ss.Length">5</field><field name="verb_ss.MaximumLength"></field><field name="Composition_Type.MaximumLength"></field></doc><doc><field name="name">Come Go With Me</field><field name="id">http://www.semanticweb.org/tedsullivan/ontologies/2015/5/music-10#Come_Go_With_Me</field><field name="related_entity1_ss">The Del-Vikings</field><field name="composer_ss.MaximumLength"></field><field name="path">/Composition/Song/Come Go With Me</field><field name="Composition_Type">Song</field><field name="composer_ss">Clarence E. Quick</field><field name="original_performer.Length">15</field><field name="original_performer">The Del-Vikings</field><field name="composer_ss.Length">17</field><field name="Composition_Type.Length">4</field><field name="original_performer.MaximumLength"></field><field name="verb_ss">composed</field><field name="verb_ss">written</field><field name="verb_ss">authored</field><field name="verb_ss">wrote</field><field name="genres_ss">Rock</field><field name="genres_ss">Doo Wop</field><field name="verb_ss.Length">5</field><field name="verb_ss.MaximumLength"></field><field name="Composition_Type.MaximumLength"></field></doc><doc><field name="name">Far Away Eyes</field><field name="id">http://www.semanticweb.org/tedsullivan/ontologies/2015/5/music-10#Far_Away_Eyes</field><field name="related_entity1_ss">Rolling Stones</field><field name="composer_ss.MaximumLength"></field><field name="hasGenre.Count">4</field><field name="path">/Composition/Song/Far Away Eyes</field><field name="Composition_Type">Song</field><field name="composer_ss">Keith Richards</field><field name="composer_ss">Mick Jagger</field><field name="original_performer.Length">14</field><field name="original_performer">Rolling Stones</field><field name="composer_ss.Length">11</field><field name="Composition_Type.Length">4</field><field name="original_performer.MaximumLength"></field><field name="verb_ss">composed</field><field name="verb_ss">written</field><field name="verb_ss">authored</field><field name="verb_ss">wrote</field><field name="genres_ss">Blues</field><field name="genres_ss">Blues Rock</field><field name="genres_ss">Rock</field><field name="genres_ss">Country</field><field name="genres_ss">Country Rock</field><field name="verb_ss.Length">5</field><field name="verb_ss.MaximumLength"></field><field name="Composition_Type.MaximumLength"></field><field name="composer.Count">4</field></doc><doc><field name="name">Love Will Tear Us Apart</field><field name="id">http://www.semanticweb.org/tedsullivan/ontologies/2015/5/music-10#Love_Will_Tear_Us_Apart</field><field name="related_entity1_ss">Joy Division</field><field name="composer_ss.MaximumLength"></field><field name="path">/Composition/Song/Love Will Tear Us Apart</field><field name="Composition_Type">Song</field><field name="composer_ss">Bernard Sumner</field><field name="composer_ss">Ian Curtis</field><field name="composer_ss">Peter Hook</field><field name="composer_ss">Stephen Morris</field><field name="original_performer.Length">12</field><field name="original_performer">Joy Division</field><field name="composer_ss.Length">14</field><field name="Composition_Type.Length">4</field><field name="original_performer.MaximumLength"></field><field name="verb_ss">composed</field><field name="verb_ss">written</field><field name="verb_ss">authored</field><field name="verb_ss">wrote</field><field name="verb_ss.Length">5</field><field name="verb_ss.MaximumLength"></field><field name="Composition_Type.MaximumLength"></field><field name="composer.Count">8</field></doc><doc><field name="name">When My Sugar Walks Down the Street</field><field name="id">http://www.semanticweb.org/tedsullivan/ontologies/2015/5/music-10#When_My_Sugar_Walks_Down_the_Street</field><field name="composer_ss.Length">12</field><field name="Composition_Type.Length">4</field><field name="composer_ss.MaximumLength"></field><field name="verb_ss">composed</field><field name="verb_ss">written</field><field name="verb_ss">authored</field><field name="verb_ss">wrote</field><field name="path">/Composition/Song/When My Sugar Walks Down the Street</field><field name="Composition_Type">Song</field><field name="verb_ss.Length">5</field><field name="verb_ss.MaximumLength"></field><field name="Composition_Type.MaximumLength"></field><field name="composer_ss">Gene Austin</field><field name="composer_ss">Irving Mills</field><field name="composer_ss">Jimmy McHugh</field><field name="composer.Count">6</field></doc><doc><field name="name">William, It Was Really Nothing</field><field name="id">http://www.semanticweb.org/tedsullivan/ontologies/2015/5/music-10#William_It_Was_Really_Nothing</field><field name="hasPerformer_ss">The Smiths</field><field name="performers.Length">11</field><field name="composer_ss.MaximumLength"></field><field name="hasPerformer_ss.Length">10</field><field name="path">/Composition/Song/William, It Was Really Nothing</field><field name="Composition_Type">Song</field><field name="composer_ss">Johnny Marr</field><field name="composer_ss">Morrissey</field><field name="composer_ss.Length">9</field><field name="performers.MaximumLength"></field><field name="Composition_Type.Length">4</field><field name="verb_ss">composed</field><field name="verb_ss">written</field><field name="verb_ss">authored</field><field name="verb_ss">wrote</field><field name="verb_ss.Length">5</field><field name="verb_ss.MaximumLength"></field><field name="Composition_Type.MaximumLength"></field><field name="composer.Count">4</field><field name="hasPerformer_ss.MaximumLength"></field></doc><doc><field name="name">Do It Good</field><field name="id">http://www.semanticweb.org/tedsullivan/ontologies/2015/5/music-10#Do_It_Good</field><field name="composer_ss.Length">12</field><field name="related_entity1_ss">Bill Withers</field><field name="Composition_Type.Length">4</field><field name="composer_ss.MaximumLength"></field><field name="original_performer.MaximumLength"></field><field name="verb_ss">composed</field><field name="verb_ss">written</field><field name="verb_ss">authored</field><field name="verb_ss">wrote</field><field name="path">/Composition/Song/Do It Good</field><field name="Composition_Type">Song</field><field name="verb_ss.Length">5</field><field name="verb_ss.MaximumLength"></field><field name="Composition_Type.MaximumLength"></field><field name="composer_ss">Bill Withers</field><field name="original_performer.Length">12</field><field name="original_performer">Bill Withers</field></doc><doc><field name="name">Oh Suzi Q</field><field name="id">http://www.semanticweb.org/tedsullivan/ontologies/2015/5/music-10#Oh_Suzi_Q</field><field name="composer_ss.Length">11</field><field name="related_entity1_ss">Suzi Quatro</field><field name="Composition_Type.Length">4</field><field name="composer_ss.MaximumLength"></field><field name="original_performer.MaximumLength"></field><field name="verb_ss">composed</field><field name="verb_ss">written</field><field name="verb_ss">authored</field><field name="verb_ss">wrote</field><field name="path">/Composition/Song/Oh Suzi Q</field><field name="Composition_Type">Song</field><field name="verb_ss.Length">5</field><field name="verb_ss.MaximumLength"></field><field name="Composition_Type.MaximumLength"></field><field name="composer_ss">Suzi Quatro</field><field name="original_performer.Length">11</field><field name="original_performer">Suzi Quatro</field></doc><doc><field name="name">Livery Stable Blues</field><field name="id">http://www.semanticweb.org/tedsullivan/ontologies/2015/5/music-10#Livery_Stable_Blues</field><field name="composer_ss.Length">28</field><field name="Composition_Type.Length">4</field><field name="composer_ss.MaximumLength"></field><field name="verb_ss">composed</field><field name="verb_ss">written</field><field name="verb_ss">authored</field><field name="verb_ss">wrote</field><field name="path">/Composition/Song/Livery Stable Blues</field><field name="Composition_Type">Song</field><field name="verb_ss.Length">5</field><field name="verb_ss.MaximumLength"></field><field name="Composition_Type.MaximumLength"></field><field name="composer_ss">Original Dixieland Jass Band</field></doc><doc><field name="name">Don't Leave Me Now</field><field name="id">http://www.semanticweb.org/tedsullivan/ontologies/2015/5/music-10#Dont_Leave_Me_Now</field><field name="related_entity1_ss">Pink Floyd</field><field name="composer_ss.MaximumLength"></field><field name="path">/Composition/Song/Don't Leave Me Now</field><field name="Composition_Type">Song</field><field name="composer_ss">Roger Waters</field><field name="original_performer.Length">10</field><field name="original_performer">Pink Floyd</field><field name="composer_ss.Length">12</field><field name="Composition_Type.Length">4</field><field name="original_performer.MaximumLength"></field><field name="verb_ss">composed</field><field name="verb_ss">written</field><field name="verb_ss">authored</field><field name="verb_ss">wrote</field><field name="genres_ss">Rock</field><field name="genres_ss">Progressive Rock</field><field name="verb_ss.Length">5</field><field name="verb_ss.MaximumLength"></field><field name="Composition_Type.MaximumLength"></field></doc><doc><field name="name">Tiny Dancer</field><field name="id">http://www.semanticweb.org/tedsullivan/ontologies/2015/5/music-10#Tiny_Dancer</field><field name="related_entity1_ss">Elton John</field><field name="composer_ss.MaximumLength"></field><field name="path">/Composition/Song/Tiny Dancer</field><field name="Composition_Type">Song</field><field name="composer_ss">Bernie Taupin</field><field name="composer_ss">Elton John</field><field name="original_performer.Length">10</field><field name="original_performer">Elton John</field><field name="composer_ss.Length">10</field><field name="Composition_Type.Length">4</field><field name="original_performer.MaximumLength"></field><field name="verb_ss">composed</field><field name="verb_ss">written</field><field name="verb_ss">authored</field><field name="verb_ss">wrote</field><field name="genres_ss">Rock</field><field name="verb_ss.Length">5</field><field name="verb_ss.MaximumLength"></field><field name="Composition_Type.MaximumLength"></field><field name="composer.Count">4</field></doc><doc><field name="name">Reason to Believe</field><field name="id">http://www.semanticweb.org/tedsullivan/ontologies/2015/5/music-10#Reason_to_Believe</field><field name="hasPerformer_ss">Rod Stewart</field><field name="hasPerformer_ss">The Carpenters</field><field name="performers.Length">15</field><field name="composer_ss.MaximumLength"></field><field name="hasPerformer_ss.Length">14</field><field name="hasPerformer.Count">4</field><field name="path">/Composition/Song/Reason to Believe</field><field name="Composition_Type">Song</field><field name="composer_ss">Tim Hardin</field><field name="composer_ss.Length">10</field><field name="performers.MaximumLength"></field><field name="Composition_Type.Length">4</field><field name="verb_ss">composed</field><field name="verb_ss">written</field><field name="verb_ss">authored</field><field name="verb_ss">wrote</field><field name="verb_ss.Length">5</field><field name="verb_ss.MaximumLength"></field><field name="Composition_Type.MaximumLength"></field><field name="hasPerformer_ss.MaximumLength"></field></doc><doc><field name="name">Leader Of The Pack</field><field name="id">http://www.semanticweb.org/tedsullivan/ontologies/2015/5/music-10#Leader_Of_The_Pack</field><field name="composer_ss.Length">22</field><field name="hasPerformer_ss">The Shangri-Las</field><field name="Composition_Type.Length">4</field><field name="composer_ss.MaximumLength"></field><field name="hasPerformer_ss.Length">15</field><field name="verb_ss">composed</field><field name="verb_ss">written</field><field name="verb_ss">authored</field><field name="verb_ss">wrote</field><field name="path">/Composition/Song/Leader Of The Pack</field><field name="Composition_Type">Song</field><field name="verb_ss.Length">5</field><field name="verb_ss.MaximumLength"></field><field name="Composition_Type.MaximumLength"></field><field name="composer_ss">George 'Shadow' Morton</field><field name="hasPerformer_ss.MaximumLength"></field></doc><doc><field name="name">Donna Lee</field><field name="id">http://www.semanticweb.org/tedsullivan/ontologies/2015/5/music-10#Donna_Lee</field><field name="composer_ss.Length">11</field><field name="Composition_Type.Length">4</field><field name="composer_ss.MaximumLength"></field><field name="verb_ss">composed</field><field name="verb_ss">written</field><field name="verb_ss">authored</field><field name="verb_ss">wrote</field><field name="path">/Composition/Song/Donna Lee</field><field name="Composition_Type">Song</field><field name="verb_ss.Length">5</field><field name="verb_ss.MaximumLength"></field><field name="Composition_Type.MaximumLength"></field><field name="composer_ss">Miles Davis</field></doc><doc><field name="name">Ooo Baby Baby</field><field name="id">http://www.semanticweb.org/tedsullivan/ontologies/2015/5/music-10#Ooo_Baby_Baby</field><field name="composer_ss.Length">12</field><field name="hasPerformer_ss">Smokey Robinson &amp; the Miracles</field><field name="Composition_Type.Length">4</field><field name="composer_ss.MaximumLength"></field><field name="hasPerformer_ss.Length">30</field><field name="verb_ss">composed</field><field name="verb_ss">written</field><field name="verb_ss">authored</field><field name="verb_ss">wrote</field><field name="path">/Composition/Song/Ooo Baby Baby</field><field name="Composition_Type">Song</field><field name="verb_ss.Length">5</field><field name="verb_ss.MaximumLength"></field><field name="Composition_Type.MaximumLength"></field><field name="composer_ss">Smokey Robinson</field><field name="composer_ss">Warren Moore</field><field name="composer.Count">4</field><field name="hasPerformer_ss.MaximumLength"></field></doc><doc><field name="name">America The Beautiful</field><field name="id">http://www.semanticweb.org/tedsullivan/ontologies/2015/5/music-10#America_The_Beautiful</field><field name="Composition_Type.Length">4</field><field name="verb_ss">composed</field><field name="verb_ss">written</field><field name="verb_ss">authored</field><field name="verb_ss">wrote</field><field name="path">/Composition/Song/America The Beautiful</field><field name="Composition_Type">Song</field><field name="verb_ss.Length">5</field><field name="verb_ss.MaximumLength"></field><field name="Composition_Type.MaximumLength"></field></doc><doc><field name="name">Temporary Like Achilles</field><field name="id">http://www.semanticweb.org/tedsullivan/ontologies/2015/5/music-10#Temporary_Like_Achilles</field><field name="related_entity1_ss">Bob Dylan</field><field name="composer_ss.MaximumLength"></field><field name="path">/Composition/Song/Temporary Like Achilles</field><field name="Composition_Type">Song</field><field name="composer_ss">Bob Dylan</field><field name="original_performer.Length">9</field><field name="original_performer">Bob Dylan</field><field name="composer_ss.Length">9</field><field name="Composition_Type.Length">4</field><field name="original_performer.MaximumLength"></field><field name="verb_ss">composed</field><field name="verb_ss">written</field><field name="verb_ss">authored</field><field name="verb_ss">wrote</field><field name="genres_ss">Folk</field><field name="genres_ss">Folk Rock</field><field name="genres_ss">Rock</field><field name="verb_ss.Length">5</field><field name="verb_ss.MaximumLength"></field><field name="Composition_Type.MaximumLength"></field></doc><doc><field name="name">Chest Fever</field><field name="id">http://www.semanticweb.org/tedsullivan/ontologies/2015/5/music-10#Chest_Fever</field><field name="composer_ss.Length">16</field><field name="related_entity1_ss">The Band</field><field name="Composition_Type.Length">4</field><field name="composer_ss.MaximumLength"></field><field name="original_performer.MaximumLength"></field><field name="verb_ss">composed</field><field name="verb_ss">written</field><field name="verb_ss">authored</field><field name="verb_ss">wrote</field><field name="path">/Composition/Song/Chest Fever</field><field name="Composition_Type">Song</field><field name="verb_ss.Length">5</field><field name="verb_ss.MaximumLength"></field><field name="Composition_Type.MaximumLength"></field><field name="composer_ss">Robbie Robertson</field><field name="original_performer.Length">8</field><field name="original_performer">The Band</field></doc><doc><field name="name">I Got A Woman</field><field name="id">http://www.semanticweb.org/tedsullivan/ontologies/2015/5/music-10#I_Got_A_Woman</field><field name="related_entity1_ss">Jerry Wexler</field><field name="related_entity1_ss">Ray Charles</field><field name="composer_ss.MaximumLength"></field><field name="path">/Composition/Song/I Got A Woman</field><field name="Composition_Type">Song</field><field name="composer_ss">Ray Charles</field><field name="composer_ss">Renald Richard</field><field name="original_performer.Length">11</field><field name="original_performer">Ray Charles</field><field name="composer_ss.Length">14</field><field name="Composition_Type.Length">4</field><field name="original_performer.MaximumLength"></field><field name="verb_ss">composed</field><field name="verb_ss">written</field><field name="verb_ss">authored</field><field name="verb_ss">wrote</field><field name="genres_ss">R&amp;B</field><field name="verb_ss.Length">5</field><field name="verb_ss.MaximumLength"></field><field name="Composition_Type.MaximumLength"></field><field name="composer.Count">4</field></doc><doc><field name="name">Birk's Works</field><field name="id">http://www.semanticweb.org/tedsullivan/ontologies/2015/5/music-10#Birks_Works</field><field name="Composition_Type.Length">4</field><field name="verb_ss">composed</field><field name="verb_ss">written</field><field name="verb_ss">authored</field><field name="verb_ss">wrote</field><field name="path">/Composition/Song/Birk's Works</field><field name="Composition_Type">Song</field><field name="verb_ss.Length">5</field><field name="verb_ss.MaximumLength"></field><field name="Composition_Type.MaximumLength"></field></doc><doc><field name="name">Good Lovin,'</field><field name="id">http://www.semanticweb.org/tedsullivan/ontologies/2015/5/music-10#Good_Lovin</field><field name="composer_ss.Length">10</field><field name="Composition_Type.Length">4</field><field name="composer_ss.MaximumLength"></field><field name="verb_ss">composed</field><field name="verb_ss">written</field><field name="verb_ss">authored</field><field name="verb_ss">wrote</field><field name="path">/Composition/Song/Good Lovin,'</field><field name="Composition_Type">Song</field><field name="verb_ss.Length">5</field><field name="verb_ss.MaximumLength"></field><field name="Composition_Type.MaximumLength"></field><field name="composer_ss">Arthur Resnick</field><field name="composer_ss">Rudy Clark</field><field name="composer.Count">4</field></doc><doc><field name="name">Southampton Dock</field><field name="id">http://www.semanticweb.org/tedsullivan/ontologies/2015/5/music-10#Southampton_Dock</field><field name="related_entity1_ss">Pink Floyd</field><field name="composer_ss.MaximumLength"></field><field name="path">/Composition/Song/Southampton Dock</field><field name="Composition_Type">Song</field><field name="composer_ss">Roger Waters</field><field name="original_performer.Length">10</field><field name="original_performer">Pink Floyd</field><field name="composer_ss.Length">12</field><field name="Composition_Type.Length">4</field><field name="original_performer.MaximumLength"></field><field name="verb_ss">composed</field><field name="verb_ss">written</field><field name="verb_ss">authored</field><field name="verb_ss">wrote</field><field name="genres_ss">Rock</field><field name="genres_ss">Progressive Rock</field><field name="verb_ss.Length">5</field><field name="verb_ss.MaximumLength"></field><field name="Composition_Type.MaximumLength"></field></doc><doc><field name="name">The Motorcycle Song</field><field name="id">http://www.semanticweb.org/tedsullivan/ontologies/2015/5/music-10#The_Motorcycle_Song</field><field name="related_entity1_ss">Arlo Guthrie</field><field name="composer_ss.MaximumLength"></field><field name="path">/Composition/Song/The Motorcycle Song</field><field name="Composition_Type">Song</field><field name="composer_ss">Arlo Guthrie</field><field name="original_performer.Length">12</field><field name="original_performer">Arlo Guthrie</field><field name="composer_ss.Length">12</field><field name="Composition_Type.Length">4</field><field name="original_performer.MaximumLength"></field><field name="verb_ss">composed</field><field name="verb_ss">written</field><field name="verb_ss">authored</field><field name="verb_ss">wrote</field><field name="genres_ss">Folk</field><field name="genres_ss">Folk Rock</field><field name="genres_ss">Rock</field><field name="verb_ss.Length">5</field><field name="verb_ss.MaximumLength"></field><field name="Composition_Type.MaximumLength"></field></doc><doc><field name="name">Changes in Latitudes, Changes in Attitudes</field><field name="id">http://www.semanticweb.org/tedsullivan/ontologies/2015/5/music-10#Changes_in_Latitudes_Changes_in_Attitudes_-_Song</field><field name="related_entity1_ss">Jimmy Buffett</field><field name="composer_ss.MaximumLength"></field><field name="hasGenre.Count">4</field><field name="path">/Composition/Song/Changes in Latitudes, Changes in Attitudes</field><field name="Composition_Type">Song</field><field name="composer_ss">Jimmy Buffett</field><field name="original_performer.Length">13</field><field name="original_performer">Jimmy Buffett</field><field name="composer_ss.Length">13</field><field name="Composition_Type.Length">4</field><field name="original_performer.MaximumLength"></field><field name="verb_ss">composed</field><field name="verb_ss">written</field><field name="verb_ss">authored</field><field name="verb_ss">wrote</field><field name="genres_ss">Country</field><field name="genres_ss">Country Rock</field><field name="genres_ss">Rock</field><field name="genres_ss">Gulf and Western</field><field name="verb_ss.Length">5</field><field name="verb_ss.MaximumLength"></field><field name="Composition_Type.MaximumLength"></field></doc><doc><field name="name">Lo and Behold</field><field name="id">http://www.semanticweb.org/tedsullivan/ontologies/2015/5/music-10#Lo_and_Behold</field><field name="related_entity1_ss">Bob Dylan</field><field name="related_entity1_ss">The Band</field><field name="composer_ss.MaximumLength"></field><field name="original_performer.Count">2</field><field name="path">/Composition/Song/Lo and Behold</field><field name="Composition_Type">Song</field><field name="composer_ss">Bob Dylan</field><field name="hasPerformer_ss">Bob Dylan</field><field name="hasPerformer_ss">The Band</field><field name="composer_ss.Length">9</field><field name="Composition_Type.Length">4</field><field name="verb_ss">composed</field><field name="verb_ss">written</field><field name="verb_ss">authored</field><field name="verb_ss">wrote</field><field name="genres_ss">Folk</field><field name="genres_ss">Folk Rock</field><field name="genres_ss">Rock</field><field name="verb_ss.Length">5</field><field name="verb_ss.MaximumLength"></field><field name="Composition_Type.MaximumLength"></field></doc><doc><field name="name">Loving Cup</field><field name="id">http://www.semanticweb.org/tedsullivan/ontologies/2015/5/music-10#Loving_Cup</field><field name="related_entity1_ss">Rolling Stones</field><field name="composer_ss.MaximumLength"></field><field name="path">/Composition/Song/Loving Cup</field><field name="Composition_Type">Song</field><field name="composer_ss">Keith Richards</field><field name="composer_ss">Mick Jagger</field><field name="original_performer.Length">14</field><field name="original_performer">Rolling Stones</field><field name="composer_ss.Length">11</field><field name="Composition_Type.Length">4</field><field name="original_performer.MaximumLength"></field><field name="verb_ss">composed</field><field name="verb_ss">written</field><field name="verb_ss">authored</field><field name="verb_ss">wrote</field><field name="verb_ss.Length">5</field><field name="verb_ss.MaximumLength"></field><field name="Composition_Type.MaximumLength"></field><field name="composer.Count">4</field></doc><doc><field name="name">Autumn In New York</field><field name="id">http://www.semanticweb.org/tedsullivan/ontologies/2015/5/music-10#Autumn_in_New_York</field><field name="composer_ss.Length">11</field><field name="Composition_Type.Length">4</field><field name="composer_ss.MaximumLength"></field><field name="verb_ss">composed</field><field name="verb_ss">written</field><field name="verb_ss">authored</field><field name="verb_ss">wrote</field><field name="path">/Composition/Song/Autumn In New York</field><field name="Composition_Type">Song</field><field name="genres_ss">Jazz</field><field name="verb_ss.Length">5</field><field name="verb_ss.MaximumLength"></field><field name="Composition_Type.MaximumLength"></field><field name="composer_ss">Vernon Duke</field></doc><doc><field name="name">Just A Gigolo</field><field name="id">http://www.semanticweb.org/tedsullivan/ontologies/2015/5/music-10#Just_a_Gigolo</field><field name="composer_ss.Length">16</field><field name="Composition_Type.Length">4</field><field name="composer_ss.MaximumLength"></field><field name="verb_ss">composed</field><field name="verb_ss">written</field><field name="verb_ss">authored</field><field name="verb_ss">wrote</field><field name="path">/Composition/Song/Just A Gigolo</field><field name="Composition_Type">Song</field><field name="genres_ss">Popular</field><field name="verb_ss.Length">5</field><field name="verb_ss.MaximumLength"></field><field name="Composition_Type.MaximumLength"></field><field name="composer_ss">Irving Caesar</field><field name="composer_ss">Julius Brammer</field><field name="composer_ss">Leonello Casucci</field><field name="composer.Count">6</field></doc><doc><field name="name">Riders On The Storm</field><field name="id">http://www.semanticweb.org/tedsullivan/ontologies/2015/5/music-10#Riders_On_The_Storm</field><field name="related_entity1_ss">Doors</field><field name="composer_ss.MaximumLength"></field><field name="path">/Composition/Song/Riders On The Storm</field><field name="Composition_Type">Song</field><field name="composer_ss">Jim Morrison</field><field name="composer_ss">John Densmore</field><field name="composer_ss">Ray Manzarek</field><field name="composer_ss">Robby Krieger</field><field name="original_performer.Length">5</field><field name="original_performer">Doors</field><field name="composer_ss.Length">13</field><field name="Composition_Type.Length">4</field><field name="original_performer.MaximumLength"></field><field name="verb_ss">composed</field><field name="verb_ss">written</field><field name="verb_ss">authored</field><field name="verb_ss">wrote</field><field name="verb_ss.Length">5</field><field name="verb_ss.MaximumLength"></field><field name="Composition_Type.MaximumLength"></field><field name="composer.Count">8</field></doc><doc><field name="name">Adam Raised A Cain</field><field name="id">http://www.semanticweb.org/tedsullivan/ontologies/2015/5/music-10#Adam_Raised_A_Cain</field><field name="related_entity1_ss">Bruce Springsteen</field><field name="composer_ss.MaximumLength"></field><field name="path">/Composition/Song/Adam Raised A Cain</field><field name="Composition_Type">Song</field><field name="composer_ss">Bruce Springsteen</field><field name="original_performer.Length">17</field><field name="original_performer">Bruce Springsteen</field><field name="composer_ss.Length">17</field><field name="Composition_Type.Length">4</field><field name="original_performer.MaximumLength"></field><field name="verb_ss">composed</field><field name="verb_ss">written</field><field name="verb_ss">authored</field><field name="verb_ss">wrote</field><field name="genres_ss">Rock</field><field name="verb_ss.Length">5</field><field name="verb_ss.MaximumLength"></field><field name="Composition_Type.MaximumLength"></field></doc><doc><field name="name">Colour My World</field><field name="id">http://www.semanticweb.org/tedsullivan/ontologies/2015/5/music-10#Colour_My_World</field><field name="related_entity1_ss">Chicago</field><field name="composer_ss.MaximumLength"></field><field name="path">/Composition/Song/Colour My World</field><field name="Composition_Type">Song</field><field name="composer_ss">James Pankow</field><field name="original_performer.Length">7</field><field name="original_performer">Chicago</field><field name="composer_ss.Length">12</field><field name="Composition_Type.Length">4</field><field name="original_performer.MaximumLength"></field><field name="verb_ss">composed</field><field name="verb_ss">written</field><field name="verb_ss">authored</field><field name="verb_ss">wrote</field><field name="genres_ss">Rock</field><field name="verb_ss.Length">5</field><field name="verb_ss.MaximumLength"></field><field name="Composition_Type.MaximumLength"></field></doc><doc><field name="name">A Woman's Place</field><field name="id">http://www.semanticweb.org/tedsullivan/ontologies/2015/5/music-10#A_Womans_Place</field><field name="related_entity1_ss">Gilbert O'Sullivan</field><field name="composer_ss.MaximumLength"></field><field name="path">/Composition/Song/A Woman's Place</field><field name="Composition_Type">Song</field><field name="composer_ss">Gilbert O'Sullivan</field><field name="original_performer.Length">18</field><field name="original_performer">Gilbert O'Sullivan</field><field name="composer_ss.Length">18</field><field name="Composition_Type.Length">4</field><field name="original_performer.MaximumLength"></field><field name="verb_ss">composed</field><field name="verb_ss">written</field><field name="verb_ss">authored</field><field name="verb_ss">wrote</field><field name="genres_ss">Rock</field><field name="genres_ss">Soft Rock</field><field name="verb_ss.Length">5</field><field name="verb_ss.MaximumLength"></field><field name="Composition_Type.MaximumLength"></field></doc><doc><field name="name">Sonny Boy</field><field name="id">http://www.semanticweb.org/tedsullivan/ontologies/2015/5/music-10#Sonny_Boy</field><field name="composer_ss.Length">13</field><field name="hasPerformer_ss">Al Jolson</field><field name="Composition_Type.Length">4</field><field name="composer_ss.MaximumLength"></field><field name="hasPerformer_ss.Length">9</field><field name="verb_ss">composed</field><field name="verb_ss">written</field><field name="verb_ss">authored</field><field name="verb_ss">wrote</field><field name="path">/Composition/Song/Sonny Boy</field><field name="Composition_Type">Song</field><field name="verb_ss.Length">5</field><field name="verb_ss.MaximumLength"></field><field name="Composition_Type.MaximumLength"></field><field name="composer_ss">Buddy DeSylva</field><field name="composer_ss">Lew Brown</field><field name="composer_ss">Ray Henderson</field><field name="composer.Count">6</field><field name="hasPerformer_ss.MaximumLength"></field></doc><doc><field name="name">Act Of War</field><field name="id">http://www.semanticweb.org/tedsullivan/ontologies/2015/5/music-10#Act_of_War</field><field name="composer_ss.Length">10</field><field name="Composition_Type.Length">4</field><field name="composer_ss.MaximumLength"></field><field name="lyricist_ss.MaximumLength"></field><field name="verb_ss">composed</field><field name="verb_ss">written</field><field name="verb_ss">authored</field><field name="verb_ss">wrote</field><field name="path">/Composition/Song/Act Of War</field><field name="lyricist_ss.Length">13</field><field name="Composition_Type">Song</field><field name="lyricist_ss">Bernie Taupin</field><field name="verb_ss.Length">5</field><field name="verb_ss.MaximumLength"></field><field name="Composition_Type.MaximumLength"></field><field name="composer_ss">Elton John</field></doc><doc><field name="name">I'm In Love With My Car</field><field name="id">http://www.semanticweb.org/tedsullivan/ontologies/2015/5/music-10#Im_In_Love_With_My_Car</field><field name="related_entity1_ss">Queen</field><field name="composer_ss.MaximumLength"></field><field name="path">/Composition/Song/I'm In Love With My Car</field><field name="Composition_Type">Song</field><field name="composer_ss">Roger Taylor</field><field name="original_performer.Length">5</field><field name="original_performer">Queen</field><field name="composer_ss.Length">12</field><field name="Composition_Type.Length">4</field><field name="original_performer.MaximumLength"></field><field name="verb_ss">composed</field><field name="verb_ss">written</field><field name="verb_ss">authored</field><field name="verb_ss">wrote</field><field name="genres_ss">Rock</field><field name="genres_ss">Hard Rock</field><field name="verb_ss.Length">5</field><field name="verb_ss.MaximumLength"></field><field name="Composition_Type.MaximumLength"></field></doc><doc><field name="name">Let's Stay Together</field><field name="id">http://www.semanticweb.org/tedsullivan/ontologies/2015/5/music-10#Lets_Stay_Together</field><field name="related_entity1_ss">Al Green</field><field name="composer_ss.MaximumLength"></field><field name="path">/Composition/Song/Let's Stay Together</field><field name="Composition_Type">Song</field><field name="composer_ss">Al Green</field><field name="composer_ss">Al Jackson Jr.</field><field name="composer_ss">Willie Mitchell</field><field name="original_performer.Length">8</field><field name="original_performer">Al Green</field><field name="composer_ss.Length">15</field><field name="Composition_Type.Length">4</field><field name="original_performer.MaximumLength"></field><field name="verb_ss">composed</field><field name="verb_ss">written</field><field name="verb_ss">authored</field><field name="verb_ss">wrote</field><field name="verb_ss.Length">5</field><field name="verb_ss.MaximumLength"></field><field name="Composition_Type.MaximumLength"></field><field name="composer.Count">6</field></doc><doc><field name="name">Too Many Tears</field><field name="id">http://www.semanticweb.org/tedsullivan/ontologies/2015/5/music-10#Too_Many_Tears</field><field name="related_entity1_ss">Tom Hambridge</field><field name="related_entity1_ss">Derek Trucks</field><field name="related_entity1_ss">Susan Tedeschi</field><field name="related_entity1_ss">Buddy Guy</field><field name="hasPerformer_ss">Buddy Guy</field><field name="composer_ss.MaximumLength"></field><field name="hasPerformer_ss.Length">9</field><field name="original_performer.Count">4</field><field name="path">/Composition/Song/Too Many Tears</field><field name="Composition_Type">Song</field><field name="composer_ss">Tom Hambridge</field><field name="hasPerformer_ss">Buddy Guy</field><field name="hasPerformer_ss">Derek Trucks</field><field name="hasPerformer_ss">Susan Tedeschi</field><field name="hasPerformer_ss">Tom Hambridge</field><field name="composer_ss.Length">13</field><field name="Composition_Type.Length">4</field><field name="verb_ss">composed</field><field name="verb_ss">written</field><field name="verb_ss">authored</field><field name="verb_ss">wrote</field><field name="genres_ss">Blues</field><field name="verb_ss.Length">5</field><field name="verb_ss.MaximumLength"></field><field name="Composition_Type.MaximumLength"></field><field name="hasPerformer_ss.MaximumLength"></field></doc><doc><field name="name">Watermelon Man</field><field name="id">http://www.semanticweb.org/tedsullivan/ontologies/2015/5/music-10#Watermelon_Man</field><field name="composer_ss.Length">14</field><field name="Composition_Type.Length">4</field><field name="composer_ss.MaximumLength"></field><field name="verb_ss">composed</field><field name="verb_ss">written</field><field name="verb_ss">authored</field><field name="verb_ss">wrote</field><field name="path">/Composition/Song/Watermelon Man</field><field name="Composition_Type">Song</field><field name="verb_ss.Length">5</field><field name="verb_ss.MaximumLength"></field><field name="Composition_Type.MaximumLength"></field><field name="composer_ss">Herbie Hancock</field></doc><doc><field name="name">Ever Present Past</field><field name="id">http://www.semanticweb.org/tedsullivan/ontologies/2015/5/music-10#Ever_Present_Past</field><field name="composer_ss.Length">14</field><field name="hasPerformer_ss">Paul McCartney</field><field name="Composition_Type.Length">4</field><field name="composer_ss.MaximumLength"></field><field name="hasPerformer_ss.Length">14</field><field name="verb_ss">composed</field><field name="verb_ss">written</field><field name="verb_ss">authored</field><field name="verb_ss">wrote</field><field name="path">/Composition/Song/Ever Present Past</field><field name="Composition_Type">Song</field><field name="verb_ss.Length">5</field><field name="verb_ss.MaximumLength"></field><field name="Composition_Type.MaximumLength"></field><field name="composer_ss">Paul McCartney</field><field name="hasPerformer_ss.MaximumLength"></field></doc><doc><field name="name">Proud Mary</field><field name="id">http://www.semanticweb.org/tedsullivan/ontologies/2015/5/music-10#Proud_Mary</field><field name="related_entity1_ss">Creedence Clearwater Revival</field><field name="composer_ss.MaximumLength"></field><field name="path">/Composition/Song/Proud Mary</field><field name="Composition_Type">Song</field><field name="composer_ss">John Fogerty</field><field name="original_performer.Length">28</field><field name="original_performer">Creedence Clearwater Revival</field><field name="composer_ss.Length">12</field><field name="Composition_Type.Length">4</field><field name="original_performer.MaximumLength"></field><field name="verb_ss">composed</field><field name="verb_ss">written</field><field name="verb_ss">authored</field><field name="verb_ss">wrote</field><field name="genres_ss">Rock</field><field name="verb_ss.Length">5</field><field name="verb_ss.MaximumLength"></field><field name="Composition_Type.MaximumLength"></field></doc><doc><field name="name">Cocaine</field><field name="id">http://www.semanticweb.org/tedsullivan/ontologies/2015/5/music-10#Cocaine</field><field name="related_entity1_ss">J. J. Cale</field><field name="composer_ss.MaximumLength"></field><field name="path">/Composition/Song/Cocaine</field><field name="Composition_Type">Song</field><field name="composer_ss">Country Rock</field><field name="composer_ss">J. J. Cale</field><field name="original_performer.Length">10</field><field name="original_performer">J. J. Cale</field><field name="composer_ss.Length">10</field><field name="Composition_Type.Length">4</field><field name="original_performer.MaximumLength"></field><field name="verb_ss">composed</field><field name="verb_ss">written</field><field name="verb_ss">authored</field><field name="verb_ss">wrote</field><field name="verb_ss.Length">5</field><field name="verb_ss.MaximumLength"></field><field name="Composition_Type.MaximumLength"></field><field name="composer.Count">4</field></doc><doc><field name="name">Love Potion No. 9</field><field name="id">http://www.semanticweb.org/tedsullivan/ontologies/2015/5/music-10#Love_Potion_No._9</field><field name="composer_ss.Length">12</field><field name="Composition_Type.Length">4</field><field name="composer_ss.MaximumLength"></field><field name="verb_ss">composed</field><field name="verb_ss">written</field><field name="verb_ss">authored</field><field name="verb_ss">wrote</field><field name="path">/Composition/Song/Love Potion No. 9</field><field name="Composition_Type">Song</field><field name="genres_ss">Rock</field><field name="genres_ss">Doo Wop</field><field name="verb_ss.Length">5</field><field name="verb_ss.MaximumLength"></field><field name="Composition_Type.MaximumLength"></field><field name="composer_ss">Jerry Leiber</field><field name="composer_ss">Mike Stoller</field><field name="composer.Count">4</field></doc><doc><field name="name">Love You To</field><field name="id">http://www.semanticweb.org/tedsullivan/ontologies/2015/5/music-10#Love_You_To</field><field name="related_entity1_ss">Beatles</field><field name="composer_ss.MaximumLength"></field><field name="path">/Composition/Song/Love You To</field><field name="Composition_Type">Song</field><field name="composer_ss">George Harrison</field><field name="original_performer.Length">7</field><field name="original_performer">Beatles</field><field name="composer_ss.Length">15</field><field name="Composition_Type.Length">4</field><field name="original_performer.MaximumLength"></field><field name="verb_ss">composed</field><field name="verb_ss">written</field><field name="verb_ss">authored</field><field name="verb_ss">wrote</field><field name="genres_ss">Rock</field><field name="genres_ss">Rock &amp; Roll</field><field name="verb_ss.Length">5</field><field name="verb_ss.MaximumLength"></field><field name="Composition_Type.MaximumLength"></field></doc><doc><field name="name">All I Can Do</field><field name="id">http://www.semanticweb.org/tedsullivan/ontologies/2015/5/music-10#All_I_Can_Do</field><field name="related_entity1_ss">Dolly Parton</field><field name="composer_ss.MaximumLength"></field><field name="path">/Composition/Song/All I Can Do</field><field name="Composition_Type">Song</field><field name="composer_ss">Dolly Parton</field><field name="original_performer.Length">12</field><field name="original_performer">Dolly Parton</field><field name="composer_ss.Length">12</field><field name="Composition_Type.Length">4</field><field name="original_performer.MaximumLength"></field><field name="verb_ss">composed</field><field name="verb_ss">written</field><field name="verb_ss">authored</field><field name="verb_ss">wrote</field><field name="genres_ss">Country</field><field name="verb_ss.Length">5</field><field name="verb_ss.MaximumLength"></field><field name="Composition_Type.MaximumLength"></field></doc><doc><field name="name">Leap Frog</field><field name="id">http://www.semanticweb.org/tedsullivan/ontologies/2015/5/music-10#Leap_Frog</field><field name="hasPerformer_ss">Les Brown and his Band Of Renown</field><field name="Composition_Type.Length">4</field><field name="hasPerformer_ss.Length">32</field><field name="verb_ss">composed</field><field name="verb_ss">written</field><field name="verb_ss">authored</field><field name="verb_ss">wrote</field><field name="path">/Composition/Song/Leap Frog</field><field name="Composition_Type">Song</field><field name="verb_ss.Length">5</field><field name="verb_ss.MaximumLength"></field><field name="Composition_Type.MaximumLength"></field><field name="hasPerformer_ss.MaximumLength"></field></doc><doc><field name="name">Night Flight</field><field name="id">http://www.semanticweb.org/tedsullivan/ontologies/2015/5/music-10#Night_Flight</field><field name="composer_ss.Length">12</field><field name="Composition_Type.Length">4</field><field name="composer_ss.MaximumLength"></field><field name="verb_ss">composed</field><field name="verb_ss">written</field><field name="verb_ss">authored</field><field name="verb_ss">wrote</field><field name="path">/Composition/Song/Night Flight</field><field name="Composition_Type">Song</field><field name="genres_ss">Rock</field><field name="verb_ss.Length">5</field><field name="verb_ss.MaximumLength"></field><field name="Composition_Type.MaximumLength"></field><field name="composer_ss">Jimmy Page</field><field name="composer_ss">John Paul Jones</field><field name="composer_ss">Robert Plant</field><field name="composer.Count">6</field></doc><doc><field name="name">Woody'n You</field><field name="id">http://www.semanticweb.org/tedsullivan/ontologies/2015/5/music-10#Woody_n_You</field><field name="composer_ss.Length">15</field><field name="Composition_Type.Length">4</field><field name="composer_ss.MaximumLength"></field><field name="verb_ss">composed</field><field name="verb_ss">written</field><field name="verb_ss">authored</field><field name="verb_ss">wrote</field><field name="path">/Composition/Song/Woody'n You</field><field name="Composition_Type">Song</field><field name="verb_ss.Length">5</field><field name="verb_ss.MaximumLength"></field><field name="Composition_Type.MaximumLength"></field><field name="composer_ss">Dizzy Gillespie</field></doc><doc><field name="name">Your Possible Pasts</field><field name="id">http://www.semanticweb.org/tedsullivan/ontologies/2015/5/music-10#Your_Possible_Pasts</field><field name="related_entity1_ss">Pink Floyd</field><field name="composer_ss.MaximumLength"></field><field name="hasGenre.Count">4</field><field name="path">/Composition/Song/Your Possible Pasts</field><field name="Composition_Type">Song</field><field name="composer_ss">Roger Waters</field><field name="original_performer.Length">10</field><field name="original_performer">Pink Floyd</field><field name="composer_ss.Length">12</field><field name="Composition_Type.Length">4</field><field name="original_performer.MaximumLength"></field><field name="verb_ss">composed</field><field name="verb_ss">written</field><field name="verb_ss">authored</field><field name="verb_ss">wrote</field><field name="genres_ss">Rock</field><field name="genres_ss">Hard Rock</field><field name="genres_ss">Progressive Rock</field><field name="verb_ss.Length">5</field><field name="verb_ss.MaximumLength"></field><field name="Composition_Type.MaximumLength"></field></doc></add>
