<add><doc><field name="name">Ringo Starr</field><field name="id">http://www.semanticweb.org/tedsullivan/ontologies/2015/5/music-10#Ringo_Starr</field><field name="related_entity1_ss">George Harrison</field><field name="related_entity1_ss">John Lennon</field><field name="related_entity1_ss">Paul McCartney</field><field name="memberOfGroup.Count">4</field><field name="memberOfGroup_ss.Length">33</field><field name="related_entity2_ss.Length">15</field><field name="path">/Drummer/Ringo Starr</field><field name="synonym">Richard Starkey</field><field name="memberOfGroup_ss.MaximumLength"></field><field name="related_entity2_ss">Stuart Sutcliffe</field><field name="related_entity2_ss">Pete Best</field><field name="related_entity2_ss">Burton Cummings</field><field name="Musician_Type">Instrumentalist</field><field name="Musician_Type">Drummer</field><field name="genres_ss">Rock</field><field name="memberOfGroup_ss">Beatles</field><field name="memberOfGroup_ss">Ringo Starr and His All-Star Band</field><field name="related_entity2_ss.MaximumLength"></field></doc><doc><field name="name">John Hartman</field><field name="id">http://www.semanticweb.org/tedsullivan/ontologies/2015/5/music-10#John_Hartman</field><field name="related_entity1_ss">Michael Hossack</field><field name="related_entity1_ss">Tom Johnston</field><field name="related_entity1_ss">Tiran Porter</field><field name="related_entity1_ss">Patrick Simmons</field><field name="related_entity2_ss">Michael McDonald</field><field name="memberOfGroup_ss.Length">15</field><field name="related_entity2_ss.Length">16</field><field name="path">/Drummer/John Hartman</field><field name="Musician_Type">Instrumentalist</field><field name="Musician_Type">Drummer</field><field name="memberOfGroup_ss">Doobie Brothers</field><field name="memberOfGroup_ss.MaximumLength"></field><field name="related_entity2_ss.MaximumLength"></field></doc><doc><field name="name">Keith Moon</field><field name="id">http://www.semanticweb.org/tedsullivan/ontologies/2015/5/music-10#Keith_Moon</field><field name="related_entity1_ss">Pete Townshend</field><field name="related_entity1_ss">Roger Daltrey</field><field name="related_entity1_ss">John Entwistle</field><field name="memberOfGroup_ss.Length">7</field><field name="path">/Drummer/Keith Moon</field><field name="Musician_Type">Instrumentalist</field><field name="Musician_Type">Drummer</field><field name="genres_ss">Rock</field><field name="memberOfGroup_ss">The Who</field><field name="memberOfGroup_ss.MaximumLength"></field></doc><doc><field name="name">Matt Abts</field><field name="id">http://www.semanticweb.org/tedsullivan/ontologies/2015/5/music-10#Matt_Abts</field><field name="related_entity1_ss">Warren Haynes</field><field name="related_entity1_ss">Allen Woody</field><field name="memberOfGroup_ss.Length">10</field><field name="path">/Drummer/Matt Abts</field><field name="Musician_Type">Instrumentalist</field><field name="Musician_Type">Drummer</field><field name="genres_ss">Blues</field><field name="genres_ss">Blues Rock</field><field name="genres_ss">Rock</field><field name="memberOfGroup_ss">Gov't Mule</field><field name="memberOfGroup_ss.MaximumLength"></field></doc><doc><field name="name">Dave Weckl</field><field name="id">http://www.semanticweb.org/tedsullivan/ontologies/2015/5/music-10#Dave_Weckl</field><field name="related_entity1_ss">Victor Wooten</field><field name="related_entity1_ss">Eric Marienthal</field><field name="related_entity1_ss">Frank Gambale</field><field name="related_entity1_ss">Chick Corea</field><field name="memberOfGroup_ss.Length">25</field><field name="path">/Drummer/Dave Weckl</field><field name="Musician_Type">Instrumentalist</field><field name="Musician_Type">Drummer</field><field name="genres_ss">Jazz</field><field name="genres_ss">Jazz  Fusion</field><field name="genres_ss">Rock</field><field name="memberOfGroup_ss">Chick Corea Elektric Band</field><field name="memberOfGroup_ss.MaximumLength"></field></doc><doc><field name="name">Jason Cooper</field><field name="id">http://www.semanticweb.org/tedsullivan/ontologies/2015/5/music-10#Jason_Cooper</field><field name="related_entity1_ss">Reeves Gabrels</field><field name="related_entity1_ss">Robert Smith</field><field name="related_entity1_ss">Roger O'Donnell</field><field name="related_entity1_ss">Simon Gallup</field><field name="memberOfGroup_ss.Length">8</field><field name="path">/Drummer/Jason Cooper</field><field name="Musician_Type">Instrumentalist</field><field name="Musician_Type">Drummer</field><field name="memberOfGroup_ss">The Cure</field><field name="memberOfGroup_ss.MaximumLength"></field></doc><doc><field name="name">Tre Cool</field><field name="id">http://www.semanticweb.org/tedsullivan/ontologies/2015/5/music-10#Tre_Cool</field><field name="related_entity1_ss">Billie Joe Armstrong</field><field name="related_entity1_ss">Mike Dirnt</field><field name="memberOfGroup_ss.Length">9</field><field name="path">/Drummer/Tre Cool</field><field name="Musician_Type">Instrumentalist</field><field name="Musician_Type">Drummer</field><field name="memberOfGroup_ss">Green Day</field><field name="memberOfGroup_ss.MaximumLength"></field></doc><doc><field name="name">Gary Powell</field><field name="id">http://www.semanticweb.org/tedsullivan/ontologies/2015/5/music-10#Gary_Powell</field><field name="path">/Drummer/Gary Powell</field><field name="Musician_Type">Instrumentalist</field><field name="Musician_Type">Drummer</field></doc><doc><field name="name">Martin Chambers</field><field name="id">http://www.semanticweb.org/tedsullivan/ontologies/2015/5/music-10#Martin_Chambers</field><field name="related_entity1_ss">Chrissie Hynde</field><field name="related_entity1_ss">James Honeyman-Scott</field><field name="memberOfGroup_ss.Length">14</field><field name="path">/Drummer/Martin Chambers</field><field name="Musician_Type">Instrumentalist</field><field name="Musician_Type">Drummer</field><field name="genres_ss">Rock</field><field name="memberOfGroup_ss">The Pretenders</field><field name="memberOfGroup_ss.MaximumLength"></field></doc><doc><field name="name">Denny Carmassi</field><field name="id">http://www.semanticweb.org/tedsullivan/ontologies/2015/5/music-10#Denny_Carmassi</field><field name="related_entity1_ss">Alan Fitzgerald</field><field name="related_entity1_ss">Ronnie Montrose</field><field name="related_entity2_ss">Sammy Hagar</field><field name="related_entity2_ss">Skip Gillette</field><field name="related_entity2_ss">Jim Alcivar</field><field name="related_entity2_ss">Mitchell Froom</field><field name="related_entity2_ss">Davey Pattison</field><field name="related_entity2_ss">Glenn Letsch</field><field name="related_entity2_ss">Bill Church</field><field name="memberOfGroup.Count">4</field><field name="memberOfGroup_ss.Length">8</field><field name="related_entity2_ss.Length">11</field><field name="path">/Drummer/Denny Carmassi</field><field name="Musician_Type">Instrumentalist</field><field name="Musician_Type">Drummer</field><field name="memberOfGroup_ss">Gamma</field><field name="memberOfGroup_ss">Montrose</field><field name="memberOfGroup_ss.MaximumLength"></field><field name="related_entity2_ss.MaximumLength"></field></doc><doc><field name="name">Cozy Cole</field><field name="id">http://www.semanticweb.org/tedsullivan/ontologies/2015/5/music-10#Cozy_Cole</field><field name="path">/Drummer/Cozy Cole</field><field name="Musician_Type">Instrumentalist</field><field name="Musician_Type">Drummer</field><field name="genres_ss">Jazz</field></doc><doc><field name="name">Garry Peterson</field><field name="id">http://www.semanticweb.org/tedsullivan/ontologies/2015/5/music-10#Garry_Peterson</field><field name="related_entity1_ss">Randy Bachman</field><field name="related_entity2_ss">Fred Turner</field><field name="related_entity2_ss">Burton Cummings</field><field name="related_entity2_ss">Jim Kale</field><field name="memberOfGroup.Count">4</field><field name="memberOfGroup_ss.Length">9</field><field name="related_entity2_ss.Length">8</field><field name="path">/Drummer/Garry Peterson</field><field name="Musician_Type">Instrumentalist</field><field name="Musician_Type">Drummer</field><field name="genres_ss">Rock</field><field name="memberOfGroup_ss">Bachman–Turner Overdrive</field><field name="memberOfGroup_ss">Guess Who</field><field name="memberOfGroup_ss.MaximumLength"></field><field name="related_entity2_ss.MaximumLength"></field></doc><doc><field name="name">Charlie Watts</field><field name="id">http://www.semanticweb.org/tedsullivan/ontologies/2015/5/music-10#Charlie_Watts</field><field name="related_entity1_ss">Brian Jones</field><field name="related_entity1_ss">Bill Wyman</field><field name="related_entity1_ss">Mick Jagger</field><field name="related_entity1_ss">Keith Richards</field><field name="related_entity2_ss">Ian Stewart</field><field name="related_entity2_ss">Ronnie Wood</field><field name="related_entity2_ss">Mick Taylor</field><field name="related_entity2_ss">Phil Spector</field><field name="related_entity2_ss">Howlin' Wolf</field><field name="related_entity2_ss">Steve Winwood</field><field name="related_entity2_ss">Nanker Phelge</field><field name="related_entity2_ss">Eric Clapton</field><field name="memberOfGroup_ss.Length">14</field><field name="related_entity2_ss.Length">12</field><field name="path">/Drummer/Charlie Watts</field><field name="Musician_Type">Instrumentalist</field><field name="Musician_Type">Drummer</field><field name="genres_ss">Rock</field><field name="memberOfGroup_ss">Rolling Stones</field><field name="memberOfGroup_ss.MaximumLength"></field><field name="related_entity2_ss.MaximumLength"></field></doc><doc><field name="name">Mick Fleetwood</field><field name="id">http://www.semanticweb.org/tedsullivan/ontologies/2015/5/music-10#Mick_Fleetwood</field><field name="related_entity1_ss">Christine McVie</field><field name="related_entity1_ss">John McVie</field><field name="related_entity1_ss">Lindsey Buckingham</field><field name="related_entity1_ss">Peter Green</field><field name="related_entity2_ss">Harvey Mandel</field><field name="related_entity2_ss">Tony Reeves</field><field name="related_entity2_ss">John Paulus</field><field name="related_entity2_ss">Hank Van Sickle</field><field name="related_entity2_ss">Don ,",Sugarcane,", Harris</field><field name="related_entity2_ss">Coco Montoya</field><field name="related_entity2_ss">Randy Resnick</field><field name="related_entity2_ss">Ross Appleman</field><field name="related_entity2_ss">Simon Bateman</field><field name="related_entity2_ss">Mick Taylor</field><field name="related_entity2_ss">Victor Gaskin</field><field name="related_entity2_ss">Buddy Whittington</field><field name="related_entity2_ss">Rick Cortes</field><field name="related_entity2_ss">Jack Bruce</field><field name="related_entity2_ss">Kal David</field><field name="related_entity2_ss">Malcolm Poole</field><field name="related_entity2_ss">John Mayall</field><field name="related_entity2_ss">Eric Clapton</field><field name="related_entity2_ss">Andy Fraser</field><field name="related_entity2_ss">Larry Taylor</field><field name="related_entity2_ss">John Weider</field><field name="related_entity2_ss">James Quill Smith</field><field name="related_entity2_ss">Stevie Nicks</field><field name="related_entity2_ss">Abu Talib</field><field name="related_entity2_ss">Kevin McCormick</field><field name="related_entity2_ss">Bernie Watson</field><field name="related_entity2_ss">Roger Dean</field><field name="related_entity2_ss">Geoff Krivet</field><field name="related_entity2_ss">Walter Trout</field><field name="related_entity2_ss">Hughie Flint</field><field name="memberOfGroup.Count">4</field><field name="memberOfGroup_ss.Length">27</field><field name="related_entity2_ss.Length">12</field><field name="path">/Drummer/Mick Fleetwood</field><field name="Musician_Type">Instrumentalist</field><field name="Musician_Type">Drummer</field><field name="genres_ss">Rock</field><field name="memberOfGroup_ss">Fleetwood Mac</field><field name="memberOfGroup_ss">John Mayall's Bluesbreakers</field><field name="memberOfGroup_ss.MaximumLength"></field><field name="related_entity2_ss.MaximumLength"></field></doc><doc><field name="name">Clive Bunker</field><field name="id">http://www.semanticweb.org/tedsullivan/ontologies/2015/5/music-10#Clive_Bunker</field><field name="related_entity1_ss">Martin Barre</field><field name="related_entity1_ss">Jeffrey Hammond</field><field name="related_entity1_ss">Ian Anderson</field><field name="related_entity1_ss">Dave Pegg</field><field name="related_entity1_ss">John Evan</field><field name="related_entity1_ss">Barriemore Barlow</field><field name="related_entity1_ss">Glenn Cornick</field><field name="related_entity1_ss">Doane Perry</field><field name="hasGenre.Count">6</field><field name="memberOfGroup_ss.Length">11</field><field name="path">/Drummer/Clive Bunker</field><field name="Musician_Type">Instrumentalist</field><field name="Musician_Type">Drummer</field><field name="genres_ss">Folk</field><field name="genres_ss">Folk Rock</field><field name="genres_ss">Rock</field><field name="genres_ss">Hard Rock</field><field name="genres_ss">Progressive Rock</field><field name="memberOfGroup_ss">Jethro Tull</field><field name="memberOfGroup_ss.MaximumLength"></field></doc><doc><field name="name">Philly Joe Jones</field><field name="id">http://www.semanticweb.org/tedsullivan/ontologies/2015/5/music-10#Philly_Joe_Jones</field><field name="related_entity1_ss">Red Garland</field><field name="related_entity1_ss">Miles Davis</field><field name="related_entity1_ss">John Coltrane</field><field name="memberOfGroup_ss.Length">19</field><field name="path">/Drummer/Philly Joe Jones</field><field name="Musician_Type">Instrumentalist</field><field name="Musician_Type">Drummer</field><field name="genres_ss">Jazz</field><field name="memberOfGroup_ss">Miles Davis Quintet</field><field name="memberOfGroup_ss.MaximumLength"></field></doc><doc><field name="name">Ed Thigpen</field><field name="id">http://www.semanticweb.org/tedsullivan/ontologies/2015/5/music-10#Ed_Thigpen</field><field name="related_entity1_ss">Ray Brown</field><field name="related_entity1_ss">Oscar Peterson</field><field name="memberOfGroup_ss.Length">19</field><field name="path">/Drummer/Ed Thigpen</field><field name="Musician_Type">Instrumentalist</field><field name="Musician_Type">Drummer</field><field name="memberOfGroup_ss">Oscar Peterson Trio</field><field name="memberOfGroup_ss.MaximumLength"></field></doc><doc><field name="name">W. S. Holland</field><field name="id">http://www.semanticweb.org/tedsullivan/ontologies/2015/5/music-10#W._S._Holland</field><field name="related_entity1_ss">Johnny Cash</field><field name="related_entity1_ss">Luther Perkins</field><field name="related_entity1_ss">Marshall Grant</field><field name="related_entity1_ss">Carl Perkins</field><field name="hasGenre.Count">4</field><field name="memberOfGroup_ss.Length">19</field><field name="path">/Drummer/W. S. Holland</field><field name="Musician_Type">Instrumentalist</field><field name="Musician_Type">Drummer</field><field name="genres_ss">Country</field><field name="genres_ss">Rockabilly</field><field name="genres_ss">Rock</field><field name="memberOfGroup_ss">The Tennessee Three</field><field name="memberOfGroup_ss.MaximumLength"></field></doc><doc><field name="name">Denzil Best</field><field name="id">http://www.semanticweb.org/tedsullivan/ontologies/2015/5/music-10#Denzil_Best</field><field name="related_entity1_ss">Thelonious Monk</field><field name="path">/Drummer/Denzil Best</field><field name="Musician_Type">Instrumentalist</field><field name="Musician_Type">Drummer</field></doc><doc><field name="name">Bob Burns</field><field name="id">http://www.semanticweb.org/tedsullivan/ontologies/2015/5/music-10#Bob_Burns</field><field name="related_entity1_ss">Hughie Thomasson</field><field name="related_entity1_ss">Ed King</field><field name="related_entity1_ss">Michael Cartellone</field><field name="related_entity1_ss">Allen Collins</field><field name="related_entity1_ss">Johnny Van Zant</field><field name="related_entity1_ss">Ean Evans</field><field name="related_entity1_ss">Robert Kearns</field><field name="related_entity1_ss">Mark Matejka</field><field name="related_entity1_ss">Larry Junstrom</field><field name="related_entity1_ss">Johnny Colt</field><field name="related_entity1_ss">Leon Wilkeson</field><field name="related_entity1_ss">Steve Gaines</field><field name="related_entity1_ss">Gary Rossington</field><field name="related_entity1_ss">Artimus Pyle</field><field name="related_entity1_ss">Peter Keys</field><field name="related_entity1_ss">Owen Hale</field><field name="related_entity1_ss">Billy Powell</field><field name="related_entity1_ss">Ronnie Van Zant</field><field name="related_entity1_ss">Greg T. Walker</field><field name="related_entity1_ss">Rickey Medlocke</field><field name="memberOfGroup_ss.Length">14</field><field name="path">/Drummer/Bob Burns</field><field name="Musician_Type">Instrumentalist</field><field name="Musician_Type">Drummer</field><field name="genres_ss">Rock</field><field name="genres_ss">Southern Rock</field><field name="memberOfGroup_ss">Lynyrd Skynyrd</field><field name="memberOfGroup_ss.MaximumLength"></field></doc><doc><field name="name">Brian Delaney</field><field name="id">http://www.semanticweb.org/tedsullivan/ontologies/2015/5/music-10#Brian_Delaney</field><field name="related_entity1_ss">Arthur Kane</field><field name="related_entity1_ss">Blackie Lawless</field><field name="related_entity1_ss">Johnny Thunders</field><field name="related_entity1_ss">Kenny Aaronson</field><field name="related_entity1_ss">Chris Robison</field><field name="related_entity1_ss">Steve Conte</field><field name="related_entity1_ss">Billy Murcia</field><field name="related_entity1_ss">Aaron Lee Tasjan</field><field name="related_entity1_ss">Rick Rivets</field><field name="related_entity1_ss">David Johansen</field><field name="related_entity1_ss">Earl Slick</field><field name="related_entity1_ss">Sylvain Sylvain</field><field name="related_entity1_ss">Jerry Nolan</field><field name="related_entity1_ss">Sami Yaffa</field><field name="related_entity1_ss">Jason Hill</field><field name="related_entity1_ss">Frank Infante</field><field name="memberOfGroup_ss.Length">14</field><field name="path">/Drummer/Brian Delaney</field><field name="Musician_Type">Instrumentalist</field><field name="Musician_Type">Drummer</field><field name="genres_ss">Rock</field><field name="memberOfGroup_ss">New York Dolls</field><field name="memberOfGroup_ss.MaximumLength"></field></doc><doc><field name="name">Sid Catlett</field><field name="id">http://www.semanticweb.org/tedsullivan/ontologies/2015/5/music-10#Sid_Catlett</field><field name="path">/Drummer/Sid Catlett</field><field name="Musician_Type">Instrumentalist</field><field name="Musician_Type">Drummer</field></doc><doc><field name="name">Michael Clarke</field><field name="id">http://www.semanticweb.org/tedsullivan/ontologies/2015/5/music-10#Michael_Clarke</field><field name="related_entity1_ss">Chris Hillman</field><field name="related_entity2_ss">Bernie Leadon</field><field name="related_entity2_ss">Gene Clark</field><field name="related_entity2_ss">Roger McGuinn</field><field name="related_entity2_ss">Skip Battin</field><field name="related_entity2_ss">Gram Parsons</field><field name="related_entity2_ss">Sneaky Pete Kleinow</field><field name="related_entity2_ss">David Crosby</field><field name="memberOfGroup.Count">4</field><field name="memberOfGroup_ss.Length">27</field><field name="related_entity2_ss.Length">12</field><field name="path">/Drummer/Michael Clarke</field><field name="Musician_Type">Instrumentalist</field><field name="Musician_Type">Drummer</field><field name="memberOfGroup_ss">The Byrds</field><field name="memberOfGroup_ss">The Flying Burrito Brothers</field><field name="memberOfGroup_ss.MaximumLength"></field><field name="related_entity2_ss.MaximumLength"></field></doc><doc><field name="name">Brian MacLeod</field><field name="id">http://www.semanticweb.org/tedsullivan/ontologies/2015/5/music-10#Brian_MacLeod</field><field name="related_entity1_ss">Keith Joyner</field><field name="related_entity1_ss">Jared Michael Nickerson</field><field name="related_entity1_ss">Peter Ashworth</field><field name="related_entity1_ss">James Eller</field><field name="related_entity1_ss">Earl Harvin</field><field name="related_entity1_ss">Eric Schermerhorn</field><field name="related_entity1_ss">Simon Fisher Turner</field><field name="related_entity1_ss">Johnny Marr</field><field name="related_entity1_ss">Colin Lloyd Tucker</field><field name="related_entity1_ss">Spencer Campbell</field><field name="related_entity1_ss">Jim Fitting</field><field name="related_entity1_ss">Matt Johnson</field><field name="related_entity1_ss">Tom Johnston</field><field name="related_entity1_ss">Gail Ann Dorsey</field><field name="related_entity1_ss">D.C. Collard</field><field name="related_entity1_ss">Keith Laws</field><field name="memberOfGroup_ss.Length">7</field><field name="path">/Drummer/Brian MacLeod</field><field name="Musician_Type">Instrumentalist</field><field name="Musician_Type">Drummer</field><field name="memberOfGroup_ss">The The</field><field name="memberOfGroup_ss.MaximumLength"></field></doc><doc><field name="name">Kenny Clarke</field><field name="id">http://www.semanticweb.org/tedsullivan/ontologies/2015/5/music-10#Kenny_Clarke</field><field name="related_entity1_ss">Connie Kay</field><field name="related_entity1_ss">Percy Heath</field><field name="related_entity1_ss">John Lewis</field><field name="related_entity1_ss">Milt Jackson</field><field name="memberOfGroup_ss.Length">19</field><field name="path">/Drummer/Kenny Clarke</field><field name="Musician_Type">Instrumentalist</field><field name="Musician_Type">Drummer</field><field name="genres_ss">Jazz</field><field name="memberOfGroup_ss">Modern Jazz Quartet</field><field name="memberOfGroup_ss.MaximumLength"></field></doc><doc><field name="name">Chris Frantz</field><field name="id">http://www.semanticweb.org/tedsullivan/ontologies/2015/5/music-10#Chris_Frantz</field><field name="related_entity1_ss">Jerry Harrison</field><field name="related_entity1_ss">David Byrne</field><field name="related_entity1_ss">Tina Weymouth</field><field name="related_entity1_ss">Talking Heads</field><field name="memberOfGroup_ss.Length">13</field><field name="path">/Drummer/Chris Frantz</field><field name="Musician_Type">Instrumentalist</field><field name="Musician_Type">Drummer</field><field name="genres_ss">Rock</field><field name="genres_ss">Punk Rock</field><field name="memberOfGroup_ss">Talking Heads</field><field name="memberOfGroup_ss.MaximumLength"></field></doc><doc><field name="name">B. J. Wilson</field><field name="id">http://www.semanticweb.org/tedsullivan/ontologies/2015/5/music-10#B__J_Wilson</field><field name="related_entity1_ss">Robin Trower</field><field name="related_entity1_ss">Geoff Whitehorn</field><field name="related_entity1_ss">David Knights</field><field name="related_entity1_ss">Matt Pegg</field><field name="related_entity1_ss">Chris Copping</field><field name="related_entity1_ss">Bobby Harrison</field><field name="related_entity1_ss">Keith Reid</field><field name="related_entity1_ss">Gary Brooker</field><field name="related_entity1_ss">Matthew Fisher</field><field name="related_entity1_ss">Josh Phillips</field><field name="memberOfGroup_ss.Length">12</field><field name="path">/Drummer/B. J. Wilson</field><field name="Musician_Type">Instrumentalist</field><field name="Musician_Type">Drummer</field><field name="genres_ss">Rock</field><field name="genres_ss">Progressive Rock</field><field name="memberOfGroup_ss">Procol Harum</field><field name="memberOfGroup_ss.MaximumLength"></field></doc><doc><field name="name">Gary L. Coleman</field><field name="id">http://www.semanticweb.org/tedsullivan/ontologies/2015/5/music-10#Gary_L._Coleman</field><field name="path">/Drummer/Gary L. Coleman</field><field name="Musician_Type">Instrumentalist</field><field name="Musician_Type">Drummer</field></doc><doc><field name="name">Jerry Nolan</field><field name="id">http://www.semanticweb.org/tedsullivan/ontologies/2015/5/music-10#Jerry_Nolan</field><field name="related_entity1_ss">Johnny Thunders</field><field name="related_entity2_ss">Brian Delaney</field><field name="related_entity2_ss">Arthur Kane</field><field name="related_entity2_ss">Blackie Lawless</field><field name="related_entity2_ss">Kenny Aaronson</field><field name="related_entity2_ss">Chris Robison</field><field name="related_entity2_ss">Steve Conte</field><field name="related_entity2_ss">Billy Murcia</field><field name="related_entity2_ss">Aaron Lee Tasjan</field><field name="related_entity2_ss">Rick Rivets</field><field name="related_entity2_ss">David Johansen</field><field name="related_entity2_ss">Earl Slick</field><field name="related_entity2_ss">Sylvain Sylvain</field><field name="related_entity2_ss">Sami Yaffa</field><field name="related_entity2_ss">Jason Hill</field><field name="related_entity2_ss">Frank Infante</field><field name="memberOfGroup.Count">4</field><field name="memberOfGroup_ss.Length">14</field><field name="related_entity2_ss.Length">13</field><field name="path">/Drummer/Jerry Nolan</field><field name="Musician_Type">Instrumentalist</field><field name="Musician_Type">Drummer</field><field name="memberOfGroup_ss">Johnny Thunders and the Heartbreakers</field><field name="memberOfGroup_ss">New York Dolls</field><field name="memberOfGroup_ss.MaximumLength"></field><field name="related_entity2_ss.MaximumLength"></field></doc><doc><field name="name">Dewey Martin</field><field name="id">http://www.semanticweb.org/tedsullivan/ontologies/2015/5/music-10#Dewey_Martin</field><field name="related_entity1_ss">Neil Young</field><field name="related_entity1_ss">Richie Furay</field><field name="related_entity1_ss">Stephen Stills</field><field name="related_entity1_ss">Bruce Palmer</field><field name="memberOfGroup_ss.Length">19</field><field name="path">/Drummer/Dewey Martin</field><field name="Musician_Type">Instrumentalist</field><field name="Musician_Type">Drummer</field><field name="genres_ss">Rock</field><field name="memberOfGroup_ss">Buffalo Springfield</field><field name="memberOfGroup_ss.MaximumLength"></field></doc><doc><field name="name">Chauncey Morehouse</field><field name="id">http://www.semanticweb.org/tedsullivan/ontologies/2015/5/music-10#Chauncey_Morehouse</field><field name="path">/Drummer/Chauncey Morehouse</field><field name="Musician_Type">Instrumentalist</field><field name="Musician_Type">Drummer</field><field name="genres_ss">Jazz</field></doc><doc><field name="name">Sandy Nelson</field><field name="id">http://www.semanticweb.org/tedsullivan/ontologies/2015/5/music-10#Sandy_Nelson</field><field name="path">/Drummer/Sandy Nelson</field><field name="Musician_Type">Instrumentalist</field><field name="Musician_Type">Drummer</field></doc><doc><field name="name">Frank Capp</field><field name="id">http://www.semanticweb.org/tedsullivan/ontologies/2015/5/music-10#Frank_Capp</field><field name="related_entity1_ss">Barney Kessel</field><field name="related_entity1_ss">Carol Kaye</field><field name="related_entity1_ss">Bill Pitman</field><field name="related_entity1_ss">Joe Porcaro</field><field name="related_entity1_ss">Larry Knechtel</field><field name="related_entity1_ss">Billy Strange</field><field name="related_entity1_ss">Howard Roberts</field><field name="related_entity1_ss">Max Bennett</field><field name="related_entity1_ss">Hal Blaine</field><field name="related_entity1_ss">Plas Johnson</field><field name="related_entity1_ss">Bill Aiken</field><field name="related_entity1_ss">Lyle Ritz</field><field name="related_entity1_ss">Tommy Tedesco</field><field name="related_entity1_ss">Leon Russell</field><field name="related_entity1_ss">Julius Wechter</field><field name="related_entity1_ss">Ray Pohlman</field><field name="related_entity1_ss">Mike Melvoin</field><field name="related_entity1_ss">John Clauder</field><field name="memberOfGroup.Count">4</field><field name="memberOfGroup_ss.Length">17</field><field name="path">/Drummer/Frank Capp</field><field name="Musician_Type">Instrumentalist</field><field name="Musician_Type">Drummer</field><field name="memberOfGroup_ss">Capp-Pierce-Juggernaut</field><field name="memberOfGroup_ss">The Wrecking Crew</field><field name="memberOfGroup_ss.MaximumLength"></field></doc><doc><field name="name">Larry Mullen Jr.</field><field name="id">http://www.semanticweb.org/tedsullivan/ontologies/2015/5/music-10#Larry_Mullen_Jr.</field><field name="related_entity1_ss">Bono</field><field name="related_entity1_ss">The Edge</field><field name="related_entity1_ss">Adam Clayton</field><field name="related_entity1_ss">U2</field><field name="memberOfGroup_ss.Length">2</field><field name="path">/Drummer/Larry Mullen Jr.</field><field name="Musician_Type">Instrumentalist</field><field name="Musician_Type">Drummer</field><field name="genres_ss">Rock</field><field name="memberOfGroup_ss">U2</field><field name="memberOfGroup_ss.MaximumLength"></field></doc><doc><field name="name">Hal Blaine</field><field name="id">http://www.semanticweb.org/tedsullivan/ontologies/2015/5/music-10#Hal_Blaine</field><field name="related_entity1_ss">Barney Kessel</field><field name="related_entity1_ss">Carol Kaye</field><field name="related_entity1_ss">Bill Pitman</field><field name="related_entity1_ss">Joe Porcaro</field><field name="related_entity1_ss">Larry Knechtel</field><field name="related_entity1_ss">Billy Strange</field><field name="related_entity1_ss">Howard Roberts</field><field name="related_entity1_ss">Max Bennett</field><field name="related_entity1_ss">Frank Capp</field><field name="related_entity1_ss">Plas Johnson</field><field name="related_entity1_ss">Bill Aiken</field><field name="related_entity1_ss">Lyle Ritz</field><field name="related_entity1_ss">Tommy Tedesco</field><field name="related_entity1_ss">Leon Russell</field><field name="related_entity1_ss">Julius Wechter</field><field name="related_entity1_ss">Ray Pohlman</field><field name="related_entity1_ss">Mike Melvoin</field><field name="related_entity1_ss">John Clauder</field><field name="memberOfGroup_ss.Length">17</field><field name="path">/Drummer/Hal Blaine</field><field name="Musician_Type">Instrumentalist</field><field name="Musician_Type">Drummer</field><field name="genres_ss">Rock</field><field name="memberOfGroup_ss">The Wrecking Crew</field><field name="memberOfGroup_ss.MaximumLength"></field></doc><doc><field name="name">Chris Slade</field><field name="id">http://www.semanticweb.org/tedsullivan/ontologies/2015/5/music-10#Chris_Slade</field><field name="related_entity1_ss">Colin Burgess</field><field name="related_entity1_ss">Cliff Williams</field><field name="related_entity1_ss">Stevie Young</field><field name="related_entity1_ss">Peter Clack</field><field name="related_entity1_ss">Angus Young</field><field name="related_entity1_ss">Rob Bailey</field><field name="related_entity1_ss">Brian Johnson</field><field name="related_entity1_ss">Larry Van Kriedt</field><field name="related_entity1_ss">Bon Scott</field><field name="related_entity1_ss">Malcolm Young</field><field name="related_entity1_ss">Dave Evans</field><field name="memberOfGroup_ss.Length">5</field><field name="path">/Drummer/Chris Slade</field><field name="Musician_Type">Instrumentalist</field><field name="Musician_Type">Drummer</field><field name="memberOfGroup_ss">AC/DC</field><field name="memberOfGroup_ss.MaximumLength"></field></doc><doc><field name="name">Kenny Aronoff</field><field name="id">http://www.semanticweb.org/tedsullivan/ontologies/2015/5/music-10#Kenny_Aronoff</field><field name="path">/Drummer/Kenny Aronoff</field><field name="Musician_Type">Instrumentalist</field><field name="Musician_Type">Drummer</field></doc><doc><field name="name">Pick Withers</field><field name="id">http://www.semanticweb.org/tedsullivan/ontologies/2015/5/music-10#Pick_Withers</field><field name="related_entity1_ss">Mark Knopfler</field><field name="related_entity1_ss">John Illsley</field><field name="related_entity1_ss">David Knopfler</field><field name="memberOfGroup_ss.Length">12</field><field name="path">/Drummer/Pick Withers</field><field name="Musician_Type">Instrumentalist</field><field name="Musician_Type">Drummer</field><field name="genres_ss">Rock</field><field name="memberOfGroup_ss">Dire Straits</field><field name="memberOfGroup_ss.MaximumLength"></field></doc><doc><field name="name">Alan Dawson</field><field name="id">http://www.semanticweb.org/tedsullivan/ontologies/2015/5/music-10#Alan_Dawson</field><field name="path">/Drummer/Alan Dawson</field><field name="Musician_Type">Instrumentalist</field><field name="Musician_Type">Drummer</field><field name="genres_ss">Jazz</field></doc><doc><field name="name">Steve Gadd</field><field name="id">http://www.semanticweb.org/tedsullivan/ontologies/2015/5/music-10#Steve_Gadd</field><field name="path">/Drummer/Steve Gadd</field><field name="Musician_Type">Instrumentalist</field><field name="Musician_Type">Drummer</field><field name="genres_ss">Jazz</field></doc><doc><field name="name">Butch Trucks</field><field name="id">http://www.semanticweb.org/tedsullivan/ontologies/2015/5/music-10#Butch_Trucks</field><field name="related_entity1_ss">Dickie Betts</field><field name="related_entity1_ss">Berry Oakley</field><field name="related_entity1_ss">Jai Johanny Johanson</field><field name="related_entity1_ss">Chuck Leavell</field><field name="related_entity1_ss">Duane Allman</field><field name="related_entity1_ss">Greg Allman</field><field name="related_entity1_ss">Allen Woody</field><field name="memberOfGroup_ss.Length">20</field><field name="path">/Drummer/Butch Trucks</field><field name="Musician_Type">Instrumentalist</field><field name="Musician_Type">Drummer</field><field name="genres_ss">Rock</field><field name="memberOfGroup_ss">Allman Brothers Band</field><field name="memberOfGroup_ss.MaximumLength"></field></doc><doc><field name="name">Barry Jenkins</field><field name="id">http://www.semanticweb.org/tedsullivan/ontologies/2015/5/music-10#Barry_Jenkins</field><field name="related_entity1_ss">John Weider</field><field name="related_entity1_ss">Eric Burdon</field><field name="related_entity1_ss">Danny McCulloch</field><field name="related_entity1_ss">Vic Briggs</field><field name="related_entity2_ss">Hilton Valentine</field><field name="related_entity2_ss">Chas Chandler</field><field name="related_entity2_ss">John Steel</field><field name="related_entity2_ss">Alan Price</field><field name="memberOfGroup_ss.Length">11</field><field name="related_entity2_ss.Length">10</field><field name="path">/Drummer/Barry Jenkins</field><field name="Musician_Type">Instrumentalist</field><field name="Musician_Type">Drummer</field><field name="memberOfGroup_ss">The Animals</field><field name="memberOfGroup_ss.MaximumLength"></field><field name="related_entity2_ss.MaximumLength"></field></doc><doc><field name="name">Owen Hale</field><field name="id">http://www.semanticweb.org/tedsullivan/ontologies/2015/5/music-10#Owen_Hale</field><field name="related_entity1_ss">Hughie Thomasson</field><field name="related_entity1_ss">Ed King</field><field name="related_entity1_ss">Michael Cartellone</field><field name="related_entity1_ss">Allen Collins</field><field name="related_entity1_ss">Bob Burns</field><field name="related_entity1_ss">Johnny Van Zant</field><field name="related_entity1_ss">Ean Evans</field><field name="related_entity1_ss">Robert Kearns</field><field name="related_entity1_ss">Mark Matejka</field><field name="related_entity1_ss">Larry Junstrom</field><field name="related_entity1_ss">Johnny Colt</field><field name="related_entity1_ss">Leon Wilkeson</field><field name="related_entity1_ss">Steve Gaines</field><field name="related_entity1_ss">Gary Rossington</field><field name="related_entity1_ss">Artimus Pyle</field><field name="related_entity1_ss">Peter Keys</field><field name="related_entity1_ss">Billy Powell</field><field name="related_entity1_ss">Ronnie Van Zant</field><field name="related_entity1_ss">Greg T. Walker</field><field name="related_entity1_ss">Rickey Medlocke</field><field name="memberOfGroup_ss.Length">14</field><field name="path">/Drummer/Owen Hale</field><field name="Musician_Type">Instrumentalist</field><field name="Musician_Type">Drummer</field><field name="memberOfGroup_ss">Lynyrd Skynyrd</field><field name="memberOfGroup_ss.MaximumLength"></field></doc><doc><field name="name">Corky Laing</field><field name="id">http://www.semanticweb.org/tedsullivan/ontologies/2015/5/music-10#Corky_Laing</field><field name="related_entity1_ss">Felix Pappalardi</field><field name="related_entity1_ss">Mark Clarke</field><field name="related_entity1_ss">Steve Knight</field><field name="memberOfGroup_ss.Length">8</field><field name="path">/Drummer/Corky Laing</field><field name="Musician_Type">Instrumentalist</field><field name="Musician_Type">Drummer</field><field name="memberOfGroup_ss">Mountain</field><field name="memberOfGroup_ss.MaximumLength"></field></doc><doc><field name="name">Spencer Dryden</field><field name="id">http://www.semanticweb.org/tedsullivan/ontologies/2015/5/music-10#Spencer_Dryden</field><field name="related_entity1_ss">Jack Cassidy</field><field name="related_entity1_ss">Marty Balin</field><field name="related_entity1_ss">Grace Slick</field><field name="related_entity1_ss">Paul Kantner</field><field name="related_entity1_ss">Jorma Kaukonen</field><field name="memberOfGroup.Count">4</field><field name="memberOfGroup_ss.Length">29</field><field name="path">/Drummer/Spencer Dryden</field><field name="Musician_Type">Instrumentalist</field><field name="Musician_Type">Drummer</field><field name="genres_ss">Rock</field><field name="memberOfGroup_ss">Jefferson Airplane</field><field name="memberOfGroup_ss">New Riders Of The Purple Sage</field><field name="memberOfGroup_ss.MaximumLength"></field></doc><doc><field name="name">Shelly Manne</field><field name="id">http://www.semanticweb.org/tedsullivan/ontologies/2015/5/music-10#Shelly_Manne</field><field name="path">/Drummer/Shelly Manne</field><field name="Musician_Type">Instrumentalist</field><field name="Musician_Type">Drummer</field><field name="genres_ss">Jazz</field></doc><doc><field name="name">Paul Cook</field><field name="id">http://www.semanticweb.org/tedsullivan/ontologies/2015/5/music-10#Paul_Cook</field><field name="related_entity1_ss">Steve Jones</field><field name="related_entity1_ss">Glen Matlock</field><field name="related_entity2_ss">Sex Pistols</field><field name="related_entity2_ss">Johnny Rotten</field><field name="related_entity2_ss">Sid Vicious</field><field name="memberOfGroup_ss.Length">11</field><field name="related_entity2_ss.Length">11</field><field name="path">/Drummer/Paul Cook</field><field name="Musician_Type">Instrumentalist</field><field name="Musician_Type">Drummer</field><field name="memberOfGroup_ss">Sex Pistols</field><field name="memberOfGroup_ss.MaximumLength"></field><field name="related_entity2_ss.MaximumLength"></field></doc><doc><field name="name">Peter Lucia, Jr.</field><field name="id">http://www.semanticweb.org/tedsullivan/ontologies/2015/5/music-10#Peter_Lucia_Jr.</field><field name="related_entity1_ss">Tommy James</field><field name="related_entity2_ss">Larry Coverdale</field><field name="related_entity2_ss">Larry Wright</field><field name="related_entity2_ss">Craig Villeneuve</field><field name="related_entity2_ss">Jim Payne</field><field name="hasGenre.Count">4</field><field name="memberOfGroup_ss.Length">29</field><field name="related_entity2_ss.Length">9</field><field name="path">/Drummer/Peter Lucia, Jr.</field><field name="Musician_Type">Instrumentalist</field><field name="Musician_Type">Drummer</field><field name="genres_ss">Rock</field><field name="genres_ss">Garage Rock</field><field name="genres_ss">Psychedelic Rock</field><field name="memberOfGroup_ss">Tommy James and the Shondells</field><field name="memberOfGroup_ss.MaximumLength"></field><field name="related_entity2_ss.MaximumLength"></field></doc><doc><field name="name">Eric Harland</field><field name="id">http://www.semanticweb.org/tedsullivan/ontologies/2015/5/music-10#Eric_Harland</field><field name="path">/Drummer/Eric Harland</field><field name="Musician_Type">Instrumentalist</field><field name="Musician_Type">Drummer</field></doc><doc><field name="name">Frank Snyder</field><field name="id">http://www.semanticweb.org/tedsullivan/ontologies/2015/5/music-10#Frank_Snyder</field><field name="related_entity1_ss">George Brunies</field><field name="related_entity1_ss">Arnold Loyacano</field><field name="related_entity1_ss">Elmer Schoebel</field><field name="related_entity1_ss">Mel Stitzel</field><field name="related_entity1_ss">Paul Mares</field><field name="related_entity1_ss">Jack Pettis</field><field name="related_entity1_ss">Leon Roppolo</field><field name="memberOfGroup_ss.Length">24</field><field name="path">/Drummer/Frank Snyder</field><field name="Musician_Type">Instrumentalist</field><field name="Musician_Type">Drummer</field><field name="memberOfGroup_ss">New Orleans Rhythm Kings</field><field name="memberOfGroup_ss.MaximumLength"></field></doc><doc><field name="name">Roy Haynes</field><field name="id">http://www.semanticweb.org/tedsullivan/ontologies/2015/5/music-10#Roy_Haynes</field><field name="path">/Drummer/Roy Haynes</field><field name="Musician_Type">Instrumentalist</field><field name="Musician_Type">Drummer</field><field name="genres_ss">Jazz</field></doc><doc><field name="name">Jimmy Cobb</field><field name="id">http://www.semanticweb.org/tedsullivan/ontologies/2015/5/music-10#Jimmy_Cobb</field><field name="path">/Drummer/Jimmy Cobb</field><field name="Musician_Type">Instrumentalist</field><field name="Musician_Type">Drummer</field></doc><doc><field name="name">Earl Harvin</field><field name="id">http://www.semanticweb.org/tedsullivan/ontologies/2015/5/music-10#Earl_Harvin</field><field name="related_entity1_ss">Keith Joyner</field><field name="related_entity1_ss">Jared Michael Nickerson</field><field name="related_entity1_ss">Peter Ashworth</field><field name="related_entity1_ss">James Eller</field><field name="related_entity1_ss">Brian MacLeod</field><field name="related_entity1_ss">Eric Schermerhorn</field><field name="related_entity1_ss">Simon Fisher Turner</field><field name="related_entity1_ss">Johnny Marr</field><field name="related_entity1_ss">Colin Lloyd Tucker</field><field name="related_entity1_ss">Spencer Campbell</field><field name="related_entity1_ss">Jim Fitting</field><field name="related_entity1_ss">Matt Johnson</field><field name="related_entity1_ss">Tom Johnston</field><field name="related_entity1_ss">Gail Ann Dorsey</field><field name="related_entity1_ss">D.C. Collard</field><field name="related_entity1_ss">Keith Laws</field><field name="memberOfGroup_ss.Length">7</field><field name="path">/Drummer/Earl Harvin</field><field name="Musician_Type">Instrumentalist</field><field name="Musician_Type">Drummer</field><field name="memberOfGroup_ss">The The</field><field name="memberOfGroup_ss.MaximumLength"></field></doc><doc><field name="name">Mel Gaynor</field><field name="id">http://www.semanticweb.org/tedsullivan/ontologies/2015/5/music-10#Mel_Gaynor</field><field name="related_entity1_ss">Jim Kerr</field><field name="related_entity1_ss">Ged Grimes</field><field name="related_entity1_ss">Charlie Burchill</field><field name="memberOfGroup_ss.Length">12</field><field name="path">/Drummer/Mel Gaynor</field><field name="Musician_Type">Instrumentalist</field><field name="Musician_Type">Drummer</field><field name="memberOfGroup_ss">Simple Minds</field><field name="memberOfGroup_ss.MaximumLength"></field></doc><doc><field name="name">Bobby Harrison</field><field name="id">http://www.semanticweb.org/tedsullivan/ontologies/2015/5/music-10#Bobby_Harrison</field><field name="related_entity1_ss">Robin Trower</field><field name="related_entity1_ss">Geoff Whitehorn</field><field name="related_entity1_ss">David Knights</field><field name="related_entity1_ss">Matt Pegg</field><field name="related_entity1_ss">Chris Copping</field><field name="related_entity1_ss">Keith Reid</field><field name="related_entity1_ss">B. J. Wilson</field><field name="related_entity1_ss">Gary Brooker</field><field name="related_entity1_ss">Matthew Fisher</field><field name="related_entity1_ss">Josh Phillips</field><field name="memberOfGroup.Count">4</field><field name="memberOfGroup_ss.Length">12</field><field name="path">/Drummer/Bobby Harrison</field><field name="Musician_Type">Instrumentalist</field><field name="Musician_Type">Drummer</field><field name="genres_ss">Rock</field><field name="genres_ss">Progressive Rock</field><field name="memberOfGroup_ss">Journey</field><field name="memberOfGroup_ss">Procol Harum</field><field name="memberOfGroup_ss.MaximumLength"></field></doc><doc><field name="name">Tico Torres</field><field name="id">http://www.semanticweb.org/tedsullivan/ontologies/2015/5/music-10#Tico_Torres</field><field name="related_entity1_ss">Richie Sambora</field><field name="related_entity1_ss">David Bryan</field><field name="related_entity1_ss">Jon Bon Jovi</field><field name="memberOfGroup_ss.Length">8</field><field name="path">/Drummer/Tico Torres</field><field name="Musician_Type">Instrumentalist</field><field name="Musician_Type">Drummer</field><field name="memberOfGroup_ss">Bon Jovi</field><field name="memberOfGroup_ss.MaximumLength"></field></doc><doc><field name="name">Sonny Greer</field><field name="id">http://www.semanticweb.org/tedsullivan/ontologies/2015/5/music-10#Sonny_Greer</field><field name="path">/Drummer/Sonny Greer</field><field name="Musician_Type">Instrumentalist</field><field name="Musician_Type">Drummer</field></doc><doc><field name="name">Jim Payne</field><field name="id">http://www.semanticweb.org/tedsullivan/ontologies/2015/5/music-10#Jim_Payne</field><field name="related_entity1_ss">Larry Coverdale</field><field name="related_entity1_ss">Tommy James</field><field name="related_entity1_ss">Larry Wright</field><field name="related_entity1_ss">Craig Villeneuve</field><field name="related_entity1_ss">Peter Lucia, Jr.</field><field name="memberOfGroup_ss.Length">29</field><field name="path">/Drummer/Jim Payne</field><field name="Musician_Type">Instrumentalist</field><field name="Musician_Type">Drummer</field><field name="memberOfGroup_ss">Tommy James and the Shondells</field><field name="memberOfGroup_ss.MaximumLength"></field></doc><doc><field name="name">Billy Ficca</field><field name="id">http://www.semanticweb.org/tedsullivan/ontologies/2015/5/music-10#Billy_Ficca</field><field name="related_entity1_ss">Jimmy Rip</field><field name="related_entity1_ss">Fred Smith</field><field name="related_entity1_ss">Richard Hell</field><field name="related_entity1_ss">Richard Lloyd</field><field name="related_entity1_ss">Tom Verlaine</field><field name="memberOfGroup_ss.Length">10</field><field name="path">/Drummer/Billy Ficca</field><field name="Musician_Type">Instrumentalist</field><field name="Musician_Type">Drummer</field><field name="memberOfGroup_ss">Television</field><field name="memberOfGroup_ss.MaximumLength"></field></doc><doc><field name="name">Connie Kay</field><field name="id">http://www.semanticweb.org/tedsullivan/ontologies/2015/5/music-10#Connie_Kay</field><field name="related_entity1_ss">Kenny Clarke</field><field name="related_entity1_ss">Percy Heath</field><field name="related_entity1_ss">John Lewis</field><field name="related_entity1_ss">Milt Jackson</field><field name="memberOfGroup_ss.Length">19</field><field name="path">/Drummer/Connie Kay</field><field name="Musician_Type">Instrumentalist</field><field name="Musician_Type">Drummer</field><field name="genres_ss">Jazz</field><field name="memberOfGroup_ss">Modern Jazz Quartet</field><field name="memberOfGroup_ss.MaximumLength"></field></doc><doc><field name="name">Albert Heath</field><field name="id">http://www.semanticweb.org/tedsullivan/ontologies/2015/5/music-10#Albert_Heath</field><field name="path">/Drummer/Albert Heath</field><field name="Musician_Type">Instrumentalist</field><field name="Musician_Type">Drummer</field><field name="genres_ss">Jazz</field><field name="genres_ss">Hard Bop</field></doc><doc><field name="name">Ian Paice</field><field name="id">http://www.semanticweb.org/tedsullivan/ontologies/2015/5/music-10#Ian_Paice</field><field name="related_entity1_ss">Ian Gillan</field><field name="related_entity1_ss">Ritchie Blackmore</field><field name="related_entity1_ss">Jon Lord</field><field name="related_entity1_ss">Roger Glover</field><field name="memberOfGroup_ss.Length">11</field><field name="path">/Drummer/Ian Paice</field><field name="Musician_Type">Instrumentalist</field><field name="Musician_Type">Drummer</field><field name="memberOfGroup_ss">Deep Purple</field><field name="memberOfGroup_ss.MaximumLength"></field></doc><doc><field name="name">D. J. Fontana</field><field name="id">http://www.semanticweb.org/tedsullivan/ontologies/2015/5/music-10#DJ_Fontana</field><field name="path">/Drummer/D. J. Fontana</field><field name="Musician_Type">Instrumentalist</field><field name="Musician_Type">Drummer</field></doc><doc><field name="name">Chris Layton</field><field name="id">http://www.semanticweb.org/tedsullivan/ontologies/2015/5/music-10#Chris_Layton</field><field name="related_entity1_ss">Stevie Ray Vaughn</field><field name="related_entity1_ss">Tommy Shannon</field><field name="related_entity1_ss">Lou Ann Barton</field><field name="related_entity1_ss">Reese Wynans</field><field name="memberOfGroup_ss.Length">14</field><field name="path">/Drummer/Chris Layton</field><field name="Musician_Type">Instrumentalist</field><field name="Musician_Type">Drummer</field><field name="memberOfGroup_ss">Double Trouble</field><field name="memberOfGroup_ss.MaximumLength"></field></doc><doc><field name="name">Lars Ulrich</field><field name="id">http://www.semanticweb.org/tedsullivan/ontologies/2015/5/music-10#Lars_Ulrich</field><field name="memberOfGroup_ss.Length">9</field><field name="path">/Drummer/Lars Ulrich</field><field name="Musician_Type">Instrumentalist</field><field name="Musician_Type">Drummer</field><field name="genres_ss">Rock</field><field name="genres_ss">Heavy Metal</field><field name="memberOfGroup_ss">Metallica</field><field name="memberOfGroup_ss.MaximumLength"></field></doc><doc><field name="name">John Steel</field><field name="id">http://www.semanticweb.org/tedsullivan/ontologies/2015/5/music-10#John_Steel</field><field name="related_entity1_ss">Hilton Valentine</field><field name="related_entity1_ss">Chas Chandler</field><field name="related_entity1_ss">John Weider</field><field name="related_entity1_ss">Eric Burdon</field><field name="related_entity1_ss">Barry Jenkins</field><field name="related_entity1_ss">Danny McCulloch</field><field name="related_entity1_ss">Alan Price</field><field name="related_entity1_ss">Vic Briggs</field><field name="memberOfGroup_ss.Length">11</field><field name="path">/Drummer/John Steel</field><field name="Musician_Type">Instrumentalist</field><field name="Musician_Type">Drummer</field><field name="memberOfGroup_ss">The Animals</field><field name="memberOfGroup_ss.MaximumLength"></field></doc><doc><field name="name">Earl Palmer</field><field name="id">http://www.semanticweb.org/tedsullivan/ontologies/2015/5/music-10#Earl_Palmer</field><field name="path">/Drummer/Earl Palmer</field><field name="Musician_Type">Instrumentalist</field><field name="Musician_Type">Drummer</field></doc><doc><field name="name">Billy Murcia</field><field name="id">http://www.semanticweb.org/tedsullivan/ontologies/2015/5/music-10#Billy_Murcia</field><field name="related_entity1_ss">Brian Delaney</field><field name="related_entity1_ss">Arthur Kane</field><field name="related_entity1_ss">Blackie Lawless</field><field name="related_entity1_ss">Johnny Thunders</field><field name="related_entity1_ss">Kenny Aaronson</field><field name="related_entity1_ss">Chris Robison</field><field name="related_entity1_ss">Steve Conte</field><field name="related_entity1_ss">Aaron Lee Tasjan</field><field name="related_entity1_ss">Rick Rivets</field><field name="related_entity1_ss">David Johansen</field><field name="related_entity1_ss">Earl Slick</field><field name="related_entity1_ss">Sylvain Sylvain</field><field name="related_entity1_ss">Jerry Nolan</field><field name="related_entity1_ss">Sami Yaffa</field><field name="related_entity1_ss">Jason Hill</field><field name="related_entity1_ss">Frank Infante</field><field name="memberOfGroup_ss.Length">14</field><field name="path">/Musician/Instrumentalist/Drummer/Billy Murcia</field><field name="Musician_Type">Instrumentalist</field><field name="Musician_Type">Drummer</field><field name="genres_ss">Rock</field><field name="memberOfGroup_ss">New York Dolls</field><field name="memberOfGroup_ss.MaximumLength"></field></doc><doc><field name="name">Walter Gifford</field><field name="id">http://www.semanticweb.org/tedsullivan/ontologies/2015/5/music-10#Walter_Gifford</field><field name="path">/Musician/Instrumentalist/Drummer/Walter Gifford</field><field name="Musician_Type">Instrumentalist</field><field name="Musician_Type">Drummer</field><field name="genres_ss">Jazz</field></doc><doc><field name="name">Clarinetist</field><field name="id">http://www.semanticweb.org/tedsullivan/ontologies/2015/5/music-10#Clarinetist</field><field name="rdfs:subClassOf">http://www.semanticweb.org/tedsullivan/ontologies/2015/5/music-10#Instrumentalist</field><field name="path">/Musician/Instrumentalist/Clarinetist</field><field name="Musician_Type">Instrumentalist</field></doc><doc><field name="name">Barney Bigard</field><field name="id">http://www.semanticweb.org/tedsullivan/ontologies/2015/5/music-10#Barney_Bigard</field><field name="path">/Clarinetist/Barney Bigard</field><field name="Musician_Type">Instrumentalist</field><field name="Musician_Type">Clarinetist</field></doc><doc><field name="name">Pee Wee Russell</field><field name="id">http://www.semanticweb.org/tedsullivan/ontologies/2015/5/music-10#Pee_Wee_Russell</field><field name="path">/Clarinetist/Pee Wee Russell</field><field name="Musician_Type">Instrumentalist</field><field name="Musician_Type">Clarinetist</field></doc><doc><field name="name">Lorenzo Tio</field><field name="id">http://www.semanticweb.org/tedsullivan/ontologies/2015/5/music-10#Lorenzo_Tio</field><field name="path">/Clarinetist/Lorenzo Tio</field><field name="Musician_Type">Instrumentalist</field><field name="Musician_Type">Clarinetist</field></doc><doc><field name="name">Peanuts Hucko</field><field name="id">http://www.semanticweb.org/tedsullivan/ontologies/2015/5/music-10#Peanuts_Hucko</field><field name="path">/Clarinetist/Peanuts Hucko</field><field name="Musician_Type">Instrumentalist</field><field name="Musician_Type">Clarinetist</field></doc><doc><field name="name">Jimmy Noone</field><field name="id">http://www.semanticweb.org/tedsullivan/ontologies/2015/5/music-10#Jimmy_Noone</field><field name="path">/Clarinetist/Jimmy Noone</field><field name="Musician_Type">Instrumentalist</field><field name="Musician_Type">Clarinetist</field><field name="genres_ss">Jazz</field></doc><doc><field name="name">Music School</field><field name="id">http://www.semanticweb.org/tedsullivan/ontologies/2015/5/music-10#Schools</field><field name="path">/rdf:RDF/Music School</field></doc><doc><field name="name">Jacobs School Of Music</field><field name="id">http://www.semanticweb.org/tedsullivan/ontologies/2015/5/music-10#Jacobs_School_of_Music</field><field name="path">/Music School/Jacobs School Of Music</field></doc><doc><field name="name">Vienna Academy Of Music</field><field name="id">http://www.semanticweb.org/tedsullivan/ontologies/2015/5/music-10#Vienna_Academy_of_Music</field><field name="path">/Music School/Vienna Academy Of Music</field></doc><doc><field name="name">San Francisco Conservatory of Music</field><field name="id">http://www.semanticweb.org/tedsullivan/ontologies/2015/5/music-10#San_Francisco_Conservatory_of_Music</field><field name="path">/Music School/San Francisco Conservatory of Music</field></doc><doc><field name="name">Manhattan School Of Music</field><field name="id">http://www.semanticweb.org/tedsullivan/ontologies/2015/5/music-10#Manhattan_School_of_Music</field><field name="path">/Music School/Manhattan School Of Music</field></doc><doc><field name="name">New England Conservatory</field><field name="id">http://www.semanticweb.org/tedsullivan/ontologies/2015/5/music-10#New_England_Conservatory</field><field name="path">/Music School/New England Conservatory</field></doc><doc><field name="name">Eastman School Of Music</field><field name="id">http://www.semanticweb.org/tedsullivan/ontologies/2015/5/music-10#Eastman_School_of_Music</field><field name="path">/Music School/Eastman School Of Music</field></doc><doc><field name="name">Berklee College Of Music</field><field name="id">http://www.semanticweb.org/tedsullivan/ontologies/2015/5/music-10#Berklee_College_of_Music</field><field name="path">/Music School/Berklee College Of Music</field></doc><doc><field name="name">Royal College of Music</field><field name="id">http://www.semanticweb.org/tedsullivan/ontologies/2015/5/music-10#Royal_College_of_Music</field><field name="path">/Music School/Royal College of Music</field></doc><doc><field name="name">Colburn Conservatory Of Music</field><field name="id">http://www.semanticweb.org/tedsullivan/ontologies/2015/5/music-10#Colburn_Conservatory_of_Music</field><field name="path">/Music School/Colburn Conservatory Of Music</field></doc><doc><field name="name">Peabody Conservatory</field><field name="id">http://www.semanticweb.org/tedsullivan/ontologies/2015/5/music-10#Peabody_Conservatory</field><field name="path">/Music School/Peabody Conservatory</field></doc><doc><field name="name">Curtis Institute Of Music</field><field name="id">http://www.semanticweb.org/tedsullivan/ontologies/2015/5/music-10#Curtis_Institute_of_Music</field><field name="path">/Music School/Curtis Institute Of Music</field></doc><doc><field name="name">Moscow Conservatoire</field><field name="id">http://www.semanticweb.org/tedsullivan/ontologies/2015/5/music-10#Moscow_Conservatoire</field><field name="path">/Music School/Moscow Conservatoire</field></doc><doc><field name="name">Cracow Conservatory</field><field name="id">http://www.semanticweb.org/tedsullivan/ontologies/2015/5/music-10#Cracow_Conservatory</field><field name="path">/Music School/Cracow Conservatory</field></doc><doc><field name="name">Cleveland Institute Of Music</field><field name="id">http://www.semanticweb.org/tedsullivan/ontologies/2015/5/music-10#Cleveland_Institute_of_Music</field><field name="path">/Music School/Cleveland Institute Of Music</field></doc><doc><field name="name">Julliard School</field><field name="id">http://www.semanticweb.org/tedsullivan/ontologies/2015/5/music-10#Julliard_School</field><field name="path">/Music School/Julliard School</field></doc><doc><field name="name">Oberlin Conservatory Of Music</field><field name="id">http://www.semanticweb.org/tedsullivan/ontologies/2015/5/music-10#Oberlin_Conservatory_of_Music</field><field name="path">/Music School/Oberlin Conservatory Of Music</field></doc><doc><field name="name">Performance Center</field><field name="id">http://www.semanticweb.org/tedsullivan/ontologies/2015/5/music-10#Buildings</field><field name="path">/rdf:RDF/Performance Center</field></doc><doc><field name="name">Cargegie Hall</field><field name="id">http://www.semanticweb.org/tedsullivan/ontologies/2015/5/music-10#Carnegie_Hall</field><field name="path">/Performance Center/Cargegie Hall</field></doc><doc><field name="name">Avery Fisher Hall</field><field name="id">http://www.semanticweb.org/tedsullivan/ontologies/2015/5/music-10#Avery_Fisher_Hall</field><field name="path">/Performance Center/Avery Fisher Hall</field></doc><doc><field name="name">Metropolitan Opera House</field><field name="id">http://www.semanticweb.org/tedsullivan/ontologies/2015/5/music-10#Metropolitan_Opera_House</field><field name="path">/Performance Center/Metropolitan Opera House</field><field name="synonym">The Met</field></doc><doc><field name="name">Bayreuth Festspielhaus</field><field name="id">http://www.semanticweb.org/tedsullivan/ontologies/2015/5/music-10#Bayreuth_Festspielhaus</field><field name="path">/Performance Center/Bayreuth Festspielhaus</field></doc><doc><field name="name">Royal Opera House, London</field><field name="id">http://www.semanticweb.org/tedsullivan/ontologies/2015/5/music-10#Royal_Opera_House_London</field><field name="path">/Performance Center/Royal Opera House, London</field><field name="synonym">Covent Garden</field></doc><doc><field name="name">Recording</field><field name="id">http://www.semanticweb.org/tedsullivan/ontologies/2015/5/music-10#Recordings</field><field name="path">/rdf:RDF/Recording</field></doc><doc><field name="name">owl:NamedIndividual</field><field name="id">http://www.semanticweb.org/tedsullivan/ontologies/2015/5/music-10#Schubert_String_Quartets_-_Tokyo_String_Quartet</field><field name="composer_ss.Length">14</field><field name="performers.MaximumLength"></field><field name="hasPerformer_ss">Tokyo String Quartet</field><field name="performers.Length">15</field><field name="song_ss.Length">30</field><field name="composer_ss.MaximumLength"></field><field name="hasPerformer_ss.Length">20</field><field name="hasRecordings.Count">16</field><field name="path">/Recording/owl:NamedIndividual</field><field name="hasRecordings">{"rdf:resource":"http://www.semanticweb.org/tedsullivan/ontologies/2015/5/music-10#Schubert_String_Quartet_in_A_Minor_D804_-_Movement_1_-_Tokyo_String_Quartet"}</field><field name="hasRecordings">{"rdf:resource":"http://www.semanticweb.org/tedsullivan/ontologies/2015/5/music-10#Schubert_String_Quartet_in_A_Minor_D804_-_Movement_2_-_Tokyo_String_Quartet"}</field><field name="hasRecordings">{"rdf:resource":"http://www.semanticweb.org/tedsullivan/ontologies/2015/5/music-10#Schubert_String_Quartet_in_A_Minor_D804_-_Movement_3_-_Tokyo_String_Quartet"}</field><field name="hasRecordings">{"rdf:resource":"http://www.semanticweb.org/tedsullivan/ontologies/2015/5/music-10#Schubert_String_Quartet_in_A_Minor_D804_-_Movement_4_-_Tokyo_String_Quartet"}</field><field name="hasRecordings">{"rdf:resource":"http://www.semanticweb.org/tedsullivan/ontologies/2015/5/music-10#Schubert_String_Quartet_in_G_Minor_D173_-_Movement_1_-_Tokyo_String_Quartet"}</field><field name="hasRecordings">{"rdf:resource":"http://www.semanticweb.org/tedsullivan/ontologies/2015/5/music-10#Schubert_String_Quartet_in_G_Minor_D173_-_Movement_2_-_Tokyo_String_Quartet"}</field><field name="hasRecordings">{"rdf:resource":"http://www.semanticweb.org/tedsullivan/ontologies/2015/5/music-10#Schubert_String_Quartet_in_G_Minor_D173_-_Movement_3_-_Tokyo_String_Quartet"}</field><field name="hasRecordings">{"rdf:resource":"http://www.semanticweb.org/tedsullivan/ontologies/2015/5/music-10#Schubert_String_Quartet_in_G_Minor_D173_-_Movement_4_-_Tokyo_String_Quartet"}</field><field name="hasRecordings">{"name":"owl:NamedIndividual","id":"http://www.semanticweb.org/tedsullivan/ontologies/2015/5/music-10#Schubert_String_Quartet_in_A_Minor_D804_-_Movement_1_-_Tokyo_String_Quartet","related_entity1_ss":["owl:NamedIndividual","Tokyo String Quartet"],"rdf:type":{"rdf:resource":"http://www.semanticweb.org/tedsullivan/ontologies/2015/5/music-10#Recording_Track"},"ParentKey":["Song|http://www.semanticweb.org/tedsullivan/ontologies/2015/5/music-10#Recording_Track|"],"verb_ss":["performed","recorded","covered","sang"],"version_s":"Cover","rdf:about":"http://www.semanticweb.org/tedsullivan/ontologies/2015/5/music-10#Schubert_String_Quartet_in_A_Minor_D804_-_Movement_1_-_Tokyo_String_Quartet","path":["/Recording/Song/owl:NamedIndividual"],"Recording_Type":"Song"}</field><field name="hasRecordings">{"name":"owl:NamedIndividual","id":"http://www.semanticweb.org/tedsullivan/ontologies/2015/5/music-10#Schubert_String_Quartet_in_A_Minor_D804_-_Movement_2_-_Tokyo_String_Quartet","related_entity1_ss":["owl:NamedIndividual","Tokyo String Quartet"],"rdf:type":{"rdf:resource":"http://www.semanticweb.org/tedsullivan/ontologies/2015/5/music-10#Recording_Track"},"ParentKey":["Song|http://www.semanticweb.org/tedsullivan/ontologies/2015/5/music-10#Recording_Track|"],"verb_ss":["performed","recorded","covered","sang"],"version_s":"Cover","rdf:about":"http://www.semanticweb.org/tedsullivan/ontologies/2015/5/music-10#Schubert_String_Quartet_in_A_Minor_D804_-_Movement_2_-_Tokyo_String_Quartet","path":["/Recording/Song/owl:NamedIndividual"],"Recording_Type":"Song"}</field><field name="hasRecordings">{"name":"owl:NamedIndividual","id":"http://www.semanticweb.org/tedsullivan/ontologies/2015/5/music-10#Schubert_String_Quartet_in_A_Minor_D804_-_Movement_3_-_Tokyo_String_Quartet","related_entity1_ss":["owl:NamedIndividual","Tokyo String Quartet"],"rdf:type":{"rdf:resource":"http://www.semanticweb.org/tedsullivan/ontologies/2015/5/music-10#Recording_Track"},"ParentKey":["Song|http://www.semanticweb.org/tedsullivan/ontologies/2015/5/music-10#Recording_Track|"],"verb_ss":["performed","recorded","covered","sang"],"version_s":"Cover","rdf:about":"http://www.semanticweb.org/tedsullivan/ontologies/2015/5/music-10#Schubert_String_Quartet_in_A_Minor_D804_-_Movement_3_-_Tokyo_String_Quartet","path":["/Recording/Song/owl:NamedIndividual"],"Recording_Type":"Song"}</field><field name="hasRecordings">{"name":"owl:NamedIndividual","id":"http://www.semanticweb.org/tedsullivan/ontologies/2015/5/music-10#Schubert_String_Quartet_in_A_Minor_D804_-_Movement_4_-_Tokyo_String_Quartet","related_entity1_ss":["owl:NamedIndividual","Tokyo String Quartet"],"rdf:type":{"rdf:resource":"http://www.semanticweb.org/tedsullivan/ontologies/2015/5/music-10#Recording_Track"},"ParentKey":["Song|http://www.semanticweb.org/tedsullivan/ontologies/2015/5/music-10#Recording_Track|"],"verb_ss":["performed","recorded","covered","sang"],"version_s":"Cover","rdf:about":"http://www.semanticweb.org/tedsullivan/ontologies/2015/5/music-10#Schubert_String_Quartet_in_A_Minor_D804_-_Movement_4_-_Tokyo_String_Quartet","path":["/Recording/Song/owl:NamedIndividual"],"Recording_Type":"Song"}</field><field name="hasRecordings">{"name":"owl:NamedIndividual","id":"http://www.semanticweb.org/tedsullivan/ontologies/2015/5/music-10#Schubert_String_Quartet_in_G_Minor_D173_-_Movement_1_-_Tokyo_String_Quartet","related_entity1_ss":["owl:NamedIndividual","Tokyo String Quartet"],"rdf:type":{"rdf:resource":"http://www.semanticweb.org/tedsullivan/ontologies/2015/5/music-10#Recording_Track"},"ParentKey":["Song|http://www.semanticweb.org/tedsullivan/ontologies/2015/5/music-10#Recording_Track|"],"verb_ss":["performed","recorded","covered","sang"],"version_s":"Cover","rdf:about":"http://www.semanticweb.org/tedsullivan/ontologies/2015/5/music-10#Schubert_String_Quartet_in_G_Minor_D173_-_Movement_1_-_Tokyo_String_Quartet","path":["/Recording/Song/owl:NamedIndividual"],"Recording_Type":"Song"}</field><field name="hasRecordings">{"name":"owl:NamedIndividual","id":"http://www.semanticweb.org/tedsullivan/ontologies/2015/5/music-10#Schubert_String_Quartet_in_G_Minor_D173_-_Movement_2_-_Tokyo_String_Quartet","related_entity1_ss":["owl:NamedIndividual","Tokyo String Quartet"],"rdf:type":{"rdf:resource":"http://www.semanticweb.org/tedsullivan/ontologies/2015/5/music-10#Recording_Track"},"ParentKey":["Song|http://www.semanticweb.org/tedsullivan/ontologies/2015/5/music-10#Recording_Track|"],"verb_ss":["performed","recorded","covered","sang"],"version_s":"Cover","rdf:about":"http://www.semanticweb.org/tedsullivan/ontologies/2015/5/music-10#Schubert_String_Quartet_in_G_Minor_D173_-_Movement_2_-_Tokyo_String_Quartet","path":["/Recording/Song/owl:NamedIndividual"],"Recording_Type":"Song"}</field><field name="hasRecordings">{"name":"owl:NamedIndividual","id":"http://www.semanticweb.org/tedsullivan/ontologies/2015/5/music-10#Schubert_String_Quartet_in_G_Minor_D173_-_Movement_3_-_Tokyo_String_Quartet","related_entity1_ss":["owl:NamedIndividual","Tokyo String Quartet"],"rdf:type":{"rdf:resource":"http://www.semanticweb.org/tedsullivan/ontologies/2015/5/music-10#Recording_Track"},"ParentKey":["Song|http://www.semanticweb.org/tedsullivan/ontologies/2015/5/music-10#Recording_Track|"],"verb_ss":["performed","recorded","covered","sang"],"version_s":"Cover","rdf:about":"http://www.semanticweb.org/tedsullivan/ontologies/2015/5/music-10#Schubert_String_Quartet_in_G_Minor_D173_-_Movement_3_-_Tokyo_String_Quartet","path":["/Recording/Song/owl:NamedIndividual"],"Recording_Type":"Song"}</field><field name="hasRecordings">{"name":"owl:NamedIndividual","id":"http://www.semanticweb.org/tedsullivan/ontologies/2015/5/music-10#Schubert_String_Quartet_in_G_Minor_D173_-_Movement_4_-_Tokyo_String_Quartet","related_entity1_ss":["owl:NamedIndividual","Tokyo String Quartet"],"rdf:type":{"rdf:resource":"http://www.semanticweb.org/tedsullivan/ontologies/2015/5/music-10#Recording_Track"},"ParentKey":["Song|http://www.semanticweb.org/tedsullivan/ontologies/2015/5/music-10#Recording_Track|"],"verb_ss":["performed","recorded","covered","sang"],"version_s":"Cover","rdf:about":"http://www.semanticweb.org/tedsullivan/ontologies/2015/5/music-10#Schubert_String_Quartet_in_G_Minor_D173_-_Movement_4_-_Tokyo_String_Quartet","path":["/Song/owl:NamedIndividual"],"Recording_Type":"Song"}</field><field name="hasCompositions.Count">4</field><field name="composer_ss">Franz Schubert</field><field name="song_ss.MaximumLength"></field><field name="hasPerformer_ss.MaximumLength"></field><field name="song_ss">String Quartet in A Minor D804</field><field name="song_ss">String Quartet in G Minor D173</field></doc></add>
