<add><doc><field name="name">Badge</field><field name="id">http://www.semanticweb.org/tedsullivan/ontologies/2015/5/music-10#Badge</field><field name="composer_ss.Length">10</field><field name="related_entity1_ss">Cream</field><field name="Composition_Type.Length">4</field><field name="composer_ss.MaximumLength"></field><field name="original_performer.MaximumLength"></field><field name="verb_ss">composed</field><field name="verb_ss">written</field><field name="verb_ss">authored</field><field name="verb_ss">wrote</field><field name="path">/Song/Badge</field><field name="Composition_Type">Song</field><field name="verb_ss.Length">5</field><field name="verb_ss.MaximumLength"></field><field name="Composition_Type.MaximumLength"></field><field name="composer_ss">Jack Bruce</field><field name="original_performer.Length">5</field><field name="original_performer">Cream</field></doc><doc><field name="name">I Pity The Poor Immigrant</field><field name="id">http://www.semanticweb.org/tedsullivan/ontologies/2015/5/music-10#I_Pity_The_Poor_Immigrant</field><field name="composer_ss.Length">9</field><field name="related_entity1_ss">Bob Dylan</field><field name="Composition_Type.Length">4</field><field name="composer_ss.MaximumLength"></field><field name="original_performer.MaximumLength"></field><field name="verb_ss">composed</field><field name="verb_ss">written</field><field name="verb_ss">authored</field><field name="verb_ss">wrote</field><field name="path">/Song/I Pity The Poor Immigrant</field><field name="Composition_Type">Song</field><field name="verb_ss.Length">5</field><field name="verb_ss.MaximumLength"></field><field name="Composition_Type.MaximumLength"></field><field name="composer_ss">Bob Dylan</field><field name="original_performer.Length">9</field><field name="original_performer">Bob Dylan</field></doc><doc><field name="name">Vicious</field><field name="id">http://www.semanticweb.org/tedsullivan/ontologies/2015/5/music-10#Vicious</field><field name="composer_ss.Length">8</field><field name="Composition_Type.Length">4</field><field name="composer_ss.MaximumLength"></field><field name="verb_ss">composed</field><field name="verb_ss">written</field><field name="verb_ss">authored</field><field name="verb_ss">wrote</field><field name="path">/Song/Vicious</field><field name="Composition_Type">Song</field><field name="verb_ss.Length">5</field><field name="verb_ss.MaximumLength"></field><field name="Composition_Type.MaximumLength"></field><field name="composer_ss">Lou Reed</field></doc><doc><field name="name">Come To My Window</field><field name="id">http://www.semanticweb.org/tedsullivan/ontologies/2015/5/music-10#Come_to_My_Window</field><field name="related_entity1_ss">Melissa Etheridge</field><field name="composer_ss.MaximumLength"></field><field name="path">/Song/Come To My Window</field><field name="Composition_Type">Song</field><field name="composer_ss">Melissa Etheridge</field><field name="original_performer.Length">17</field><field name="original_performer">Melissa Etheridge</field><field name="composer_ss.Length">17</field><field name="Composition_Type.Length">4</field><field name="original_performer.MaximumLength"></field><field name="verb_ss">composed</field><field name="verb_ss">written</field><field name="verb_ss">authored</field><field name="verb_ss">wrote</field><field name="genres_ss">Rock</field><field name="genres_ss">Rock &amp; Roll</field><field name="verb_ss.Length">5</field><field name="verb_ss.MaximumLength"></field><field name="Composition_Type.MaximumLength"></field></doc><doc><field name="name">96 Tears</field><field name="id">http://www.semanticweb.org/tedsullivan/ontologies/2015/5/music-10#ninety-six_tears</field><field name="composer_ss.Length">13</field><field name="hasPerformer_ss">',? and the Mysterians,'</field><field name="Composition_Type.Length">4</field><field name="composer_ss.MaximumLength"></field><field name="hasPerformer_ss.Length">24</field><field name="verb_ss">composed</field><field name="verb_ss">written</field><field name="verb_ss">authored</field><field name="verb_ss">wrote</field><field name="path">/Song/96 Tears</field><field name="Composition_Type">Song</field><field name="verb_ss.Length">5</field><field name="verb_ss.MaximumLength"></field><field name="Composition_Type.MaximumLength"></field><field name="composer_ss">Rudy Martinez</field><field name="hasPerformer_ss.MaximumLength"></field></doc><doc><field name="name">Slow Dancing In A Burning Room</field><field name="id">http://www.semanticweb.org/tedsullivan/ontologies/2015/5/music-10#Slow_Dancing_In_A_Burning_Room</field><field name="composer_ss.Length">10</field><field name="Composition_Type.Length">4</field><field name="composer_ss.MaximumLength"></field><field name="verb_ss">composed</field><field name="verb_ss">written</field><field name="verb_ss">authored</field><field name="verb_ss">wrote</field><field name="path">/Song/Slow Dancing In A Burning Room</field><field name="Composition_Type">Song</field><field name="verb_ss.Length">5</field><field name="verb_ss.MaximumLength"></field><field name="Composition_Type.MaximumLength"></field><field name="composer_ss">John Mayer</field></doc><doc><field name="name">By And By</field><field name="id">http://www.semanticweb.org/tedsullivan/ontologies/2015/5/music-10#By_And_By</field><field name="composer_ss.Length">11</field><field name="Composition_Type.Length">4</field><field name="composer_ss.MaximumLength"></field><field name="verb_ss">composed</field><field name="verb_ss">written</field><field name="verb_ss">authored</field><field name="verb_ss">wrote</field><field name="path">/Song/By And By</field><field name="Composition_Type">Song</field><field name="verb_ss.Length">5</field><field name="verb_ss.MaximumLength"></field><field name="Composition_Type.MaximumLength"></field><field name="composer_ss">Traditional</field></doc><doc><field name="name">Bolivian Ragamuffin</field><field name="id">http://www.semanticweb.org/tedsullivan/ontologies/2015/5/music-10#Bolivian_Ragamuffin</field><field name="related_entity1_ss">Aerosmith</field><field name="composer_ss.MaximumLength"></field><field name="path">/Song/Bolivian Ragamuffin</field><field name="Composition_Type">Song</field><field name="composer_ss">Jimmy Crespo</field><field name="composer_ss">Steven Tyler</field><field name="original_performer.Length">9</field><field name="original_performer">Aerosmith</field><field name="composer_ss.Length">12</field><field name="Composition_Type.Length">4</field><field name="original_performer.MaximumLength"></field><field name="verb_ss">composed</field><field name="verb_ss">written</field><field name="verb_ss">authored</field><field name="verb_ss">wrote</field><field name="genres_ss">Rock</field><field name="genres_ss">Heavy Metal</field><field name="verb_ss.Length">5</field><field name="verb_ss.MaximumLength"></field><field name="Composition_Type.MaximumLength"></field><field name="composer.Count">4</field></doc><doc><field name="name">Sway</field><field name="id">http://www.semanticweb.org/tedsullivan/ontologies/2015/5/music-10#Sway</field><field name="composer_ss.Length">18</field><field name="hasPerformer_ss">Dean Martin</field><field name="Composition_Type.Length">4</field><field name="composer_ss.MaximumLength"></field><field name="hasPerformer_ss.Length">11</field><field name="verb_ss">composed</field><field name="verb_ss">written</field><field name="verb_ss">authored</field><field name="verb_ss">wrote</field><field name="path">/Song/Sway</field><field name="Composition_Type">Song</field><field name="verb_ss.Length">5</field><field name="verb_ss.MaximumLength"></field><field name="Composition_Type.MaximumLength"></field><field name="composer_ss">Luis Demetrio</field><field name="composer_ss">Pablo Beltrán Ruiz</field><field name="composer.Count">4</field><field name="hasPerformer_ss.MaximumLength"></field></doc><doc><field name="name">Beware Of Darkness</field><field name="id">http://www.semanticweb.org/tedsullivan/ontologies/2015/5/music-10#Beware_Of_Darkness</field><field name="related_entity1_ss">George Harrison</field><field name="composer_ss.MaximumLength"></field><field name="path">/Song/Beware Of Darkness</field><field name="Composition_Type">Song</field><field name="composer_ss">George Harrison</field><field name="original_performer.Length">15</field><field name="original_performer">George Harrison</field><field name="composer_ss.Length">15</field><field name="Composition_Type.Length">4</field><field name="original_performer.MaximumLength"></field><field name="verb_ss">composed</field><field name="verb_ss">written</field><field name="verb_ss">authored</field><field name="verb_ss">wrote</field><field name="genres_ss">Rock</field><field name="verb_ss.Length">5</field><field name="verb_ss.MaximumLength"></field><field name="Composition_Type.MaximumLength"></field></doc><doc><field name="name">A Big Hunk O' Love</field><field name="id">http://www.semanticweb.org/tedsullivan/ontologies/2015/5/music-10#A_Big_Hunk_O_Love</field><field name="composer_ss.Length">9</field><field name="Composition_Type.Length">4</field><field name="composer_ss.MaximumLength"></field><field name="verb_ss">composed</field><field name="verb_ss">written</field><field name="verb_ss">authored</field><field name="verb_ss">wrote</field><field name="path">/Song/A Big Hunk O' Love</field><field name="Composition_Type">Song</field><field name="genres_ss">Rock</field><field name="genres_ss">Rock &amp; Roll</field><field name="verb_ss.Length">5</field><field name="verb_ss.MaximumLength"></field><field name="Composition_Type.MaximumLength"></field><field name="composer_ss">Aaron Schroeder</field><field name="composer_ss">Sid Wyche</field><field name="composer.Count">4</field></doc><doc><field name="name">Everything Happens To Me</field><field name="id">http://www.semanticweb.org/tedsullivan/ontologies/2015/5/music-10#Everything_Happens_To_Me</field><field name="composer_ss.Length">16</field><field name="Composition_Type.Length">4</field><field name="composer_ss.MaximumLength"></field><field name="lyricist_ss.MaximumLength"></field><field name="verb_ss">composed</field><field name="verb_ss">written</field><field name="verb_ss">authored</field><field name="verb_ss">wrote</field><field name="path">/Song/Everything Happens To Me</field><field name="lyricist_ss.Length">13</field><field name="Composition_Type">Song</field><field name="lyricist_ss">Johnny Mercer</field><field name="verb_ss.Length">5</field><field name="verb_ss.MaximumLength"></field><field name="Composition_Type.MaximumLength"></field><field name="composer_ss">Hoagy Carmichael</field></doc><doc><field name="name">That Would Be Something</field><field name="id">http://www.semanticweb.org/tedsullivan/ontologies/2015/5/music-10#That_Would_Be_Something</field><field name="related_entity1_ss">Paul McCartney</field><field name="composer_ss.MaximumLength"></field><field name="path">/Song/That Would Be Something</field><field name="Composition_Type">Song</field><field name="composer_ss">Paul McCartney</field><field name="original_performer.Length">14</field><field name="original_performer">Paul McCartney</field><field name="composer_ss.Length">14</field><field name="Composition_Type.Length">4</field><field name="original_performer.MaximumLength"></field><field name="verb_ss">composed</field><field name="verb_ss">written</field><field name="verb_ss">authored</field><field name="verb_ss">wrote</field><field name="genres_ss">Rock</field><field name="genres_ss">Soft Rock</field><field name="verb_ss.Length">5</field><field name="verb_ss.MaximumLength"></field><field name="Composition_Type.MaximumLength"></field></doc><doc><field name="name">Catfish Blues</field><field name="id">http://www.semanticweb.org/tedsullivan/ontologies/2015/5/music-10#Catfish_Blues</field><field name="related_entity1_ss">Muddy Waters</field><field name="composer_ss.MaximumLength"></field><field name="path">/Song/Catfish Blues</field><field name="Composition_Type">Song</field><field name="composer_ss">Muddy Waters</field><field name="original_performer.Length">12</field><field name="original_performer">Muddy Waters</field><field name="composer_ss.Length">12</field><field name="Composition_Type.Length">4</field><field name="original_performer.MaximumLength"></field><field name="verb_ss">composed</field><field name="verb_ss">written</field><field name="verb_ss">authored</field><field name="verb_ss">wrote</field><field name="genres_ss">Blues</field><field name="verb_ss.Length">5</field><field name="verb_ss.MaximumLength"></field><field name="Composition_Type.MaximumLength"></field></doc><doc><field name="name">Dig A Pony</field><field name="id">http://www.semanticweb.org/tedsullivan/ontologies/2015/5/music-10#Dig_A_Pony</field><field name="related_entity1_ss">Beatles</field><field name="composer_ss.MaximumLength"></field><field name="path">/Song/Dig A Pony</field><field name="Composition_Type">Song</field><field name="composer_ss">John Lennon</field><field name="composer_ss">Paul McCartney</field><field name="original_performer.Length">7</field><field name="original_performer">Beatles</field><field name="composer_ss.Length">14</field><field name="Composition_Type.Length">4</field><field name="original_performer.MaximumLength"></field><field name="verb_ss">composed</field><field name="verb_ss">written</field><field name="verb_ss">authored</field><field name="verb_ss">wrote</field><field name="verb_ss.Length">5</field><field name="verb_ss.MaximumLength"></field><field name="Composition_Type.MaximumLength"></field><field name="composer.Count">4</field></doc><doc><field name="name">Farewell Blues</field><field name="id">http://www.semanticweb.org/tedsullivan/ontologies/2015/5/music-10#Farewell_Blues</field><field name="composer_ss.Length">10</field><field name="Composition_Type.Length">4</field><field name="composer_ss.MaximumLength"></field><field name="verb_ss">composed</field><field name="verb_ss">written</field><field name="verb_ss">authored</field><field name="verb_ss">wrote</field><field name="path">/Song/Farewell Blues</field><field name="Composition_Type">Song</field><field name="verb_ss.Length">5</field><field name="verb_ss.MaximumLength"></field><field name="Composition_Type.MaximumLength"></field><field name="composer_ss">Elmer Schoebel</field><field name="composer_ss">Leon Roppolo</field><field name="composer_ss">Paul Mares</field><field name="composer.Count">6</field></doc><doc><field name="name">South Of The Border</field><field name="id">http://www.semanticweb.org/tedsullivan/ontologies/2015/5/music-10#South_Of_The_Border</field><field name="composer_ss.Length">12</field><field name="Composition_Type.Length">4</field><field name="composer_ss.MaximumLength"></field><field name="verb_ss">composed</field><field name="verb_ss">written</field><field name="verb_ss">authored</field><field name="verb_ss">wrote</field><field name="path">/Song/South Of The Border</field><field name="Composition_Type">Song</field><field name="verb_ss.Length">5</field><field name="verb_ss.MaximumLength"></field><field name="Composition_Type.MaximumLength"></field><field name="composer_ss">Jimmy Kennedy</field><field name="composer_ss">Michael Carr</field><field name="composer.Count">4</field></doc><doc><field name="name">Hidden Charms</field><field name="id">http://www.semanticweb.org/tedsullivan/ontologies/2015/5/music-10#Hidden_Charms</field><field name="composer_ss.Length">12</field><field name="Composition_Type.Length">4</field><field name="composer_ss.MaximumLength"></field><field name="verb_ss">composed</field><field name="verb_ss">written</field><field name="verb_ss">authored</field><field name="verb_ss">wrote</field><field name="path">/Song/Hidden Charms</field><field name="Composition_Type">Song</field><field name="verb_ss.Length">5</field><field name="verb_ss.MaximumLength"></field><field name="Composition_Type.MaximumLength"></field><field name="composer_ss">Willie Dixon</field></doc><doc><field name="name">Lucy In The Sky With Diamonds</field><field name="id">http://www.semanticweb.org/tedsullivan/ontologies/2015/5/music-10#Lucy_In_The_Sky_With_Diamonds</field><field name="related_entity1_ss">Beatles</field><field name="composer_ss.MaximumLength"></field><field name="path">/Song/Lucy In The Sky With Diamonds</field><field name="Composition_Type">Song</field><field name="composer_ss">John Lennon</field><field name="original_performer.Length">7</field><field name="original_performer">Beatles</field><field name="composer_ss.Length">11</field><field name="Composition_Type.Length">4</field><field name="original_performer.MaximumLength"></field><field name="verb_ss">composed</field><field name="verb_ss">written</field><field name="verb_ss">authored</field><field name="verb_ss">wrote</field><field name="genres_ss">Rock</field><field name="verb_ss.Length">5</field><field name="verb_ss.MaximumLength"></field><field name="Composition_Type.MaximumLength"></field></doc><doc><field name="name">Lana</field><field name="id">http://www.semanticweb.org/tedsullivan/ontologies/2015/5/music-10#Lana</field><field name="composer_ss.Length">11</field><field name="Composition_Type.Length">4</field><field name="composer_ss.MaximumLength"></field><field name="verb_ss">composed</field><field name="verb_ss">written</field><field name="verb_ss">authored</field><field name="verb_ss">wrote</field><field name="path">/Song/Lana</field><field name="Composition_Type">Song</field><field name="verb_ss.Length">5</field><field name="verb_ss.MaximumLength"></field><field name="Composition_Type.MaximumLength"></field><field name="composer_ss">Roy Orbison</field></doc><doc><field name="name">Hot Fun in the Summertime</field><field name="id">http://www.semanticweb.org/tedsullivan/ontologies/2015/5/music-10#Hot_Fun_in_the_Summertime</field><field name="composer_ss.Length">9</field><field name="hasPerformer_ss">Sly and the Family Stone</field><field name="Composition_Type.Length">4</field><field name="composer_ss.MaximumLength"></field><field name="hasPerformer_ss.Length">24</field><field name="verb_ss">composed</field><field name="verb_ss">written</field><field name="verb_ss">authored</field><field name="verb_ss">wrote</field><field name="path">/Song/Hot Fun in the Summertime</field><field name="Composition_Type">Song</field><field name="verb_ss.Length">5</field><field name="verb_ss.MaximumLength"></field><field name="Composition_Type.MaximumLength"></field><field name="composer_ss">Sly Stone</field><field name="hasPerformer_ss.MaximumLength"></field></doc><doc><field name="name">The Heart Of Life</field><field name="id">http://www.semanticweb.org/tedsullivan/ontologies/2015/5/music-10#The_Heart_Of_Life</field><field name="composer_ss.Length">10</field><field name="related_entity1_ss">John Mayer</field><field name="Composition_Type.Length">4</field><field name="composer_ss.MaximumLength"></field><field name="original_performer.MaximumLength"></field><field name="verb_ss">composed</field><field name="verb_ss">written</field><field name="verb_ss">authored</field><field name="verb_ss">wrote</field><field name="path">/Song/The Heart Of Life</field><field name="Composition_Type">Song</field><field name="verb_ss.Length">5</field><field name="verb_ss.MaximumLength"></field><field name="Composition_Type.MaximumLength"></field><field name="composer_ss">John Mayer</field><field name="original_performer.Length">10</field><field name="original_performer">John Mayer</field></doc><doc><field name="name">Your Latest Trick</field><field name="id">http://www.semanticweb.org/tedsullivan/ontologies/2015/5/music-10#Your_Latest_Trick</field><field name="related_entity1_ss">Dire Straits</field><field name="composer_ss.MaximumLength"></field><field name="path">/Song/Your Latest Trick</field><field name="Composition_Type">Song</field><field name="composer_ss">Mark Knopfler</field><field name="original_performer.Length">12</field><field name="original_performer">Dire Straits</field><field name="composer_ss.Length">13</field><field name="Composition_Type.Length">4</field><field name="original_performer.MaximumLength"></field><field name="verb_ss">composed</field><field name="verb_ss">written</field><field name="verb_ss">authored</field><field name="verb_ss">wrote</field><field name="genres_ss">Rock</field><field name="genres_ss">Soft Rock</field><field name="verb_ss.Length">5</field><field name="verb_ss.MaximumLength"></field><field name="Composition_Type.MaximumLength"></field></doc><doc><field name="name">Gimme Some Lovin</field><field name="id">http://www.semanticweb.org/tedsullivan/ontologies/2015/5/music-10#Gimme_Some_Lovin</field><field name="related_entity1_ss">The Spencer Davis Group</field><field name="composer_ss.MaximumLength"></field><field name="path">/Song/Gimme Some Lovin</field><field name="Composition_Type">Song</field><field name="composer_ss">Muff Winwood</field><field name="composer_ss">Spencer Davis</field><field name="composer_ss">Steve Winwood</field><field name="original_performer.Length">23</field><field name="original_performer">The Spencer Davis Group</field><field name="composer_ss.Length">13</field><field name="Composition_Type.Length">4</field><field name="original_performer.MaximumLength"></field><field name="verb_ss">composed</field><field name="verb_ss">written</field><field name="verb_ss">authored</field><field name="verb_ss">wrote</field><field name="genres_ss">R&amp;B</field><field name="verb_ss.Length">5</field><field name="verb_ss.MaximumLength"></field><field name="Composition_Type.MaximumLength"></field><field name="composer.Count">6</field></doc><doc><field name="name">Last Fair Deal Gone Down</field><field name="id">http://www.semanticweb.org/tedsullivan/ontologies/2015/5/music-10#Last_Fair_Deal_Gone_Down</field><field name="related_entity1_ss">Robert Johnson</field><field name="composer_ss.MaximumLength"></field><field name="path">/Song/Last Fair Deal Gone Down</field><field name="Composition_Type">Song</field><field name="composer_ss">Robert Johnson</field><field name="original_performer.Length">14</field><field name="original_performer">Robert Johnson</field><field name="composer_ss.Length">14</field><field name="Composition_Type.Length">4</field><field name="original_performer.MaximumLength"></field><field name="verb_ss">composed</field><field name="verb_ss">written</field><field name="verb_ss">authored</field><field name="verb_ss">wrote</field><field name="genres_ss">Blues</field><field name="genres_ss">Delta Blues</field><field name="verb_ss.Length">5</field><field name="verb_ss.MaximumLength"></field><field name="Composition_Type.MaximumLength"></field></doc><doc><field name="name">My Guy</field><field name="id">http://www.semanticweb.org/tedsullivan/ontologies/2015/5/music-10#My_Guy</field><field name="composer_ss.Length">15</field><field name="Composition_Type.Length">4</field><field name="composer_ss.MaximumLength"></field><field name="verb_ss">composed</field><field name="verb_ss">written</field><field name="verb_ss">authored</field><field name="verb_ss">wrote</field><field name="path">/Song/My Guy</field><field name="Composition_Type">Song</field><field name="genres_ss">R&amp;B</field><field name="verb_ss.Length">5</field><field name="verb_ss.MaximumLength"></field><field name="Composition_Type.MaximumLength"></field><field name="composer_ss">Smokey Robinson</field></doc><doc><field name="name">Matchbox Blues</field><field name="id">http://www.semanticweb.org/tedsullivan/ontologies/2015/5/music-10#Matchbox_Blues</field><field name="related_entity1_ss">Blind Lemon Jefferson</field><field name="composer_ss.MaximumLength"></field><field name="path">/Song/Matchbox Blues</field><field name="Composition_Type">Song</field><field name="composer_ss">Blind Lemon Jefferson</field><field name="original_performer.Length">21</field><field name="original_performer">Blind Lemon Jefferson</field><field name="composer_ss.Length">21</field><field name="Composition_Type.Length">4</field><field name="original_performer.MaximumLength"></field><field name="verb_ss">composed</field><field name="verb_ss">written</field><field name="verb_ss">authored</field><field name="verb_ss">wrote</field><field name="genres_ss">Blues</field><field name="verb_ss.Length">5</field><field name="verb_ss.MaximumLength"></field><field name="Composition_Type.MaximumLength"></field></doc><doc><field name="name">Benny The Bouncer</field><field name="id">http://www.semanticweb.org/tedsullivan/ontologies/2015/5/music-10#Benny_The_Bouncer</field><field name="hasPerformer_ss">Emerson Lake And Palmer</field><field name="performers.Length">11</field><field name="composer_ss.MaximumLength"></field><field name="hasPerformer_ss.Length">23</field><field name="path">/Song/Benny The Bouncer</field><field name="Composition_Type">Song</field><field name="composer_ss">Greg Lake</field><field name="composer_ss">Keith Emerson</field><field name="composer_ss">Peter Sinfield</field><field name="composer_ss.Length">14</field><field name="performers.MaximumLength"></field><field name="Composition_Type.Length">4</field><field name="verb_ss">composed</field><field name="verb_ss">written</field><field name="verb_ss">authored</field><field name="verb_ss">wrote</field><field name="verb_ss.Length">5</field><field name="verb_ss.MaximumLength"></field><field name="Composition_Type.MaximumLength"></field><field name="composer.Count">6</field><field name="hasPerformer_ss.MaximumLength"></field></doc><doc><field name="name">Ain't No Mountain High Enough</field><field name="id">http://www.semanticweb.org/tedsullivan/ontologies/2015/5/music-10#Aint_No_Mountain_High_Enough</field><field name="composer_ss.Length">15</field><field name="Composition_Type.Length">4</field><field name="composer_ss.MaximumLength"></field><field name="verb_ss">composed</field><field name="verb_ss">written</field><field name="verb_ss">authored</field><field name="verb_ss">wrote</field><field name="path">/Song/Ain't No Mountain High Enough</field><field name="Composition_Type">Song</field><field name="verb_ss.Length">5</field><field name="verb_ss.MaximumLength"></field><field name="Composition_Type.MaximumLength"></field><field name="composer_ss">Nickolas Ashford</field><field name="composer_ss">Valerie Simpson</field><field name="composer.Count">4</field></doc><doc><field name="name">Let It Be</field><field name="id">http://www.semanticweb.org/tedsullivan/ontologies/2015/5/music-10#Let_It_Be</field><field name="related_entity1_ss">Beatles</field><field name="composer_ss.MaximumLength"></field><field name="path">/Song/Let It Be</field><field name="Composition_Type">Song</field><field name="composer_ss">John Lennon</field><field name="composer_ss">Paul McCartney</field><field name="original_performer.Length">7</field><field name="original_performer">Beatles</field><field name="composer_ss.Length">14</field><field name="Composition_Type.Length">4</field><field name="original_performer.MaximumLength"></field><field name="verb_ss">composed</field><field name="verb_ss">written</field><field name="verb_ss">authored</field><field name="verb_ss">wrote</field><field name="verb_ss.Length">5</field><field name="verb_ss.MaximumLength"></field><field name="Composition_Type.MaximumLength"></field><field name="composer.Count">4</field></doc><doc><field name="name">Song For Rosemary</field><field name="id">http://www.semanticweb.org/tedsullivan/ontologies/2015/5/music-10#Song_For_Rosemary</field><field name="hasPerformer_ss">Steady Hands</field><field name="Composition_Type.Length">4</field><field name="hasPerformer_ss.Length">12</field><field name="verb_ss">composed</field><field name="verb_ss">written</field><field name="verb_ss">authored</field><field name="verb_ss">wrote</field><field name="path">/Song/Song For Rosemary</field><field name="Composition_Type">Song</field><field name="verb_ss.Length">5</field><field name="verb_ss.MaximumLength"></field><field name="Composition_Type.MaximumLength"></field><field name="hasPerformer_ss.MaximumLength"></field></doc><doc><field name="name">Wait</field><field name="id">http://www.semanticweb.org/tedsullivan/ontologies/2015/5/music-10#Wait</field><field name="related_entity1_ss">Beatles</field><field name="composer_ss.MaximumLength"></field><field name="path">/Song/Wait</field><field name="Composition_Type">Song</field><field name="composer_ss">John Lennon</field><field name="composer_ss">Paul McCartney</field><field name="original_performer.Length">7</field><field name="original_performer">Beatles</field><field name="composer_ss.Length">14</field><field name="Composition_Type.Length">4</field><field name="original_performer.MaximumLength"></field><field name="verb_ss">composed</field><field name="verb_ss">written</field><field name="verb_ss">authored</field><field name="verb_ss">wrote</field><field name="verb_ss.Length">5</field><field name="verb_ss.MaximumLength"></field><field name="Composition_Type.MaximumLength"></field><field name="composer.Count">4</field></doc><doc><field name="name">Mystery Train</field><field name="id">http://www.semanticweb.org/tedsullivan/ontologies/2015/5/music-10#Mystery_Train</field><field name="related_entity1_ss">Junior Parker</field><field name="related_entity1_ss">Sam Phillips</field><field name="composer_ss.MaximumLength"></field><field name="path">/Song/Mystery Train</field><field name="Composition_Type">Song</field><field name="composer_ss">Junior Parker</field><field name="composer_ss">Sam Phillips</field><field name="original_performer.Length">13</field><field name="original_performer">Junior Parker</field><field name="composer_ss.Length">12</field><field name="Composition_Type.Length">4</field><field name="original_performer.MaximumLength"></field><field name="verb_ss">composed</field><field name="verb_ss">written</field><field name="verb_ss">authored</field><field name="verb_ss">wrote</field><field name="verb_ss.Length">5</field><field name="verb_ss.MaximumLength"></field><field name="Composition_Type.MaximumLength"></field><field name="composer.Count">4</field></doc><doc><field name="name">Andy's Chest</field><field name="id">http://www.semanticweb.org/tedsullivan/ontologies/2015/5/music-10#Andys_Chest</field><field name="composer_ss.Length">8</field><field name="Composition_Type.Length">4</field><field name="composer_ss.MaximumLength"></field><field name="verb_ss">composed</field><field name="verb_ss">written</field><field name="verb_ss">authored</field><field name="verb_ss">wrote</field><field name="path">/Song/Andy's Chest</field><field name="Composition_Type">Song</field><field name="verb_ss.Length">5</field><field name="verb_ss.MaximumLength"></field><field name="Composition_Type.MaximumLength"></field><field name="composer_ss">Lou Reed</field></doc><doc><field name="name">Don't You Know I Care</field><field name="id">http://www.semanticweb.org/tedsullivan/ontologies/2015/5/music-10#Dont_You_Know_I_Care</field><field name="composer_ss.Length">14</field><field name="Composition_Type.Length">4</field><field name="composer_ss.MaximumLength"></field><field name="verb_ss">composed</field><field name="verb_ss">written</field><field name="verb_ss">authored</field><field name="verb_ss">wrote</field><field name="path">/Song/Don't You Know I Care</field><field name="Composition_Type">Song</field><field name="verb_ss.Length">5</field><field name="verb_ss.MaximumLength"></field><field name="Composition_Type.MaximumLength"></field><field name="composer_ss">Duke Ellington</field></doc><doc><field name="name">Ballad Of John Henry</field><field name="id">http://www.semanticweb.org/tedsullivan/ontologies/2015/5/music-10#Ballad_of_John_Henry</field><field name="composer_ss.Length">11</field><field name="Composition_Type.Length">4</field><field name="composer_ss.MaximumLength"></field><field name="verb_ss">composed</field><field name="verb_ss">written</field><field name="verb_ss">authored</field><field name="verb_ss">wrote</field><field name="path">/Song/Ballad Of John Henry</field><field name="Composition_Type">Song</field><field name="genres_ss">Folk</field><field name="verb_ss.Length">5</field><field name="verb_ss.MaximumLength"></field><field name="Composition_Type.MaximumLength"></field><field name="composer_ss">Traditional</field></doc><doc><field name="name">All I Want For Christmas Is My Two Front Teeth</field><field name="id">http://www.semanticweb.org/tedsullivan/ontologies/2015/5/music-10#All_I_Want_for_Christmas_Is_My_Two_Front_Teeth</field><field name="Composition_Type.Length">4</field><field name="verb_ss">composed</field><field name="verb_ss">written</field><field name="verb_ss">authored</field><field name="verb_ss">wrote</field><field name="path">/Song/All I Want For Christmas Is My Two Front Teeth</field><field name="Composition_Type">Song</field><field name="verb_ss.Length">5</field><field name="verb_ss.MaximumLength"></field><field name="Composition_Type.MaximumLength"></field></doc><doc><field name="name">Dear Old Southland</field><field name="id">http://www.semanticweb.org/tedsullivan/ontologies/2015/5/music-10#Dear_Old_Southland</field><field name="composer_ss.Length">13</field><field name="Composition_Type.Length">4</field><field name="composer_ss.MaximumLength"></field><field name="lyricist_ss.MaximumLength"></field><field name="verb_ss">composed</field><field name="verb_ss">written</field><field name="verb_ss">authored</field><field name="verb_ss">wrote</field><field name="path">/Song/Dear Old Southland</field><field name="lyricist_ss.Length">13</field><field name="Composition_Type">Song</field><field name="lyricist_ss">Henry Creamer</field><field name="verb_ss.Length">5</field><field name="verb_ss.MaximumLength"></field><field name="Composition_Type.MaximumLength"></field><field name="composer_ss">Turner Layton</field></doc><doc><field name="name">The Very Thought Of You</field><field name="id">http://www.semanticweb.org/tedsullivan/ontologies/2015/5/music-10#The_Very_Thought_Of_You</field><field name="Composition_Type.Length">4</field><field name="verb_ss">composed</field><field name="verb_ss">written</field><field name="verb_ss">authored</field><field name="verb_ss">wrote</field><field name="path">/Song/The Very Thought Of You</field><field name="Composition_Type">Song</field><field name="verb_ss.Length">5</field><field name="verb_ss.MaximumLength"></field><field name="Composition_Type.MaximumLength"></field></doc><doc><field name="name">Long Distance Operator</field><field name="id">http://www.semanticweb.org/tedsullivan/ontologies/2015/5/music-10#Long_Distance_Operator</field><field name="related_entity1_ss">Bob Dylan</field><field name="related_entity1_ss">The Band</field><field name="composer_ss.MaximumLength"></field><field name="original_performer.Count">2</field><field name="path">/Song/Long Distance Operator</field><field name="Composition_Type">Song</field><field name="composer_ss">Bob Dylan</field><field name="hasPerformer_ss">Bob Dylan</field><field name="hasPerformer_ss">The Band</field><field name="composer_ss.Length">9</field><field name="Composition_Type.Length">4</field><field name="verb_ss">composed</field><field name="verb_ss">written</field><field name="verb_ss">authored</field><field name="verb_ss">wrote</field><field name="genres_ss">Folk</field><field name="genres_ss">Folk Rock</field><field name="genres_ss">Rock</field><field name="verb_ss.Length">5</field><field name="verb_ss.MaximumLength"></field><field name="Composition_Type.MaximumLength"></field></doc><doc><field name="name">Aqualung</field><field name="id">http://www.semanticweb.org/tedsullivan/ontologies/2015/5/music-10#Aqualung_-_Song</field><field name="related_entity1_ss">Jethro Tull</field><field name="composer_ss.MaximumLength"></field><field name="path">/Song/Aqualung</field><field name="lyricist_ss.Length">13</field><field name="Composition_Type">Song</field><field name="lyricist_ss">Jennie Franks</field><field name="composer_ss">Ian Anderson</field><field name="original_performer.Length">11</field><field name="original_performer">Jethro Tull</field><field name="composer_ss.Length">12</field><field name="Composition_Type.Length">4</field><field name="original_performer.MaximumLength"></field><field name="lyricist_ss.MaximumLength"></field><field name="verb_ss">composed</field><field name="verb_ss">written</field><field name="verb_ss">authored</field><field name="verb_ss">wrote</field><field name="genres_ss">Rock</field><field name="genres_ss">Progressive Rock</field><field name="verb_ss.Length">5</field><field name="verb_ss.MaximumLength"></field><field name="Composition_Type.MaximumLength"></field></doc><doc><field name="name">The Hero's Return</field><field name="id">http://www.semanticweb.org/tedsullivan/ontologies/2015/5/music-10#The_Heros_Return</field><field name="related_entity1_ss">Pink Floyd</field><field name="composer_ss.MaximumLength"></field><field name="path">/Song/The Hero's Return</field><field name="Composition_Type">Song</field><field name="composer_ss">Roger Waters</field><field name="original_performer.Length">10</field><field name="original_performer">Pink Floyd</field><field name="composer_ss.Length">12</field><field name="Composition_Type.Length">4</field><field name="original_performer.MaximumLength"></field><field name="verb_ss">composed</field><field name="verb_ss">written</field><field name="verb_ss">authored</field><field name="verb_ss">wrote</field><field name="genres_ss">Rock</field><field name="genres_ss">Progressive Rock</field><field name="verb_ss.Length">5</field><field name="verb_ss.MaximumLength"></field><field name="Composition_Type.MaximumLength"></field></doc><doc><field name="name">All My Loving</field><field name="id">http://www.semanticweb.org/tedsullivan/ontologies/2015/5/music-10#All_My_Loving</field><field name="related_entity1_ss">Amy Winehouse</field><field name="related_entity1_ss">Beatles</field><field name="composer_ss.MaximumLength"></field><field name="path">/Song/All My Loving</field><field name="Composition_Type">Song</field><field name="composer_ss">John Lennon</field><field name="composer_ss">Paul McCartney</field><field name="original_performer.Length">7</field><field name="original_performer">Beatles</field><field name="composer_ss.Length">14</field><field name="Composition_Type.Length">4</field><field name="original_performer.MaximumLength"></field><field name="verb_ss">composed</field><field name="verb_ss">written</field><field name="verb_ss">authored</field><field name="verb_ss">wrote</field><field name="genres_ss">Rock</field><field name="genres_ss">Rock &amp; Roll</field><field name="verb_ss.Length">5</field><field name="verb_ss.MaximumLength"></field><field name="Composition_Type.MaximumLength"></field><field name="composer.Count">4</field></doc><doc><field name="name">Twinklin,'</field><field name="id">http://www.semanticweb.org/tedsullivan/ontologies/2015/5/music-10#Twinklin</field><field name="hasPerformer_ss">Mary Lou Williams</field><field name="Composition_Type.Length">4</field><field name="hasPerformer_ss.Length">17</field><field name="verb_ss">composed</field><field name="verb_ss">written</field><field name="verb_ss">authored</field><field name="verb_ss">wrote</field><field name="path">/Song/Twinklin,'</field><field name="Composition_Type">Song</field><field name="verb_ss.Length">5</field><field name="verb_ss.MaximumLength"></field><field name="Composition_Type.MaximumLength"></field><field name="hasPerformer_ss.MaximumLength"></field></doc><doc><field name="name">Stuck On You</field><field name="id">http://www.semanticweb.org/tedsullivan/ontologies/2015/5/music-10#Stuck_On_You</field><field name="composer_ss.Length">19</field><field name="Composition_Type.Length">4</field><field name="composer_ss.MaximumLength"></field><field name="verb_ss">composed</field><field name="verb_ss">written</field><field name="verb_ss">authored</field><field name="verb_ss">wrote</field><field name="hasGenre.Count">4</field><field name="path">/Song/Stuck On You</field><field name="Composition_Type">Song</field><field name="genres_ss">R&amp;B</field><field name="genres_ss">Rock</field><field name="genres_ss">Rock &amp; Roll</field><field name="verb_ss.Length">5</field><field name="verb_ss.MaximumLength"></field><field name="Composition_Type.MaximumLength"></field><field name="composer_ss">Aaron Schroeder</field><field name="composer_ss">J. Leslie McFarland</field><field name="composer.Count">4</field></doc><doc><field name="name">The Chipmunk Song (Christmas Don't Be Late)</field><field name="id">http://www.semanticweb.org/tedsullivan/ontologies/2015/5/music-10#The_Chipmunk_Song_Christmas_Dont_Be_Late</field><field name="composer_ss.Length">21</field><field name="related_entity1_ss">Alvin and the Chipmunks</field><field name="Composition_Type.Length">4</field><field name="composer_ss.MaximumLength"></field><field name="original_performer.MaximumLength"></field><field name="verb_ss">composed</field><field name="verb_ss">written</field><field name="verb_ss">authored</field><field name="verb_ss">wrote</field><field name="path">/Song/The Chipmunk Song (Christmas Don't Be Late)</field><field name="Composition_Type">Song</field><field name="verb_ss.Length">5</field><field name="verb_ss.MaximumLength"></field><field name="Composition_Type.MaximumLength"></field><field name="composer_ss">Ross Bagdasarian, Sr.</field><field name="original_performer.Length">23</field><field name="original_performer">Alvin and the Chipmunks</field></doc><doc><field name="name">Swamp</field><field name="id">http://www.semanticweb.org/tedsullivan/ontologies/2015/5/music-10#Swamp</field><field name="related_entity1_ss">Talking Heads</field><field name="composer_ss.MaximumLength"></field><field name="path">/Song/Swamp</field><field name="Composition_Type">Song</field><field name="composer_ss">Chris Frantz</field><field name="composer_ss">David Byrne</field><field name="composer_ss">Jerry Harrison</field><field name="composer_ss">Tina Weymouth</field><field name="original_performer.Length">13</field><field name="original_performer">Talking Heads</field><field name="composer_ss.Length">13</field><field name="Composition_Type.Length">4</field><field name="original_performer.MaximumLength"></field><field name="verb_ss">composed</field><field name="verb_ss">written</field><field name="verb_ss">authored</field><field name="verb_ss">wrote</field><field name="genres_ss">Rock</field><field name="genres_ss">New Wave</field><field name="verb_ss.Length">5</field><field name="verb_ss.MaximumLength"></field><field name="Composition_Type.MaximumLength"></field><field name="composer.Count">8</field></doc><doc><field name="name">The End of The End</field><field name="id">http://www.semanticweb.org/tedsullivan/ontologies/2015/5/music-10#The_End_of_The_End</field><field name="composer_ss.Length">14</field><field name="related_entity1_ss">Paul McCartney</field><field name="Composition_Type.Length">4</field><field name="composer_ss.MaximumLength"></field><field name="original_performer.MaximumLength"></field><field name="verb_ss">composed</field><field name="verb_ss">written</field><field name="verb_ss">authored</field><field name="verb_ss">wrote</field><field name="path">/Song/The End of The End</field><field name="Composition_Type">Song</field><field name="verb_ss.Length">5</field><field name="verb_ss.MaximumLength"></field><field name="Composition_Type.MaximumLength"></field><field name="composer_ss">Paul McCartney</field><field name="original_performer.Length">14</field><field name="original_performer">Paul McCartney</field></doc><doc><field name="name">I Only Have Eyes for You</field><field name="id">http://www.semanticweb.org/tedsullivan/ontologies/2015/5/music-10#I_Only_Have_Eyes_for_You</field><field name="composer_ss.Length">12</field><field name="Composition_Type.Length">4</field><field name="composer_ss.MaximumLength"></field><field name="verb_ss">composed</field><field name="verb_ss">written</field><field name="verb_ss">authored</field><field name="verb_ss">wrote</field><field name="path">/Song/I Only Have Eyes for You</field><field name="Composition_Type">Song</field><field name="genres_ss">Rock</field><field name="genres_ss">Doo Wop</field><field name="verb_ss.Length">5</field><field name="verb_ss.MaximumLength"></field><field name="Composition_Type.MaximumLength"></field><field name="composer_ss">Harry Warren</field></doc><doc><field name="name">Memories Of Love</field><field name="id">http://www.semanticweb.org/tedsullivan/ontologies/2015/5/music-10#Memories_Of_Love</field><field name="related_entity1_ss">Chicago</field><field name="composer_ss.MaximumLength"></field><field name="path">/Song/Memories Of Love</field><field name="Composition_Type">Song</field><field name="composer_ss">Peter Matz</field><field name="composer_ss">Terry Kath</field><field name="original_performer.Length">7</field><field name="original_performer">Chicago</field><field name="composer_ss.Length">10</field><field name="Composition_Type.Length">4</field><field name="original_performer.MaximumLength"></field><field name="verb_ss">composed</field><field name="verb_ss">written</field><field name="verb_ss">authored</field><field name="verb_ss">wrote</field><field name="verb_ss.Length">5</field><field name="verb_ss.MaximumLength"></field><field name="Composition_Type.MaximumLength"></field><field name="composer.Count">4</field></doc><doc><field name="name">Drug Store Truck Drivin' Man</field><field name="id">http://www.semanticweb.org/tedsullivan/ontologies/2015/5/music-10#Drug_Store_Truck_Drivin_Man</field><field name="performers.MaximumLength"></field><field name="hasPerformer_ss">The Byrds</field><field name="performers.Length">14</field><field name="Composition_Type.Length">4</field><field name="hasPerformer_ss.Length">9</field><field name="verb_ss">composed</field><field name="verb_ss">written</field><field name="verb_ss">authored</field><field name="verb_ss">wrote</field><field name="path">/Song/Drug Store Truck Drivin' Man</field><field name="Composition_Type">Song</field><field name="verb_ss.Length">5</field><field name="verb_ss.MaximumLength"></field><field name="Composition_Type.MaximumLength"></field><field name="hasPerformer_ss.MaximumLength"></field></doc><doc><field name="name">The Man I Love</field><field name="id">http://www.semanticweb.org/tedsullivan/ontologies/2015/5/music-10#The_Man_I_Love</field><field name="composer_ss.MaximumLength"></field><field name="path">/Song/The Man I Love</field><field name="lyricist_ss.Length">12</field><field name="Composition_Type">Song</field><field name="lyricist_ss">Ira Gershwin</field><field name="composer_ss">George Gershwin</field><field name="composer_ss.Length">15</field><field name="Composition_Type.Length">4</field><field name="lyricist_ss.MaximumLength"></field><field name="verb_ss">composed</field><field name="verb_ss">written</field><field name="verb_ss">authored</field><field name="verb_ss">wrote</field><field name="genres_ss">Jazz</field><field name="verb_ss.Length">5</field><field name="verb_ss.MaximumLength"></field><field name="Composition_Type.MaximumLength"></field></doc><doc><field name="name">Free Bird</field><field name="id">http://www.semanticweb.org/tedsullivan/ontologies/2015/5/music-10#Free_Bird</field><field name="hasPerformer_ss">Lynyrd Skynyrd</field><field name="performers.Length">9</field><field name="composer_ss.MaximumLength"></field><field name="hasPerformer_ss.Length">14</field><field name="path">/Song/Free Bird</field><field name="Composition_Type">Song</field><field name="composer_ss">Allen Collins</field><field name="composer_ss">Ronnie Van Zant</field><field name="composer_ss.Length">15</field><field name="performers.MaximumLength"></field><field name="Composition_Type.Length">4</field><field name="verb_ss">composed</field><field name="verb_ss">written</field><field name="verb_ss">authored</field><field name="verb_ss">wrote</field><field name="verb_ss.Length">5</field><field name="verb_ss.MaximumLength"></field><field name="Composition_Type.MaximumLength"></field><field name="composer.Count">4</field><field name="hasPerformer_ss.MaximumLength"></field></doc><doc><field name="name">How Blue Can You Get</field><field name="id">http://www.semanticweb.org/tedsullivan/ontologies/2015/5/music-10#How_Blue_Can_You_Get</field><field name="composer_ss.Length">15</field><field name="Composition_Type.Length">4</field><field name="composer_ss.MaximumLength"></field><field name="verb_ss">composed</field><field name="verb_ss">written</field><field name="verb_ss">authored</field><field name="verb_ss">wrote</field><field name="path">/Song/How Blue Can You Get</field><field name="Composition_Type">Song</field><field name="genres_ss">Blues</field><field name="verb_ss.Length">5</field><field name="verb_ss.MaximumLength"></field><field name="Composition_Type.MaximumLength"></field><field name="composer_ss">Jane Feather</field><field name="composer_ss">Leonard Feather</field><field name="composer.Count">4</field></doc><doc><field name="name">A Sleepin' Bee</field><field name="id">http://www.semanticweb.org/tedsullivan/ontologies/2015/5/music-10#A_Sleepin_Bee</field><field name="composer_ss.MaximumLength"></field><field name="path">/Song/A Sleepin' Bee</field><field name="lyricist_ss.Length">13</field><field name="Composition_Type">Song</field><field name="lyricist_ss">Truman Capote</field><field name="composer_ss">Harold Arlen</field><field name="composer_ss.Length">12</field><field name="Composition_Type.Length">4</field><field name="lyricist_ss.MaximumLength"></field><field name="verb_ss">composed</field><field name="verb_ss">written</field><field name="verb_ss">authored</field><field name="verb_ss">wrote</field><field name="genres_ss">Popular</field><field name="verb_ss.Length">5</field><field name="verb_ss.MaximumLength"></field><field name="Composition_Type.MaximumLength"></field></doc><doc><field name="name">Angel Of Mercy</field><field name="id">http://www.semanticweb.org/tedsullivan/ontologies/2015/5/music-10#Angel_Of_Mercy</field><field name="hasPerformer_ss">Albert King</field><field name="Composition_Type.Length">4</field><field name="hasPerformer_ss.Length">11</field><field name="verb_ss">composed</field><field name="verb_ss">written</field><field name="verb_ss">authored</field><field name="verb_ss">wrote</field><field name="path">/Song/Angel Of Mercy</field><field name="Composition_Type">Song</field><field name="verb_ss.Length">5</field><field name="verb_ss.MaximumLength"></field><field name="Composition_Type.MaximumLength"></field><field name="hasPerformer_ss.MaximumLength"></field></doc><doc><field name="name">Lonely Teardrops</field><field name="id">http://www.semanticweb.org/tedsullivan/ontologies/2015/5/music-10#Lonely_Teardrops</field><field name="composer_ss.Length">11</field><field name="Composition_Type.Length">4</field><field name="composer_ss.MaximumLength"></field><field name="verb_ss">composed</field><field name="verb_ss">written</field><field name="verb_ss">authored</field><field name="verb_ss">wrote</field><field name="path">/Song/Lonely Teardrops</field><field name="Composition_Type">Song</field><field name="verb_ss.Length">5</field><field name="verb_ss.MaximumLength"></field><field name="Composition_Type.MaximumLength"></field><field name="composer_ss">Berry Gordy</field><field name="composer_ss">Gwen Gordy</field><field name="composer_ss">Tyran Carlo</field><field name="composer.Count">6</field></doc><doc><field name="name">Malted Milk</field><field name="id">http://www.semanticweb.org/tedsullivan/ontologies/2015/5/music-10#Malted_Milk</field><field name="composer_ss.Length">14</field><field name="related_entity1_ss">Robert Johnson</field><field name="Composition_Type.Length">4</field><field name="composer_ss.MaximumLength"></field><field name="original_performer.MaximumLength"></field><field name="verb_ss">composed</field><field name="verb_ss">written</field><field name="verb_ss">authored</field><field name="verb_ss">wrote</field><field name="path">/Song/Malted Milk</field><field name="Composition_Type">Song</field><field name="verb_ss.Length">5</field><field name="verb_ss.MaximumLength"></field><field name="Composition_Type.MaximumLength"></field><field name="composer_ss">Robert Johnson</field><field name="original_performer.Length">14</field><field name="original_performer">Robert Johnson</field></doc><doc><field name="name">Night Fever</field><field name="id">http://www.semanticweb.org/tedsullivan/ontologies/2015/5/music-10#Night_Fever</field><field name="related_entity1_ss">Bee Gees</field><field name="composer_ss.MaximumLength"></field><field name="path">/Song/Night Fever</field><field name="Composition_Type">Song</field><field name="composer_ss">Barry Gibb</field><field name="composer_ss">Maurice Gibb</field><field name="composer_ss">Robin Gibb</field><field name="original_performer.Length">8</field><field name="original_performer">Bee Gees</field><field name="composer_ss.Length">10</field><field name="Composition_Type.Length">4</field><field name="original_performer.MaximumLength"></field><field name="verb_ss">composed</field><field name="verb_ss">written</field><field name="verb_ss">authored</field><field name="verb_ss">wrote</field><field name="verb_ss.Length">5</field><field name="verb_ss.MaximumLength"></field><field name="Composition_Type.MaximumLength"></field><field name="composer.Count">6</field></doc><doc><field name="name">(White Man) In Hammersmith Palais</field><field name="id">http://www.semanticweb.org/tedsullivan/ontologies/2015/5/music-10#White_Man_In_Hammersmith_Palais</field><field name="related_entity1_ss">The Clash</field><field name="composer_ss.MaximumLength"></field><field name="path">/Song/(White Man) In Hammersmith Palais</field><field name="Composition_Type">Song</field><field name="composer_ss">Joe Strummer</field><field name="composer_ss">Mick Jones</field><field name="original_performer.Length">9</field><field name="original_performer">The Clash</field><field name="composer_ss.Length">10</field><field name="Composition_Type.Length">4</field><field name="original_performer.MaximumLength"></field><field name="verb_ss">composed</field><field name="verb_ss">written</field><field name="verb_ss">authored</field><field name="verb_ss">wrote</field><field name="genres_ss">Rock</field><field name="verb_ss.Length">5</field><field name="verb_ss.MaximumLength"></field><field name="Composition_Type.MaximumLength"></field><field name="composer.Count">4</field></doc><doc><field name="name">Autum Serenade</field><field name="id">http://www.semanticweb.org/tedsullivan/ontologies/2015/5/music-10#Autum_Serenade</field><field name="composer_ss.Length">12</field><field name="Composition_Type.Length">4</field><field name="composer_ss.MaximumLength"></field><field name="lyricist_ss.MaximumLength"></field><field name="verb_ss">composed</field><field name="verb_ss">written</field><field name="verb_ss">authored</field><field name="verb_ss">wrote</field><field name="path">/Song/Autum Serenade</field><field name="lyricist_ss.Length">12</field><field name="Composition_Type">Song</field><field name="lyricist_ss">Sammy Gallop</field><field name="verb_ss.Length">5</field><field name="verb_ss.MaximumLength"></field><field name="Composition_Type.MaximumLength"></field><field name="composer_ss">Peter DeRose</field></doc><doc><field name="name">Grandma's Hands</field><field name="id">http://www.semanticweb.org/tedsullivan/ontologies/2015/5/music-10#Grandmas_Hands</field><field name="composer_ss.Length">12</field><field name="related_entity1_ss">Bill Withers</field><field name="Composition_Type.Length">4</field><field name="composer_ss.MaximumLength"></field><field name="original_performer.MaximumLength"></field><field name="verb_ss">composed</field><field name="verb_ss">written</field><field name="verb_ss">authored</field><field name="verb_ss">wrote</field><field name="path">/Song/Grandma's Hands</field><field name="Composition_Type">Song</field><field name="verb_ss.Length">5</field><field name="verb_ss.MaximumLength"></field><field name="Composition_Type.MaximumLength"></field><field name="composer_ss">Bill Withers</field><field name="original_performer.Length">12</field><field name="original_performer">Bill Withers</field></doc><doc><field name="name">Making Flippy Floppy</field><field name="id">http://www.semanticweb.org/tedsullivan/ontologies/2015/5/music-10#Making_Flippy_Floppy</field><field name="related_entity1_ss">Talking Heads</field><field name="composer_ss.MaximumLength"></field><field name="path">/Song/Making Flippy Floppy</field><field name="Composition_Type">Song</field><field name="composer_ss">Chris Frantz</field><field name="composer_ss">David Byrne</field><field name="composer_ss">Jerry Harrison</field><field name="composer_ss">Tina Weymouth</field><field name="original_performer.Length">13</field><field name="original_performer">Talking Heads</field><field name="composer_ss.Length">13</field><field name="Composition_Type.Length">4</field><field name="original_performer.MaximumLength"></field><field name="verb_ss">composed</field><field name="verb_ss">written</field><field name="verb_ss">authored</field><field name="verb_ss">wrote</field><field name="genres_ss">Rock</field><field name="genres_ss">New Wave</field><field name="verb_ss.Length">5</field><field name="verb_ss.MaximumLength"></field><field name="Composition_Type.MaximumLength"></field><field name="composer.Count">8</field></doc><doc><field name="name">Blues For Baby And Me</field><field name="id">http://www.semanticweb.org/tedsullivan/ontologies/2015/5/music-10#Blues_For_Baby_And_Me</field><field name="composer_ss.Length">10</field><field name="Composition_Type.Length">4</field><field name="composer_ss.MaximumLength"></field><field name="lyricist_ss.MaximumLength"></field><field name="verb_ss">composed</field><field name="verb_ss">written</field><field name="verb_ss">authored</field><field name="verb_ss">wrote</field><field name="path">/Song/Blues For Baby And Me</field><field name="lyricist_ss.Length">13</field><field name="Composition_Type">Song</field><field name="lyricist_ss">Bernie Taupin</field><field name="verb_ss.Length">5</field><field name="verb_ss.MaximumLength"></field><field name="Composition_Type.MaximumLength"></field><field name="composer_ss">Elton John</field></doc><doc><field name="name">19th Nervous Breakdown</field><field name="id">http://www.semanticweb.org/tedsullivan/ontologies/2015/5/music-10#Nineteenth_Nervous_Breakdown</field><field name="related_entity1_ss">Rolling Stones</field><field name="composer_ss.MaximumLength"></field><field name="path">/Song/19th Nervous Breakdown</field><field name="Composition_Type">Song</field><field name="composer_ss">Keith Richards</field><field name="composer_ss">Mick Jagger</field><field name="original_performer.Length">14</field><field name="original_performer">Rolling Stones</field><field name="composer_ss.Length">11</field><field name="Composition_Type.Length">4</field><field name="original_performer.MaximumLength"></field><field name="verb_ss">composed</field><field name="verb_ss">written</field><field name="verb_ss">authored</field><field name="verb_ss">wrote</field><field name="genres_ss">Rock</field><field name="verb_ss.Length">5</field><field name="verb_ss.MaximumLength"></field><field name="Composition_Type.MaximumLength"></field><field name="composer.Count">4</field></doc><doc><field name="name">You Shook Me</field><field name="id">http://www.semanticweb.org/tedsullivan/ontologies/2015/5/music-10#You_Shook_Me</field><field name="composer_ss.Length">12</field><field name="related_entity1_ss">Willie Dixon</field><field name="Composition_Type.Length">4</field><field name="composer_ss.MaximumLength"></field><field name="original_performer.MaximumLength"></field><field name="verb_ss">composed</field><field name="verb_ss">written</field><field name="verb_ss">authored</field><field name="verb_ss">wrote</field><field name="path">/Song/You Shook Me</field><field name="Composition_Type">Song</field><field name="verb_ss.Length">5</field><field name="verb_ss.MaximumLength"></field><field name="Composition_Type.MaximumLength"></field><field name="composer_ss">Willie Dixon</field><field name="original_performer.Length">12</field><field name="original_performer">Willie Dixon</field></doc><doc><field name="name">A Taste Of Honey</field><field name="id">http://www.semanticweb.org/tedsullivan/ontologies/2015/5/music-10#A_Taste_of_Honey</field><field name="composer_ss.Length">10</field><field name="Composition_Type.Length">4</field><field name="composer_ss.MaximumLength"></field><field name="verb_ss">composed</field><field name="verb_ss">written</field><field name="verb_ss">authored</field><field name="verb_ss">wrote</field><field name="path">/Song/A Taste Of Honey</field><field name="Composition_Type">Song</field><field name="genres_ss">Popular</field><field name="verb_ss.Length">5</field><field name="verb_ss.MaximumLength"></field><field name="Composition_Type.MaximumLength"></field><field name="composer_ss">Bobby Scott</field><field name="composer_ss">Ric Marlow</field><field name="composer.Count">4</field></doc><doc><field name="name">As Tears Go By</field><field name="id">http://www.semanticweb.org/tedsullivan/ontologies/2015/5/music-10#As_Tears_Go_By</field><field name="related_entity1_ss">Rolling Stones</field><field name="composer_ss.MaximumLength"></field><field name="path">/Song/As Tears Go By</field><field name="Composition_Type">Song</field><field name="composer_ss">Keith Richards</field><field name="composer_ss">Mick Jagger</field><field name="original_performer.Length">14</field><field name="original_performer">Rolling Stones</field><field name="composer_ss.Length">11</field><field name="Composition_Type.Length">4</field><field name="original_performer.MaximumLength"></field><field name="verb_ss">composed</field><field name="verb_ss">written</field><field name="verb_ss">authored</field><field name="verb_ss">wrote</field><field name="genres_ss">Rock</field><field name="verb_ss.Length">5</field><field name="verb_ss.MaximumLength"></field><field name="Composition_Type.MaximumLength"></field><field name="composer.Count">4</field></doc><doc><field name="name">Clothes Line Saga</field><field name="id">http://www.semanticweb.org/tedsullivan/ontologies/2015/5/music-10#Clothes_Line_Saga</field><field name="related_entity1_ss">Bob Dylan</field><field name="related_entity1_ss">The Band</field><field name="composer_ss.MaximumLength"></field><field name="original_performer.Count">2</field><field name="path">/Song/Clothes Line Saga</field><field name="Composition_Type">Song</field><field name="composer_ss">Bob Dylan</field><field name="hasPerformer_ss">Bob Dylan</field><field name="hasPerformer_ss">The Band</field><field name="composer_ss.Length">9</field><field name="Composition_Type.Length">4</field><field name="verb_ss">composed</field><field name="verb_ss">written</field><field name="verb_ss">authored</field><field name="verb_ss">wrote</field><field name="genres_ss">Folk</field><field name="genres_ss">Folk Rock</field><field name="genres_ss">Rock</field><field name="verb_ss.Length">5</field><field name="verb_ss.MaximumLength"></field><field name="Composition_Type.MaximumLength"></field></doc><doc><field name="name">The Battle Of Evermore</field><field name="id">http://www.semanticweb.org/tedsullivan/ontologies/2015/5/music-10#The_Battle_Of_Evermore</field><field name="related_entity1_ss">Led Zeppelin</field><field name="composer_ss.MaximumLength"></field><field name="path">/Song/The Battle Of Evermore</field><field name="Composition_Type">Song</field><field name="composer_ss">Jimmy Page</field><field name="composer_ss">Robert Plant</field><field name="original_performer.Length">12</field><field name="original_performer">Led Zeppelin</field><field name="composer_ss.Length">12</field><field name="Composition_Type.Length">4</field><field name="original_performer.MaximumLength"></field><field name="verb_ss">composed</field><field name="verb_ss">written</field><field name="verb_ss">authored</field><field name="verb_ss">wrote</field><field name="genres_ss">Rock</field><field name="verb_ss.Length">5</field><field name="verb_ss.MaximumLength"></field><field name="Composition_Type.MaximumLength"></field><field name="composer.Count">4</field></doc><doc><field name="name">Signed, Sealed, Delivered I'm Yours</field><field name="id">http://www.semanticweb.org/tedsullivan/ontologies/2015/5/music-10#Signed_Sealed_Delivered_Im_Yours</field><field name="composer_ss.Length">14</field><field name="hasPerformer_ss">Stevie Wonder</field><field name="Composition_Type.Length">4</field><field name="composer_ss.MaximumLength"></field><field name="hasPerformer_ss.Length">13</field><field name="verb_ss">composed</field><field name="verb_ss">written</field><field name="verb_ss">authored</field><field name="verb_ss">wrote</field><field name="path">/Song/Signed, Sealed, Delivered I'm Yours</field><field name="Composition_Type">Song</field><field name="verb_ss.Length">5</field><field name="verb_ss.MaximumLength"></field><field name="Composition_Type.MaximumLength"></field><field name="composer_ss">Stevie Wonder</field><field name="composer_ss">Syretta Wright</field><field name="composer.Count">4</field><field name="hasPerformer_ss.MaximumLength"></field></doc><doc><field name="name">Penny Lane</field><field name="id">http://www.semanticweb.org/tedsullivan/ontologies/2015/5/music-10#Penny_Lane</field><field name="related_entity1_ss">Beatles</field><field name="composer_ss.MaximumLength"></field><field name="path">/Song/Penny Lane</field><field name="Composition_Type">Song</field><field name="composer_ss">John Lennon</field><field name="composer_ss">Paul McCartney</field><field name="original_performer.Length">7</field><field name="original_performer">Beatles</field><field name="composer_ss.Length">14</field><field name="Composition_Type.Length">4</field><field name="original_performer.MaximumLength"></field><field name="verb_ss">composed</field><field name="verb_ss">written</field><field name="verb_ss">authored</field><field name="verb_ss">wrote</field><field name="verb_ss.Length">5</field><field name="verb_ss.MaximumLength"></field><field name="Composition_Type.MaximumLength"></field><field name="composer.Count">4</field></doc><doc><field name="name">Paralysed</field><field name="id">http://www.semanticweb.org/tedsullivan/ontologies/2015/5/music-10#Paralysed</field><field name="composer_ss.Length">11</field><field name="Composition_Type.Length">4</field><field name="composer_ss.MaximumLength"></field><field name="verb_ss">composed</field><field name="verb_ss">written</field><field name="verb_ss">authored</field><field name="verb_ss">wrote</field><field name="path">/Song/Paralysed</field><field name="Composition_Type">Song</field><field name="verb_ss.Length">5</field><field name="verb_ss.MaximumLength"></field><field name="Composition_Type.MaximumLength"></field><field name="composer_ss">Len Tuckey</field><field name="composer_ss">Suzi Quatro</field><field name="composer.Count">4</field></doc><doc><field name="name">Drop Me Off In Harlem</field><field name="id">http://www.semanticweb.org/tedsullivan/ontologies/2015/5/music-10#Drop_Me_Off_in_Harlem</field><field name="Composition_Type.Length">4</field><field name="verb_ss">composed</field><field name="verb_ss">written</field><field name="verb_ss">authored</field><field name="verb_ss">wrote</field><field name="path">/Song/Drop Me Off In Harlem</field><field name="Composition_Type">Song</field><field name="verb_ss.Length">5</field><field name="verb_ss.MaximumLength"></field><field name="Composition_Type.MaximumLength"></field></doc><doc><field name="name">Anne's Song</field><field name="id">http://www.semanticweb.org/tedsullivan/ontologies/2015/5/music-10#Annes_Song</field><field name="composer_ss.Length">12</field><field name="Composition_Type.Length">4</field><field name="composer_ss.MaximumLength"></field><field name="verb_ss">composed</field><field name="verb_ss">written</field><field name="verb_ss">authored</field><field name="verb_ss">wrote</field><field name="path">/Song/Anne's Song</field><field name="Composition_Type">Song</field><field name="verb_ss.Length">5</field><field name="verb_ss.MaximumLength"></field><field name="Composition_Type.MaximumLength"></field><field name="composer_ss">Billy Gould</field><field name="composer_ss">Roddy Bottum</field><field name="composer.Count">4</field></doc><doc><field name="name">Tiny Montgomery</field><field name="id">http://www.semanticweb.org/tedsullivan/ontologies/2015/5/music-10#Tiny_Montgomery</field><field name="related_entity1_ss">Bob Dylan</field><field name="related_entity1_ss">The Band</field><field name="composer_ss.MaximumLength"></field><field name="original_performer.Count">2</field><field name="path">/Song/Tiny Montgomery</field><field name="Composition_Type">Song</field><field name="composer_ss">Bob Dylan</field><field name="hasPerformer_ss">Bob Dylan</field><field name="hasPerformer_ss">The Band</field><field name="composer_ss.Length">9</field><field name="Composition_Type.Length">4</field><field name="verb_ss">composed</field><field name="verb_ss">written</field><field name="verb_ss">authored</field><field name="verb_ss">wrote</field><field name="genres_ss">Folk</field><field name="genres_ss">Folk Rock</field><field name="genres_ss">Rock</field><field name="verb_ss.Length">5</field><field name="verb_ss.MaximumLength"></field><field name="Composition_Type.MaximumLength"></field></doc><doc><field name="name">It's Only Make Believe</field><field name="id">http://www.semanticweb.org/tedsullivan/ontologies/2015/5/music-10#Its_Only_Make_Believe</field><field name="related_entity1_ss">Conway Twitty</field><field name="composer_ss.MaximumLength"></field><field name="path">/Song/It's Only Make Believe</field><field name="Composition_Type">Song</field><field name="composer_ss">Conway Twitty</field><field name="composer_ss">Jack Nance</field><field name="original_performer.Length">13</field><field name="original_performer">Conway Twitty</field><field name="composer_ss.Length">10</field><field name="Composition_Type.Length">4</field><field name="original_performer.MaximumLength"></field><field name="verb_ss">composed</field><field name="verb_ss">written</field><field name="verb_ss">authored</field><field name="verb_ss">wrote</field><field name="verb_ss.Length">5</field><field name="verb_ss.MaximumLength"></field><field name="Composition_Type.MaximumLength"></field><field name="composer.Count">4</field></doc><doc><field name="name">Walk On By</field><field name="id">http://www.semanticweb.org/tedsullivan/ontologies/2015/5/music-10#Walk_On_By</field><field name="composer_ss.Length">9</field><field name="hasPerformer_ss">Dionne Warwick</field><field name="Composition_Type.Length">4</field><field name="composer_ss.MaximumLength"></field><field name="hasPerformer_ss.Length">14</field><field name="verb_ss">composed</field><field name="verb_ss">written</field><field name="verb_ss">authored</field><field name="verb_ss">wrote</field><field name="path">/Song/Walk On By</field><field name="Composition_Type">Song</field><field name="verb_ss.Length">5</field><field name="verb_ss.MaximumLength"></field><field name="Composition_Type.MaximumLength"></field><field name="composer_ss">Burt Bacharach</field><field name="composer_ss">Hal David</field><field name="composer.Count">4</field><field name="hasPerformer_ss.MaximumLength"></field></doc><doc><field name="name">A Little Bit Me, A Little Bit You</field><field name="id">http://www.semanticweb.org/tedsullivan/ontologies/2015/5/music-10#A_Little_Bit_Me_A_Little_Bit_You</field><field name="composer_ss.Length">12</field><field name="Composition_Type.Length">4</field><field name="composer_ss.MaximumLength"></field><field name="verb_ss">composed</field><field name="verb_ss">written</field><field name="verb_ss">authored</field><field name="verb_ss">wrote</field><field name="path">/Song/A Little Bit Me, A Little Bit You</field><field name="Composition_Type">Song</field><field name="genres_ss">Popular</field><field name="genres_ss">Pop Rock</field><field name="genres_ss">Rock</field><field name="verb_ss.Length">5</field><field name="verb_ss.MaximumLength"></field><field name="Composition_Type.MaximumLength"></field><field name="composer_ss">Neil Diamond</field></doc><doc><field name="name">Blue Bossa</field><field name="id">http://www.semanticweb.org/tedsullivan/ontologies/2015/5/music-10#Blue_Bossa</field><field name="composer_ss.Length">12</field><field name="Composition_Type.Length">4</field><field name="composer_ss.MaximumLength"></field><field name="verb_ss">composed</field><field name="verb_ss">written</field><field name="verb_ss">authored</field><field name="verb_ss">wrote</field><field name="path">/Song/Blue Bossa</field><field name="Composition_Type">Song</field><field name="genres_ss">Jazz</field><field name="verb_ss.Length">5</field><field name="verb_ss.MaximumLength"></field><field name="Composition_Type.MaximumLength"></field><field name="composer_ss">Kenny Dorham</field></doc><doc><field name="name">Over My Head</field><field name="id">http://www.semanticweb.org/tedsullivan/ontologies/2015/5/music-10#Over_My_Head</field><field name="related_entity1_ss">Fleetwood Mac</field><field name="hasPerformer_ss">Fleetwood Mac</field><field name="performers.Length">14</field><field name="composer_ss.MaximumLength"></field><field name="hasPerformer_ss.Length">13</field><field name="path">/Song/Over My Head</field><field name="Composition_Type">Song</field><field name="composer_ss">Christine McVie</field><field name="original_performer.Length">13</field><field name="original_performer">Fleetwood Mac</field><field name="composer_ss.Length">15</field><field name="performers.MaximumLength"></field><field name="Composition_Type.Length">4</field><field name="original_performer.MaximumLength"></field><field name="verb_ss">composed</field><field name="verb_ss">written</field><field name="verb_ss">authored</field><field name="verb_ss">wrote</field><field name="verb_ss.Length">5</field><field name="verb_ss.MaximumLength"></field><field name="Composition_Type.MaximumLength"></field><field name="hasPerformer_ss.MaximumLength"></field></doc><doc><field name="name">Flying Home</field><field name="id">http://www.semanticweb.org/tedsullivan/ontologies/2015/5/music-10#Flying_Home</field><field name="related_entity1_ss">Benny Goodman Band</field><field name="composer_ss.MaximumLength"></field><field name="path">/Song/Flying Home</field><field name="Composition_Type">Song</field><field name="composer_ss">Benny Goodman</field><field name="composer_ss">Eddie DeLange</field><field name="composer_ss">Lionel Hampton</field><field name="original_performer.Length">18</field><field name="original_performer">Benny Goodman Band</field><field name="composer_ss.Length">14</field><field name="Composition_Type.Length">4</field><field name="original_performer.MaximumLength"></field><field name="verb_ss">composed</field><field name="verb_ss">written</field><field name="verb_ss">authored</field><field name="verb_ss">wrote</field><field name="verb_ss.Length">5</field><field name="verb_ss.MaximumLength"></field><field name="Composition_Type.MaximumLength"></field><field name="composer.Count">6</field></doc><doc><field name="name">The Post War Dream</field><field name="id">http://www.semanticweb.org/tedsullivan/ontologies/2015/5/music-10#The_Post_War_Dream</field><field name="related_entity1_ss">Pink Floyd</field><field name="composer_ss.MaximumLength"></field><field name="path">/Song/The Post War Dream</field><field name="Composition_Type">Song</field><field name="composer_ss">Roger Waters</field><field name="original_performer.Length">10</field><field name="original_performer">Pink Floyd</field><field name="composer_ss.Length">12</field><field name="Composition_Type.Length">4</field><field name="original_performer.MaximumLength"></field><field name="verb_ss">composed</field><field name="verb_ss">written</field><field name="verb_ss">authored</field><field name="verb_ss">wrote</field><field name="genres_ss">Rock</field><field name="genres_ss">Progressive Rock</field><field name="verb_ss.Length">5</field><field name="verb_ss.MaximumLength"></field><field name="Composition_Type.MaximumLength"></field></doc><doc><field name="name">Already Gone</field><field name="id">http://www.semanticweb.org/tedsullivan/ontologies/2015/5/music-10#Already_Gone</field><field name="composer_ss.Length">15</field><field name="Composition_Type.Length">4</field><field name="composer_ss.MaximumLength"></field><field name="verb_ss">composed</field><field name="verb_ss">written</field><field name="verb_ss">authored</field><field name="verb_ss">wrote</field><field name="hasGenre.Count">4</field><field name="path">/Song/Already Gone</field><field name="Composition_Type">Song</field><field name="genres_ss">Country</field><field name="genres_ss">Country Rock</field><field name="genres_ss">Rock</field><field name="genres_ss">Hard Rock</field><field name="verb_ss.Length">5</field><field name="verb_ss.MaximumLength"></field><field name="Composition_Type.MaximumLength"></field><field name="composer_ss">Jack Tempchin</field><field name="composer_ss">Robb Strandlund</field><field name="composer.Count">4</field></doc><doc><field name="name">Have a Cigar</field><field name="id">http://www.semanticweb.org/tedsullivan/ontologies/2015/5/music-10#Have_a_Cigar</field><field name="related_entity1_ss">Pink Floyd</field><field name="composer_ss.MaximumLength"></field><field name="path">/Song/Have a Cigar</field><field name="Composition_Type">Song</field><field name="composer_ss">Roger Waters</field><field name="original_performer.Length">10</field><field name="original_performer">Pink Floyd</field><field name="composer_ss.Length">12</field><field name="Composition_Type.Length">4</field><field name="original_performer.MaximumLength"></field><field name="verb_ss">composed</field><field name="verb_ss">written</field><field name="verb_ss">authored</field><field name="verb_ss">wrote</field><field name="genres_ss">Rock</field><field name="verb_ss.Length">5</field><field name="verb_ss.MaximumLength"></field><field name="Composition_Type.MaximumLength"></field></doc><doc><field name="name">Georgia On My Mind</field><field name="id">http://www.semanticweb.org/tedsullivan/ontologies/2015/5/music-10#Georgia_On_My_Mind</field><field name="composer_ss.MaximumLength"></field><field name="path">/Song/Georgia On My Mind</field><field name="lyricist_ss.Length">14</field><field name="Composition_Type">Song</field><field name="lyricist_ss">Stuart Gorrell</field><field name="composer_ss">Hoagy Carmichael</field><field name="composer_ss.Length">16</field><field name="Composition_Type.Length">4</field><field name="lyricist_ss.MaximumLength"></field><field name="verb_ss">composed</field><field name="verb_ss">written</field><field name="verb_ss">authored</field><field name="verb_ss">wrote</field><field name="genres_ss">Jazz</field><field name="verb_ss.Length">5</field><field name="verb_ss.MaximumLength"></field><field name="Composition_Type.MaximumLength"></field></doc><doc><field name="name">Tears of Rage</field><field name="id">http://www.semanticweb.org/tedsullivan/ontologies/2015/5/music-10#Tears_of_Rage</field><field name="related_entity1_ss">Bob Dylan</field><field name="related_entity1_ss">The Band</field><field name="composer_ss.MaximumLength"></field><field name="original_performer.Count">2</field><field name="path">/Song/Tears of Rage</field><field name="Composition_Type">Song</field><field name="composer_ss">Bob Dylan</field><field name="composer_ss">Richard Manuel</field><field name="hasPerformer_ss">Bob Dylan</field><field name="hasPerformer_ss">The Band</field><field name="composer_ss.Length">14</field><field name="Composition_Type.Length">4</field><field name="verb_ss">composed</field><field name="verb_ss">written</field><field name="verb_ss">authored</field><field name="verb_ss">wrote</field><field name="genres_ss">Folk</field><field name="genres_ss">Folk Rock</field><field name="genres_ss">Rock</field><field name="verb_ss.Length">5</field><field name="verb_ss.MaximumLength"></field><field name="Composition_Type.MaximumLength"></field><field name="composer.Count">4</field></doc><doc><field name="name">Everybody Needs Somebody To Love</field><field name="id">http://www.semanticweb.org/tedsullivan/ontologies/2015/5/music-10#Everybody_Needs_Somebody_to_Love</field><field name="hasPerformer_ss">Rolling Stones</field><field name="hasPerformer_ss">Solomon Burke</field><field name="performers.Length">13</field><field name="composer_ss.MaximumLength"></field><field name="hasPerformer_ss.Length">13</field><field name="hasPerformer.Count">4</field><field name="path">/Song/Everybody Needs Somebody To Love</field><field name="Composition_Type">Song</field><field name="composer_ss">Bert Berns</field><field name="composer_ss">Jerry Wexler</field><field name="composer_ss">Solomon Burke</field><field name="composer_ss.Length">13</field><field name="performers.MaximumLength"></field><field name="Composition_Type.Length">4</field><field name="verb_ss">composed</field><field name="verb_ss">written</field><field name="verb_ss">authored</field><field name="verb_ss">wrote</field><field name="genres_ss">Blues</field><field name="verb_ss.Length">5</field><field name="verb_ss.MaximumLength"></field><field name="Composition_Type.MaximumLength"></field><field name="composer.Count">6</field><field name="hasPerformer_ss.MaximumLength"></field></doc><doc><field name="name">A.M. Mourning</field><field name="id">http://www.semanticweb.org/tedsullivan/ontologies/2015/5/music-10#AM_Mourning</field><field name="composer_ss.Length">11</field><field name="related_entity1_ss">Chicago</field><field name="Composition_Type.Length">4</field><field name="composer_ss.MaximumLength"></field><field name="original_performer.MaximumLength"></field><field name="verb_ss">composed</field><field name="verb_ss">written</field><field name="verb_ss">authored</field><field name="verb_ss">wrote</field><field name="path">/Song/A.M. Mourning</field><field name="Composition_Type">Song</field><field name="verb_ss.Length">5</field><field name="verb_ss.MaximumLength"></field><field name="Composition_Type.MaximumLength"></field><field name="composer_ss">Robert Lamm</field><field name="original_performer.Length">7</field><field name="original_performer">Chicago</field></doc><doc><field name="name">Three To Get Ready</field><field name="id">http://www.semanticweb.org/tedsullivan/ontologies/2015/5/music-10#Three_To_Get_Ready</field><field name="composer_ss.Length">12</field><field name="performers.MaximumLength"></field><field name="hasPerformer_ss">Dave Brubeck Quartet</field><field name="performers.Length">8</field><field name="Composition_Type.Length">4</field><field name="composer_ss.MaximumLength"></field><field name="hasPerformer_ss.Length">20</field><field name="verb_ss">composed</field><field name="verb_ss">written</field><field name="verb_ss">authored</field><field name="verb_ss">wrote</field><field name="path">/Song/Three To Get Ready</field><field name="Composition_Type">Song</field><field name="verb_ss.Length">5</field><field name="verb_ss.MaximumLength"></field><field name="Composition_Type.MaximumLength"></field><field name="composer_ss">Dave Brubeck</field><field name="hasPerformer_ss.MaximumLength"></field></doc><doc><field name="name">Howlin' Wolf</field><field name="id">http://www.semanticweb.org/tedsullivan/ontologies/2015/5/music-10#Howlin_Wolf_-_Song</field><field name="composer_ss.Length">12</field><field name="Composition_Type.Length">4</field><field name="composer_ss.MaximumLength"></field><field name="verb_ss">composed</field><field name="verb_ss">written</field><field name="verb_ss">authored</field><field name="verb_ss">wrote</field><field name="path">/Song/Howlin' Wolf</field><field name="Composition_Type">Song</field><field name="genres_ss">Blues</field><field name="verb_ss.Length">5</field><field name="verb_ss.MaximumLength"></field><field name="Composition_Type.MaximumLength"></field><field name="composer_ss">Muddy Waters</field></doc><doc><field name="name">I Wonder Why</field><field name="id">http://www.semanticweb.org/tedsullivan/ontologies/2015/5/music-10#I_Wonder_Why</field><field name="composer_ss.Length">13</field><field name="Composition_Type.Length">4</field><field name="composer_ss.MaximumLength"></field><field name="verb_ss">composed</field><field name="verb_ss">written</field><field name="verb_ss">authored</field><field name="verb_ss">wrote</field><field name="path">/Song/I Wonder Why</field><field name="Composition_Type">Song</field><field name="verb_ss.Length">5</field><field name="verb_ss.MaximumLength"></field><field name="Composition_Type.MaximumLength"></field><field name="composer_ss">Melvin Fair</field><field name="composer_ss">Ricardo Weeks</field><field name="composer.Count">4</field></doc><doc><field name="name">Ain't She Sweet</field><field name="id">http://www.semanticweb.org/tedsullivan/ontologies/2015/5/music-10#Aint_She_Sweet</field><field name="Composition_Type.Length">4</field><field name="verb_ss">composed</field><field name="verb_ss">written</field><field name="verb_ss">authored</field><field name="verb_ss">wrote</field><field name="path">/Song/Ain't She Sweet</field><field name="Composition_Type">Song</field><field name="verb_ss.Length">5</field><field name="verb_ss.MaximumLength"></field><field name="Composition_Type.MaximumLength"></field></doc><doc><field name="name">99 Problems</field><field name="id">http://www.semanticweb.org/tedsullivan/ontologies/2015/5/music-10#Ninetynine_problems</field><field name="composer_ss.Length">10</field><field name="hasPerformer_ss">Jay-Z</field><field name="Composition_Type.Length">4</field><field name="composer_ss.MaximumLength"></field><field name="hasPerformer_ss.Length">5</field><field name="verb_ss">composed</field><field name="verb_ss">written</field><field name="verb_ss">authored</field><field name="verb_ss">wrote</field><field name="path">/Song/99 Problems</field><field name="Composition_Type">Song</field><field name="verb_ss.Length">5</field><field name="verb_ss.MaximumLength"></field><field name="Composition_Type.MaximumLength"></field><field name="composer_ss">Jay-Z</field><field name="composer_ss">Rick Rubin</field><field name="composer.Count">4</field><field name="hasPerformer_ss.MaximumLength"></field></doc><doc><field name="name">Show Me</field><field name="id">http://www.semanticweb.org/tedsullivan/ontologies/2015/5/music-10#Show_Me</field><field name="composer_ss.Length">15</field><field name="Composition_Type.Length">4</field><field name="composer_ss.MaximumLength"></field><field name="lyricist_ss.MaximumLength"></field><field name="verb_ss">composed</field><field name="verb_ss">written</field><field name="verb_ss">authored</field><field name="verb_ss">wrote</field><field name="path">/Song/Show Me</field><field name="lyricist_ss.Length">15</field><field name="Composition_Type">Song</field><field name="lyricist_ss">Alan Jay Lerner</field><field name="verb_ss.Length">5</field><field name="verb_ss.MaximumLength"></field><field name="Composition_Type.MaximumLength"></field><field name="composer_ss">Frederick Loewe</field></doc><doc><field name="name">Green River</field><field name="id">http://www.semanticweb.org/tedsullivan/ontologies/2015/5/music-10#Green_River</field><field name="related_entity1_ss">Creedence Clearwater Revival</field><field name="composer_ss.MaximumLength"></field><field name="path">/Song/Green River</field><field name="Composition_Type">Song</field><field name="composer_ss">John Fogerty</field><field name="original_performer.Length">28</field><field name="original_performer">Creedence Clearwater Revival</field><field name="composer_ss.Length">12</field><field name="Composition_Type.Length">4</field><field name="original_performer.MaximumLength"></field><field name="verb_ss">composed</field><field name="verb_ss">written</field><field name="verb_ss">authored</field><field name="verb_ss">wrote</field><field name="genres_ss">Rock</field><field name="verb_ss.Length">5</field><field name="verb_ss.MaximumLength"></field><field name="Composition_Type.MaximumLength"></field></doc><doc><field name="name">You're Nobody til Somebody Loves You</field><field name="id">http://www.semanticweb.org/tedsullivan/ontologies/2015/5/music-10#Youre_Nobody_til_Somebody_Loves_You</field><field name="related_entity1_ss">Russ Morgan</field><field name="composer_ss.MaximumLength"></field><field name="path">/Song/You're Nobody til Somebody Loves You</field><field name="Composition_Type">Song</field><field name="composer_ss">James Cavanaugh</field><field name="composer_ss">Larry Stock</field><field name="composer_ss">Russ Morgan</field><field name="original_performer.Length">11</field><field name="original_performer">Russ Morgan</field><field name="composer_ss.Length">11</field><field name="Composition_Type.Length">4</field><field name="original_performer.MaximumLength"></field><field name="verb_ss">composed</field><field name="verb_ss">written</field><field name="verb_ss">authored</field><field name="verb_ss">wrote</field><field name="verb_ss.Length">5</field><field name="verb_ss.MaximumLength"></field><field name="Composition_Type.MaximumLength"></field><field name="composer.Count">6</field></doc><doc><field name="name">Goin' Mobile</field><field name="id">http://www.semanticweb.org/tedsullivan/ontologies/2015/5/music-10#Goin_Mobile</field><field name="composer_ss.Length">14</field><field name="related_entity1_ss">The Who</field><field name="Composition_Type.Length">4</field><field name="composer_ss.MaximumLength"></field><field name="original_performer.MaximumLength"></field><field name="verb_ss">composed</field><field name="verb_ss">written</field><field name="verb_ss">authored</field><field name="verb_ss">wrote</field><field name="path">/Song/Goin' Mobile</field><field name="Composition_Type">Song</field><field name="verb_ss.Length">5</field><field name="verb_ss.MaximumLength"></field><field name="Composition_Type.MaximumLength"></field><field name="composer_ss">Pete Townshend</field><field name="original_performer.Length">7</field><field name="original_performer">The Who</field></doc><doc><field name="name">(Sittin' On) The Dock Of The Bay</field><field name="id">http://www.semanticweb.org/tedsullivan/ontologies/2015/5/music-10#Sittin_On_The_Dock_Of_The_Bay</field><field name="composer_ss.Length">13</field><field name="Composition_Type.Length">4</field><field name="composer_ss.MaximumLength"></field><field name="verb_ss">composed</field><field name="verb_ss">written</field><field name="verb_ss">authored</field><field name="verb_ss">wrote</field><field name="originalPerformer">{"rdf:resource":"http://www.semanticweb.org/tedsullivan/ontologies/2015/5/music-10#Otis_Redding"}</field><field name="originalPerformer">{"name":"Otis Redding","id":"http://www.semanticweb.org/tedsullivan/ontologies/2015/5/music-10#Otis_Redding","related_entity1_ss":"Steve Cropper","related_entity2_ss":["Jerry Butler","Zelma Redding","Joe Rock"],"rdf:type":{"rdf:resource":"http://www.semanticweb.org/tedsullivan/ontologies/2015/5/music-10#Singer"},"ParentKey":["Singer|http://www.semanticweb.org/tedsullivan/ontologies/2015/5/music-10#Singer|"],"rdf:about":"http://www.semanticweb.org/tedsullivan/ontologies/2015/5/music-10#Otis_Redding","path":["/Singer/Otis Redding"],"Musician_Type":"Singer","rdfs:label":{"text":["Otis Redding"]},"genres_ss":"R&amp;B"}</field><field name="path">/Song/(Sittin' On) The Dock Of The Bay</field><field name="Composition_Type">Song</field><field name="verb_ss.Length">5</field><field name="verb_ss.MaximumLength"></field><field name="Composition_Type.MaximumLength"></field><field name="composer_ss">Otis Redding</field><field name="composer_ss">Steve Cropper</field><field name="composer.Count">4</field></doc><doc><field name="name">Seaside Rendezvous</field><field name="id">http://www.semanticweb.org/tedsullivan/ontologies/2015/5/music-10#Seaside_Rendezvous</field><field name="related_entity1_ss">Queen</field><field name="composer_ss.MaximumLength"></field><field name="path">/Song/Seaside Rendezvous</field><field name="Composition_Type">Song</field><field name="composer_ss">Freddie Mercury</field><field name="original_performer.Length">5</field><field name="original_performer">Queen</field><field name="composer_ss.Length">15</field><field name="Composition_Type.Length">4</field><field name="original_performer.MaximumLength"></field><field name="verb_ss">composed</field><field name="verb_ss">written</field><field name="verb_ss">authored</field><field name="verb_ss">wrote</field><field name="genres_ss">Rock</field><field name="verb_ss.Length">5</field><field name="verb_ss.MaximumLength"></field><field name="Composition_Type.MaximumLength"></field></doc></add>
