<add><doc><field name="name">Dianne Pilkington</field><field name="id">http://www.semanticweb.org/tedsullivan/ontologies/2015/5/music-10#Dianne_Pilkington</field><field name="path">/Musician/Singer/Dianne Pilkington</field><field name="Musician_Type">Singer</field></doc><doc><field name="name">Don Henley</field><field name="id">http://www.semanticweb.org/tedsullivan/ontologies/2015/5/music-10#Don_Henley</field><field name="related_entity1_ss">Glenn Frey</field><field name="related_entity2_ss">Bernie Leadon</field><field name="related_entity2_ss">Timothy B. Schmit</field><field name="related_entity2_ss">Jackson Browne</field><field name="related_entity2_ss">Joe Walsh</field><field name="related_entity2_ss">Don Felder</field><field name="related_entity2_ss">J. D. Souther</field><field name="related_entity2_ss">Tom Nixon</field><field name="related_entity2_ss">Randy Meisner</field><field name="memberOfGroup_ss.Length">6</field><field name="related_entity2_ss.Length">13</field><field name="path">/Drummer/Don Henley</field><field name="path">/Musician/Singer/Don Henley</field><field name="Musician_Type">Instrumentalist</field><field name="Musician_Type">Drummer</field><field name="Musician_Type">Singer</field><field name="genres_ss">Rock</field><field name="memberOfGroup_ss">Eagles</field><field name="memberOfGroup_ss.MaximumLength"></field><field name="related_entity2_ss.MaximumLength"></field></doc><doc><field name="name">Ronnie Spector</field><field name="id">http://www.semanticweb.org/tedsullivan/ontologies/2015/5/music-10#Ronnie_Spector</field><field name="path">/Musician/Singer/Ronnie Spector</field><field name="Musician_Type">Singer</field></doc><doc><field name="name">Julie Andrews</field><field name="id">http://www.semanticweb.org/tedsullivan/ontologies/2015/5/music-10#Julie_Andrews</field><field name="path">/Musician/Singer/Julie Andrews</field><field name="Musician_Type">Singer</field><field name="genres_ss">Popular</field></doc><doc><field name="name">Kenny Rogers</field><field name="id">http://www.semanticweb.org/tedsullivan/ontologies/2015/5/music-10#Kenny_Rogers</field><field name="related_entity1_ss">Sheena Easton</field><field name="path">/Musician/Singer/Kenny Rogers</field><field name="Musician_Type">Singer</field><field name="genres_ss">Country</field></doc><doc><field name="name">Joe Nichols</field><field name="id">http://www.semanticweb.org/tedsullivan/ontologies/2015/5/music-10#Joe_Nichols</field><field name="path">/Musician/Instrumentalist/Guitarist/Joe Nichols</field><field name="path">/Musician/Singer/Joe Nichols</field><field name="Musician_Type">Instrumentalist</field><field name="Musician_Type">Guitarist</field><field name="Musician_Type">Singer</field></doc><doc><field name="name">Blackie Lawless</field><field name="id">http://www.semanticweb.org/tedsullivan/ontologies/2015/5/music-10#Blackie_Lawless</field><field name="related_entity1_ss">Brian Delaney</field><field name="related_entity1_ss">Arthur Kane</field><field name="related_entity1_ss">Johnny Thunders</field><field name="related_entity1_ss">Kenny Aaronson</field><field name="related_entity1_ss">Chris Robison</field><field name="related_entity1_ss">Steve Conte</field><field name="related_entity1_ss">Billy Murcia</field><field name="related_entity1_ss">Aaron Lee Tasjan</field><field name="related_entity1_ss">Rick Rivets</field><field name="related_entity1_ss">David Johansen</field><field name="related_entity1_ss">Earl Slick</field><field name="related_entity1_ss">Sylvain Sylvain</field><field name="related_entity1_ss">Jerry Nolan</field><field name="related_entity1_ss">Sami Yaffa</field><field name="related_entity1_ss">Jason Hill</field><field name="related_entity1_ss">Frank Infante</field><field name="memberOfGroup_ss.Length">14</field><field name="path">/Musician/Singer/Blackie Lawless</field><field name="Musician_Type">Singer</field><field name="memberOfGroup_ss">New York Dolls</field><field name="memberOfGroup_ss.MaximumLength"></field></doc><doc><field name="name">Roger Chapman</field><field name="id">http://www.semanticweb.org/tedsullivan/ontologies/2015/5/music-10#Roger_Chapman</field><field name="related_entity1_ss">Ric Grech</field><field name="related_entity1_ss">John Weider</field><field name="hasGenre.Count">6</field><field name="memberOfGroup_ss.Length">6</field><field name="path">/Musician/Instrumentalist/Guitarist/Roger Chapman</field><field name="path">/Harmonica Player/Roger Chapman</field><field name="path">/Musician/Instrumentalist/Saxophonist/Roger Chapman</field><field name="path">/Musician/Singer/Roger Chapman</field><field name="Musician_Type">Instrumentalist</field><field name="Musician_Type">Guitarist</field><field name="Musician_Type">Harmonica Player</field><field name="Musician_Type">Saxophonist</field><field name="Musician_Type">Singer</field><field name="genres_ss">Rock</field><field name="genres_ss">Art Rock</field><field name="genres_ss">Blues</field><field name="genres_ss">Blues Rock</field><field name="genres_ss">Progressive Rock</field><field name="memberOfGroup_ss">Family</field><field name="memberOfGroup_ss.MaximumLength"></field></doc><doc><field name="name">Don Everly</field><field name="id">http://www.semanticweb.org/tedsullivan/ontologies/2015/5/music-10#Don_Everly</field><field name="related_entity1_ss">Phil Everly</field><field name="memberOfGroup_ss.Length">15</field><field name="path">/Musician/Singer/Don Everly</field><field name="Musician_Type">Singer</field><field name="memberOfGroup_ss">Everly Brothers</field><field name="memberOfGroup_ss.MaximumLength"></field></doc><doc><field name="name">Maxine Sullivan</field><field name="id">http://www.semanticweb.org/tedsullivan/ontologies/2015/5/music-10#Maxine_Sullivan</field><field name="path">/Musician/Singer/Maxine Sullivan</field><field name="Musician_Type">Singer</field><field name="genres_ss">Jazz</field><field name="genres_ss">Swing</field></doc><doc><field name="name">Danny Thomas</field><field name="id">http://www.semanticweb.org/tedsullivan/ontologies/2015/5/music-10#Danny_Thomas</field><field name="path">/Musician/Singer/Danny Thomas</field><field name="Musician_Type">Singer</field></doc><doc><field name="name">Smokey Robinson</field><field name="id">http://www.semanticweb.org/tedsullivan/ontologies/2015/5/music-10#Smokey_Robinson</field><field name="related_entity1_ss">Smokey Robinson &amp; the Miracles</field><field name="related_entity1_ss">Warren Moore</field><field name="related_entity2_ss">Ronald White</field><field name="related_entity2_ss">Bobby Rogers</field><field name="related_entity2_ss">Hank Cosby</field><field name="related_entity2_ss">Marv Tarplin</field><field name="related_entity2_ss">Pete Moore</field><field name="related_entity2_ss">Stevie Wonder</field><field name="related_entity2_ss.Length">13</field><field name="path">/Musician/Singer/Smokey Robinson</field><field name="Musician_Type">Singer</field><field name="related_entity2_ss.MaximumLength"></field></doc><doc><field name="name">Joni Mitchell</field><field name="id">http://www.semanticweb.org/tedsullivan/ontologies/2015/5/music-10#Joni_Mitchell</field><field name="related_entity1_ss">Jay-Z</field><field name="related_entity1_ss">Judy Collins</field><field name="path">/Musician/Singer/Joni Mitchell</field><field name="Musician_Type">Singer</field><field name="genres_ss">Rock</field><field name="genres_ss">Soft Rock</field></doc><doc><field name="name">Billy Joe Royal</field><field name="id">http://www.semanticweb.org/tedsullivan/ontologies/2015/5/music-10#Billy_Joe_Royal</field><field name="path">/Musician/Singer/Billy Joe Royal</field><field name="Musician_Type">Singer</field></doc><doc><field name="name">Ben E. King</field><field name="id">http://www.semanticweb.org/tedsullivan/ontologies/2015/5/music-10#Ben_E_King</field><field name="related_entity1_ss">Jerry Leiber</field><field name="related_entity1_ss">Mike Stoller</field><field name="path">/Musician/Singer/Ben E. King</field><field name="Musician_Type">Singer</field></doc><doc><field name="name">Tom Waits</field><field name="id">http://www.semanticweb.org/tedsullivan/ontologies/2015/5/music-10#Tom_Waits</field><field name="path">/Musician/Singer/Tom Waits</field><field name="Musician_Type">Singer</field></doc><doc><field name="name">Steve Lawrence</field><field name="id">http://www.semanticweb.org/tedsullivan/ontologies/2015/5/music-10#Steve_Lawrence</field><field name="path">/Musician/Singer/Steve Lawrence</field><field name="Musician_Type">Singer</field></doc><doc><field name="name">Blossom Dearie</field><field name="id">http://www.semanticweb.org/tedsullivan/ontologies/2015/5/music-10#Blossom_Dearie</field><field name="path">/Musician/Instrumentalist/Pianist/Blossom Dearie</field><field name="path">/Musician/Singer/Blossom Dearie</field><field name="Musician_Type">Instrumentalist</field><field name="Musician_Type">Pianist</field><field name="Musician_Type">Singer</field><field name="genres_ss">Jazz</field></doc><doc><field name="name">Rosemary Clooney</field><field name="id">http://www.semanticweb.org/tedsullivan/ontologies/2015/5/music-10#Rosemary_Clooney</field><field name="related_entity1_ss">Benny Goodman Band</field><field name="path">/Musician/Singer/Rosemary Clooney</field><field name="Musician_Type">Singer</field></doc><doc><field name="name">Chris Connor</field><field name="id">http://www.semanticweb.org/tedsullivan/ontologies/2015/5/music-10#Chris_Connor</field><field name="path">/Musician/Singer/Chris Connor</field><field name="Musician_Type">Singer</field></doc><doc><field name="name">Gloria Estefan</field><field name="id">http://www.semanticweb.org/tedsullivan/ontologies/2015/5/music-10#Gloria_Estefan</field><field name="path">/Musician/Singer/Gloria Estefan</field><field name="Musician_Type">Singer</field></doc><doc><field name="name">John Fogerty</field><field name="id">http://www.semanticweb.org/tedsullivan/ontologies/2015/5/music-10#John_Fogerty</field><field name="related_entity1_ss">Creedence Clearwater Revival</field><field name="related_entity2_ss">Tom Fogerty</field><field name="related_entity2_ss">Stu Cook</field><field name="related_entity2_ss">Doug Clifford</field><field name="memberOfGroup_ss.Length">28</field><field name="related_entity2_ss.Length">13</field><field name="path">/Musician/Instrumentalist/Guitarist/John Fogerty</field><field name="path">/Musician/Singer/John Fogerty</field><field name="Musician_Type">Instrumentalist</field><field name="Musician_Type">Guitarist</field><field name="Musician_Type">Singer</field><field name="genres_ss">Rock</field><field name="memberOfGroup_ss">Creedence Clearwater Revival</field><field name="memberOfGroup_ss.MaximumLength"></field><field name="related_entity2_ss.MaximumLength"></field></doc><doc><field name="name">Dee Dee Bridgewater</field><field name="id">http://www.semanticweb.org/tedsullivan/ontologies/2015/5/music-10#Dee_Dee_Bridgewater</field><field name="path">/Musician/Singer/Dee Dee Bridgewater</field><field name="Musician_Type">Singer</field></doc><doc><field name="name">Terry Sylvester</field><field name="id">http://www.semanticweb.org/tedsullivan/ontologies/2015/5/music-10#Terry_Sylvester</field><field name="related_entity1_ss">Mikael Rickfors</field><field name="related_entity1_ss">Graham Nash</field><field name="related_entity1_ss">Bobby Elliott</field><field name="related_entity1_ss">Peter Howarth</field><field name="related_entity1_ss">Vic Steele</field><field name="related_entity1_ss">Ray Stiles</field><field name="related_entity1_ss">Ian Parker</field><field name="related_entity1_ss">Allan Clarke</field><field name="related_entity1_ss">Tony Hicks</field><field name="related_entity1_ss">Steve Lauri</field><field name="related_entity1_ss">Eric Haydock</field><field name="related_entity1_ss">Bernie Calvert</field><field name="hasGenre.Count">4</field><field name="memberOfGroup_ss.Length">11</field><field name="path">/Musician/Instrumentalist/Guitarist/Terry Sylvester</field><field name="path">/Musician/Singer/Terry Sylvester</field><field name="Musician_Type">Instrumentalist</field><field name="Musician_Type">Guitarist</field><field name="Musician_Type">Singer</field><field name="genres_ss">Popular</field><field name="genres_ss">Pop</field><field name="genres_ss">Rock</field><field name="genres_ss">Soft Rock</field><field name="memberOfGroup_ss">The Hollies</field><field name="memberOfGroup_ss.MaximumLength"></field></doc><doc><field name="name">Billy Stewart</field><field name="id">http://www.semanticweb.org/tedsullivan/ontologies/2015/5/music-10#Billy_Stewart</field><field name="hasGenre.Count">4</field><field name="path">/Musician/Instrumentalist/Drummer/Billy Stewart</field><field name="path">/Musician/Instrumentalist/Pianist/Billy Stewart</field><field name="path">/Musician/Singer/Billy Stewart</field><field name="Musician_Type">Instrumentalist</field><field name="Musician_Type">Drummer</field><field name="Musician_Type">Pianist</field><field name="Musician_Type">Singer</field><field name="genres_ss">R&amp;B</field></doc><doc><field name="name">Carly Simon</field><field name="id">http://www.semanticweb.org/tedsullivan/ontologies/2015/5/music-10#Carly_Simon</field><field name="path">/Musician/Singer/Carly Simon</field><field name="Musician_Type">Singer</field></doc><doc><field name="name">Keith Urban</field><field name="id">http://www.semanticweb.org/tedsullivan/ontologies/2015/5/music-10#Keith_Urban</field><field name="path">/Musician/Singer/Keith Urban</field><field name="Musician_Type">Singer</field></doc><doc><field name="name">Ethel Waters</field><field name="id">http://www.semanticweb.org/tedsullivan/ontologies/2015/5/music-10#Ethel_Waters</field><field name="path">/Musician/Singer/Ethel Waters</field><field name="Musician_Type">Singer</field></doc><doc><field name="name">Roseanna Vitro</field><field name="id">http://www.semanticweb.org/tedsullivan/ontologies/2015/5/music-10#Roseanna_Vitro</field><field name="path">/Musician/Singer/Roseanna Vitro</field><field name="Musician_Type">Singer</field><field name="genres_ss">Jazz</field></doc><doc><field name="name">Rickey Medlocke</field><field name="id">http://www.semanticweb.org/tedsullivan/ontologies/2015/5/music-10#Rickey_Medlocke</field><field name="related_entity1_ss">Hughie Thomasson</field><field name="related_entity1_ss">Ed King</field><field name="related_entity1_ss">Michael Cartellone</field><field name="related_entity1_ss">Allen Collins</field><field name="related_entity1_ss">Bob Burns</field><field name="related_entity1_ss">Johnny Van Zant</field><field name="related_entity1_ss">Ean Evans</field><field name="related_entity1_ss">Robert Kearns</field><field name="related_entity1_ss">Mark Matejka</field><field name="related_entity1_ss">Larry Junstrom</field><field name="related_entity1_ss">Johnny Colt</field><field name="related_entity1_ss">Leon Wilkeson</field><field name="related_entity1_ss">Steve Gaines</field><field name="related_entity1_ss">Gary Rossington</field><field name="related_entity1_ss">Artimus Pyle</field><field name="related_entity1_ss">Peter Keys</field><field name="related_entity1_ss">Owen Hale</field><field name="related_entity1_ss">Billy Powell</field><field name="related_entity1_ss">Ronnie Van Zant</field><field name="related_entity1_ss">Greg T. Walker</field><field name="memberOfGroup_ss.Length">14</field><field name="path">/Musician/Instrumentalist/Drummer/Rickey Medlocke</field><field name="path">/Musician/Instrumentalist/Guitarist/Rickey Medlocke</field><field name="path">/Musician/Instrumentalist/Keyboardist/Rickey Medlocke</field><field name="path">/Musician/Singer/Rickey Medlocke</field><field name="Musician_Type">Instrumentalist</field><field name="Musician_Type">Drummer</field><field name="Musician_Type">Guitarist</field><field name="Musician_Type">Keyboardist</field><field name="Musician_Type">Singer</field><field name="memberOfGroup_ss">Lynyrd Skynyrd</field><field name="memberOfGroup_ss.MaximumLength"></field></doc><doc><field name="name">Peggy Little</field><field name="id">http://www.semanticweb.org/tedsullivan/ontologies/2015/5/music-10#Peggy_Little</field><field name="path">/Musician/Singer/Peggy Little</field><field name="Musician_Type">Singer</field></doc><doc><field name="name">Ronnie Hawkins</field><field name="id">http://www.semanticweb.org/tedsullivan/ontologies/2015/5/music-10#Ronnie_Hawkins</field><field name="path">/Musician/Singer/Ronnie Hawkins</field><field name="Musician_Type">Singer</field></doc><doc><field name="name">Freda Payne</field><field name="id">http://www.semanticweb.org/tedsullivan/ontologies/2015/5/music-10#Freda_Payne</field><field name="path">/Musician/Singer/Freda Payne</field><field name="Musician_Type">Singer</field></doc><doc><field name="name">Robin Gibb</field><field name="id">http://www.semanticweb.org/tedsullivan/ontologies/2015/5/music-10#Robin_Gibb</field><field name="related_entity1_ss">Barry Gibb</field><field name="related_entity1_ss">Maurice Gibb</field><field name="memberOfGroup_ss.Length">8</field><field name="path">/Musician/Singer/Robin Gibb</field><field name="Musician_Type">Singer</field><field name="memberOfGroup_ss">Bee Gees</field><field name="memberOfGroup_ss.MaximumLength"></field></doc><doc><field name="name">Verne Allison</field><field name="id">http://www.semanticweb.org/tedsullivan/ontologies/2015/5/music-10#Verne_Allison</field><field name="related_entity1_ss">Mickey McGil</field><field name="related_entity1_ss">Marvin Junior</field><field name="related_entity1_ss">John Funches</field><field name="related_entity1_ss">Johnny Carter</field><field name="related_entity1_ss">Lucius McGill</field><field name="related_entity1_ss">Chuck Barksdale</field><field name="memberOfGroup_ss.Length">9</field><field name="path">/Musician/Singer/Verne Allison</field><field name="Musician_Type">Singer</field><field name="memberOfGroup_ss">The Dells</field><field name="memberOfGroup_ss.MaximumLength"></field></doc><doc><field name="name">Luke Bryan</field><field name="id">http://www.semanticweb.org/tedsullivan/ontologies/2015/5/music-10#Luke_Bryan</field><field name="path">/Musician/Singer/Luke Bryan</field><field name="Musician_Type">Singer</field></doc><doc><field name="name">Mike Reno</field><field name="id">http://www.semanticweb.org/tedsullivan/ontologies/2015/5/music-10#Mike_Reno</field><field name="related_entity1_ss">Ann Wilson</field><field name="related_entity1_ss">Dean Pitchford</field><field name="related_entity1_ss">Eric Carmen</field><field name="memberOfGroup_ss.Length">8</field><field name="path">/Musician/Instrumentalist/Drummer/Mike Reno</field><field name="path">/Musician/Singer/Mike Reno</field><field name="Musician_Type">Instrumentalist</field><field name="Musician_Type">Drummer</field><field name="Musician_Type">Singer</field><field name="memberOfGroup_ss">Loverboy</field><field name="memberOfGroup_ss.MaximumLength"></field></doc><doc><field name="name">Ewan McGregor</field><field name="id">http://www.semanticweb.org/tedsullivan/ontologies/2015/5/music-10#Ewan_McGregor</field><field name="related_entity1_ss">Nicole Kidman</field><field name="path">/Musician/Singer/Ewan McGregor</field><field name="Musician_Type">Singer</field></doc><doc><field name="name">Percy Sledge</field><field name="id">http://www.semanticweb.org/tedsullivan/ontologies/2015/5/music-10#Percy_Sledge</field><field name="hasGenre.Count">8</field><field name="path">/Musician/Singer/Percy Sledge</field><field name="Musician_Type">Singer</field><field name="genres_ss">Gospel</field><field name="genres_ss">Popular</field><field name="genres_ss">Pop</field><field name="genres_ss">R&amp;B</field></doc><doc><field name="name">John Farnham</field><field name="id">http://www.semanticweb.org/tedsullivan/ontologies/2015/5/music-10#John_Farnham</field><field name="path">/Musician/Singer/John Farnham</field><field name="Musician_Type">Singer</field></doc><doc><field name="name">Dolly Parton</field><field name="id">http://www.semanticweb.org/tedsullivan/ontologies/2015/5/music-10#Dolly_Parton</field><field name="path">/Musician/Singer/Dolly Parton</field><field name="Musician_Type">Singer</field></doc><doc><field name="name">Group</field><field name="id">http://www.semanticweb.org/tedsullivan/ontologies/2015/5/music-10#Groups</field><field name="rdfs:subClassOf">http://www.semanticweb.org/tedsullivan/ontologies/2015/5/music-10#Performers</field><field name="path">/Musician/Group</field></doc><doc><field name="name">Symphony Orchestra</field><field name="id">http://www.semanticweb.org/tedsullivan/ontologies/2015/5/music-10#Symphony_Orchestra</field><field name="rdfs:subClassOf">http://www.semanticweb.org/tedsullivan/ontologies/2015/5/music-10#Groups</field><field name="path">/Group/Symphony Orchestra</field><field name="Musician_Type">Group</field></doc><doc><field name="name">Los Angeles Philharmonic</field><field name="id">http://www.semanticweb.org/tedsullivan/ontologies/2015/5/music-10#Los_Angeles_Philharmonic</field><field name="path">/Symphony Orchestra/Los Angeles Philharmonic</field><field name="Musician_Type">Group</field><field name="Musician_Type">Symphony Orchestra</field></doc><doc><field name="name">St. Louis Symphony Orchestra</field><field name="id">http://www.semanticweb.org/tedsullivan/ontologies/2015/5/music-10#St_Louis_Symphony_Orchestra</field><field name="path">/Group/Symphony Orchestra/St. Louis Symphony Orchestra</field><field name="synonym">SLSO</field><field name="Musician_Type">Group</field><field name="Musician_Type">Symphony Orchestra</field></doc><doc><field name="name">Academy Of St Martin In The Fields</field><field name="id">http://www.semanticweb.org/tedsullivan/ontologies/2015/5/music-10#Academy_of_Saint_Martin_in_the_Fields</field><field name="path">/Group/Symphony Orchestra/Academy Of St Martin In The Fields</field><field name="Musician_Type">Group</field><field name="Musician_Type">Symphony Orchestra</field></doc><doc><field name="name">BBC Symphony Orchestra</field><field name="id">http://www.semanticweb.org/tedsullivan/ontologies/2015/5/music-10#BBC_Symphony_Orchestra</field><field name="path">/Group/Symphony Orchestra/BBC Symphony Orchestra</field><field name="Musician_Type">Group</field><field name="Musician_Type">Symphony Orchestra</field></doc><doc><field name="name">Detroit Symphony Orchestra</field><field name="id">http://www.semanticweb.org/tedsullivan/ontologies/2015/5/music-10#Detroit_Symphony_Orchestra</field><field name="path">/Musician/Group/Symphony Orchestra/Detroit Symphony Orchestra</field><field name="Musician_Type">Group</field><field name="Musician_Type">Symphony Orchestra</field></doc><doc><field name="name">Hollyridge Strings</field><field name="id">http://www.semanticweb.org/tedsullivan/ontologies/2015/5/music-10#Hollyridge_Strings</field><field name="path">/Musician/Group/Symphony Orchestra/Hollyridge Strings</field><field name="Musician_Type">Group</field><field name="Musician_Type">Symphony Orchestra</field></doc><doc><field name="name">Chicago Symphony Orchestra</field><field name="id">http://www.semanticweb.org/tedsullivan/ontologies/2015/5/music-10#Chicago_Symphony_Orchestra</field><field name="path">/Musician/Group/Symphony Orchestra/Chicago Symphony Orchestra</field><field name="Musician_Type">Group</field><field name="Musician_Type">Symphony Orchestra</field></doc><doc><field name="name">Leipsig Gewandhaus Orchestra</field><field name="id">http://www.semanticweb.org/tedsullivan/ontologies/2015/5/music-10#Leipzig_Gewandhaus_Orchestra</field><field name="path">/Musician/Group/Symphony Orchestra/Leipsig Gewandhaus Orchestra</field><field name="Musician_Type">Group</field><field name="Musician_Type">Symphony Orchestra</field></doc><doc><field name="name">Orchestre de Paris</field><field name="id">http://www.semanticweb.org/tedsullivan/ontologies/2015/5/music-10#Orchestre_de_Paris</field><field name="path">/Musician/Group/Symphony Orchestra/Orchestre de Paris</field><field name="Musician_Type">Group</field><field name="Musician_Type">Symphony Orchestra</field></doc><doc><field name="name">National Symphony</field><field name="id">http://www.semanticweb.org/tedsullivan/ontologies/2015/5/music-10#National_Symphony</field><field name="groupMembers_ss">Christoph Eschenbach</field><field name="groupMembers_ss.Length">20</field><field name="path">/Musician/Group/Symphony Orchestra/National Symphony</field><field name="groupMembers_ss.MaximumLength"></field><field name="Musician_Type">Group</field><field name="Musician_Type">Symphony Orchestra</field></doc><doc><field name="name">Melbourne Symphony Orchestra</field><field name="id">http://www.semanticweb.org/tedsullivan/ontologies/2015/5/music-10#Melbourne_Symphony_Orchestra</field><field name="related_entity1_ss">Elton John</field><field name="path">/Musician/Group/Symphony Orchestra/Melbourne Symphony Orchestra</field><field name="Musician_Type">Group</field><field name="Musician_Type">Symphony Orchestra</field></doc><doc><field name="name">Vienna Philharmonic</field><field name="id">http://www.semanticweb.org/tedsullivan/ontologies/2015/5/music-10#Vienna_Philharmonic</field><field name="related_entity1_ss">Carlos Kleiber</field><field name="related_entity1_ss">Deutsche Grammophon</field><field name="path">/Musician/Group/Symphony Orchestra/Vienna Philharmonic</field><field name="Musician_Type">Group</field><field name="Musician_Type">Symphony Orchestra</field></doc><doc><field name="name">Miami Symphony Orchestra</field><field name="id">http://www.semanticweb.org/tedsullivan/ontologies/2015/5/music-10#Miami_Symphony_Orchestra</field><field name="path">/Musician/Group/Symphony Orchestra/Miami Symphony Orchestra</field><field name="Musician_Type">Group</field><field name="Musician_Type">Symphony Orchestra</field></doc><doc><field name="name">London Symphony Orchestra</field><field name="id">http://www.semanticweb.org/tedsullivan/ontologies/2015/5/music-10#London_Symphony_Orchestra</field><field name="path">/Musician/Group/Symphony Orchestra/London Symphony Orchestra</field><field name="Musician_Type">Group</field><field name="Musician_Type">Symphony Orchestra</field></doc><doc><field name="name">Royal Philharmonic Orchestra</field><field name="id">http://www.semanticweb.org/tedsullivan/ontologies/2015/5/music-10#Royal_Philharmonic_Orchestra</field><field name="path">/Musician/Group/Symphony Orchestra/Royal Philharmonic Orchestra</field><field name="Musician_Type">Group</field><field name="Musician_Type">Symphony Orchestra</field></doc><doc><field name="name">New York Philharmonic</field><field name="id">http://www.semanticweb.org/tedsullivan/ontologies/2015/5/music-10#New_York_Philharmonic</field><field name="related_entity1_ss">Leonard Bernstein</field><field name="groupMembers_ss">Leonard Bernstein</field><field name="groupMembers_ss.Length">17</field><field name="path">/Musician/Group/Symphony Orchestra/New York Philharmonic</field><field name="groupMembers_ss.MaximumLength"></field><field name="Musician_Type">Group</field><field name="Musician_Type">Symphony Orchestra</field></doc><doc><field name="name">Royal Concertgebouw Orchestra</field><field name="id">http://www.semanticweb.org/tedsullivan/ontologies/2015/5/music-10#Royal_Concertgebouw_Orchestra</field><field name="path">/Musician/Group/Symphony Orchestra/Royal Concertgebouw Orchestra</field><field name="Musician_Type">Group</field><field name="Musician_Type">Symphony Orchestra</field></doc><doc><field name="name">Erich Kunzel &amp; Cincinnati Pops Orchestra</field><field name="id">http://www.semanticweb.org/tedsullivan/ontologies/2015/5/music-10#Erich_Kunzel_and_Cincinnati_Pops_Orchestra</field><field name="path">/Musician/Group/Symphony Orchestra/Erich Kunzel &amp; Cincinnati Pops Orchestra</field><field name="Musician_Type">Group</field><field name="Musician_Type">Symphony Orchestra</field></doc><doc><field name="name">Boston Symphony Orchestra</field><field name="id">http://www.semanticweb.org/tedsullivan/ontologies/2015/5/music-10#Boston_Symphony_Orchestra</field><field name="path">/Musician/Group/Symphony Orchestra/Boston Symphony Orchestra</field><field name="synonym">BSO</field><field name="Musician_Type">Group</field><field name="Musician_Type">Symphony Orchestra</field></doc><doc><field name="name">Berlin Philharmonic</field><field name="id">http://www.semanticweb.org/tedsullivan/ontologies/2015/5/music-10#Berlin_Philharmonic</field><field name="path">/Musician/Group/Symphony Orchestra/Berlin Philharmonic</field><field name="Musician_Type">Group</field><field name="Musician_Type">Symphony Orchestra</field></doc><doc><field name="name">The Halle</field><field name="id">http://www.semanticweb.org/tedsullivan/ontologies/2015/5/music-10#The_Hallé</field><field name="path">/Musician/Group/Symphony Orchestra/The Halle</field><field name="Musician_Type">Group</field><field name="Musician_Type">Symphony Orchestra</field></doc><doc><field name="name">Philadelphia Orchestra</field><field name="id">http://www.semanticweb.org/tedsullivan/ontologies/2015/5/music-10#Philadelphia_Orchestra</field><field name="path">/Musician/Group/Symphony Orchestra/Philadelphia Orchestra</field><field name="Musician_Type">Group</field><field name="Musician_Type">Symphony Orchestra</field></doc><doc><field name="name">New World Symphony</field><field name="id">http://www.semanticweb.org/tedsullivan/ontologies/2015/5/music-10#New_World_Symphony</field><field name="path">/Musician/Group/Symphony Orchestra/New World Symphony</field><field name="Musician_Type">Group</field><field name="Musician_Type">Symphony Orchestra</field></doc><doc><field name="name">Cleveland Orchestra</field><field name="id">http://www.semanticweb.org/tedsullivan/ontologies/2015/5/music-10#Cleveland_Orchestra</field><field name="path">/Musician/Group/Symphony Orchestra/Cleveland Orchestra</field><field name="Musician_Type">Group</field><field name="Musician_Type">Symphony Orchestra</field></doc><doc><field name="name">Philharmonia Orchestra</field><field name="id">http://www.semanticweb.org/tedsullivan/ontologies/2015/5/music-10#Philharmonia_Orchestra</field><field name="path">/Musician/Group/Symphony Orchestra/Philharmonia Orchestra</field><field name="Musician_Type">Group</field><field name="Musician_Type">Symphony Orchestra</field></doc><doc><field name="name">Quintet</field><field name="id">http://www.semanticweb.org/tedsullivan/ontologies/2015/5/music-10#Quintet</field><field name="rdfs:subClassOf">http://www.semanticweb.org/tedsullivan/ontologies/2015/5/music-10#Groups</field><field name="path">/Musician/Group/Quintet</field><field name="Musician_Type">Group</field></doc><doc><field name="name">Miles Davis Quintet</field><field name="id">http://www.semanticweb.org/tedsullivan/ontologies/2015/5/music-10#Miles_Davis_Quintet_-_2</field><field name="groupMembers_ss">Miles Davis</field><field name="groupMembers_ss.Length">11</field><field name="path">/Quintet/Miles Davis Quintet</field><field name="groupMembers_ss.MaximumLength"></field><field name="Musician_Type">Group</field><field name="Musician_Type">Quintet</field></doc><doc><field name="name">Miles Davis Quintet</field><field name="id">http://www.semanticweb.org/tedsullivan/ontologies/2015/5/music-10#Miles_Davis_Quintet_-_1</field><field name="groupMembers_ss">Miles Davis</field><field name="groupMembers_ss">John Coltrane</field><field name="groupMembers_ss">Red Garland</field><field name="groupMembers_ss">Philly Joe Jones</field><field name="groupMembers_ss.Length">16</field><field name="path">/Quintet/Miles Davis Quintet</field><field name="groupMembers_ss.MaximumLength"></field><field name="Musician_Type">Group</field><field name="Musician_Type">Quintet</field></doc><doc><field name="name">Horace Silver Quintet</field><field name="id">http://www.semanticweb.org/tedsullivan/ontologies/2015/5/music-10#Horace_Silver_Quintet</field><field name="related_entity1_ss">Horace Silver</field><field name="groupMembers_ss">Horace Silver</field><field name="groupMembers_ss.Length">13</field><field name="path">/Quintet/Horace Silver Quintet</field><field name="groupMembers_ss.MaximumLength"></field><field name="Musician_Type">Group</field><field name="Musician_Type">Quintet</field><field name="genres_ss">Jazz</field></doc><doc><field name="name">Quintet of the Hot Club of France</field><field name="id">http://www.semanticweb.org/tedsullivan/ontologies/2015/5/music-10#Quintet_of_the_Hot_Club_of_France</field><field name="groupMembers_ss">Django Reinhardt</field><field name="groupMembers_ss">Stephane Grappelli</field><field name="groupMembers_ss.Length">18</field><field name="path">/Band/Quintet of the Hot Club of France</field><field name="path">/Musician/Group/Quintet/Quintet of the Hot Club of France</field><field name="groupMembers_ss.MaximumLength"></field><field name="Musician_Type">Group</field><field name="Musician_Type">Band</field><field name="Musician_Type">Quintet</field><field name="genres_ss">Jazz</field></doc><doc><field name="name">Bud Shank Quintet</field><field name="id">http://www.semanticweb.org/tedsullivan/ontologies/2015/5/music-10#Bud_Shank_Quintet</field><field name="related_entity1_ss">Julie London</field><field name="groupMembers_ss">Bud Shank</field><field name="groupMembers_ss.Length">9</field><field name="path">/Musician/Group/Quintet/Bud Shank Quintet</field><field name="groupMembers_ss.MaximumLength"></field><field name="Musician_Type">Group</field><field name="Musician_Type">Quintet</field></doc><doc><field name="name">Trio</field><field name="id">http://www.semanticweb.org/tedsullivan/ontologies/2015/5/music-10#Trio</field><field name="rdfs:subClassOf">http://www.semanticweb.org/tedsullivan/ontologies/2015/5/music-10#Groups</field><field name="path">/Musician/Group/Trio</field><field name="Musician_Type">Group</field></doc><doc><field name="name">Lambert, Hendricks &amp; Ross</field><field name="id">http://www.semanticweb.org/tedsullivan/ontologies/2015/5/music-10#Lambert_Hendricks_And_Ross</field><field name="groupMembers_ss">Jon Hendricks</field><field name="groupMembers_ss">Dave Lambert</field><field name="groupMembers_ss">Annie Ross</field><field name="groupMembers_ss.Length">10</field><field name="path">/Vocal Group/Lambert, Hendricks &amp; Ross</field><field name="path">/Trio/Lambert, Hendricks &amp; Ross</field><field name="groupMembers_ss.MaximumLength"></field><field name="Musician_Type">Group</field><field name="Musician_Type">Vocal Group</field><field name="Musician_Type">Trio</field><field name="genres_ss">Jazz</field></doc><doc><field name="name">King Cole Trio</field><field name="id">http://www.semanticweb.org/tedsullivan/ontologies/2015/5/music-10#King_Cole_Trio</field><field name="related_entity1_ss">Carmen McRae</field><field name="related_entity1_ss">Do Nothing Till You Hear From Me</field><field name="groupMembers_ss">Nat King Cole</field><field name="groupMembers_ss">Oscar Moore</field><field name="groupMembers_ss.Length">11</field><field name="path">/Trio/King Cole Trio</field><field name="groupMembers_ss.MaximumLength"></field><field name="Musician_Type">Group</field><field name="Musician_Type">Trio</field></doc><doc><field name="name">Oscar Peterson Trio</field><field name="id">http://www.semanticweb.org/tedsullivan/ontologies/2015/5/music-10#Oscar_Peterson_Trio</field><field name="related_entity1_ss">Oscar Peterson</field><field name="related_entity1_ss">Louis Armstrong</field><field name="groupMembers_ss">Ray Brown</field><field name="groupMembers_ss">Oscar Peterson</field><field name="groupMembers_ss">Ed Thigpen</field><field name="groupMembers_ss.Length">10</field><field name="path">/Trio/Oscar Peterson Trio</field><field name="groupMembers_ss.MaximumLength"></field><field name="Musician_Type">Group</field><field name="Musician_Type">Trio</field></doc><doc><field name="name">The Hot Club of Cowtown</field><field name="id">http://www.semanticweb.org/tedsullivan/ontologies/2015/5/music-10#The_Hot_Club_of_Cowtown</field><field name="path">/Trio/The Hot Club of Cowtown</field><field name="Musician_Type">Group</field><field name="Musician_Type">Trio</field><field name="genres_ss">Jazz</field></doc><doc><field name="name">Bill Evans Trio</field><field name="id">http://www.semanticweb.org/tedsullivan/ontologies/2015/5/music-10#Bill_Evans_Trio</field><field name="groupMembers_ss">Scott LaFaro</field><field name="groupMembers_ss">Bill Evans</field><field name="groupMembers_ss.Length">10</field><field name="path">/Trio/Bill Evans Trio</field><field name="groupMembers_ss.MaximumLength"></field><field name="Musician_Type">Group</field><field name="Musician_Type">Trio</field></doc><doc><field name="name">Dave Barbour Trio</field><field name="id">http://www.semanticweb.org/tedsullivan/ontologies/2015/5/music-10#Dave_Barbour_Trio</field><field name="groupMembers_ss">Dave Barbour</field><field name="groupMembers_ss.Length">12</field><field name="path">/Trio/Dave Barbour Trio</field><field name="groupMembers_ss.MaximumLength"></field><field name="Musician_Type">Group</field><field name="Musician_Type">Trio</field><field name="genres_ss">Jazz</field></doc><doc><field name="name">The Three Tenors</field><field name="id">http://www.semanticweb.org/tedsullivan/ontologies/2015/5/music-10#The_Three_Tenors</field><field name="groupMembers_ss">Placido Domingo</field><field name="groupMembers_ss">José Carreras</field><field name="groupMembers_ss">Luciano Pavarotti</field><field name="groupMembers_ss.Length">17</field><field name="path">/Trio/The Three Tenors</field><field name="groupMembers_ss.MaximumLength"></field><field name="Musician_Type">Group</field><field name="Musician_Type">Trio</field></doc><doc><field name="name">Beaux Arts Trio</field><field name="id">http://www.semanticweb.org/tedsullivan/ontologies/2015/5/music-10#Beaux_Arts_Trio</field><field name="path">/Musician/Group/Trio/Beaux Arts Trio</field><field name="Musician_Type">Group</field><field name="Musician_Type">Trio</field></doc><doc><field name="name">The New Standards</field><field name="id">http://www.semanticweb.org/tedsullivan/ontologies/2015/5/music-10#The_New_Standards</field><field name="path">/Musician/Group/Trio/The New Standards</field><field name="Musician_Type">Group</field><field name="Musician_Type">Trio</field><field name="genres_ss">Jazz</field></doc><doc><field name="name">Vince Guaraldi Trio</field><field name="id">http://www.semanticweb.org/tedsullivan/ontologies/2015/5/music-10#Vince_Guaraldi_Trio</field><field name="related_entity1_ss">Vince Guaraldi</field><field name="related_entity1_ss">Bola Sete</field><field name="groupMembers_ss">Vince Guaraldi</field><field name="groupMembers_ss.Length">14</field><field name="path">/Musician/Group/Trio/Vince Guaraldi Trio</field><field name="groupMembers_ss.MaximumLength"></field><field name="Musician_Type">Group</field><field name="Musician_Type">Trio</field></doc><doc><field name="name">Billy Taylor Trio</field><field name="id">http://www.semanticweb.org/tedsullivan/ontologies/2015/5/music-10#Billy_Taylor_Trio</field><field name="groupMembers_ss">Billy Taylor</field><field name="groupMembers_ss.Length">12</field><field name="path">/Musician/Group/Trio/Billy Taylor Trio</field><field name="groupMembers_ss.MaximumLength"></field><field name="Musician_Type">Group</field><field name="Musician_Type">Trio</field><field name="genres_ss">Jazz</field></doc><doc><field name="name">Benny Goodman Trio</field><field name="id">http://www.semanticweb.org/tedsullivan/ontologies/2015/5/music-10#Benny_Goodman_Trio</field><field name="related_entity1_ss">Benny Goodman Quartet</field><field name="groupMembers_ss">Benny Goodman</field><field name="groupMembers_ss">Teddy Wilson</field><field name="groupMembers_ss.Length">12</field><field name="path">/Musician/Group/Trio/Benny Goodman Trio</field><field name="groupMembers_ss.MaximumLength"></field><field name="Musician_Type">Group</field><field name="Musician_Type">Trio</field><field name="genres_ss">Jazz</field></doc><doc><field name="name">Quartet</field><field name="id">http://www.semanticweb.org/tedsullivan/ontologies/2015/5/music-10#Quartet</field><field name="rdfs:subClassOf">http://www.semanticweb.org/tedsullivan/ontologies/2015/5/music-10#Groups</field><field name="path">/Musician/Group/Quartet</field><field name="Musician_Type">Group</field></doc><doc><field name="name">Fitzwilliam Quartet</field><field name="id">http://www.semanticweb.org/tedsullivan/ontologies/2015/5/music-10#Fitzwilliam_Quartet</field><field name="path">/Quartet/Fitzwilliam Quartet</field><field name="Musician_Type">Group</field><field name="Musician_Type">Quartet</field></doc><doc><field name="name">Emerson String Quartet</field><field name="id">http://www.semanticweb.org/tedsullivan/ontologies/2015/5/music-10#Emerson_String_Quartet</field><field name="path">/Quartet/Emerson String Quartet</field><field name="Musician_Type">Group</field><field name="Musician_Type">Quartet</field></doc><doc><field name="name">Oberlin String Quartet</field><field name="id">http://www.semanticweb.org/tedsullivan/ontologies/2015/5/music-10#Oberlin_String_Quartet</field><field name="path">/Quartet/Oberlin String Quartet</field><field name="Musician_Type">Group</field><field name="Musician_Type">Quartet</field></doc><doc><field name="name">Prague Quartet</field><field name="id">http://www.semanticweb.org/tedsullivan/ontologies/2015/5/music-10#Prague_Quartet</field><field name="path">/Quartet/Prague Quartet</field><field name="Musician_Type">Group</field><field name="Musician_Type">Quartet</field></doc><doc><field name="name">Modern Jazz Quartet</field><field name="id">http://www.semanticweb.org/tedsullivan/ontologies/2015/5/music-10#Modern_Jazz_Quartet</field><field name="groupMembers_ss">Percy Heath</field><field name="groupMembers_ss">John Lewis</field><field name="groupMembers_ss">Milt Jackson</field><field name="groupMembers_ss">Kenny Clarke</field><field name="groupMembers_ss">Connie Kay</field><field name="groupMembers_ss.Length">10</field><field name="path">/Quartet/Modern Jazz Quartet</field><field name="groupMembers_ss.MaximumLength"></field><field name="Musician_Type">Group</field><field name="Musician_Type">Quartet</field></doc><doc><field name="name">Shostakovich Quartet</field><field name="id">http://www.semanticweb.org/tedsullivan/ontologies/2015/5/music-10#Shostakovich_Quartet</field><field name="path">/Quartet/Shostakovich Quartet</field><field name="Musician_Type">Group</field><field name="Musician_Type">Quartet</field></doc><doc><field name="name">Kronos Quartet</field><field name="id">http://www.semanticweb.org/tedsullivan/ontologies/2015/5/music-10#Kronos_Quartet</field><field name="path">/Quartet/Kronos Quartet</field><field name="Musician_Type">Group</field><field name="Musician_Type">Quartet</field></doc><doc><field name="name">Lindsay String Quartet</field><field name="id">http://www.semanticweb.org/tedsullivan/ontologies/2015/5/music-10#Lindsay_String_Quartet</field><field name="path">/Quartet/Lindsay String Quartet</field><field name="Musician_Type">Group</field><field name="Musician_Type">Quartet</field></doc><doc><field name="name">Benny Goodman Quartet</field><field name="id">http://www.semanticweb.org/tedsullivan/ontologies/2015/5/music-10#Benny_Goodman_Quartet</field><field name="related_entity1_ss">Benny Goodman Trio</field><field name="groupMembers_ss">Benny Goodman</field><field name="groupMembers_ss">Teddy Wilson</field><field name="groupMembers_ss">Lionel Hampton</field><field name="groupMembers_ss.Length">14</field><field name="path">/Quartet/Benny Goodman Quartet</field><field name="groupMembers_ss.MaximumLength"></field><field name="Musician_Type">Group</field><field name="Musician_Type">Quartet</field></doc><doc><field name="name">Vegh Quartet</field><field name="id">http://www.semanticweb.org/tedsullivan/ontologies/2015/5/music-10#Végh_Quartet</field><field name="path">/Quartet/Vegh Quartet</field><field name="Musician_Type">Group</field><field name="Musician_Type">Quartet</field></doc><doc><field name="name">Juilliard String Quartet</field><field name="id">http://www.semanticweb.org/tedsullivan/ontologies/2015/5/music-10#Julliard_Quartet</field><field name="path">/Quartet/Juilliard String Quartet</field><field name="Musician_Type">Group</field><field name="Musician_Type">Quartet</field></doc><doc><field name="name">Amadeus Quartet</field><field name="id">http://www.semanticweb.org/tedsullivan/ontologies/2015/5/music-10#Amadeus_Quartet</field><field name="path">/Quartet/Amadeus Quartet</field><field name="Musician_Type">Group</field><field name="Musician_Type">Quartet</field></doc></add>
