<add><doc><field name="name">Lily Pons</field><field name="id">http://www.semanticweb.org/tedsullivan/ontologies/2015/5/music-10#Lily_Pons</field><field name="path">/Musician/Singer/Soprano/Lily Pons</field><field name="Musician_Type">Singer</field><field name="Musician_Type">Soprano</field></doc><doc><field name="name">Kiri Te Kanawa</field><field name="id">http://www.semanticweb.org/tedsullivan/ontologies/2015/5/music-10#Kiri_Te_Kanawa</field><field name="path">/Musician/Singer/Soprano/Kiri Te Kanawa</field><field name="Musician_Type">Singer</field><field name="Musician_Type">Soprano</field></doc><doc><field name="name">Elisabeth Schwarzkopf</field><field name="id">http://www.semanticweb.org/tedsullivan/ontologies/2015/5/music-10#Elisabeth_Schwarzkopf</field><field name="path">/Musician/Singer/Elisabeth Schwarzkopf</field><field name="path">/Musician/Singer/Soprano/Elisabeth Schwarzkopf</field><field name="Musician_Type">Singer</field><field name="Musician_Type">Soprano</field></doc><doc><field name="name">Roberta Peters</field><field name="id">http://www.semanticweb.org/tedsullivan/ontologies/2015/5/music-10#Roberta_Peters</field><field name="path">/Musician/Singer/Soprano/Roberta Peters</field><field name="Musician_Type">Singer</field><field name="Musician_Type">Soprano</field></doc><doc><field name="name">Renata Tebaldi</field><field name="id">http://www.semanticweb.org/tedsullivan/ontologies/2015/5/music-10#Renata_Tebaldi</field><field name="path">/Musician/Singer/Soprano/Renata Tebaldi</field><field name="Musician_Type">Singer</field><field name="Musician_Type">Soprano</field></doc><doc><field name="name">Gundula Janowitz</field><field name="id">http://www.semanticweb.org/tedsullivan/ontologies/2015/5/music-10#Gundula_Janowitz</field><field name="path">/Musician/Singer/Soprano/Gundula Janowitz</field><field name="Musician_Type">Singer</field><field name="Musician_Type">Soprano</field></doc><doc><field name="name">Victoria de los Angeles</field><field name="id">http://www.semanticweb.org/tedsullivan/ontologies/2015/5/music-10#Victoria_de_los_Ángeles</field><field name="path">/Musician/Singer/Soprano/Victoria de los Angeles</field><field name="Musician_Type">Singer</field><field name="Musician_Type">Soprano</field></doc><doc><field name="name">Kirsten Flagstad</field><field name="id">http://www.semanticweb.org/tedsullivan/ontologies/2015/5/music-10#Kirsten_Flagstad</field><field name="path">/Musician/Singer/Soprano/Kirsten Flagstad</field><field name="Musician_Type">Singer</field><field name="Musician_Type">Soprano</field></doc><doc><field name="name">Anna Netrebko</field><field name="id">http://www.semanticweb.org/tedsullivan/ontologies/2015/5/music-10#Anna_Netrebko</field><field name="path">/Musician/Singer/Soprano/Anna Netrebko</field><field name="Musician_Type">Singer</field><field name="Musician_Type">Soprano</field></doc><doc><field name="name">Angela Gheorghiu</field><field name="id">http://www.semanticweb.org/tedsullivan/ontologies/2015/5/music-10#Angela_Gheorghiu</field><field name="path">/Musician/Singer/Soprano/Angela Gheorghiu</field><field name="Musician_Type">Singer</field><field name="Musician_Type">Soprano</field></doc><doc><field name="name">Lucia Popp</field><field name="id">http://www.semanticweb.org/tedsullivan/ontologies/2015/5/music-10#Lucia_Popp</field><field name="path">/Musician/Singer/Soprano/Lucia Popp</field><field name="Musician_Type">Singer</field><field name="Musician_Type">Soprano</field></doc><doc><field name="name">Christa Ludwig</field><field name="id">http://www.semanticweb.org/tedsullivan/ontologies/2015/5/music-10#Christa_Ludwig</field><field name="path">/Musician/Singer/Soprano/Christa Ludwig</field><field name="Musician_Type">Singer</field><field name="Musician_Type">Soprano</field></doc><doc><field name="name">Maria Callas</field><field name="id">http://www.semanticweb.org/tedsullivan/ontologies/2015/5/music-10#Maria_Callas</field><field name="path">/Musician/Singer/Soprano/Maria Callas</field><field name="Musician_Type">Singer</field><field name="Musician_Type">Soprano</field></doc><doc><field name="name">Montserrat Caballe</field><field name="id">http://www.semanticweb.org/tedsullivan/ontologies/2015/5/music-10#Montserrat_Caballé</field><field name="path">/Musician/Singer/Soprano/Montserrat Caballe</field><field name="Musician_Type">Singer</field><field name="Musician_Type">Soprano</field></doc><doc><field name="name">Elena Souliotis</field><field name="id">http://www.semanticweb.org/tedsullivan/ontologies/2015/5/music-10#Elena_Souliotis</field><field name="path">/Musician/Singer/Soprano/Elena Souliotis</field><field name="Musician_Type">Singer</field><field name="Musician_Type">Soprano</field></doc><doc><field name="name">Karita Mattila</field><field name="id">http://www.semanticweb.org/tedsullivan/ontologies/2015/5/music-10#Karita_Mattila</field><field name="path">/Musician/Singer/Soprano/Karita Mattila</field><field name="Musician_Type">Singer</field><field name="Musician_Type">Soprano</field></doc><doc><field name="name">Teresa Stratas</field><field name="id">http://www.semanticweb.org/tedsullivan/ontologies/2015/5/music-10#Teresa_Stratas</field><field name="path">/Musician/Singer/Soprano/Teresa Stratas</field><field name="Musician_Type">Singer</field><field name="Musician_Type">Soprano</field></doc><doc><field name="name">Joan Sutherland</field><field name="id">http://www.semanticweb.org/tedsullivan/ontologies/2015/5/music-10#Joan_Sutherland</field><field name="path">/Musician/Singer/Soprano/Joan Sutherland</field><field name="Musician_Type">Singer</field><field name="Musician_Type">Soprano</field></doc><doc><field name="name">Anna Moffo</field><field name="id">http://www.semanticweb.org/tedsullivan/ontologies/2015/5/music-10#Anna_Moffo</field><field name="path">/Musician/Singer/Soprano/Anna Moffo</field><field name="Musician_Type">Singer</field><field name="Musician_Type">Soprano</field></doc><doc><field name="name">Sarah Brightman</field><field name="id">http://www.semanticweb.org/tedsullivan/ontologies/2015/5/music-10#Sarah_Brightman</field><field name="hasGenre.Count">12</field><field name="path">/Musician/Singer/Soprano/Sarah Brightman</field><field name="Musician_Type">Singer</field><field name="Musician_Type">Soprano</field><field name="genres_ss">Classical</field><field name="genres_ss">Classical Crossover</field><field name="genres_ss">Folk</field><field name="genres_ss">Popular</field><field name="genres_ss">Pop</field><field name="genres_ss">Rock</field><field name="genres_ss">Symphonic Rock</field><field name="genres_ss">World Music</field></doc><doc><field name="name">Renée Fleming</field><field name="id">http://www.semanticweb.org/tedsullivan/ontologies/2015/5/music-10#Renée_Fleming</field><field name="path">/Musician/Singer/Soprano/Renée Fleming</field><field name="Musician_Type">Singer</field><field name="Musician_Type">Soprano</field></doc><doc><field name="name">Mirella Freni</field><field name="id">http://www.semanticweb.org/tedsullivan/ontologies/2015/5/music-10#Mirella_Freni</field><field name="path">/Musician/Singer/Soprano/Mirella Freni</field><field name="Musician_Type">Singer</field><field name="Musician_Type">Soprano</field></doc><doc><field name="name">Renata Scotto</field><field name="id">http://www.semanticweb.org/tedsullivan/ontologies/2015/5/music-10#Renata_Scotto</field><field name="path">/Musician/Singer/Soprano/Renata Scotto</field><field name="Musician_Type">Singer</field><field name="Musician_Type">Soprano</field></doc><doc><field name="name">Ebe Stignani</field><field name="id">http://www.semanticweb.org/tedsullivan/ontologies/2015/5/music-10#Ebe_Stignani</field><field name="path">/Musician/Singer/Soprano/Ebe Stignani</field><field name="Musician_Type">Singer</field><field name="Musician_Type">Soprano</field></doc><doc><field name="name">Leontyne Price</field><field name="id">http://www.semanticweb.org/tedsullivan/ontologies/2015/5/music-10#Leontyne_Price</field><field name="path">/Musician/Singer/Soprano/Leontyne Price</field><field name="Musician_Type">Singer</field><field name="Musician_Type">Soprano</field></doc><doc><field name="name">Fiorenza Cossotto</field><field name="id">http://www.semanticweb.org/tedsullivan/ontologies/2015/5/music-10#Fiorenza_Cossotto</field><field name="path">/Musician/Singer/Soprano/Fiorenza Cossotto</field><field name="Musician_Type">Singer</field><field name="Musician_Type">Soprano</field></doc><doc><field name="name">Eileen Farrell</field><field name="id">http://www.semanticweb.org/tedsullivan/ontologies/2015/5/music-10#Eileen_Farrell</field><field name="path">/Musician/Singer/Soprano/Eileen Farrell</field><field name="Musician_Type">Singer</field><field name="Musician_Type">Soprano</field></doc><doc><field name="name">Yusef Lateef</field><field name="id">http://www.semanticweb.org/tedsullivan/ontologies/2015/5/music-10#Yusef_Lateef</field><field name="path">/Flautist/Yusef Lateef</field><field name="path">/Pianist/Yusef Lateef</field><field name="path">/Instrumentalist/Saxophonist/Yusef Lateef</field><field name="path">/Musician/Singer/Yusef Lateef</field><field name="Musician_Type">Instrumentalist</field><field name="Musician_Type">Flautist</field><field name="Musician_Type">Pianist</field><field name="Musician_Type">Saxophonist</field><field name="Musician_Type">Singer</field><field name="genres_ss">Jazz</field></doc><doc><field name="name">Jimmie Rodgers</field><field name="id">http://www.semanticweb.org/tedsullivan/ontologies/2015/5/music-10#Jimmie_Rodgers</field><field name="path">/Musician/Singer/Jimmie Rodgers</field><field name="Musician_Type">Singer</field><field name="genres_ss">Popular</field></doc><doc><field name="name">Flavor Flav</field><field name="id">http://www.semanticweb.org/tedsullivan/ontologies/2015/5/music-10#Flavor_Flav</field><field name="related_entity1_ss">Chuck D</field><field name="related_entity1_ss">Khari Wynn</field><field name="related_entity1_ss">Professor Griff</field><field name="related_entity1_ss">DJ Lord</field><field name="memberOfGroup_ss.Length">12</field><field name="path">/Instrumentalist/Bassist/Flavor Flav</field><field name="path">/Clarinetist/Flavor Flav</field><field name="path">/Drummer/Flavor Flav</field><field name="path">/Instrumentalist/Guitarist/Flavor Flav</field><field name="path">/Percussionist/Flavor Flav</field><field name="path">/Pianist/Flavor Flav</field><field name="path">/Instrumentalist/Saxophonist/Flavor Flav</field><field name="path">/Musician/Singer/Flavor Flav</field><field name="Musician_Type">Instrumentalist</field><field name="Musician_Type">Bassist</field><field name="Musician_Type">Clarinetist</field><field name="Musician_Type">Drummer</field><field name="Musician_Type">Guitarist</field><field name="Musician_Type">Percussionist</field><field name="Musician_Type">Pianist</field><field name="Musician_Type">Saxophonist</field><field name="Musician_Type">Singer</field><field name="memberOfGroup_ss">Public Enemy</field><field name="memberOfGroup_ss.MaximumLength"></field></doc><doc><field name="name">Mary J. Blige</field><field name="id">http://www.semanticweb.org/tedsullivan/ontologies/2015/5/music-10#‎Mary_J_Blige</field><field name="path">/Musician/Singer/Mary J. Blige</field><field name="Musician_Type">Singer</field></doc><doc><field name="name">Nana Mouskouri</field><field name="id">http://www.semanticweb.org/tedsullivan/ontologies/2015/5/music-10#Nana_Mouskouri</field><field name="path">/Musician/Singer/Nana Mouskouri</field><field name="Musician_Type">Singer</field></doc><doc><field name="name">Russ Columbo</field><field name="id">http://www.semanticweb.org/tedsullivan/ontologies/2015/5/music-10#Russ_Columbo</field><field name="related_entity1_ss">Clarence Gaskill</field><field name="related_entity1_ss">Paul Gregory</field><field name="related_entity1_ss">Con Conrad</field><field name="related_entity1_ss">Gladys DuBois</field><field name="related_entity1_ss">Leo Robin</field><field name="path">/Musician/Singer/Russ Columbo</field><field name="path">/Violinist/Russ Columbo</field><field name="Musician_Type">Singer</field><field name="Musician_Type">Instrumentalist</field><field name="Musician_Type">Violinist</field></doc><doc><field name="name">Kenny Neal</field><field name="id">http://www.semanticweb.org/tedsullivan/ontologies/2015/5/music-10#Kenny_Neal</field><field name="path">/Instrumentalist/Guitarist/Kenny Neal</field><field name="path">/Musician/Singer/Kenny Neal</field><field name="Musician_Type">Instrumentalist</field><field name="Musician_Type">Guitarist</field><field name="Musician_Type">Singer</field></doc><doc><field name="name">Tiny Tim</field><field name="id">http://www.semanticweb.org/tedsullivan/ontologies/2015/5/music-10#Tiny_Tim</field><field name="path">/Musician/Singer/Tiny Tim</field><field name="path">/Instrumentalist/Ukulele Player/Tiny Tim</field><field name="Musician_Type">Singer</field><field name="Musician_Type">Instrumentalist</field><field name="Musician_Type">Ukulele Player</field></doc><doc><field name="name">Manfred Mann</field><field name="id">http://www.semanticweb.org/tedsullivan/ontologies/2015/5/music-10#Manfred_Mann</field><field name="path">/Musician/Singer/Manfred Mann</field><field name="Musician_Type">Singer</field></doc><doc><field name="name">Mikael Rickfors</field><field name="id">http://www.semanticweb.org/tedsullivan/ontologies/2015/5/music-10#Mikael_Rickfors</field><field name="related_entity1_ss">Terry Sylvester</field><field name="related_entity1_ss">Graham Nash</field><field name="related_entity1_ss">Bobby Elliott</field><field name="related_entity1_ss">Peter Howarth</field><field name="related_entity1_ss">Vic Steele</field><field name="related_entity1_ss">Ray Stiles</field><field name="related_entity1_ss">Ian Parker</field><field name="related_entity1_ss">Allan Clarke</field><field name="related_entity1_ss">Tony Hicks</field><field name="related_entity1_ss">Steve Lauri</field><field name="related_entity1_ss">Eric Haydock</field><field name="related_entity1_ss">Bernie Calvert</field><field name="hasGenre.Count">4</field><field name="memberOfGroup_ss.Length">11</field><field name="path">/Instrumentalist/Bassist/Mikael Rickfors</field><field name="path">/Musician/Singer/Mikael Rickfors</field><field name="Musician_Type">Instrumentalist</field><field name="Musician_Type">Bassist</field><field name="Musician_Type">Singer</field><field name="genres_ss">Popular</field><field name="genres_ss">Pop</field><field name="genres_ss">Rock</field><field name="memberOfGroup_ss">The Hollies</field><field name="memberOfGroup_ss.MaximumLength"></field></doc><doc><field name="name">Polly Bergen</field><field name="id">http://www.semanticweb.org/tedsullivan/ontologies/2015/5/music-10#Polly_Bergen</field><field name="path">/Musician/Singer/Polly Bergen</field><field name="Musician_Type">Singer</field></doc><doc><field name="name">Ric Grech</field><field name="id">http://www.semanticweb.org/tedsullivan/ontologies/2015/5/music-10#Ric_Grech</field><field name="related_entity1_ss">Ginger Baker</field><field name="related_entity1_ss">John Weider</field><field name="related_entity1_ss">Steve Winwood</field><field name="related_entity1_ss">Roger Chapman</field><field name="related_entity1_ss">Eric Clapton</field><field name="memberOfGroup.Count">4</field><field name="memberOfGroup_ss.Length">6</field><field name="path">/Instrumentalist/Bassist/Ric Grech</field><field name="path">/Instrumentalist/Cellist/Ric Grech</field><field name="path">/Musician/Singer/Ric Grech</field><field name="path">/Violinist/Ric Grech</field><field name="path">/Violist/Ric Grech</field><field name="Musician_Type">Instrumentalist</field><field name="Musician_Type">Bassist</field><field name="Musician_Type">Cellist</field><field name="Musician_Type">Singer</field><field name="Musician_Type">Violinist</field><field name="Musician_Type">Violist</field><field name="genres_ss">Rock</field><field name="memberOfGroup_ss">Blind Faith</field><field name="memberOfGroup_ss">Family</field><field name="memberOfGroup_ss.MaximumLength"></field></doc><doc><field name="name">Notorious B.I.G</field><field name="id">http://www.semanticweb.org/tedsullivan/ontologies/2015/5/music-10#Notorious_BIG</field><field name="path">/Musician/Singer/Notorious B.I.G</field><field name="Musician_Type">Singer</field></doc><doc><field name="name">Dave Evans</field><field name="id">http://www.semanticweb.org/tedsullivan/ontologies/2015/5/music-10#Dave_Evans</field><field name="related_entity1_ss">Colin Burgess</field><field name="related_entity1_ss">Chris Slade</field><field name="related_entity1_ss">Cliff Williams</field><field name="related_entity1_ss">Stevie Young</field><field name="related_entity1_ss">Peter Clack</field><field name="related_entity1_ss">Angus Young</field><field name="related_entity1_ss">Rob Bailey</field><field name="related_entity1_ss">Brian Johnson</field><field name="related_entity1_ss">Larry Van Kriedt</field><field name="related_entity1_ss">Bon Scott</field><field name="related_entity1_ss">Malcolm Young</field><field name="memberOfGroup_ss.Length">5</field><field name="path">/Musician/Singer/Dave Evans</field><field name="Musician_Type">Singer</field><field name="memberOfGroup_ss">AC/DC</field><field name="memberOfGroup_ss.MaximumLength"></field></doc><doc><field name="name">Davey Pattison</field><field name="id">http://www.semanticweb.org/tedsullivan/ontologies/2015/5/music-10#Davey_Pattison</field><field name="related_entity1_ss">Alan Fitzgerald</field><field name="related_entity1_ss">Denny Carmassi</field><field name="related_entity1_ss">Skip Gillette</field><field name="related_entity1_ss">Ronnie Montrose</field><field name="related_entity1_ss">Jim Alcivar</field><field name="related_entity1_ss">Mitchell Froom</field><field name="related_entity1_ss">Glenn Letsch</field><field name="memberOfGroup_ss.Length">5</field><field name="path">/Musician/Singer/Davey Pattison</field><field name="Musician_Type">Singer</field><field name="memberOfGroup_ss">Gamma</field><field name="memberOfGroup_ss.MaximumLength"></field></doc><doc><field name="name">Johnnie Johnston</field><field name="id">http://www.semanticweb.org/tedsullivan/ontologies/2015/5/music-10#Johnnie_Johnston</field><field name="path">/Musician/Singer/Johnnie Johnston</field><field name="Musician_Type">Singer</field></doc><doc><field name="name">Trisha Yearwood</field><field name="id">http://www.semanticweb.org/tedsullivan/ontologies/2015/5/music-10#Trisha_Yearwood</field><field name="path">/Musician/Singer/Trisha Yearwood</field><field name="Musician_Type">Singer</field><field name="genres_ss">Country</field></doc><doc><field name="name">Judy Garland</field><field name="id">http://www.semanticweb.org/tedsullivan/ontologies/2015/5/music-10#Judy_Garland</field><field name="related_entity1_ss">Johnny Mercer</field><field name="related_entity2_ss">The Merry Macs</field><field name="related_entity2_ss">Harry Warren</field><field name="related_entity2_ss">Mickey Rooney</field><field name="related_entity2_ss">Bing Crosby</field><field name="related_entity2_ss">Tommy Dorsey</field><field name="related_entity2_ss.Length">12</field><field name="path">/Musician/Singer/Judy Garland</field><field name="Musician_Type">Singer</field><field name="related_entity2_ss.MaximumLength"></field></doc><doc><field name="name">Al Jolson</field><field name="id">http://www.semanticweb.org/tedsullivan/ontologies/2015/5/music-10#Al_Jolson</field><field name="related_entity1_ss">Buddy DeSylva</field><field name="related_entity2_ss">Ray Henderson</field><field name="related_entity2_ss">Lew Brown</field><field name="related_entity2_ss">Vincent Rose</field><field name="related_entity2_ss">Dave Dreyer</field><field name="related_entity2_ss.Length">11</field><field name="path">/Musician/Singer/Al Jolson</field><field name="Musician_Type">Singer</field><field name="related_entity2_ss.MaximumLength"></field></doc><doc><field name="name">Sal Mineo</field><field name="id">http://www.semanticweb.org/tedsullivan/ontologies/2015/5/music-10#Sal_Mineo</field><field name="path">/Musician/Singer/Sal Mineo</field><field name="Musician_Type">Singer</field></doc><doc><field name="name">Fiona Apple</field><field name="id">http://www.semanticweb.org/tedsullivan/ontologies/2015/5/music-10#Fiona_Apple</field><field name="path">/Musician/Singer/Fiona Apple</field><field name="Musician_Type">Singer</field></doc><doc><field name="name">Dakota Staton</field><field name="id">http://www.semanticweb.org/tedsullivan/ontologies/2015/5/music-10#Dakota_Staton</field><field name="path">/Musician/Singer/Dakota Staton</field><field name="Musician_Type">Singer</field></doc><doc><field name="name">Fred Cash</field><field name="id">http://www.semanticweb.org/tedsullivan/ontologies/2015/5/music-10#Fred_Cash</field><field name="related_entity1_ss">Jerry Butler</field><field name="related_entity1_ss">Sam Gooden</field><field name="related_entity1_ss">Curtis Mayfield</field><field name="memberOfGroup_ss.Length">15</field><field name="path">/Musician/Singer/Fred Cash</field><field name="Musician_Type">Singer</field><field name="memberOfGroup_ss">The Impressions</field><field name="memberOfGroup_ss.MaximumLength"></field></doc><doc><field name="name">Captain Beefheart</field><field name="id">http://www.semanticweb.org/tedsullivan/ontologies/2015/5/music-10#Captain_Beefheart</field><field name="path">/Musician/Singer/Captain Beefheart</field><field name="Musician_Type">Singer</field></doc><doc><field name="name">Travis Tritt</field><field name="id">http://www.semanticweb.org/tedsullivan/ontologies/2015/5/music-10#Travis_Tritt</field><field name="path">/Musician/Singer/Travis Tritt</field><field name="Musician_Type">Singer</field><field name="genres_ss">Country</field></doc><doc><field name="name">Irma Thomas</field><field name="id">http://www.semanticweb.org/tedsullivan/ontologies/2015/5/music-10#Irma_Thomas</field><field name="path">/Musician/Singer/Irma Thomas</field><field name="Musician_Type">Singer</field></doc><doc><field name="name">Gene Kelly</field><field name="id">http://www.semanticweb.org/tedsullivan/ontologies/2015/5/music-10#Gene_Kelly</field><field name="path">/Musician/Singer/Gene Kelly</field><field name="Musician_Type">Singer</field></doc><doc><field name="name">Taylor Swift</field><field name="id">http://www.semanticweb.org/tedsullivan/ontologies/2015/5/music-10#Taylor_Swift</field><field name="path">/Musician/Singer/Taylor Swift</field><field name="Musician_Type">Singer</field></doc><doc><field name="name">Prince</field><field name="id">http://www.semanticweb.org/tedsullivan/ontologies/2015/5/music-10#Prince</field><field name="related_entity1_ss">Sheena Easton</field><field name="path">/Musician/Singer/Prince</field><field name="Musician_Type">Singer</field></doc><doc><field name="name">Clyde McPhatter</field><field name="id">http://www.semanticweb.org/tedsullivan/ontologies/2015/5/music-10#Clyde_McPhatter</field><field name="memberOfGroup_ss.Length">12</field><field name="path">/Musician/Singer/Clyde McPhatter</field><field name="Musician_Type">Singer</field><field name="memberOfGroup_ss">The Drifters</field><field name="memberOfGroup_ss.MaximumLength"></field></doc><doc><field name="name">Phil Everly</field><field name="id">http://www.semanticweb.org/tedsullivan/ontologies/2015/5/music-10#Phil_Everly</field><field name="related_entity1_ss">Don Everly</field><field name="memberOfGroup_ss.Length">15</field><field name="path">/Musician/Singer/Phil Everly</field><field name="Musician_Type">Singer</field><field name="memberOfGroup_ss">Everly Brothers</field><field name="memberOfGroup_ss.MaximumLength"></field></doc><doc><field name="name">Dion</field><field name="id">http://www.semanticweb.org/tedsullivan/ontologies/2015/5/music-10#Dion</field><field name="related_entity1_ss">Ernie Maresca</field><field name="path">/Musician/Singer/Dion</field><field name="synonym">Dion DiMucci</field><field name="Musician_Type">Singer</field></doc><doc><field name="name">Mickey Rooney</field><field name="id">http://www.semanticweb.org/tedsullivan/ontologies/2015/5/music-10#Mickey_Rooney</field><field name="related_entity1_ss">Judy Garland</field><field name="path">/Musician/Singer/Mickey Rooney</field><field name="Musician_Type">Singer</field></doc><doc><field name="name">Courtney Love</field><field name="id">http://www.semanticweb.org/tedsullivan/ontologies/2015/5/music-10#Courtney_Love</field><field name="path">/Musician/Singer/Courtney Love</field><field name="Musician_Type">Singer</field></doc><doc><field name="name">David 'Honeyboy' Edwards</field><field name="id">http://www.semanticweb.org/tedsullivan/ontologies/2015/5/music-10#David_Honeyboy_Edwards</field><field name="path">/Instrumentalist/Guitarist/David 'Honeyboy' Edwards</field><field name="path">/Musician/Singer/David 'Honeyboy' Edwards</field><field name="Musician_Type">Instrumentalist</field><field name="Musician_Type">Guitarist</field><field name="Musician_Type">Singer</field><field name="genres_ss">Blues</field><field name="genres_ss">Delta Blues</field></doc><doc><field name="name">Jane Froman</field><field name="id">http://www.semanticweb.org/tedsullivan/ontologies/2015/5/music-10#Jane_Froman</field><field name="path">/Musician/Singer/Jane Froman</field><field name="Musician_Type">Singer</field></doc><doc><field name="name">Tom Petty</field><field name="id">http://www.semanticweb.org/tedsullivan/ontologies/2015/5/music-10#Tom_Petty</field><field name="related_entity1_ss">Jeff Lynne</field><field name="memberOfGroup.Count">4</field><field name="memberOfGroup_ss.Length">31</field><field name="related_entity2_ss.Length">12</field><field name="path">/Instrumentalist/Guitarist/Tom Petty</field><field name="path">/Musician/Singer/Tom Petty</field><field name="memberOfGroup_ss.MaximumLength"></field><field name="related_entity2_ss">George Harrison</field><field name="related_entity2_ss">Bob Dylan</field><field name="related_entity2_ss">Roy Orbison</field><field name="related_entity2_ss">Eric Clapton</field><field name="Musician_Type">Instrumentalist</field><field name="Musician_Type">Guitarist</field><field name="Musician_Type">Singer</field><field name="genres_ss">Rock</field><field name="memberOfGroup_ss">Traveling Wilburys</field><field name="memberOfGroup_ss">Tom Petty and the Heartbreakers</field><field name="related_entity2_ss.MaximumLength"></field></doc><doc><field name="name">Georgia Brown</field><field name="id">http://www.semanticweb.org/tedsullivan/ontologies/2015/5/music-10#Georgia_Brown</field><field name="path">/Musician/Singer/Georgia Brown</field><field name="Musician_Type">Singer</field></doc><doc><field name="name">Dick Powell</field><field name="id">http://www.semanticweb.org/tedsullivan/ontologies/2015/5/music-10#Dick_Powell</field><field name="path">/Musician/Singer/Dick Powell</field><field name="Musician_Type">Singer</field></doc><doc><field name="name">Cleo Laine</field><field name="id">http://www.semanticweb.org/tedsullivan/ontologies/2015/5/music-10#Cleo_Laine</field><field name="path">/Musician/Singer/Cleo Laine</field><field name="Musician_Type">Singer</field></doc><doc><field name="name">Ozzy Osbourne</field><field name="id">http://www.semanticweb.org/tedsullivan/ontologies/2015/5/music-10#Ozzy_Osbourne</field><field name="related_entity1_ss">Geezer Butler</field><field name="related_entity1_ss">Tony Iommi</field><field name="related_entity1_ss">Bill Ward</field><field name="memberOfGroup_ss.Length">13</field><field name="path">/Musician/Singer/Ozzy Osbourne</field><field name="Musician_Type">Singer</field><field name="memberOfGroup_ss">Black Sabbath</field><field name="memberOfGroup_ss.MaximumLength"></field></doc><doc><field name="name">W. C. Clark</field><field name="id">http://www.semanticweb.org/tedsullivan/ontologies/2015/5/music-10#W._C._Clark</field><field name="path">/Instrumentalist/Guitarist/W. C. Clark</field><field name="path">/Musician/Singer/W. C. Clark</field><field name="Musician_Type">Instrumentalist</field><field name="Musician_Type">Guitarist</field><field name="Musician_Type">Singer</field><field name="genres_ss">Blues</field></doc><doc><field name="name">Jay-Z</field><field name="id">http://www.semanticweb.org/tedsullivan/ontologies/2015/5/music-10#Jay_Z</field><field name="related_entity1_ss">Rick Rubin</field><field name="related_entity2_ss">Judy Collins</field><field name="related_entity2_ss">Joni Mitchell</field><field name="related_entity2_ss.Length">13</field><field name="path">/Musician/Singer/Jay-Z</field><field name="Musician_Type">Singer</field><field name="related_entity2_ss.MaximumLength"></field></doc><doc><field name="name">Miley Cyrus</field><field name="id">http://www.semanticweb.org/tedsullivan/ontologies/2015/5/music-10#Miley_Cyrus</field><field name="path">/Musician/Singer/Miley Cyrus</field><field name="Musician_Type">Singer</field></doc><doc><field name="name">Liz Callaway</field><field name="id">http://www.semanticweb.org/tedsullivan/ontologies/2015/5/music-10#Liz_Callaway</field><field name="hasGenre.Count">4</field><field name="path">/Musician/Singer/Liz Callaway</field><field name="Musician_Type">Singer</field><field name="genres_ss">Popular</field><field name="genres_ss">Easy Listening</field><field name="genres_ss">Pop</field></doc><doc><field name="name">Millie Jackson</field><field name="id">http://www.semanticweb.org/tedsullivan/ontologies/2015/5/music-10#Millie_Jackson</field><field name="path">/Musician/Singer/Millie Jackson</field><field name="Musician_Type">Singer</field></doc><doc><field name="name">Bing Crosby</field><field name="id">http://www.semanticweb.org/tedsullivan/ontologies/2015/5/music-10#Bing_Crosby</field><field name="related_entity1_ss">Johnny Mercer</field><field name="related_entity2_ss">The Merry Macs</field><field name="related_entity2_ss">Harry Warren</field><field name="related_entity2_ss">Paul Whiteman Orchestra</field><field name="related_entity2_ss">Jimmy Van Heusen</field><field name="related_entity2_ss">Judy Garland</field><field name="related_entity2_ss">Johnny Burke</field><field name="related_entity2_ss">Ned Washington</field><field name="related_entity2_ss">Tommy Dorsey</field><field name="related_entity2_ss.Length">12</field><field name="path">/Musician/Singer/Bing Crosby</field><field name="Musician_Type">Singer</field><field name="related_entity2_ss.MaximumLength"></field></doc><doc><field name="name">Ethel Ennis</field><field name="id">http://www.semanticweb.org/tedsullivan/ontologies/2015/5/music-10#Ethel_Ennis</field><field name="path">/Musician/Singer/Ethel Ennis</field><field name="Musician_Type">Singer</field><field name="genres_ss">Jazz</field></doc><doc><field name="name">Cornelius Brown</field><field name="id">http://www.semanticweb.org/tedsullivan/ontologies/2015/5/music-10#Cornelius_Brown</field><field name="related_entity1_ss">Raymond Edwards</field><field name="related_entity1_ss">Earl T. Beal</field><field name="related_entity1_ss">John 'Bootsie' Wilson</field><field name="related_entity1_ss">Richard Lewis</field><field name="related_entity1_ss">Bill Horton</field><field name="memberOfGroup_ss.Length">15</field><field name="path">/Musician/Singer/Cornelius Brown</field><field name="Musician_Type">Singer</field><field name="memberOfGroup_ss">The Silhouettes</field><field name="memberOfGroup_ss.MaximumLength"></field></doc><doc><field name="name">Kalil Wilson</field><field name="id">http://www.semanticweb.org/tedsullivan/ontologies/2015/5/music-10#Kalil_Wilson</field><field name="path">/Musician/Singer/Kalil Wilson</field><field name="Musician_Type">Singer</field><field name="genres_ss">Jazz</field></doc><doc><field name="name">David Bowie</field><field name="id">http://www.semanticweb.org/tedsullivan/ontologies/2015/5/music-10#David_Bowie</field><field name="related_entity1_ss">Brian Eno</field><field name="related_entity2_ss">Iggy Pop</field><field name="related_entity2_ss">Lou Reed</field><field name="related_entity2_ss">Mick Ronson</field><field name="related_entity2_ss.Length">11</field><field name="path">/Musician/Singer/David Bowie</field><field name="Musician_Type">Singer</field><field name="related_entity2_ss.MaximumLength"></field></doc><doc><field name="name">Bass-Baritone</field><field name="id">http://www.semanticweb.org/tedsullivan/ontologies/2015/5/music-10#Bass_Baritone</field><field name="rdfs:subClassOf">http://www.semanticweb.org/tedsullivan/ontologies/2015/5/music-10#Singer</field><field name="path">/Musician/Singer/Bass-Baritone</field><field name="Musician_Type">Singer</field></doc><doc><field name="name">William Warfield</field><field name="id">http://www.semanticweb.org/tedsullivan/ontologies/2015/5/music-10#William_Warfield</field><field name="path">/Bass-Baritone/William Warfield</field><field name="Musician_Type">Singer</field><field name="Musician_Type">Bass-Baritone</field></doc><doc><field name="name">Gilbert O'Sullivan</field><field name="id">http://www.semanticweb.org/tedsullivan/ontologies/2015/5/music-10#Gilbert_OSullivan</field><field name="path">/Musician/Singer/Gilbert O'Sullivan</field><field name="Musician_Type">Singer</field><field name="genres_ss">Rock</field><field name="genres_ss">Soft Rock</field></doc><doc><field name="name">Van Morrison</field><field name="id">http://www.semanticweb.org/tedsullivan/ontologies/2015/5/music-10#Van_Morrison</field><field name="related_entity1_ss">John Lee Hooker</field><field name="related_entity2_ss">Johnny Russell</field><field name="related_entity2_ss">Cliff Richard</field><field name="related_entity2_ss">The Chieftains</field><field name="memberOfGroup_ss.Length">4</field><field name="related_entity2_ss.Length">14</field><field name="path">/Musician/Singer/Van Morrison</field><field name="Musician_Type">Singer</field><field name="genres_ss">Rock</field><field name="memberOfGroup_ss">Them</field><field name="memberOfGroup_ss.MaximumLength"></field><field name="related_entity2_ss.MaximumLength"></field></doc><doc><field name="name">Dorothy Lamour</field><field name="id">http://www.semanticweb.org/tedsullivan/ontologies/2015/5/music-10#Dorothy_Lamour</field><field name="path">/Musician/Singer/Dorothy Lamour</field><field name="Musician_Type">Singer</field></doc><doc><field name="name">Kim Weston</field><field name="id">http://www.semanticweb.org/tedsullivan/ontologies/2015/5/music-10#Kim_Weston</field><field name="related_entity1_ss">Doobie Brothers</field><field name="related_entity1_ss">Marvin Gaye</field><field name="related_entity1_ss">Blood Sweat and Tears</field><field name="related_entity1_ss">Phil Collins</field><field name="related_entity1_ss">Charity Brown</field><field name="path">/Musician/Singer/Kim Weston</field><field name="Musician_Type">Singer</field></doc><doc><field name="name">Luther Vandross</field><field name="id">http://www.semanticweb.org/tedsullivan/ontologies/2015/5/music-10#Luther_Vandross</field><field name="path">/Musician/Singer/Luther Vandross</field><field name="Musician_Type">Singer</field><field name="genres_ss">Popular</field></doc><doc><field name="name">Olly Murs</field><field name="id">http://www.semanticweb.org/tedsullivan/ontologies/2015/5/music-10#Olly_Murs</field><field name="path">/Musician/Singer/Olly Murs</field><field name="Musician_Type">Singer</field></doc><doc><field name="name">Lady Gaga</field><field name="id">http://www.semanticweb.org/tedsullivan/ontologies/2015/5/music-10#Lady_Gaga</field><field name="related_entity1_ss">Tony Bennett</field><field name="path">/Musician/Singer/Lady Gaga</field><field name="Musician_Type">Singer</field></doc><doc><field name="name">Tommy Johnson</field><field name="id">http://www.semanticweb.org/tedsullivan/ontologies/2015/5/music-10#Tommy_Johnson</field><field name="path">/Instrumentalist/Guitarist/Tommy Johnson</field><field name="path">/Musician/Singer/Tommy Johnson</field><field name="Musician_Type">Instrumentalist</field><field name="Musician_Type">Guitarist</field><field name="Musician_Type">Singer</field></doc><doc><field name="name">Eddy Arnold</field><field name="id">http://www.semanticweb.org/tedsullivan/ontologies/2015/5/music-10#Eddy_Arnold</field><field name="path">/Musician/Singer/Eddy Arnold</field><field name="Musician_Type">Singer</field></doc><doc><field name="name">Albert King</field><field name="id">http://www.semanticweb.org/tedsullivan/ontologies/2015/5/music-10#Albert_King</field><field name="related_entity1_ss">Stevie Ray Vaughn</field><field name="path">/Instrumentalist/Guitarist/Albert King</field><field name="path">/Musician/Singer/Albert King</field><field name="Musician_Type">Instrumentalist</field><field name="Musician_Type">Guitarist</field><field name="Musician_Type">Singer</field><field name="genres_ss">Blues</field></doc><doc><field name="name">Tami Lynn</field><field name="id">http://www.semanticweb.org/tedsullivan/ontologies/2015/5/music-10#Tami_Lynn</field><field name="path">/Musician/Singer/Tami Lynn</field><field name="Musician_Type">Singer</field></doc><doc><field name="name">Wynonna Judd</field><field name="id">http://www.semanticweb.org/tedsullivan/ontologies/2015/5/music-10#Wynonna_Judd</field><field name="related_entity1_ss">Naomi Judd</field><field name="memberOfGroup_ss.Length">9</field><field name="path">/Musician/Singer/Wynonna Judd</field><field name="Musician_Type">Singer</field><field name="genres_ss">Country</field><field name="memberOfGroup_ss">The Judds</field><field name="memberOfGroup_ss.MaximumLength"></field></doc><doc><field name="name">Zelma O'Neal</field><field name="id">http://www.semanticweb.org/tedsullivan/ontologies/2015/5/music-10#Zelma_ONeal</field><field name="path">/Musician/Singer/Zelma O'Neal</field><field name="Musician_Type">Singer</field></doc><doc><field name="name">Christina Aguilera</field><field name="id">http://www.semanticweb.org/tedsullivan/ontologies/2015/5/music-10#Christina_Aguilera</field><field name="path">/Musician/Singer/Christina Aguilera</field><field name="Musician_Type">Singer</field></doc><doc><field name="name">Demi Lovato</field><field name="id">http://www.semanticweb.org/tedsullivan/ontologies/2015/5/music-10#Demi_Lovato</field><field name="path">/Musician/Singer/Demi Lovato</field><field name="Musician_Type">Singer</field></doc><doc><field name="name">Martha Redbone</field><field name="id">http://www.semanticweb.org/tedsullivan/ontologies/2015/5/music-10#Martha_Redbone</field><field name="path">/Musician/Singer/Martha Redbone</field><field name="Musician_Type">Singer</field></doc><doc><field name="name">Teddi King</field><field name="id">http://www.semanticweb.org/tedsullivan/ontologies/2015/5/music-10#Teddi_King</field><field name="hasGenre.Count">4</field><field name="path">/Musician/Singer/Teddi King</field><field name="Musician_Type">Singer</field><field name="genres_ss">Jazz</field><field name="genres_ss">Popular</field><field name="genres_ss">Pop</field></doc><doc><field name="name">Nathaniel Epps</field><field name="id">http://www.semanticweb.org/tedsullivan/ontologies/2015/5/music-10#Nathaniel_Epps</field><field name="related_entity1_ss">Paul Fulton</field><field name="related_entity1_ss">Sammy Strain</field><field name="related_entity1_ss">Shedrick Lincoln</field><field name="related_entity1_ss">Charles Johnson</field><field name="memberOfGroup_ss.Length">9</field><field name="path">/Musician/Singer/Nathaniel Epps</field><field name="Musician_Type">Singer</field><field name="genres_ss">Rock</field><field name="genres_ss">Doo Wop</field><field name="memberOfGroup_ss">The Chips</field><field name="memberOfGroup_ss.MaximumLength"></field></doc><doc><field name="name">Jennifer Lopez</field><field name="id">http://www.semanticweb.org/tedsullivan/ontologies/2015/5/music-10#Jennifer_Lopez</field><field name="related_entity1_ss">Amethyst Amelia Kelly</field><field name="related_entity1_ss">Leon D Youngblood</field><field name="related_entity1_ss">James Smith</field><field name="related_entity1_ss">Terence Coles</field><field name="related_entity1_ss">Mark Pitts</field><field name="related_entity1_ss">Yonatan Ayal</field><field name="path">/Musician/Singer/Jennifer Lopez</field><field name="Musician_Type">Singer</field></doc><doc><field name="name">Cass Daley</field><field name="id">http://www.semanticweb.org/tedsullivan/ontologies/2015/5/music-10#Cass_Daley</field><field name="path">/Musician/Singer/Cass Daley</field><field name="Musician_Type">Singer</field></doc></add>
