<add><doc><field name="name">Soft Rock</field><field name="id">http://www.semanticweb.org/tedsullivan/ontologies/2015/5/music-10#Soft_Rock</field><field name="Genre_Type.MaximumLength"></field><field name="path">/Rock/Soft Rock</field><field name="Genre_Type.Length">9</field><field name="Genre_Type">Rock</field><field name="Genre_Type">Soft Rock</field></doc><doc><field name="name">Heavy Metal</field><field name="id">http://www.semanticweb.org/tedsullivan/ontologies/2015/5/music-10#Heavy_Metal</field><field name="Genre_Type.MaximumLength"></field><field name="rdfs:subClassOf">http://www.semanticweb.org/tedsullivan/ontologies/2015/5/music-10#Rock</field><field name="path">/Rock/Heavy Metal</field><field name="Genre_Type.Length">11</field><field name="Genre_Type">Rock</field><field name="Genre_Type">Heavy Metal</field></doc><doc><field name="name">Glam Metal</field><field name="id">http://www.semanticweb.org/tedsullivan/ontologies/2015/5/music-10#Glam_Metal</field><field name="Genre_Type.MaximumLength"></field><field name="path">/Heavy Metal/Glam Metal</field><field name="Genre_Type.Length">10</field><field name="Genre_Type">Rock</field><field name="Genre_Type">Heavy Metal</field><field name="Genre_Type">Glam Metal</field></doc><doc><field name="name">nu Metal</field><field name="id">http://www.semanticweb.org/tedsullivan/ontologies/2015/5/music-10#nu_Metal</field><field name="Genre_Type.MaximumLength"></field><field name="path">/Genre/Rock/Heavy Metal/nu Metal</field><field name="Genre_Type.Length">8</field><field name="Genre_Type">Rock</field><field name="Genre_Type">Heavy Metal</field><field name="Genre_Type">nu Metal</field></doc><doc><field name="name">Sludge metal</field><field name="id">http://www.semanticweb.org/tedsullivan/ontologies/2015/5/music-10#Sludge_metal</field><field name="Genre_Type.MaximumLength"></field><field name="path">/Genre/Rock/Heavy Metal/Sludge metal</field><field name="Genre_Type.Length">12</field><field name="Genre_Type">Rock</field><field name="Genre_Type">Heavy Metal</field><field name="Genre_Type">Sludge metal</field></doc><doc><field name="name">Thrash Metal</field><field name="id">http://www.semanticweb.org/tedsullivan/ontologies/2015/5/music-10#Thrash_Metal</field><field name="Genre_Type.MaximumLength"></field><field name="path">/Genre/Rock/Heavy Metal/Thrash Metal</field><field name="Genre_Type.Length">12</field><field name="Genre_Type">Rock</field><field name="Genre_Type">Heavy Metal</field><field name="Genre_Type">Thrash Metal</field></doc><doc><field name="name">Doom metal</field><field name="id">http://www.semanticweb.org/tedsullivan/ontologies/2015/5/music-10#Doom_metal</field><field name="Genre_Type.MaximumLength"></field><field name="path">/Genre/Rock/Heavy Metal/Doom metal</field><field name="Genre_Type.Length">10</field><field name="Genre_Type">Rock</field><field name="Genre_Type">Heavy Metal</field><field name="Genre_Type">Doom metal</field></doc><doc><field name="name">Blues Rock</field><field name="id">http://www.semanticweb.org/tedsullivan/ontologies/2015/5/music-10#Blues_Rock</field><field name="Genre_Type.MaximumLength"></field><field name="path">/Blues/Blues Rock</field><field name="path">/Rock/Blues Rock</field><field name="Genre_Type.Length">10</field><field name="Genre_Type">Blues</field><field name="Genre_Type">Blues Rock</field><field name="Genre_Type">Rock</field></doc><doc><field name="name">Noise Rock</field><field name="id">http://www.semanticweb.org/tedsullivan/ontologies/2015/5/music-10#Noise_Rock</field><field name="Genre_Type.MaximumLength"></field><field name="path">/Rock/Noise Rock</field><field name="Genre_Type.Length">10</field><field name="Genre_Type">Rock</field><field name="Genre_Type">Noise Rock</field></doc><doc><field name="name">Britpop</field><field name="id">http://www.semanticweb.org/tedsullivan/ontologies/2015/5/music-10#Britpop</field><field name="Genre_Type.MaximumLength"></field><field name="path">/Popular/Britpop</field><field name="path">/Rock/Britpop</field><field name="Genre_Type.Length">7</field><field name="Genre_Type">Popular</field><field name="Genre_Type">Britpop</field><field name="Genre_Type">Rock</field></doc><doc><field name="name">New Wave</field><field name="id">http://www.semanticweb.org/tedsullivan/ontologies/2015/5/music-10#New_Wave</field><field name="related_entity1_ss">Talking Heads</field><field name="Genre_Type.MaximumLength"></field><field name="path">/Rock/New Wave</field><field name="Genre_Type.Length">8</field><field name="Genre_Type">Rock</field><field name="Genre_Type">New Wave</field></doc><doc><field name="name">Roots Rock</field><field name="id">http://www.semanticweb.org/tedsullivan/ontologies/2015/5/music-10#Roots_Rock</field><field name="Genre_Type.MaximumLength"></field><field name="path">/Rock/Roots Rock</field><field name="Genre_Type.Length">10</field><field name="Genre_Type">Rock</field><field name="Genre_Type">Roots Rock</field></doc><doc><field name="name">Shock Rock</field><field name="id">http://www.semanticweb.org/tedsullivan/ontologies/2015/5/music-10#Shock_Rock</field><field name="Genre_Type.MaximumLength"></field><field name="path">/Rock/Shock Rock</field><field name="Genre_Type.Length">10</field><field name="Genre_Type">Rock</field><field name="Genre_Type">Shock Rock</field></doc><doc><field name="name">Glam Rock</field><field name="id">http://www.semanticweb.org/tedsullivan/ontologies/2015/5/music-10#Glam_Rock</field><field name="Genre_Type.MaximumLength"></field><field name="path">/Rock/Glam Rock</field><field name="Genre_Type.Length">9</field><field name="Genre_Type">Rock</field><field name="Genre_Type">Glam Rock</field></doc><doc><field name="name">Symphonic Rock</field><field name="id">http://www.semanticweb.org/tedsullivan/ontologies/2015/5/music-10#Symphonic_Rock</field><field name="Genre_Type.MaximumLength"></field><field name="path">/Rock/Symphonic Rock</field><field name="Genre_Type.Length">14</field><field name="Genre_Type">Rock</field><field name="Genre_Type">Symphonic Rock</field></doc><doc><field name="name">Pop Rock</field><field name="id">http://www.semanticweb.org/tedsullivan/ontologies/2015/5/music-10#Pop_Rock</field><field name="related_entity1_ss">Randy Newman</field><field name="Genre_Type.MaximumLength"></field><field name="path">/Popular/Pop Rock</field><field name="path">/Rock/Pop Rock</field><field name="Genre_Type.Length">8</field><field name="Genre_Type">Popular</field><field name="Genre_Type">Pop Rock</field><field name="Genre_Type">Rock</field></doc><doc><field name="name">Jam Rock</field><field name="id">http://www.semanticweb.org/tedsullivan/ontologies/2015/5/music-10#Jam_Rock</field><field name="Genre_Type.MaximumLength"></field><field name="path">/Rock/Jam Rock</field><field name="Genre_Type.Length">8</field><field name="Genre_Type">Rock</field><field name="Genre_Type">Jam Rock</field></doc><doc><field name="name">Alternative Rock</field><field name="id">http://www.semanticweb.org/tedsullivan/ontologies/2015/5/music-10#Alternative_Rock</field><field name="related_entity1_ss">owl:Class</field><field name="related_entity1_ss">Folk Rock</field><field name="related_entity1_ss">Blues</field><field name="Genre_Type.MaximumLength"></field><field name="path">/Rock/Alternative Rock</field><field name="Genre_Type.Length">16</field><field name="Genre_Type">Rock</field><field name="Genre_Type">Alternative Rock</field></doc><doc><field name="name">Southern Rock</field><field name="id">http://www.semanticweb.org/tedsullivan/ontologies/2015/5/music-10#Southern_Rock</field><field name="Genre_Type.MaximumLength"></field><field name="path">/Rock/Southern Rock</field><field name="Genre_Type.Length">13</field><field name="Genre_Type">Rock</field><field name="Genre_Type">Southern Rock</field></doc><doc><field name="name">Boogie Woogie</field><field name="id">http://www.semanticweb.org/tedsullivan/ontologies/2015/5/music-10#Boogie_Woogie</field><field name="Genre_Type.MaximumLength"></field><field name="path">/Blues/Boogie Woogie</field><field name="path">/Rock/Boogie Woogie</field><field name="Genre_Type.Length">13</field><field name="Genre_Type">Blues</field><field name="Genre_Type">Boogie Woogie</field><field name="Genre_Type">Rock</field></doc><doc><field name="name">Rockabilly</field><field name="id">http://www.semanticweb.org/tedsullivan/ontologies/2015/5/music-10#Rockabilly</field><field name="Genre_Type.MaximumLength"></field><field name="path">/Country/Rockabilly</field><field name="path">/Rock/Rockabilly</field><field name="Genre_Type.Length">10</field><field name="Genre_Type">Country</field><field name="Genre_Type">Rockabilly</field><field name="Genre_Type">Rock</field></doc><doc><field name="name">Boogie rock</field><field name="id">http://www.semanticweb.org/tedsullivan/ontologies/2015/5/music-10#Boogie_rock</field><field name="Genre_Type.MaximumLength"></field><field name="path">/Genre/Rock/Boogie rock</field><field name="Genre_Type.Length">11</field><field name="Genre_Type">Rock</field><field name="Genre_Type">Boogie rock</field></doc><doc><field name="name">Heartland Rock</field><field name="id">http://www.semanticweb.org/tedsullivan/ontologies/2015/5/music-10#Heartland_Rock</field><field name="Genre_Type.MaximumLength"></field><field name="path">/Genre/Rock/Heartland Rock</field><field name="Genre_Type.Length">14</field><field name="Genre_Type">Rock</field><field name="Genre_Type">Heartland Rock</field></doc><doc><field name="name">Oldies</field><field name="id">http://www.semanticweb.org/tedsullivan/ontologies/2015/5/music-10#Oldies</field><field name="Genre_Type.MaximumLength"></field><field name="path">/Genre/Popular/Oldies</field><field name="path">/Genre/Rock/Oldies</field><field name="Genre_Type.Length">6</field><field name="Genre_Type">Popular</field><field name="Genre_Type">Oldies</field><field name="Genre_Type">Rock</field></doc><doc><field name="name">Pub Rock</field><field name="id">http://www.semanticweb.org/tedsullivan/ontologies/2015/5/music-10#Pub_Rock</field><field name="Genre_Type.MaximumLength"></field><field name="path">/Genre/Rock/Pub Rock</field><field name="Genre_Type.Length">8</field><field name="Genre_Type">Rock</field><field name="Genre_Type">Pub Rock</field></doc><doc><field name="name">Industrial Rock</field><field name="id">http://www.semanticweb.org/tedsullivan/ontologies/2015/5/music-10#Industrial_Rock</field><field name="Genre_Type.MaximumLength"></field><field name="path">/Genre/Rock/Industrial Rock</field><field name="Genre_Type.Length">15</field><field name="Genre_Type">Rock</field><field name="Genre_Type">Industrial Rock</field></doc><doc><field name="name">Country Rock</field><field name="id">http://www.semanticweb.org/tedsullivan/ontologies/2015/5/music-10#Country_Rock</field><field name="related_entity1_ss">J. J. Cale</field><field name="Genre_Type.MaximumLength"></field><field name="path">/Genre/Country/Country Rock</field><field name="path">/Genre/Rock/Country Rock</field><field name="Genre_Type.Length">12</field><field name="Genre_Type">Country</field><field name="Genre_Type">Country Rock</field><field name="Genre_Type">Rock</field></doc><doc><field name="name">Emo</field><field name="id">http://www.semanticweb.org/tedsullivan/ontologies/2015/5/music-10#Emo</field><field name="Genre_Type.MaximumLength"></field><field name="path">/Genre/Rock/Emo</field><field name="Genre_Type.Length">3</field><field name="Genre_Type">Rock</field><field name="Genre_Type">Emo</field></doc><doc><field name="name">Psychedelic Rock</field><field name="id">http://www.semanticweb.org/tedsullivan/ontologies/2015/5/music-10#Psychedelic_Rock</field><field name="Genre_Type.MaximumLength"></field><field name="path">/Genre/Rock/Psychedelic Rock</field><field name="Genre_Type.Length">16</field><field name="Genre_Type">Rock</field><field name="Genre_Type">Psychedelic Rock</field></doc><doc><field name="name">Reggae Rock</field><field name="id">http://www.semanticweb.org/tedsullivan/ontologies/2015/5/music-10#Reggae_Rock</field><field name="Genre_Type.MaximumLength"></field><field name="path">/Genre/Rock/Reggae Rock</field><field name="Genre_Type.Length">11</field><field name="Genre_Type">Rock</field><field name="Genre_Type">Reggae Rock</field></doc><doc><field name="name">Indie Rock</field><field name="id">http://www.semanticweb.org/tedsullivan/ontologies/2015/5/music-10#Indie_Rock</field><field name="Genre_Type.MaximumLength"></field><field name="path">/Genre/Rock/Indie Rock</field><field name="Genre_Type.Length">10</field><field name="Genre_Type">Rock</field><field name="Genre_Type">Indie Rock</field></doc><doc><field name="name">Latin Rock</field><field name="id">http://www.semanticweb.org/tedsullivan/ontologies/2015/5/music-10#Latin_Rock</field><field name="Genre_Type.MaximumLength"></field><field name="path">/Genre/Rock/Latin Rock</field><field name="Genre_Type.Length">10</field><field name="Genre_Type">Rock</field><field name="Genre_Type">Latin Rock</field></doc><doc><field name="name">Math Rock</field><field name="id">http://www.semanticweb.org/tedsullivan/ontologies/2015/5/music-10#Math_Rock</field><field name="Genre_Type.MaximumLength"></field><field name="path">/Genre/Rock/Math Rock</field><field name="Genre_Type.Length">9</field><field name="Genre_Type">Rock</field><field name="Genre_Type">Math Rock</field></doc><doc><field name="name">Popular</field><field name="id">http://www.semanticweb.org/tedsullivan/ontologies/2015/5/music-10#Popular</field><field name="groupMembers_ss">Ben Selvin and his Orchestra</field><field name="groupMembers_ss.Length">28</field><field name="Genre_Type.MaximumLength"></field><field name="rdfs:subClassOf">http://www.semanticweb.org/tedsullivan/ontologies/2015/5/music-10#Genres</field><field name="path">/Genre/Popular</field><field name="groupMembers_ss.MaximumLength"></field><field name="Genre_Type.Length">7</field><field name="Genre_Type">Popular</field></doc><doc><field name="name">Crossover</field><field name="id">http://www.semanticweb.org/tedsullivan/ontologies/2015/5/music-10#Crossover</field><field name="Genre_Type.MaximumLength"></field><field name="path">/Popular/Crossover</field><field name="Genre_Type.Length">9</field><field name="Genre_Type">Popular</field><field name="Genre_Type">Crossover</field></doc><doc><field name="name">Traditional Pop</field><field name="id">http://www.semanticweb.org/tedsullivan/ontologies/2015/5/music-10#Traditional_Pop</field><field name="Genre_Type.MaximumLength"></field><field name="path">/Popular/Traditional Pop</field><field name="Genre_Type.Length">15</field><field name="Genre_Type">Popular</field><field name="Genre_Type">Traditional Pop</field></doc><doc><field name="name">Bubblegum Pop</field><field name="id">http://www.semanticweb.org/tedsullivan/ontologies/2015/5/music-10#Bubblegum</field><field name="Genre_Type.MaximumLength"></field><field name="path">/Popular/Bubblegum Pop</field><field name="Genre_Type.Length">13</field><field name="Genre_Type">Popular</field><field name="Genre_Type">Bubblegum Pop</field></doc><doc><field name="name">Art Pop</field><field name="id">http://www.semanticweb.org/tedsullivan/ontologies/2015/5/music-10#Art_Pop</field><field name="Genre_Type.MaximumLength"></field><field name="path">/Popular/Art Pop</field><field name="Genre_Type.Length">7</field><field name="Genre_Type">Popular</field><field name="Genre_Type">Art Pop</field></doc><doc><field name="name">Film Music</field><field name="id">http://www.semanticweb.org/tedsullivan/ontologies/2015/5/music-10#Film_Score</field><field name="Genre_Type.MaximumLength"></field><field name="path">/Popular/Film Music</field><field name="Genre_Type.Length">10</field><field name="Genre_Type">Popular</field><field name="Genre_Type">Film Music</field></doc><doc><field name="name">Baroque Pop</field><field name="id">http://www.semanticweb.org/tedsullivan/ontologies/2015/5/music-10#Baroque-pop</field><field name="Genre_Type.MaximumLength"></field><field name="path">/Popular/Baroque Pop</field><field name="Genre_Type.Length">11</field><field name="Genre_Type">Popular</field><field name="Genre_Type">Baroque Pop</field></doc><doc><field name="name">Easy Listening</field><field name="id">http://www.semanticweb.org/tedsullivan/ontologies/2015/5/music-10#Easy_Listening</field><field name="Genre_Type.MaximumLength"></field><field name="path">/Popular/Easy Listening</field><field name="Genre_Type.Length">14</field><field name="Genre_Type">Popular</field><field name="Genre_Type">Easy Listening</field></doc><doc><field name="name">Synthpop</field><field name="id">http://www.semanticweb.org/tedsullivan/ontologies/2015/5/music-10#Synthpop</field><field name="Genre_Type.MaximumLength"></field><field name="path">/Popular/Synthpop</field><field name="Genre_Type.Length">8</field><field name="Genre_Type">Popular</field><field name="Genre_Type">Synthpop</field></doc><doc><field name="name">California Sound</field><field name="id">http://www.semanticweb.org/tedsullivan/ontologies/2015/5/music-10#California_Sound</field><field name="Genre_Type.MaximumLength"></field><field name="path">/Popular/California Sound</field><field name="Genre_Type.Length">16</field><field name="Genre_Type">Popular</field><field name="Genre_Type">California Sound</field></doc><doc><field name="name">Sophisti-Pop</field><field name="id">http://www.semanticweb.org/tedsullivan/ontologies/2015/5/music-10#Sophisti-Pop</field><field name="Genre_Type.MaximumLength"></field><field name="path">/Popular/Sophisti-Pop</field><field name="Genre_Type.Length">12</field><field name="Genre_Type">Popular</field><field name="Genre_Type">Sophisti-Pop</field></doc><doc><field name="name">Adult Contemporary</field><field name="id">http://www.semanticweb.org/tedsullivan/ontologies/2015/5/music-10#Adult_Contemporary</field><field name="Genre_Type.MaximumLength"></field><field name="path">/Popular/Adult Contemporary</field><field name="Genre_Type.Length">18</field><field name="Genre_Type">Popular</field><field name="Genre_Type">Adult Contemporary</field></doc><doc><field name="name">Psychedelic Pop</field><field name="id">http://www.semanticweb.org/tedsullivan/ontologies/2015/5/music-10#Psychedelic_Pop</field><field name="Genre_Type.MaximumLength"></field><field name="path">/Popular/Psychedelic Pop</field><field name="Genre_Type.Length">15</field><field name="Genre_Type">Popular</field><field name="Genre_Type">Psychedelic Pop</field></doc><doc><field name="name">Broadway</field><field name="id">http://www.semanticweb.org/tedsullivan/ontologies/2015/5/music-10#Broadway</field><field name="Genre_Type.MaximumLength"></field><field name="path">/Popular/Broadway</field><field name="Genre_Type.Length">8</field><field name="Genre_Type">Popular</field><field name="Genre_Type">Broadway</field></doc><doc><field name="name">Power Pop</field><field name="id">http://www.semanticweb.org/tedsullivan/ontologies/2015/5/music-10#Power_Pop</field><field name="Genre_Type.MaximumLength"></field><field name="path">/Popular/Power Pop</field><field name="Genre_Type.Length">9</field><field name="Genre_Type">Popular</field><field name="Genre_Type">Power Pop</field></doc><doc><field name="name">Pop</field><field name="id">http://www.semanticweb.org/tedsullivan/ontologies/2015/5/music-10#Pop</field><field name="related_entity1_ss">Jackie Trent</field><field name="related_entity1_ss">Tony Hatch</field><field name="Genre_Type.MaximumLength"></field><field name="path">/Popular/Pop</field><field name="Genre_Type.Length">3</field><field name="Genre_Type">Popular</field><field name="Genre_Type">Pop</field></doc><doc><field name="name">Blues</field><field name="id">http://www.semanticweb.org/tedsullivan/ontologies/2015/5/music-10#Blues_Class</field><field name="related_entity1_ss">owl:Class</field><field name="related_entity1_ss">Alternative Rock</field><field name="related_entity1_ss">Folk Rock</field><field name="Genre_Type.MaximumLength"></field><field name="rdfs:subClassOf">http://www.semanticweb.org/tedsullivan/ontologies/2015/5/music-10#Genres</field><field name="path">/Genre/Blues</field><field name="Genre_Type.Length">5</field><field name="Genre_Type">Blues</field></doc><doc><field name="name">Hill Country Blues</field><field name="id">http://www.semanticweb.org/tedsullivan/ontologies/2015/5/music-10#Hill_Country_Blues</field><field name="Genre_Type.MaximumLength"></field><field name="path">/Blues/Hill Country Blues</field><field name="Genre_Type.Length">18</field><field name="Genre_Type">Blues</field><field name="Genre_Type">Hill Country Blues</field></doc><doc><field name="name">Delta Blues</field><field name="id">http://www.semanticweb.org/tedsullivan/ontologies/2015/5/music-10#Delta_Blues</field><field name="Genre_Type.MaximumLength"></field><field name="path">/Blues/Delta Blues</field><field name="Genre_Type.Length">11</field><field name="Genre_Type">Blues</field><field name="Genre_Type">Delta Blues</field></doc><doc><field name="name">Juke Joint Blues</field><field name="id">http://www.semanticweb.org/tedsullivan/ontologies/2015/5/music-10#Juke_Joint_Blues</field><field name="Genre_Type.MaximumLength"></field><field name="path">/Blues/Juke Joint Blues</field><field name="Genre_Type.Length">16</field><field name="Genre_Type">Blues</field><field name="Genre_Type">Juke Joint Blues</field></doc><doc><field name="name">Piedmont blues</field><field name="id">http://www.semanticweb.org/tedsullivan/ontologies/2015/5/music-10#Piedmont_blues</field><field name="Genre_Type.MaximumLength"></field><field name="path">/Blues/Piedmont blues</field><field name="Genre_Type.Length">14</field><field name="Genre_Type">Blues</field><field name="Genre_Type">Piedmont blues</field></doc><doc><field name="name">West Coast Blues</field><field name="id">http://www.semanticweb.org/tedsullivan/ontologies/2015/5/music-10#West_Coast_Blues</field><field name="Genre_Type.MaximumLength"></field><field name="path">/Blues/West Coast Blues</field><field name="Genre_Type.Length">16</field><field name="Genre_Type">Blues</field><field name="Genre_Type">West Coast Blues</field></doc><doc><field name="name">Mississippi Blues</field><field name="id">http://www.semanticweb.org/tedsullivan/ontologies/2015/5/music-10#Misissippi_Blues</field><field name="Genre_Type.MaximumLength"></field><field name="path">/Blues/Mississippi Blues</field><field name="Genre_Type.Length">17</field><field name="Genre_Type">Blues</field><field name="Genre_Type">Mississippi Blues</field></doc><doc><field name="name">East Coast Blues</field><field name="id">http://www.semanticweb.org/tedsullivan/ontologies/2015/5/music-10#East_Coast_Blues</field><field name="Genre_Type.MaximumLength"></field><field name="path">/Blues/East Coast Blues</field><field name="Genre_Type.Length">16</field><field name="Genre_Type">Blues</field><field name="Genre_Type">East Coast Blues</field></doc><doc><field name="name">Chicago Blues</field><field name="id">http://www.semanticweb.org/tedsullivan/ontologies/2015/5/music-10#Chicago_Blues</field><field name="Genre_Type.MaximumLength"></field><field name="path">/Blues/Chicago Blues</field><field name="Genre_Type.Length">13</field><field name="Genre_Type">Blues</field><field name="Genre_Type">Chicago Blues</field></doc><doc><field name="name">Jump Blues</field><field name="id">http://www.semanticweb.org/tedsullivan/ontologies/2015/5/music-10#Jump_Blues</field><field name="Genre_Type.MaximumLength"></field><field name="path">/Blues/Jump Blues</field><field name="Genre_Type.Length">10</field><field name="Genre_Type">Blues</field><field name="Genre_Type">Jump Blues</field></doc><doc><field name="name">Harmonica Blues</field><field name="id">http://www.semanticweb.org/tedsullivan/ontologies/2015/5/music-10#Harmonica_Blues</field><field name="Genre_Type.MaximumLength"></field><field name="path">/Genre/Blues/Harmonica Blues</field><field name="Genre_Type.Length">15</field><field name="Genre_Type">Blues</field><field name="Genre_Type">Harmonica Blues</field></doc><doc><field name="name">Kansas City Blues</field><field name="id">http://www.semanticweb.org/tedsullivan/ontologies/2015/5/music-10#Kansas_City_Blues</field><field name="Genre_Type.MaximumLength"></field><field name="path">/Genre/Blues/Kansas City Blues</field><field name="Genre_Type.Length">17</field><field name="Genre_Type">Blues</field><field name="Genre_Type">Kansas City Blues</field></doc><doc><field name="name">Swamp Blues</field><field name="id">http://www.semanticweb.org/tedsullivan/ontologies/2015/5/music-10#Swamp_Blues</field><field name="Genre_Type.MaximumLength"></field><field name="path">/Genre/Blues/Swamp Blues</field><field name="Genre_Type.Length">11</field><field name="Genre_Type">Blues</field><field name="Genre_Type">Swamp Blues</field></doc><doc><field name="name">Country</field><field name="id">http://www.semanticweb.org/tedsullivan/ontologies/2015/5/music-10#Country</field><field name="related_entity1_ss">Lionel Richie</field><field name="Genre_Type.MaximumLength"></field><field name="rdfs:subClassOf">http://www.semanticweb.org/tedsullivan/ontologies/2015/5/music-10#Genres</field><field name="path">/Genre/Country</field><field name="Genre_Type.Length">7</field><field name="Genre_Type">Country</field></doc><doc><field name="name">Western swing</field><field name="id">http://www.semanticweb.org/tedsullivan/ontologies/2015/5/music-10#Western_swing</field><field name="Genre_Type.MaximumLength"></field><field name="path">/Country/Western swing</field><field name="Genre_Type.Length">13</field><field name="Genre_Type">Country</field><field name="Genre_Type">Western swing</field></doc><doc><field name="name">Country pop</field><field name="id">http://www.semanticweb.org/tedsullivan/ontologies/2015/5/music-10#Country_pop</field><field name="Genre_Type.MaximumLength"></field><field name="path">/Country/Country pop</field><field name="Genre_Type.Length">11</field><field name="Genre_Type">Country</field><field name="Genre_Type">Country pop</field></doc><doc><field name="name">Country and Western</field><field name="id">http://www.semanticweb.org/tedsullivan/ontologies/2015/5/music-10#Country_Western</field><field name="Genre_Type.MaximumLength"></field><field name="path">/Country/Country and Western</field><field name="Genre_Type.Length">19</field><field name="Genre_Type">Country</field><field name="Genre_Type">Country and Western</field></doc><doc><field name="name">Gulf and Western</field><field name="id">http://www.semanticweb.org/tedsullivan/ontologies/2015/5/music-10#Gulf_and_Western</field><field name="Genre_Type.MaximumLength"></field><field name="path">/Country/Gulf and Western</field><field name="Genre_Type.Length">16</field><field name="Genre_Type">Country</field><field name="Genre_Type">Gulf and Western</field></doc><doc><field name="name">Cajun</field><field name="id">http://www.semanticweb.org/tedsullivan/ontologies/2015/5/music-10#Cajun</field><field name="Genre_Type.MaximumLength"></field><field name="path">/Country/Cajun</field><field name="Genre_Type.Length">5</field><field name="Genre_Type">Country</field><field name="Genre_Type">Cajun</field></doc><doc><field name="name">Country Blues</field><field name="id">http://www.semanticweb.org/tedsullivan/ontologies/2015/5/music-10#Country_Blues</field><field name="Genre_Type.MaximumLength"></field><field name="path">/Country/Country Blues</field><field name="Genre_Type.Length">13</field><field name="Genre_Type">Country</field><field name="Genre_Type">Country Blues</field></doc><doc><field name="name">Comedy</field><field name="id">http://www.semanticweb.org/tedsullivan/ontologies/2015/5/music-10#Comedy</field><field name="Genre_Type.MaximumLength"></field><field name="rdfs:subClassOf">http://www.semanticweb.org/tedsullivan/ontologies/2015/5/music-10#Genres</field><field name="path">/Genre/Comedy</field><field name="Genre_Type.Length">6</field><field name="Genre_Type">Comedy</field></doc><doc><field name="name">Composition</field><field name="id">http://www.semanticweb.org/tedsullivan/ontologies/2015/5/music-10#Compositions</field><field name="path">/rdf:RDF/Composition</field></doc><doc><field name="name">Solo Work</field><field name="id">http://www.semanticweb.org/tedsullivan/ontologies/2015/5/music-10#Solo_Works</field><field name="rdfs:subClassOf">http://www.semanticweb.org/tedsullivan/ontologies/2015/5/music-10#Compositions</field><field name="path">/Composition/Solo Work</field></doc><doc><field name="name">Sonata</field><field name="id">http://www.semanticweb.org/tedsullivan/ontologies/2015/5/music-10#Sonata</field><field name="rdfs:subClassOf">http://www.semanticweb.org/tedsullivan/ontologies/2015/5/music-10#Solo_Works</field><field name="path">/Composition/Solo Work/Sonata</field><field name="Composition_Type">Solo Work</field><field name="Composition_Type.MaximumLength"></field><field name="Composition_Type.Length">9</field></doc><doc><field name="name">Moonlight Sonata</field><field name="id">http://www.semanticweb.org/tedsullivan/ontologies/2015/5/music-10#Moonlight_Sonata</field><field name="composer_ss.Length">20</field><field name="hasInstruments">{"rdf:resource":"http://www.semanticweb.org/tedsullivan/ontologies/2015/5/music-10#Piano"}</field><field name="hasInstruments">{"name":"owl:NamedIndividual","id":"http://www.semanticweb.org/tedsullivan/ontologies/2015/5/music-10#Piano","related_entity1_ss":"Ludwig Van Beethoven","rdf:type":{"rdf:resource":"http://www.semanticweb.org/tedsullivan/ontologies/2015/5/music-10#Keyboard"},"ParentKey":["Keyboard|http://www.semanticweb.org/tedsullivan/ontologies/2015/5/music-10#Keyboard|"],"rdf:about":"http://www.semanticweb.org/tedsullivan/ontologies/2015/5/music-10#Piano","Instrument_Type":"Keyboard","path":["/Keyboard/owl:NamedIndividual"]}</field><field name="Composition_Type.Length">6</field><field name="composer_ss.MaximumLength"></field><field name="path">/Sonata/Moonlight Sonata</field><field name="Composition_Type">Solo Work</field><field name="Composition_Type">Sonata</field><field name="Composition_Type.MaximumLength"></field><field name="composer_ss">Ludwig Van Beethoven</field></doc><doc><field name="name">owl:NamedIndividual</field><field name="id">http://www.semanticweb.org/tedsullivan/ontologies/2015/5/music-10#Well-Tempered_Clavier_Book_1</field><field name="path">/Composition/Solo Work/owl:NamedIndividual</field><field name="Composition_Type">Solo Work</field><field name="Composition_Type.MaximumLength"></field><field name="Composition_Type.Length">9</field></doc><doc><field name="name">Choral Work</field><field name="id">http://www.semanticweb.org/tedsullivan/ontologies/2015/5/music-10#Choral_Works</field><field name="rdfs:subClassOf">http://www.semanticweb.org/tedsullivan/ontologies/2015/5/music-10#Compositions</field><field name="path">/Composition/Choral Work</field></doc><doc><field name="name">Oratorio</field><field name="id">http://www.semanticweb.org/tedsullivan/ontologies/2015/5/music-10#Oratorio</field><field name="rdfs:subClassOf">http://www.semanticweb.org/tedsullivan/ontologies/2015/5/music-10#Choral_Works</field><field name="path">/Choral Work/Oratorio</field><field name="Composition_Type">Choral Work</field><field name="Composition_Type.MaximumLength"></field><field name="Composition_Type.Length">11</field></doc><doc><field name="name">Saul</field><field name="id">http://www.semanticweb.org/tedsullivan/ontologies/2015/5/music-10#Saul</field><field name="composer_ss.Length">22</field><field name="Composition_Type.Length">8</field><field name="composer_ss.MaximumLength"></field><field name="path">/Oratorio/Saul</field><field name="Composition_Type">Choral Work</field><field name="Composition_Type">Oratorio</field><field name="Composition_Type.MaximumLength"></field><field name="composer_ss">George Frideric Handel</field></doc><doc><field name="name">Messaih</field><field name="id">http://www.semanticweb.org/tedsullivan/ontologies/2015/5/music-10#Messaih</field><field name="composer_ss.Length">22</field><field name="Composition_Type.Length">8</field><field name="composer_ss.MaximumLength"></field><field name="path">/Composition/Choral Work/Oratorio/Messaih</field><field name="Composition_Type">Choral Work</field><field name="Composition_Type">Oratorio</field><field name="Composition_Type.MaximumLength"></field><field name="composer_ss">George Frideric Handel</field></doc><doc><field name="name">L'enfance du Christ</field><field name="id">http://www.semanticweb.org/tedsullivan/ontologies/2015/5/music-10#L_enfance_du_Christ</field><field name="composer_ss.Length">14</field><field name="Composition_Type.Length">8</field><field name="composer_ss.MaximumLength"></field><field name="path">/Composition/Choral Work/Oratorio/L'enfance du Christ</field><field name="Composition_Type">Choral Work</field><field name="Composition_Type">Oratorio</field><field name="Composition_Type.MaximumLength"></field><field name="composer_ss">Hector Berlioz</field></doc><doc><field name="name">owl:NamedIndividual</field><field name="id">http://www.semanticweb.org/tedsullivan/ontologies/2015/5/music-10#Elijah</field><field name="composer_ss.Length">17</field><field name="Composition_Type.Length">8</field><field name="composer_ss.MaximumLength"></field><field name="path">/Composition/Choral Work/Oratorio/owl:NamedIndividual</field><field name="Composition_Type">Choral Work</field><field name="Composition_Type">Oratorio</field><field name="Composition_Type.MaximumLength"></field><field name="composer_ss">Felix Mendelssohn</field></doc><doc><field name="name">Mass</field><field name="id">http://www.semanticweb.org/tedsullivan/ontologies/2015/5/music-10#Mass</field><field name="rdfs:subClassOf">http://www.semanticweb.org/tedsullivan/ontologies/2015/5/music-10#Choral_Works</field><field name="path">/Composition/Choral Work/Mass</field><field name="Composition_Type">Choral Work</field><field name="Composition_Type.MaximumLength"></field><field name="Composition_Type.Length">11</field></doc><doc><field name="name">Coronation Mass</field><field name="id">http://www.semanticweb.org/tedsullivan/ontologies/2015/5/music-10#Coronation_Mass</field><field name="composer_ss.Length">23</field><field name="Composition_Type.Length">4</field><field name="composer_ss.MaximumLength"></field><field name="path">/Mass/Coronation Mass</field><field name="Composition_Type">Choral Work</field><field name="Composition_Type">Mass</field><field name="Composition_Type.MaximumLength"></field><field name="composer_ss">Wolfgang Amadeus Mozart</field></doc><doc><field name="name">B Minor Mass</field><field name="id">http://www.semanticweb.org/tedsullivan/ontologies/2015/5/music-10#B_Minor_Mass</field><field name="composer_ss.Length">21</field><field name="Composition_Type.Length">4</field><field name="composer_ss.MaximumLength"></field><field name="path">/Mass/B Minor Mass</field><field name="Composition_Type">Choral Work</field><field name="Composition_Type">Mass</field><field name="Composition_Type.MaximumLength"></field><field name="composer_ss">Johann Sebastian Bach</field></doc><doc><field name="name">Missa Solemnis</field><field name="id">http://www.semanticweb.org/tedsullivan/ontologies/2015/5/music-10#Missa_Solemnis</field><field name="composer_ss.Length">20</field><field name="Composition_Type.Length">4</field><field name="composer_ss.MaximumLength"></field><field name="path">/Mass/Missa Solemnis</field><field name="Composition_Type">Choral Work</field><field name="Composition_Type">Mass</field><field name="Composition_Type.MaximumLength"></field><field name="composer_ss">Ludwig Van Beethoven</field></doc><doc><field name="name">Harmonie Mass</field><field name="id">http://www.semanticweb.org/tedsullivan/ontologies/2015/5/music-10#Harmonie_Mass</field><field name="composer_ss.Length">12</field><field name="Composition_Type.Length">4</field><field name="composer_ss.MaximumLength"></field><field name="path">/Mass/Harmonie Mass</field><field name="Composition_Type">Choral Work</field><field name="Composition_Type">Mass</field><field name="Composition_Type.MaximumLength"></field><field name="composer_ss">Joseph Haydn</field></doc><doc><field name="name">Requiem Mass</field><field name="id">http://www.semanticweb.org/tedsullivan/ontologies/2015/5/music-10#Requiem_Mass</field><field name="rdfs:subClassOf">http://www.semanticweb.org/tedsullivan/ontologies/2015/5/music-10#Choral_Works</field><field name="path">/Composition/Choral Work/Requiem Mass</field><field name="Composition_Type">Choral Work</field><field name="Composition_Type.MaximumLength"></field><field name="Composition_Type.Length">11</field></doc><doc><field name="name">Verdi Requiem</field><field name="id">http://www.semanticweb.org/tedsullivan/ontologies/2015/5/music-10#Verdi_Requiem</field><field name="composer_ss.Length">14</field><field name="Composition_Type.Length">12</field><field name="composer_ss.MaximumLength"></field><field name="path">/Requiem Mass/Verdi Requiem</field><field name="Composition_Type">Choral Work</field><field name="Composition_Type">Requiem Mass</field><field name="Composition_Type.MaximumLength"></field><field name="composer_ss">Giuseppe Verdi</field></doc><doc><field name="name">Mozart Requiem</field><field name="id">http://www.semanticweb.org/tedsullivan/ontologies/2015/5/music-10#Mozart_Requiem</field><field name="composer_ss.Length">23</field><field name="Composition_Type.Length">12</field><field name="composer_ss.MaximumLength"></field><field name="path">/Requiem Mass/Mozart Requiem</field><field name="Composition_Type">Choral Work</field><field name="Composition_Type">Requiem Mass</field><field name="Composition_Type.MaximumLength"></field><field name="composer_ss">Wolfgang Amadeus Mozart</field></doc><doc><field name="name">Movement</field><field name="id">http://www.semanticweb.org/tedsullivan/ontologies/2015/5/music-10#Movement</field><field name="rdfs:subClassOf">http://www.semanticweb.org/tedsullivan/ontologies/2015/5/music-10#Compositions</field><field name="path">/Composition/Movement</field></doc><doc><field name="name">owl:NamedIndividual</field><field name="id">http://www.semanticweb.org/tedsullivan/ontologies/2015/5/music-10#Schubert_Symphony_Number_8_-_Movement_2</field><field name="related_entity1_ss">Franz Schubert</field><field name="related_entity1_ss">owl:NamedIndividual</field><field name="Composition_Type.Length">8</field><field name="path">/Movement/owl:NamedIndividual</field><field name="Composition_Type">Movement</field><field name="Composition_Type.MaximumLength"></field></doc><doc><field name="name">owl:NamedIndividual</field><field name="id">http://www.semanticweb.org/tedsullivan/ontologies/2015/5/music-10#Schubert_Symphony_Number_8_-_Movement_1</field><field name="related_entity1_ss">Franz Schubert</field><field name="related_entity1_ss">owl:NamedIndividual</field><field name="Composition_Type.Length">8</field><field name="path">/Movement/owl:NamedIndividual</field><field name="Composition_Type">Movement</field><field name="Composition_Type.MaximumLength"></field></doc><doc><field name="name">owl:NamedIndividual</field><field name="id">http://www.semanticweb.org/tedsullivan/ontologies/2015/5/music-10#Schubert_String_Quartet_in_G_Minor_D173_-_Movement_2</field><field name="related_entity1_ss">owl:NamedIndividual</field><field name="related_entity2_ss">Franz Schubert</field><field name="related_entity2_ss">String Quartet in G Minor G173 - Movement 1</field><field name="Composition_Type.Length">8</field><field name="related_entity2_ss.Length">43</field><field name="path">/Composition/Movement/owl:NamedIndividual</field><field name="Composition_Type">Movement</field><field name="Composition_Type.MaximumLength"></field><field name="related_entity2_ss.MaximumLength"></field></doc><doc><field name="name">String Quartet in G Minor G173 - Movement 1</field><field name="id">http://www.semanticweb.org/tedsullivan/ontologies/2015/5/music-10#Schubert_String_Quartet_in_G_Minor_D173_-_Movement_1</field><field name="composer_ss.Length">14</field><field name="related_entity1_ss">owl:NamedIndividual</field><field name="related_entity2_ss">Franz Schubert</field><field name="Composition_Type.Length">8</field><field name="composer_ss.MaximumLength"></field><field name="related_entity2_ss.Length">14</field><field name="path">/Composition/Movement/String Quartet in G Minor G173 - Movement 1</field><field name="Composition_Type">Movement</field><field name="Composition_Type.MaximumLength"></field><field name="composer_ss">Franz Schubert</field><field name="related_entity2_ss.MaximumLength"></field></doc><doc><field name="name">owl:NamedIndividual</field><field name="id">http://www.semanticweb.org/tedsullivan/ontologies/2015/5/music-10#Schubert_String_Quartet_in_G_Minor_D173_-_Movement_4</field><field name="related_entity1_ss">owl:NamedIndividual</field><field name="related_entity2_ss">Franz Schubert</field><field name="related_entity2_ss">String Quartet in G Minor G173 - Movement 1</field><field name="Composition_Type.Length">8</field><field name="related_entity2_ss.Length">43</field><field name="path">/Composition/Movement/owl:NamedIndividual</field><field name="Composition_Type">Movement</field><field name="Composition_Type.MaximumLength"></field><field name="related_entity2_ss.MaximumLength"></field></doc><doc><field name="name">owl:NamedIndividual</field><field name="id">http://www.semanticweb.org/tedsullivan/ontologies/2015/5/music-10#Schubert_String_Quartet_in_G_Minor_D173_-_Movement_3</field><field name="related_entity1_ss">owl:NamedIndividual</field><field name="related_entity2_ss">Franz Schubert</field><field name="related_entity2_ss">String Quartet in G Minor G173 - Movement 1</field><field name="Composition_Type.Length">8</field><field name="related_entity2_ss.Length">43</field><field name="path">/Composition/Movement/owl:NamedIndividual</field><field name="Composition_Type">Movement</field><field name="Composition_Type.MaximumLength"></field><field name="related_entity2_ss.MaximumLength"></field></doc><doc><field name="name">owl:NamedIndividual</field><field name="id">http://www.semanticweb.org/tedsullivan/ontologies/2015/5/music-10#Schubert_String_Quartet_in_A_Minor_D804_-_Movement_4</field><field name="related_entity1_ss">owl:NamedIndividual</field><field name="related_entity2_ss">Franz Schubert</field><field name="index">1</field><field name="index">http://www.w3.org/2001/XMLSchema#integer</field><field name="Composition_Type.Length">8</field><field name="title">Allegro ma non troppo</field><field name="related_entity2_ss.Length">14</field><field name="path">/Composition/Movement/owl:NamedIndividual</field><field name="Composition_Type">Movement</field><field name="Composition_Type.MaximumLength"></field><field name="related_entity2_ss.MaximumLength"></field></doc><doc><field name="name">owl:NamedIndividual</field><field name="id">http://www.semanticweb.org/tedsullivan/ontologies/2015/5/music-10#Schubert_String_Quartet_in_A_Minor_D804_-_Movement_2</field><field name="related_entity1_ss">owl:NamedIndividual</field><field name="related_entity2_ss">Franz Schubert</field><field name="index">3</field><field name="index">http://www.w3.org/2001/XMLSchema#integer</field><field name="Composition_Type.Length">8</field><field name="title">Minuetto - Trio, Allegretto</field><field name="related_entity2_ss.Length">14</field><field name="path">/Composition/Movement/owl:NamedIndividual</field><field name="Composition_Type">Movement</field><field name="Composition_Type.MaximumLength"></field><field name="related_entity2_ss.MaximumLength"></field></doc><doc><field name="name">owl:NamedIndividual</field><field name="id">http://www.semanticweb.org/tedsullivan/ontologies/2015/5/music-10#Schubert_String_Quartet_in_A_Minor_D804_-_Movement_3</field><field name="related_entity1_ss">owl:NamedIndividual</field><field name="related_entity2_ss">Franz Schubert</field><field name="index">2</field><field name="index">http://www.w3.org/2001/XMLSchema#integer</field><field name="Composition_Type.Length">8</field><field name="title">Andante</field><field name="related_entity2_ss.Length">14</field><field name="path">/Composition/Movement/owl:NamedIndividual</field><field name="Composition_Type">Movement</field><field name="Composition_Type.MaximumLength"></field><field name="related_entity2_ss.MaximumLength"></field></doc><doc><field name="name">owl:NamedIndividual</field><field name="id">http://www.semanticweb.org/tedsullivan/ontologies/2015/5/music-10#Schubert_String_Quartet_in_A_Minor_D804_-_Movement_1</field><field name="related_entity1_ss">owl:NamedIndividual</field><field name="related_entity2_ss">Franz Schubert</field><field name="index">4</field><field name="index">http://www.w3.org/2001/XMLSchema#integer</field><field name="Composition_Type.Length">8</field><field name="title">Allegro moderato</field><field name="related_entity2_ss.Length">14</field><field name="path">/Composition/Movement/owl:NamedIndividual</field><field name="Composition_Type">Movement</field><field name="Composition_Type.MaximumLength"></field><field name="related_entity2_ss.MaximumLength"></field></doc></add>
