<add><doc><field name="name">Sylvain Sylvain</field><field name="id">http://www.semanticweb.org/tedsullivan/ontologies/2015/5/music-10#Sylvain_Sylvain</field><field name="related_entity1_ss">Brian Delaney</field><field name="related_entity1_ss">Arthur Kane</field><field name="related_entity1_ss">Blackie Lawless</field><field name="related_entity1_ss">Johnny Thunders</field><field name="related_entity1_ss">Kenny Aaronson</field><field name="related_entity1_ss">Chris Robison</field><field name="related_entity1_ss">Steve Conte</field><field name="related_entity1_ss">Billy Murcia</field><field name="related_entity1_ss">Aaron Lee Tasjan</field><field name="related_entity1_ss">Rick Rivets</field><field name="related_entity1_ss">David Johansen</field><field name="related_entity1_ss">Earl Slick</field><field name="related_entity1_ss">Jerry Nolan</field><field name="related_entity1_ss">Sami Yaffa</field><field name="related_entity1_ss">Jason Hill</field><field name="related_entity1_ss">Frank Infante</field><field name="memberOfGroup_ss.Length">14</field><field name="path">/Instrumentalist/Guitarist/Sylvain Sylvain</field><field name="Musician_Type">Instrumentalist</field><field name="Musician_Type">Guitarist</field><field name="memberOfGroup_ss">New York Dolls</field><field name="memberOfGroup_ss.MaximumLength"></field></doc><doc><field name="name">Tracii Guns</field><field name="id">http://www.semanticweb.org/tedsullivan/ontologies/2015/5/music-10#Tracii_Guns</field><field name="related_entity1_ss">Axl Rose</field><field name="related_entity1_ss">Slash</field><field name="memberOfGroup_ss.Length">13</field><field name="path">/Musician/Instrumentalist/Guitarist/Tracii Guns</field><field name="Musician_Type">Instrumentalist</field><field name="Musician_Type">Guitarist</field><field name="memberOfGroup_ss">Guns 'N Roses</field><field name="memberOfGroup_ss.MaximumLength"></field></doc><doc><field name="name">Mick Taylor</field><field name="id">http://www.semanticweb.org/tedsullivan/ontologies/2015/5/music-10#Mick_Taylor</field><field name="related_entity1_ss">Keith Richards</field><field name="related_entity1_ss">Mick Jagger</field><field name="related_entity2_ss">Harvey Mandel</field><field name="related_entity2_ss">Tony Reeves</field><field name="related_entity2_ss">Brian Jones</field><field name="related_entity2_ss">Rolling Stones</field><field name="related_entity2_ss">John Paulus</field><field name="related_entity2_ss">Hank Van Sickle</field><field name="related_entity2_ss">Don ,",Sugarcane,", Harris</field><field name="related_entity2_ss">Coco Montoya</field><field name="related_entity2_ss">Randy Resnick</field><field name="related_entity2_ss">Nanker Phelge</field><field name="related_entity2_ss">Ross Appleman</field><field name="related_entity2_ss">Charlie Watts</field><field name="related_entity2_ss">Simon Bateman</field><field name="related_entity2_ss">Ian Stewart</field><field name="related_entity2_ss">John McVie</field><field name="related_entity2_ss">Victor Gaskin</field><field name="related_entity2_ss">Buddy Whittington</field><field name="related_entity2_ss">Rick Cortes</field><field name="related_entity2_ss">Bill Wyman</field><field name="related_entity2_ss">Ronnie Wood</field><field name="related_entity2_ss">Peter Green</field><field name="related_entity2_ss">Jack Bruce</field><field name="related_entity2_ss">Kal David</field><field name="related_entity2_ss">Malcolm Poole</field><field name="related_entity2_ss">John Mayall</field><field name="related_entity2_ss">Eric Clapton</field><field name="related_entity2_ss">Andy Fraser</field><field name="related_entity2_ss">Larry Taylor</field><field name="related_entity2_ss">John Weider</field><field name="related_entity2_ss">Mick Fleetwood</field><field name="related_entity2_ss">James Quill Smith</field><field name="related_entity2_ss">Abu Talib</field><field name="related_entity2_ss">Kevin McCormick</field><field name="related_entity2_ss">Bernie Watson</field><field name="related_entity2_ss">Roger Dean</field><field name="related_entity2_ss">Geoff Krivet</field><field name="related_entity2_ss">Walter Trout</field><field name="related_entity2_ss">Hughie Flint</field><field name="memberOfGroup.Count">4</field><field name="memberOfGroup_ss.Length">14</field><field name="related_entity2_ss.Length">12</field><field name="path">/Musician/Instrumentalist/Guitarist/Mick Taylor</field><field name="Musician_Type">Instrumentalist</field><field name="Musician_Type">Guitarist</field><field name="genres_ss">Rock</field><field name="genres_ss">Rock &amp; Roll</field><field name="memberOfGroup_ss">John Mayall's Bluesbreakers</field><field name="memberOfGroup_ss">Rolling Stones</field><field name="memberOfGroup_ss.MaximumLength"></field><field name="related_entity2_ss.MaximumLength"></field></doc><doc><field name="name">Vic Steele</field><field name="id">http://www.semanticweb.org/tedsullivan/ontologies/2015/5/music-10#Vic_Steele</field><field name="related_entity1_ss">Mikael Rickfors</field><field name="related_entity1_ss">Terry Sylvester</field><field name="related_entity1_ss">Graham Nash</field><field name="related_entity1_ss">Bobby Elliott</field><field name="related_entity1_ss">Peter Howarth</field><field name="related_entity1_ss">Ray Stiles</field><field name="related_entity1_ss">Ian Parker</field><field name="related_entity1_ss">Allan Clarke</field><field name="related_entity1_ss">Tony Hicks</field><field name="related_entity1_ss">Steve Lauri</field><field name="related_entity1_ss">Eric Haydock</field><field name="related_entity1_ss">Bernie Calvert</field><field name="hasGenre.Count">4</field><field name="memberOfGroup_ss.Length">11</field><field name="path">/Musician/Instrumentalist/Guitarist/Vic Steele</field><field name="Musician_Type">Instrumentalist</field><field name="Musician_Type">Guitarist</field><field name="genres_ss">Popular</field><field name="genres_ss">Pop</field><field name="genres_ss">Rock</field><field name="memberOfGroup_ss">The Hollies</field><field name="memberOfGroup_ss.MaximumLength"></field></doc><doc><field name="name">Lee Ritenour</field><field name="id">http://www.semanticweb.org/tedsullivan/ontologies/2015/5/music-10#Lee_Ritenour</field><field name="path">/Musician/Instrumentalist/Guitarist/Lee Ritenour</field><field name="Musician_Type">Instrumentalist</field><field name="Musician_Type">Guitarist</field><field name="genres_ss">Jazz</field></doc><doc><field name="name">Charley Patton</field><field name="id">http://www.semanticweb.org/tedsullivan/ontologies/2015/5/music-10#Charley_Patton</field><field name="path">/Musician/Instrumentalist/Guitarist/Charley Patton</field><field name="Musician_Type">Instrumentalist</field><field name="Musician_Type">Guitarist</field></doc><doc><field name="name">Albert Collins</field><field name="id">http://www.semanticweb.org/tedsullivan/ontologies/2015/5/music-10#Albert_Collins</field><field name="related_entity1_ss">Little Richard</field><field name="path">/Musician/Instrumentalist/Guitarist/Albert Collins</field><field name="Musician_Type">Instrumentalist</field><field name="Musician_Type">Guitarist</field><field name="genres_ss">Blues</field></doc><doc><field name="name">Larry Knechtel</field><field name="id">http://www.semanticweb.org/tedsullivan/ontologies/2015/5/music-10#Larry_Knechtel</field><field name="related_entity1_ss">Barney Kessel</field><field name="related_entity1_ss">Carol Kaye</field><field name="related_entity1_ss">Bill Pitman</field><field name="related_entity1_ss">Joe Porcaro</field><field name="related_entity1_ss">David Gates</field><field name="related_entity1_ss">Jimmy Griffin</field><field name="related_entity1_ss">Billy Strange</field><field name="related_entity1_ss">Howard Roberts</field><field name="related_entity1_ss">Max Bennett</field><field name="related_entity1_ss">Frank Capp</field><field name="related_entity1_ss">Hal Blaine</field><field name="related_entity1_ss">Plas Johnson</field><field name="related_entity1_ss">Bill Aiken</field><field name="related_entity1_ss">Lyle Ritz</field><field name="related_entity1_ss">Tommy Tedesco</field><field name="related_entity1_ss">Leon Russell</field><field name="related_entity1_ss">Julius Wechter</field><field name="related_entity1_ss">Ray Pohlman</field><field name="related_entity1_ss">Robb Royer</field><field name="related_entity1_ss">Mike Melvoin</field><field name="related_entity1_ss">John Clauder</field><field name="memberOfGroup.Count">4</field><field name="memberOfGroup_ss.Length">17</field><field name="path">/Musician/Instrumentalist/Bassist/Larry Knechtel</field><field name="path">/Musician/Instrumentalist/Guitarist/Larry Knechtel</field><field name="path">/Musician/Instrumentalist/Harpsichordist/Larry Knechtel</field><field name="path">/Musician/Instrumentalist/Keyboardist/Larry Knechtel</field><field name="Musician_Type">Instrumentalist</field><field name="Musician_Type">Bassist</field><field name="Musician_Type">Guitarist</field><field name="Musician_Type">Harpsichordist</field><field name="Musician_Type">Keyboardist</field><field name="memberOfGroup_ss">Bread</field><field name="memberOfGroup_ss">The Wrecking Crew</field><field name="memberOfGroup_ss.MaximumLength"></field></doc><doc><field name="name">Duane Allman</field><field name="id">http://www.semanticweb.org/tedsullivan/ontologies/2015/5/music-10#Duane_Allman</field><field name="related_entity1_ss">Dickie Betts</field><field name="related_entity1_ss">Berry Oakley</field><field name="related_entity1_ss">Jai Johanny Johanson</field><field name="related_entity1_ss">Butch Trucks</field><field name="related_entity1_ss">Wilson Pickett</field><field name="related_entity1_ss">Chuck Leavell</field><field name="related_entity1_ss">Greg Allman</field><field name="related_entity1_ss">Allen Woody</field><field name="memberOfGroup_ss.Length">20</field><field name="path">/Musician/Instrumentalist/Guitarist/Duane Allman</field><field name="Musician_Type">Instrumentalist</field><field name="Musician_Type">Guitarist</field><field name="genres_ss">Rock</field><field name="memberOfGroup_ss">Allman Brothers Band</field><field name="memberOfGroup_ss.MaximumLength"></field></doc><doc><field name="name">Dickie Betts</field><field name="id">http://www.semanticweb.org/tedsullivan/ontologies/2015/5/music-10#Dickie_Betts</field><field name="related_entity1_ss">Greg Allman</field><field name="related_entity2_ss">John Prestia</field><field name="related_entity2_ss">Berry Oakley</field><field name="related_entity2_ss">Jai Johanny Johanson</field><field name="related_entity2_ss">Butch Trucks</field><field name="related_entity2_ss">Johnny Neel</field><field name="related_entity2_ss">Chuck Leavell</field><field name="related_entity2_ss">Duane Allman</field><field name="related_entity2_ss">Allen Woody</field><field name="memberOfGroup_ss.Length">20</field><field name="related_entity2_ss.Length">11</field><field name="path">/Musician/Instrumentalist/Guitarist/Dickie Betts</field><field name="Musician_Type">Instrumentalist</field><field name="Musician_Type">Guitarist</field><field name="genres_ss">Rock</field><field name="memberOfGroup_ss">Allman Brothers Band</field><field name="memberOfGroup_ss.MaximumLength"></field><field name="related_entity2_ss.MaximumLength"></field></doc><doc><field name="name">Bob Margolin</field><field name="id">http://www.semanticweb.org/tedsullivan/ontologies/2015/5/music-10#Bob_Margolin</field><field name="path">/Musician/Instrumentalist/Guitarist/Bob Margolin</field><field name="synonym">Steady Rollin,'</field><field name="Musician_Type">Instrumentalist</field><field name="Musician_Type">Guitarist</field></doc><doc><field name="name">Tommy Tedesco</field><field name="id">http://www.semanticweb.org/tedsullivan/ontologies/2015/5/music-10#Tommy_Tedesco</field><field name="related_entity1_ss">Barney Kessel</field><field name="related_entity1_ss">Carol Kaye</field><field name="related_entity1_ss">Bill Pitman</field><field name="related_entity1_ss">Joe Porcaro</field><field name="related_entity1_ss">Larry Knechtel</field><field name="related_entity1_ss">Billy Strange</field><field name="related_entity1_ss">Howard Roberts</field><field name="related_entity1_ss">Max Bennett</field><field name="related_entity1_ss">Frank Capp</field><field name="related_entity1_ss">Hal Blaine</field><field name="related_entity1_ss">Plas Johnson</field><field name="related_entity1_ss">Bill Aiken</field><field name="related_entity1_ss">Lyle Ritz</field><field name="related_entity1_ss">Leon Russell</field><field name="related_entity1_ss">Julius Wechter</field><field name="related_entity1_ss">Ray Pohlman</field><field name="related_entity1_ss">Mike Melvoin</field><field name="related_entity1_ss">John Clauder</field><field name="memberOfGroup_ss.Length">17</field><field name="path">/Musician/Instrumentalist/Guitarist/Tommy Tedesco</field><field name="Musician_Type">Instrumentalist</field><field name="Musician_Type">Guitarist</field><field name="memberOfGroup_ss">The Wrecking Crew</field><field name="memberOfGroup_ss.MaximumLength"></field></doc><doc><field name="name">Link Wray</field><field name="id">http://www.semanticweb.org/tedsullivan/ontologies/2015/5/music-10#Link_Wray</field><field name="path">/Musician/Instrumentalist/Guitarist/Link Wray</field><field name="Musician_Type">Instrumentalist</field><field name="Musician_Type">Guitarist</field></doc><doc><field name="name">Roger Dean</field><field name="id">http://www.semanticweb.org/tedsullivan/ontologies/2015/5/music-10#Roger_Dean</field><field name="related_entity1_ss">Harvey Mandel</field><field name="related_entity1_ss">Tony Reeves</field><field name="related_entity1_ss">John Paulus</field><field name="related_entity1_ss">Hank Van Sickle</field><field name="related_entity1_ss">Don ,",Sugarcane,", Harris</field><field name="related_entity1_ss">Coco Montoya</field><field name="related_entity1_ss">Randy Resnick</field><field name="related_entity1_ss">Ross Appleman</field><field name="related_entity1_ss">Simon Bateman</field><field name="related_entity1_ss">John McVie</field><field name="related_entity1_ss">Mick Taylor</field><field name="related_entity1_ss">Victor Gaskin</field><field name="related_entity1_ss">Buddy Whittington</field><field name="related_entity1_ss">Rick Cortes</field><field name="related_entity1_ss">Peter Green</field><field name="related_entity1_ss">Jack Bruce</field><field name="related_entity1_ss">Kal David</field><field name="related_entity1_ss">Malcolm Poole</field><field name="related_entity1_ss">John Mayall</field><field name="related_entity1_ss">Eric Clapton</field><field name="related_entity1_ss">Andy Fraser</field><field name="related_entity1_ss">Larry Taylor</field><field name="related_entity1_ss">John Weider</field><field name="related_entity1_ss">Mick Fleetwood</field><field name="related_entity1_ss">James Quill Smith</field><field name="related_entity1_ss">Abu Talib</field><field name="related_entity1_ss">Kevin McCormick</field><field name="related_entity1_ss">Bernie Watson</field><field name="related_entity1_ss">Geoff Krivet</field><field name="related_entity1_ss">Walter Trout</field><field name="related_entity1_ss">Hughie Flint</field><field name="memberOfGroup_ss.Length">27</field><field name="path">/Musician/Instrumentalist/Guitarist/Roger Dean</field><field name="Musician_Type">Instrumentalist</field><field name="Musician_Type">Guitarist</field><field name="memberOfGroup_ss">John Mayall's Bluesbreakers</field><field name="memberOfGroup_ss.MaximumLength"></field></doc><doc><field name="name">Patrick Carney</field><field name="id">http://www.semanticweb.org/tedsullivan/ontologies/2015/5/music-10#Patrick_Carney</field><field name="related_entity1_ss">Dan Auerbach</field><field name="hasGenre.Count">4</field><field name="memberOfGroup_ss.Length">14</field><field name="path">/Musician/Instrumentalist/Bassist/Patrick Carney</field><field name="path">/Drummer/Patrick Carney</field><field name="path">/Musician/Instrumentalist/Guitarist/Patrick Carney</field><field name="path">/Musician/Instrumentalist/Keyboardist/Patrick Carney</field><field name="Musician_Type">Instrumentalist</field><field name="Musician_Type">Bassist</field><field name="Musician_Type">Drummer</field><field name="Musician_Type">Guitarist</field><field name="Musician_Type">Keyboardist</field><field name="genres_ss">Blues</field><field name="genres_ss">Blues Rock</field><field name="genres_ss">Rock</field><field name="genres_ss">Garage Rock</field><field name="memberOfGroup_ss">The Black Keys</field><field name="memberOfGroup_ss.MaximumLength"></field></doc><doc><field name="name">Sterling Morrison</field><field name="id">http://www.semanticweb.org/tedsullivan/ontologies/2015/5/music-10#Sterling_Morrison</field><field name="related_entity1_ss">Maureen Tucker</field><field name="related_entity1_ss">John Cale</field><field name="related_entity1_ss">Lou Reed</field><field name="memberOfGroup_ss.Length">22</field><field name="path">/Musician/Instrumentalist/Bassist/Sterling Morrison</field><field name="path">/Musician/Instrumentalist/Guitarist/Sterling Morrison</field><field name="Musician_Type">Instrumentalist</field><field name="Musician_Type">Bassist</field><field name="Musician_Type">Guitarist</field><field name="memberOfGroup_ss">The Velvet Underground</field><field name="memberOfGroup_ss.MaximumLength"></field></doc><doc><field name="name">Pete Townshend</field><field name="id">http://www.semanticweb.org/tedsullivan/ontologies/2015/5/music-10#Pete_Townshend</field><field name="related_entity1_ss">Roger Daltrey</field><field name="related_entity1_ss">John Entwistle</field><field name="related_entity1_ss">Keith Moon</field><field name="memberOfGroup_ss.Length">7</field><field name="path">/Musician/Instrumentalist/Guitarist/Pete Townshend</field><field name="Musician_Type">Instrumentalist</field><field name="Musician_Type">Guitarist</field><field name="genres_ss">Rock</field><field name="genres_ss">Rock &amp; Roll</field><field name="memberOfGroup_ss">The Who</field><field name="memberOfGroup_ss.MaximumLength"></field></doc><doc><field name="name">Vic Briggs</field><field name="id">http://www.semanticweb.org/tedsullivan/ontologies/2015/5/music-10#Vic_Briggs</field><field name="related_entity1_ss">John Weider</field><field name="related_entity1_ss">Eric Burdon</field><field name="related_entity1_ss">Barry Jenkins</field><field name="related_entity1_ss">Danny McCulloch</field><field name="related_entity2_ss">Hilton Valentine</field><field name="related_entity2_ss">Chas Chandler</field><field name="related_entity2_ss">John Steel</field><field name="related_entity2_ss">Alan Price</field><field name="memberOfGroup_ss.Length">11</field><field name="related_entity2_ss.Length">10</field><field name="path">/Musician/Instrumentalist/Guitarist/Vic Briggs</field><field name="Musician_Type">Instrumentalist</field><field name="Musician_Type">Guitarist</field><field name="memberOfGroup_ss">The Animals</field><field name="memberOfGroup_ss.MaximumLength"></field><field name="related_entity2_ss.MaximumLength"></field></doc><doc><field name="name">Paul Galbraith</field><field name="id">http://www.semanticweb.org/tedsullivan/ontologies/2015/5/music-10#Paul_Galbraith</field><field name="path">/Musician/Instrumentalist/Guitarist/Paul Galbraith</field><field name="Musician_Type">Instrumentalist</field><field name="Musician_Type">Guitarist</field><field name="genres_ss">Classical</field></doc><doc><field name="name">Vinnie Vincent</field><field name="id">http://www.semanticweb.org/tedsullivan/ontologies/2015/5/music-10#Vinnie_Vincent</field><field name="related_entity1_ss">Bruce Kulick</field><field name="related_entity1_ss">Eric Singer</field><field name="related_entity1_ss">Peter Criss</field><field name="related_entity1_ss">Paul Stanley</field><field name="related_entity1_ss">Mark St. John</field><field name="related_entity1_ss">Gene Simmons</field><field name="related_entity1_ss">Tommy Thayer</field><field name="related_entity1_ss">Ace Frehley</field><field name="related_entity1_ss">Eric Carr</field><field name="memberOfGroup_ss.Length">4</field><field name="path">/Musician/Instrumentalist/Guitarist/Vinnie Vincent</field><field name="Musician_Type">Instrumentalist</field><field name="Musician_Type">Guitarist</field><field name="memberOfGroup_ss">Kiss</field><field name="memberOfGroup_ss.MaximumLength"></field></doc><doc><field name="name">Randy Resnick</field><field name="id">http://www.semanticweb.org/tedsullivan/ontologies/2015/5/music-10#Randy_Resnick</field><field name="related_entity1_ss">Harvey Mandel</field><field name="related_entity1_ss">Tony Reeves</field><field name="related_entity1_ss">John Paulus</field><field name="related_entity1_ss">Hank Van Sickle</field><field name="related_entity1_ss">Don ,",Sugarcane,", Harris</field><field name="related_entity1_ss">Coco Montoya</field><field name="related_entity1_ss">Ross Appleman</field><field name="related_entity1_ss">Simon Bateman</field><field name="related_entity1_ss">John McVie</field><field name="related_entity1_ss">Mick Taylor</field><field name="related_entity1_ss">Victor Gaskin</field><field name="related_entity1_ss">Buddy Whittington</field><field name="related_entity1_ss">Rick Cortes</field><field name="related_entity1_ss">Peter Green</field><field name="related_entity1_ss">Jack Bruce</field><field name="related_entity1_ss">Kal David</field><field name="related_entity1_ss">Malcolm Poole</field><field name="related_entity1_ss">John Mayall</field><field name="related_entity1_ss">Eric Clapton</field><field name="related_entity1_ss">Andy Fraser</field><field name="related_entity1_ss">Larry Taylor</field><field name="related_entity1_ss">John Weider</field><field name="related_entity1_ss">Mick Fleetwood</field><field name="related_entity1_ss">James Quill Smith</field><field name="related_entity1_ss">Abu Talib</field><field name="related_entity1_ss">Kevin McCormick</field><field name="related_entity1_ss">Bernie Watson</field><field name="related_entity1_ss">Roger Dean</field><field name="related_entity1_ss">Geoff Krivet</field><field name="related_entity1_ss">Walter Trout</field><field name="related_entity1_ss">Hughie Flint</field><field name="memberOfGroup_ss.Length">27</field><field name="path">/Musician/Instrumentalist/Guitarist/Randy Resnick</field><field name="Musician_Type">Instrumentalist</field><field name="Musician_Type">Guitarist</field><field name="memberOfGroup_ss">John Mayall's Bluesbreakers</field><field name="memberOfGroup_ss.MaximumLength"></field></doc><doc><field name="name">Gene Clark</field><field name="id">http://www.semanticweb.org/tedsullivan/ontologies/2015/5/music-10#Gene_Clark</field><field name="related_entity1_ss">Roger McGuinn</field><field name="related_entity1_ss">David Crosby</field><field name="related_entity2_ss">Bernie Leadon</field><field name="related_entity2_ss">Michael Clarke</field><field name="related_entity2_ss">Chris Hillman</field><field name="related_entity2_ss">Skip Battin</field><field name="related_entity2_ss">Gram Parsons</field><field name="memberOfGroup_ss.Length">9</field><field name="related_entity2_ss.Length">12</field><field name="path">/Musician/Instrumentalist/Guitarist/Gene Clark</field><field name="Musician_Type">Instrumentalist</field><field name="Musician_Type">Guitarist</field><field name="memberOfGroup_ss">The Byrds</field><field name="memberOfGroup_ss.MaximumLength"></field><field name="related_entity2_ss.MaximumLength"></field></doc><doc><field name="name">Charlie Byrd</field><field name="id">http://www.semanticweb.org/tedsullivan/ontologies/2015/5/music-10#Charlie_Byrd</field><field name="path">/Musician/Instrumentalist/Guitarist/Charlie Byrd</field><field name="Musician_Type">Instrumentalist</field><field name="Musician_Type">Guitarist</field></doc><doc><field name="name">Ray Tabano</field><field name="id">http://www.semanticweb.org/tedsullivan/ontologies/2015/5/music-10#Ray_Tabano</field><field name="related_entity1_ss">Brad Whitford</field><field name="related_entity1_ss">Joe Perry</field><field name="related_entity1_ss">Tom Hamilton</field><field name="related_entity1_ss">Steven Tyler</field><field name="related_entity1_ss">Rick Dufay</field><field name="related_entity1_ss">Jimmy Crespo</field><field name="related_entity1_ss">Joey Kramer</field><field name="memberOfGroup_ss.Length">9</field><field name="path">/Musician/Instrumentalist/Guitarist/Ray Tabano</field><field name="Musician_Type">Instrumentalist</field><field name="Musician_Type">Guitarist</field><field name="memberOfGroup_ss">Aerosmith</field><field name="memberOfGroup_ss.MaximumLength"></field></doc><doc><field name="name">Mike Bloomfield</field><field name="id">http://www.semanticweb.org/tedsullivan/ontologies/2015/5/music-10#Mike_Bloomfield</field><field name="related_entity1_ss">Paul Butterfield</field><field name="memberOfGroup_ss.Length">31</field><field name="path">/Musician/Instrumentalist/Guitarist/Mike Bloomfield</field><field name="Musician_Type">Instrumentalist</field><field name="Musician_Type">Guitarist</field><field name="memberOfGroup_ss">The Paul Butterfield Blues Band</field><field name="memberOfGroup_ss.MaximumLength"></field></doc><doc><field name="name">Ed King</field><field name="id">http://www.semanticweb.org/tedsullivan/ontologies/2015/5/music-10#Ed_King</field><field name="related_entity1_ss">Hughie Thomasson</field><field name="related_entity1_ss">Michael Cartellone</field><field name="related_entity1_ss">Allen Collins</field><field name="related_entity1_ss">Bob Burns</field><field name="related_entity1_ss">Johnny Van Zant</field><field name="related_entity1_ss">Ean Evans</field><field name="related_entity1_ss">Robert Kearns</field><field name="related_entity1_ss">Mark Matejka</field><field name="related_entity1_ss">Larry Junstrom</field><field name="related_entity1_ss">Johnny Colt</field><field name="related_entity1_ss">Leon Wilkeson</field><field name="related_entity1_ss">Steve Gaines</field><field name="related_entity1_ss">Gary Rossington</field><field name="related_entity1_ss">Artimus Pyle</field><field name="related_entity1_ss">Peter Keys</field><field name="related_entity1_ss">Owen Hale</field><field name="related_entity1_ss">Billy Powell</field><field name="related_entity1_ss">Ronnie Van Zant</field><field name="related_entity1_ss">Greg T. Walker</field><field name="related_entity1_ss">Rickey Medlocke</field><field name="memberOfGroup.Count">4</field><field name="memberOfGroup_ss.Length">22</field><field name="path">/Musician/Instrumentalist/Guitarist/Ed King</field><field name="Musician_Type">Instrumentalist</field><field name="Musician_Type">Guitarist</field><field name="memberOfGroup_ss">Lynyrd Skynyrd</field><field name="memberOfGroup_ss">Strawberry Alarm Clock</field><field name="memberOfGroup_ss.MaximumLength"></field></doc><doc><field name="name">Steve Phillips</field><field name="id">http://www.semanticweb.org/tedsullivan/ontologies/2015/5/music-10#Steve_Phillips</field><field name="related_entity1_ss">Mark Knopfler</field><field name="related_entity1_ss">Brendan Croker</field><field name="hasGenre.Count">4</field><field name="memberOfGroup_ss.Length">23</field><field name="path">/Musician/Instrumentalist/Guitarist/Steve Phillips</field><field name="Musician_Type">Instrumentalist</field><field name="Musician_Type">Guitarist</field><field name="genres_ss">Blues</field><field name="genres_ss">Country</field><field name="memberOfGroup_ss">The Notting Hillbillies</field><field name="memberOfGroup_ss.MaximumLength"></field></doc><doc><field name="name">Johnny Ramone</field><field name="id">http://www.semanticweb.org/tedsullivan/ontologies/2015/5/music-10#Johnny_Ramone</field><field name="path">/Musician/Instrumentalist/Guitarist/Johnny Ramone</field><field name="Musician_Type">Instrumentalist</field><field name="Musician_Type">Guitarist</field></doc><doc><field name="name">Steve Holmes</field><field name="id">http://www.semanticweb.org/tedsullivan/ontologies/2015/5/music-10#Steve_Holmes</field><field name="hasGenre.Count">6</field><field name="memberOfGroup_ss.Length">17</field><field name="path">/Musician/Instrumentalist/Guitarist/Steve Holmes</field><field name="Musician_Type">Instrumentalist</field><field name="Musician_Type">Guitarist</field><field name="genres_ss">Rock</field><field name="genres_ss">Emo</field><field name="genres_ss">Indie Rock</field><field name="genres_ss">Math Rock</field><field name="memberOfGroup_ss">American Football</field><field name="memberOfGroup_ss.MaximumLength"></field></doc><doc><field name="name">Julian Bream</field><field name="id">http://www.semanticweb.org/tedsullivan/ontologies/2015/5/music-10#Julian_Bream</field><field name="path">/Musician/Instrumentalist/Guitarist/Julian Bream</field><field name="Musician_Type">Instrumentalist</field><field name="Musician_Type">Guitarist</field><field name="genres_ss">Classical</field></doc><doc><field name="name">Peter Green</field><field name="id">http://www.semanticweb.org/tedsullivan/ontologies/2015/5/music-10#Peter_Green</field><field name="related_entity1_ss">John McVie</field><field name="related_entity1_ss">Mick Fleetwood</field><field name="related_entity2_ss">Harvey Mandel</field><field name="related_entity2_ss">Tony Reeves</field><field name="related_entity2_ss">John Paulus</field><field name="related_entity2_ss">Hank Van Sickle</field><field name="related_entity2_ss">Don ,",Sugarcane,", Harris</field><field name="related_entity2_ss">Coco Montoya</field><field name="related_entity2_ss">Randy Resnick</field><field name="related_entity2_ss">Ross Appleman</field><field name="related_entity2_ss">Simon Bateman</field><field name="related_entity2_ss">Christine McVie</field><field name="related_entity2_ss">Mick Taylor</field><field name="related_entity2_ss">Lindsey Buckingham</field><field name="related_entity2_ss">Victor Gaskin</field><field name="related_entity2_ss">Buddy Whittington</field><field name="related_entity2_ss">Fleetwood Mac</field><field name="related_entity2_ss">Rick Cortes</field><field name="related_entity2_ss">Jack Bruce</field><field name="related_entity2_ss">Kal David</field><field name="related_entity2_ss">Malcolm Poole</field><field name="related_entity2_ss">John Mayall</field><field name="related_entity2_ss">Eric Clapton</field><field name="related_entity2_ss">Gabor Szabo</field><field name="related_entity2_ss">Andy Fraser</field><field name="related_entity2_ss">Larry Taylor</field><field name="related_entity2_ss">John Weider</field><field name="related_entity2_ss">James Quill Smith</field><field name="related_entity2_ss">Abu Talib</field><field name="related_entity2_ss">Kevin McCormick</field><field name="related_entity2_ss">Bernie Watson</field><field name="related_entity2_ss">Roger Dean</field><field name="related_entity2_ss">Geoff Krivet</field><field name="related_entity2_ss">Walter Trout</field><field name="related_entity2_ss">Hughie Flint</field><field name="memberOfGroup.Count">4</field><field name="memberOfGroup_ss.Length">27</field><field name="related_entity2_ss.Length">12</field><field name="path">/Musician/Instrumentalist/Guitarist/Peter Green</field><field name="Musician_Type">Instrumentalist</field><field name="Musician_Type">Guitarist</field><field name="genres_ss">Rock</field><field name="memberOfGroup_ss">Fleetwood Mac</field><field name="memberOfGroup_ss">John Mayall's Bluesbreakers</field><field name="memberOfGroup_ss.MaximumLength"></field><field name="related_entity2_ss.MaximumLength"></field></doc><doc><field name="name">Scotty Moore</field><field name="id">http://www.semanticweb.org/tedsullivan/ontologies/2015/5/music-10#Scotty_Moore</field><field name="path">/Musician/Instrumentalist/Guitarist/Scotty Moore</field><field name="Musician_Type">Instrumentalist</field><field name="Musician_Type">Guitarist</field></doc><doc><field name="name">Louis Shelton</field><field name="id">http://www.semanticweb.org/tedsullivan/ontologies/2015/5/music-10#Louis_Shelton</field><field name="path">/Musician/Instrumentalist/Bassist/Louis Shelton</field><field name="path">/Musician/Instrumentalist/Guitarist/Louis Shelton</field><field name="Musician_Type">Instrumentalist</field><field name="Musician_Type">Bassist</field><field name="Musician_Type">Guitarist</field></doc><doc><field name="name">Derek Trucks</field><field name="id">http://www.semanticweb.org/tedsullivan/ontologies/2015/5/music-10#Derek_Trucks</field><field name="related_entity1_ss">Tom Hambridge</field><field name="related_entity1_ss">Susan Tedeschi</field><field name="related_entity1_ss">Buddy Guy</field><field name="playsInstrument_ss.MaximumLength"></field><field name="playsInstrument_ss">Electric Guitar</field><field name="memberOfGroup_ss.Length">17</field><field name="path">/Musician/Instrumentalist/Guitarist/Derek Trucks</field><field name="Musician_Type">Instrumentalist</field><field name="Musician_Type">Guitarist</field><field name="playsInstrument_ss.Length">15</field><field name="memberOfGroup_ss">Derek Trucks Band</field><field name="memberOfGroup_ss.MaximumLength"></field></doc><doc><field name="name">The Edge</field><field name="id">http://www.semanticweb.org/tedsullivan/ontologies/2015/5/music-10#The_Edge</field><field name="related_entity1_ss">Bono</field><field name="related_entity1_ss">Larry Mullen Jr.</field><field name="related_entity1_ss">Adam Clayton</field><field name="related_entity1_ss">U2</field><field name="memberOfGroup_ss.Length">2</field><field name="path">/Musician/Instrumentalist/Guitarist/The Edge</field><field name="Musician_Type">Instrumentalist</field><field name="Musician_Type">Guitarist</field><field name="genres_ss">Rock</field><field name="memberOfGroup_ss">U2</field><field name="memberOfGroup_ss.MaximumLength"></field></doc><doc><field name="name">Randy Rhoads</field><field name="id">http://www.semanticweb.org/tedsullivan/ontologies/2015/5/music-10#Randy_Rhoads</field><field name="path">/Musician/Instrumentalist/Guitarist/Randy Rhoads</field><field name="Musician_Type">Instrumentalist</field><field name="Musician_Type">Guitarist</field></doc><doc><field name="name">Oscar Moore</field><field name="id">http://www.semanticweb.org/tedsullivan/ontologies/2015/5/music-10#Oscar_Moore</field><field name="related_entity1_ss">Nat King Cole</field><field name="memberOfGroup_ss.Length">14</field><field name="path">/Musician/Instrumentalist/Guitarist/Oscar Moore</field><field name="Musician_Type">Instrumentalist</field><field name="Musician_Type">Guitarist</field><field name="genres_ss">Jazz</field><field name="memberOfGroup_ss">King Cole Trio</field><field name="memberOfGroup_ss.MaximumLength"></field></doc><doc><field name="name">Jerry Harrison</field><field name="id">http://www.semanticweb.org/tedsullivan/ontologies/2015/5/music-10#Jerry_Harrison</field><field name="related_entity1_ss">David Byrne</field><field name="related_entity1_ss">Chris Frantz</field><field name="related_entity1_ss">Tina Weymouth</field><field name="related_entity1_ss">Talking Heads</field><field name="memberOfGroup_ss.Length">13</field><field name="path">/Musician/Instrumentalist/Guitarist/Jerry Harrison</field><field name="path">/Musician/Instrumentalist/Keyboardist/Jerry Harrison</field><field name="Musician_Type">Instrumentalist</field><field name="Musician_Type">Guitarist</field><field name="Musician_Type">Keyboardist</field><field name="memberOfGroup_ss">Talking Heads</field><field name="memberOfGroup_ss.MaximumLength"></field></doc><doc><field name="name">Geoff Muldaur</field><field name="id">http://www.semanticweb.org/tedsullivan/ontologies/2015/5/music-10#Geoff_Muldaur</field><field name="path">/Musician/Instrumentalist/Guitarist/Geoff Muldaur</field><field name="Musician_Type">Instrumentalist</field><field name="Musician_Type">Guitarist</field></doc><doc><field name="name">J Geils</field><field name="id">http://www.semanticweb.org/tedsullivan/ontologies/2015/5/music-10#J_Geils</field><field name="related_entity1_ss">Peter Wolf</field><field name="related_entity2_ss">Stephen Jo Bladd</field><field name="related_entity2_ss">Seth Justman</field><field name="related_entity2_ss">Danny Klein</field><field name="related_entity2_ss">Magic Dick</field><field name="hasGenre.Count">4</field><field name="memberOfGroup_ss.Length">12</field><field name="related_entity2_ss.Length">10</field><field name="path">/Musician/Instrumentalist/Guitarist/J Geils</field><field name="Musician_Type">Instrumentalist</field><field name="Musician_Type">Guitarist</field><field name="genres_ss">Blues</field><field name="genres_ss">Rock</field><field name="memberOfGroup_ss">J Geils Band</field><field name="memberOfGroup_ss.MaximumLength"></field><field name="related_entity2_ss.MaximumLength"></field></doc><doc><field name="name">Leslie West</field><field name="id">http://www.semanticweb.org/tedsullivan/ontologies/2015/5/music-10#Leslie_West</field><field name="path">/Musician/Instrumentalist/Guitarist/Leslie West</field><field name="Musician_Type">Instrumentalist</field><field name="Musician_Type">Guitarist</field></doc><doc><field name="name">Christopher Parkening</field><field name="id">http://www.semanticweb.org/tedsullivan/ontologies/2015/5/music-10#Christopher_Parkening</field><field name="path">/Musician/Instrumentalist/Guitarist/Christopher Parkening</field><field name="Musician_Type">Instrumentalist</field><field name="Musician_Type">Guitarist</field><field name="genres_ss">Classical</field></doc><doc><field name="name">David Gilmour</field><field name="id">http://www.semanticweb.org/tedsullivan/ontologies/2015/5/music-10#David_Gilmour</field><field name="related_entity1_ss">Richard Wright</field><field name="related_entity1_ss">Roger Waters</field><field name="related_entity2_ss">Polly Samson</field><field name="related_entity2_ss">Jon Carin</field><field name="related_entity2_ss">Pink Floyd</field><field name="related_entity2_ss">Anthony Moore</field><field name="related_entity2_ss">Nick Mason</field><field name="related_entity2_ss">Nick Laird-Clowes</field><field name="related_entity2_ss">Phil Manzanera</field><field name="related_entity2_ss">Bob Ezrin</field><field name="related_entity2_ss">Syd Barrett</field><field name="memberOfGroup_ss.Length">10</field><field name="related_entity2_ss.Length">11</field><field name="path">/Musician/Instrumentalist/Guitarist/David Gilmour</field><field name="Musician_Type">Instrumentalist</field><field name="Musician_Type">Guitarist</field><field name="genres_ss">Rock</field><field name="memberOfGroup_ss">Pink Floyd</field><field name="memberOfGroup_ss.MaximumLength"></field><field name="related_entity2_ss.MaximumLength"></field></doc><doc><field name="name">Clarence White</field><field name="id">http://www.semanticweb.org/tedsullivan/ontologies/2015/5/music-10#Clarence_White</field><field name="path">/Musician/Instrumentalist/Guitarist/Clarence White</field><field name="Musician_Type">Instrumentalist</field><field name="Musician_Type">Guitarist</field></doc><doc><field name="name">Ronnie Montrose</field><field name="id">http://www.semanticweb.org/tedsullivan/ontologies/2015/5/music-10#Ronnie_Montrose</field><field name="related_entity1_ss">Alan Fitzgerald</field><field name="related_entity1_ss">Denny Carmassi</field><field name="related_entity2_ss">Sammy Hagar</field><field name="related_entity2_ss">Skip Gillette</field><field name="related_entity2_ss">Jim Alcivar</field><field name="related_entity2_ss">Mitchell Froom</field><field name="related_entity2_ss">Davey Pattison</field><field name="related_entity2_ss">Glenn Letsch</field><field name="related_entity2_ss">Bill Church</field><field name="memberOfGroup.Count">4</field><field name="memberOfGroup_ss.Length">8</field><field name="related_entity2_ss.Length">11</field><field name="path">/Musician/Instrumentalist/Guitarist/Ronnie Montrose</field><field name="Musician_Type">Instrumentalist</field><field name="Musician_Type">Guitarist</field><field name="memberOfGroup_ss">Gamma</field><field name="memberOfGroup_ss">Montrose</field><field name="memberOfGroup_ss.MaximumLength"></field><field name="related_entity2_ss.MaximumLength"></field></doc><doc><field name="name">Robert Lockwood, Jr.</field><field name="id">http://www.semanticweb.org/tedsullivan/ontologies/2015/5/music-10#Robert_Lockwood_Jr</field><field name="path">/Musician/Instrumentalist/Guitarist/Robert Lockwood, Jr.</field><field name="Musician_Type">Instrumentalist</field><field name="Musician_Type">Guitarist</field></doc><doc><field name="name">Brad Whitford</field><field name="id">http://www.semanticweb.org/tedsullivan/ontologies/2015/5/music-10#Brad_Whitford</field><field name="related_entity1_ss">Joe Perry</field><field name="related_entity1_ss">Ray Tabano</field><field name="related_entity1_ss">Tom Hamilton</field><field name="related_entity1_ss">Steven Tyler</field><field name="related_entity1_ss">Rick Dufay</field><field name="related_entity1_ss">Jimmy Crespo</field><field name="related_entity1_ss">Joey Kramer</field><field name="memberOfGroup_ss.Length">9</field><field name="path">/Musician/Instrumentalist/Guitarist/Brad Whitford</field><field name="Musician_Type">Instrumentalist</field><field name="Musician_Type">Guitarist</field><field name="memberOfGroup_ss">Aerosmith</field><field name="memberOfGroup_ss.MaximumLength"></field></doc><doc><field name="name">Jeff Beck</field><field name="id">http://www.semanticweb.org/tedsullivan/ontologies/2015/5/music-10#Jeff_Beck</field><field name="related_entity1_ss">Joss Stone</field><field name="related_entity1_ss">Rod Stewart</field><field name="path">/Musician/Instrumentalist/Guitarist/Jeff Beck</field><field name="Musician_Type">Instrumentalist</field><field name="Musician_Type">Guitarist</field><field name="genres_ss">Rock</field></doc><doc><field name="name">Al Dimeola</field><field name="id">http://www.semanticweb.org/tedsullivan/ontologies/2015/5/music-10#Al_Dimeola</field><field name="related_entity1_ss">Stanley Clarke</field><field name="related_entity1_ss">Chick Corea</field><field name="memberOfGroup_ss.Length">17</field><field name="path">/Musician/Instrumentalist/Guitarist/Al Dimeola</field><field name="Musician_Type">Instrumentalist</field><field name="Musician_Type">Guitarist</field><field name="genres_ss">Jazz</field><field name="memberOfGroup_ss">Return To Forever</field><field name="memberOfGroup_ss.MaximumLength"></field></doc><doc><field name="name">Brian Jones</field><field name="id">http://www.semanticweb.org/tedsullivan/ontologies/2015/5/music-10#Brian_Jones</field><field name="related_entity1_ss">Bill Wyman</field><field name="related_entity1_ss">Mick Jagger</field><field name="related_entity1_ss">Keith Richards</field><field name="related_entity1_ss">Charlie Watts</field><field name="related_entity2_ss">Ian Stewart</field><field name="related_entity2_ss">Ronnie Wood</field><field name="related_entity2_ss">Mick Taylor</field><field name="related_entity2_ss">Phil Spector</field><field name="related_entity2_ss">Nanker Phelge</field><field name="memberOfGroup_ss.Length">14</field><field name="related_entity2_ss.Length">13</field><field name="path">/Musician/Instrumentalist/Guitarist/Brian Jones</field><field name="path">/Harmonica Player/Brian Jones</field><field name="path">/Musician/Instrumentalist/Keyboardist/Brian Jones</field><field name="Musician_Type">Instrumentalist</field><field name="Musician_Type">Guitarist</field><field name="Musician_Type">Harmonica Player</field><field name="Musician_Type">Keyboardist</field><field name="genres_ss">Rock</field><field name="memberOfGroup_ss">Rolling Stones</field><field name="memberOfGroup_ss.MaximumLength"></field><field name="related_entity2_ss.MaximumLength"></field></doc><doc><field name="name">Albert Cummings</field><field name="id">http://www.semanticweb.org/tedsullivan/ontologies/2015/5/music-10#Albert_Cummings</field><field name="path">/Musician/Instrumentalist/Guitarist/Albert Cummings</field><field name="Musician_Type">Instrumentalist</field><field name="Musician_Type">Guitarist</field></doc><doc><field name="name">Spencer Davis</field><field name="id">http://www.semanticweb.org/tedsullivan/ontologies/2015/5/music-10#Spencer_Davis</field><field name="related_entity1_ss">Muff Winwood</field><field name="related_entity1_ss">Steve Winwood</field><field name="hasGenre.Count">4</field><field name="memberOfGroup_ss.Length">23</field><field name="related_entity2_ss.Length">13</field><field name="path">/Musician/Instrumentalist/Bassist/Spencer Davis</field><field name="path">/Musician/Instrumentalist/Guitarist/Spencer Davis</field><field name="path">/Harmonica Player/Spencer Davis</field><field name="memberOfGroup_ss.MaximumLength"></field><field name="related_entity2_ss">Edward Hardin</field><field name="Musician_Type">Instrumentalist</field><field name="Musician_Type">Bassist</field><field name="Musician_Type">Guitarist</field><field name="Musician_Type">Harmonica Player</field><field name="genres_ss">Jazz</field><field name="genres_ss">Beat</field><field name="genres_ss">Popular</field><field name="genres_ss">Pop</field><field name="memberOfGroup_ss">The Spencer Davis Group</field><field name="related_entity2_ss.MaximumLength"></field></doc><doc><field name="name">Ronnie Earl</field><field name="id">http://www.semanticweb.org/tedsullivan/ontologies/2015/5/music-10#Ronnie_Earl</field><field name="path">/Musician/Instrumentalist/Guitarist/Ronnie Earl</field><field name="Musician_Type">Instrumentalist</field><field name="Musician_Type">Guitarist</field><field name="genres_ss">Blues</field></doc><doc><field name="name">Matt ,",Guitar,", Murphy</field><field name="id">http://www.semanticweb.org/tedsullivan/ontologies/2015/5/music-10#Matt_Murphy</field><field name="path">/Musician/Instrumentalist/Guitarist/Matt ,",Guitar,", Murphy</field><field name="Musician_Type">Instrumentalist</field><field name="Musician_Type">Guitarist</field></doc><doc><field name="name">Duane Eddy</field><field name="id">http://www.semanticweb.org/tedsullivan/ontologies/2015/5/music-10#Duane_Eddy</field><field name="path">/Musician/Instrumentalist/Guitarist/Duane Eddy</field><field name="Musician_Type">Instrumentalist</field><field name="Musician_Type">Guitarist</field></doc><doc><field name="name">Rick Dufay</field><field name="id">http://www.semanticweb.org/tedsullivan/ontologies/2015/5/music-10#Rick_Dufay</field><field name="related_entity1_ss">Steven Tyler</field><field name="related_entity1_ss">Jimmy Crespo</field><field name="related_entity2_ss">Brad Whitford</field><field name="related_entity2_ss">Joe Perry</field><field name="related_entity2_ss">Ray Tabano</field><field name="related_entity2_ss">Tom Hamilton</field><field name="related_entity2_ss">Aerosmith</field><field name="related_entity2_ss">Joey Kramer</field><field name="memberOfGroup_ss.Length">9</field><field name="related_entity2_ss.Length">11</field><field name="path">/Musician/Instrumentalist/Guitarist/Rick Dufay</field><field name="Musician_Type">Instrumentalist</field><field name="Musician_Type">Guitarist</field><field name="memberOfGroup_ss">Aerosmith</field><field name="memberOfGroup_ss.MaximumLength"></field><field name="related_entity2_ss.MaximumLength"></field></doc><doc><field name="name">Ted Greene</field><field name="id">http://www.semanticweb.org/tedsullivan/ontologies/2015/5/music-10#Ted_Greene</field><field name="path">/Musician/Instrumentalist/Guitarist/Ted Greene</field><field name="Musician_Type">Instrumentalist</field><field name="Musician_Type">Guitarist</field></doc><doc><field name="name">Jorma Kaukonen</field><field name="id">http://www.semanticweb.org/tedsullivan/ontologies/2015/5/music-10#Jorma_Kaukonen</field><field name="related_entity1_ss">Jack Cassidy</field><field name="related_entity2_ss">Marty Balin</field><field name="related_entity2_ss">Grace Slick</field><field name="related_entity2_ss">Paul Kantner</field><field name="related_entity2_ss">Spencer Dryden</field><field name="memberOfGroup.Count">4</field><field name="memberOfGroup_ss.Length">18</field><field name="related_entity2_ss.Length">14</field><field name="path">/Musician/Instrumentalist/Guitarist/Jorma Kaukonen</field><field name="Musician_Type">Instrumentalist</field><field name="Musician_Type">Guitarist</field><field name="genres_ss">Rock</field><field name="genres_ss">Rock &amp; Roll</field><field name="memberOfGroup_ss">Hot Tuna</field><field name="memberOfGroup_ss">Jefferson Airplane</field><field name="memberOfGroup_ss.MaximumLength"></field><field name="related_entity2_ss.MaximumLength"></field></doc><doc><field name="name">Les Paul</field><field name="id">http://www.semanticweb.org/tedsullivan/ontologies/2015/5/music-10#Les_Paul</field><field name="related_entity1_ss">Mary Ford</field><field name="path">/Musician/Instrumentalist/Guitarist/Les Paul</field><field name="path">/Instrument Manufacturers/Les Paul</field><field name="Musician_Type">Instrumentalist</field><field name="Musician_Type">Guitarist</field><field name="genres_ss">Jazz</field></doc><doc><field name="name">Django Reinhardt</field><field name="id">http://www.semanticweb.org/tedsullivan/ontologies/2015/5/music-10#Django_Reinhardt</field><field name="related_entity1_ss">Stephane Grappelli</field><field name="memberOfGroup_ss.Length">33</field><field name="path">/Musician/Instrumentalist/Guitarist/Django Reinhardt</field><field name="Musician_Type">Instrumentalist</field><field name="Musician_Type">Guitarist</field><field name="genres_ss">Jazz</field><field name="memberOfGroup_ss">Quintet of the Hot Club of France</field><field name="memberOfGroup_ss.MaximumLength"></field></doc><doc><field name="name">Bruce Kulick</field><field name="id">http://www.semanticweb.org/tedsullivan/ontologies/2015/5/music-10#Bruce_Kulick</field><field name="related_entity1_ss">Eric Singer</field><field name="related_entity1_ss">Peter Criss</field><field name="related_entity1_ss">Paul Stanley</field><field name="related_entity1_ss">Mark St. John</field><field name="related_entity1_ss">Gene Simmons</field><field name="related_entity1_ss">Tommy Thayer</field><field name="related_entity1_ss">Vinnie Vincent</field><field name="related_entity1_ss">Ace Frehley</field><field name="related_entity1_ss">Eric Carr</field><field name="memberOfGroup.Count">4</field><field name="memberOfGroup_ss.Length">4</field><field name="path">/Musician/Instrumentalist/Guitarist/Bruce Kulick</field><field name="Musician_Type">Instrumentalist</field><field name="Musician_Type">Guitarist</field><field name="memberOfGroup_ss">Grand Funk Railroad</field><field name="memberOfGroup_ss">Kiss</field><field name="memberOfGroup_ss.MaximumLength"></field></doc><doc><field name="name">Ukulele Player</field><field name="id">http://www.semanticweb.org/tedsullivan/ontologies/2015/5/music-10#Ukulele_Player</field><field name="rdfs:subClassOf">http://www.semanticweb.org/tedsullivan/ontologies/2015/5/music-10#Instrumentalist</field><field name="path">/Instrumentalist/Ukulele Player</field><field name="Musician_Type">Instrumentalist</field></doc><doc><field name="name">Bassist</field><field name="id">http://www.semanticweb.org/tedsullivan/ontologies/2015/5/music-10#Bassist</field><field name="rdfs:subClassOf">http://www.semanticweb.org/tedsullivan/ontologies/2015/5/music-10#Instrumentalist</field><field name="path">/Instrumentalist/Bassist</field><field name="Musician_Type">Instrumentalist</field></doc><doc><field name="name">Harvey Brooks</field><field name="id">http://www.semanticweb.org/tedsullivan/ontologies/2015/5/music-10#Harvey_Brooks</field><field name="path">/Bassist/Harvey Brooks</field><field name="Musician_Type">Instrumentalist</field><field name="Musician_Type">Bassist</field></doc><doc><field name="name">John Entwistle</field><field name="id">http://www.semanticweb.org/tedsullivan/ontologies/2015/5/music-10#John_Entwistle</field><field name="related_entity1_ss">Pete Townshend</field><field name="related_entity1_ss">Roger Daltrey</field><field name="related_entity1_ss">Keith Moon</field><field name="memberOfGroup_ss.Length">7</field><field name="path">/Bassist/John Entwistle</field><field name="Musician_Type">Instrumentalist</field><field name="Musician_Type">Bassist</field><field name="genres_ss">Rock</field><field name="memberOfGroup_ss">The Who</field><field name="memberOfGroup_ss.MaximumLength"></field></doc><doc><field name="name">Jack Six</field><field name="id">http://www.semanticweb.org/tedsullivan/ontologies/2015/5/music-10#Jack_Six</field><field name="related_entity1_ss">Paul Desmond</field><field name="memberOfGroup_ss.Length">20</field><field name="path">/Bassist/Jack Six</field><field name="Musician_Type">Instrumentalist</field><field name="Musician_Type">Bassist</field><field name="genres_ss">Jazz</field><field name="memberOfGroup_ss">Dave Brubeck Quartet</field><field name="memberOfGroup_ss.MaximumLength"></field></doc><doc><field name="name">Greg T. Walker</field><field name="id">http://www.semanticweb.org/tedsullivan/ontologies/2015/5/music-10#Greg_T._Walker</field><field name="related_entity1_ss">Hughie Thomasson</field><field name="related_entity1_ss">Ed King</field><field name="related_entity1_ss">Michael Cartellone</field><field name="related_entity1_ss">Allen Collins</field><field name="related_entity1_ss">Bob Burns</field><field name="related_entity1_ss">Johnny Van Zant</field><field name="related_entity1_ss">Ean Evans</field><field name="related_entity1_ss">Robert Kearns</field><field name="related_entity1_ss">Mark Matejka</field><field name="related_entity1_ss">Larry Junstrom</field><field name="related_entity1_ss">Johnny Colt</field><field name="related_entity1_ss">Leon Wilkeson</field><field name="related_entity1_ss">Steve Gaines</field><field name="related_entity1_ss">Gary Rossington</field><field name="related_entity1_ss">Artimus Pyle</field><field name="related_entity1_ss">Peter Keys</field><field name="related_entity1_ss">Owen Hale</field><field name="related_entity1_ss">Billy Powell</field><field name="related_entity1_ss">Ronnie Van Zant</field><field name="related_entity1_ss">Rickey Medlocke</field><field name="memberOfGroup_ss.Length">14</field><field name="path">/Bassist/Greg T. Walker</field><field name="Musician_Type">Instrumentalist</field><field name="Musician_Type">Bassist</field><field name="memberOfGroup_ss">Lynyrd Skynyrd</field><field name="memberOfGroup_ss.MaximumLength"></field></doc><doc><field name="name">Billy Gould</field><field name="id">http://www.semanticweb.org/tedsullivan/ontologies/2015/5/music-10#Billy_Gould</field><field name="related_entity1_ss">Mike Patton</field><field name="related_entity1_ss">Roddy Bottum</field><field name="related_entity2_ss">Jim Martin</field><field name="related_entity2_ss">Mike Bordin</field><field name="related_entity2_ss">James Blanco Martin</field><field name="memberOfGroup_ss.Length">13</field><field name="related_entity2_ss.Length">19</field><field name="path">/Bassist/Billy Gould</field><field name="Musician_Type">Instrumentalist</field><field name="Musician_Type">Bassist</field><field name="memberOfGroup_ss">Faith No More</field><field name="memberOfGroup_ss.MaximumLength"></field><field name="related_entity2_ss.MaximumLength"></field></doc><doc><field name="name">Kenny Aaronson</field><field name="id">http://www.semanticweb.org/tedsullivan/ontologies/2015/5/music-10#Kenny_Aaronson</field><field name="related_entity1_ss">Brian Delaney</field><field name="related_entity1_ss">Arthur Kane</field><field name="related_entity1_ss">Blackie Lawless</field><field name="related_entity1_ss">Johnny Thunders</field><field name="related_entity1_ss">Chris Robison</field><field name="related_entity1_ss">Steve Conte</field><field name="related_entity1_ss">Billy Murcia</field><field name="related_entity1_ss">Aaron Lee Tasjan</field><field name="related_entity1_ss">Rick Rivets</field><field name="related_entity1_ss">David Johansen</field><field name="related_entity1_ss">Earl Slick</field><field name="related_entity1_ss">Sylvain Sylvain</field><field name="related_entity1_ss">Jerry Nolan</field><field name="related_entity1_ss">Sami Yaffa</field><field name="related_entity1_ss">Jason Hill</field><field name="related_entity1_ss">Frank Infante</field><field name="memberOfGroup_ss.Length">14</field><field name="path">/Bassist/Kenny Aaronson</field><field name="Musician_Type">Instrumentalist</field><field name="Musician_Type">Bassist</field><field name="memberOfGroup_ss">New York Dolls</field><field name="memberOfGroup_ss.MaximumLength"></field></doc><doc><field name="name">Glenn Cornick</field><field name="id">http://www.semanticweb.org/tedsullivan/ontologies/2015/5/music-10#Glenn_Cornick</field><field name="related_entity1_ss">Martin Barre</field><field name="related_entity1_ss">Jeffrey Hammond</field><field name="related_entity1_ss">Ian Anderson</field><field name="related_entity1_ss">Dave Pegg</field><field name="related_entity1_ss">John Evan</field><field name="related_entity1_ss">Barriemore Barlow</field><field name="related_entity1_ss">Clive Bunker</field><field name="related_entity1_ss">Doane Perry</field><field name="hasGenre.Count">4</field><field name="memberOfGroup_ss.Length">11</field><field name="path">/Bassist/Glenn Cornick</field><field name="Musician_Type">Instrumentalist</field><field name="Musician_Type">Bassist</field><field name="genres_ss">Blues</field><field name="genres_ss">Blues Rock</field><field name="genres_ss">Rock</field><field name="memberOfGroup_ss">Jethro Tull</field><field name="memberOfGroup_ss.MaximumLength"></field></doc><doc><field name="name">Roger Glover</field><field name="id">http://www.semanticweb.org/tedsullivan/ontologies/2015/5/music-10#Roger_Glover</field><field name="related_entity1_ss">Ian Gillan</field><field name="related_entity1_ss">Ian Paice</field><field name="related_entity1_ss">Ritchie Blackmore</field><field name="related_entity1_ss">Jon Lord</field><field name="memberOfGroup_ss.Length">11</field><field name="path">/Bassist/Roger Glover</field><field name="Musician_Type">Instrumentalist</field><field name="Musician_Type">Bassist</field><field name="memberOfGroup_ss">Deep Purple</field><field name="memberOfGroup_ss.MaximumLength"></field></doc><doc><field name="name">Tom Hamilton</field><field name="id">http://www.semanticweb.org/tedsullivan/ontologies/2015/5/music-10#Tom_Hamilton</field><field name="related_entity1_ss">Brad Whitford</field><field name="related_entity1_ss">Joe Perry</field><field name="related_entity1_ss">Ray Tabano</field><field name="related_entity1_ss">Steven Tyler</field><field name="related_entity1_ss">Rick Dufay</field><field name="related_entity1_ss">Jimmy Crespo</field><field name="related_entity1_ss">Joey Kramer</field><field name="memberOfGroup_ss.Length">9</field><field name="path">/Bassist/Tom Hamilton</field><field name="Musician_Type">Instrumentalist</field><field name="Musician_Type">Bassist</field><field name="memberOfGroup_ss">Aerosmith</field><field name="memberOfGroup_ss.MaximumLength"></field></doc><doc><field name="name">Greg Lake</field><field name="id">http://www.semanticweb.org/tedsullivan/ontologies/2015/5/music-10#Greg_Lake</field><field name="related_entity1_ss">Keith Emerson</field><field name="related_entity2_ss">Richard Fraser</field><field name="related_entity2_ss">Emerson Lake And Palmer</field><field name="related_entity2_ss">Peter Sinfield</field><field name="related_entity2_ss">Carl Palmer</field><field name="memberOfGroup.Count">4</field><field name="memberOfGroup_ss.Length">12</field><field name="related_entity2_ss.Length">11</field><field name="path">/Bassist/Greg Lake</field><field name="Musician_Type">Instrumentalist</field><field name="Musician_Type">Bassist</field><field name="genres_ss">Rock</field><field name="memberOfGroup_ss">Emerson Lake And Palmer</field><field name="memberOfGroup_ss">King Crimson</field><field name="memberOfGroup_ss.MaximumLength"></field><field name="related_entity2_ss.MaximumLength"></field></doc><doc><field name="name">Steve Boone</field><field name="id">http://www.semanticweb.org/tedsullivan/ontologies/2015/5/music-10#Steve_Boone</field><field name="related_entity1_ss">Jerry Yester</field><field name="related_entity1_ss">Mark Sebastian</field><field name="related_entity1_ss">John Sebastian</field><field name="memberOfGroup_ss.Length">19</field><field name="path">/Bassist/Steve Boone</field><field name="Musician_Type">Instrumentalist</field><field name="Musician_Type">Bassist</field><field name="memberOfGroup_ss">The Lovin' Spoonful</field><field name="memberOfGroup_ss.MaximumLength"></field></doc><doc><field name="name">Stu Cook</field><field name="id">http://www.semanticweb.org/tedsullivan/ontologies/2015/5/music-10#Stu_Cook</field><field name="related_entity1_ss">John Fogerty</field><field name="related_entity1_ss">Tom Fogerty</field><field name="related_entity1_ss">Doug Clifford</field><field name="memberOfGroup_ss.Length">28</field><field name="path">/Bassist/Stu Cook</field><field name="Musician_Type">Instrumentalist</field><field name="Musician_Type">Bassist</field><field name="genres_ss">Rock</field><field name="memberOfGroup_ss">Creedence Clearwater Revival</field><field name="memberOfGroup_ss.MaximumLength"></field></doc><doc><field name="name">John Paul Jones</field><field name="id">http://www.semanticweb.org/tedsullivan/ontologies/2015/5/music-10#John_Paul_Jones</field><field name="related_entity1_ss">Jimmy Page</field><field name="related_entity1_ss">Robert Plant</field><field name="related_entity2_ss">John Bonham</field><field name="related_entity2_ss">Willie Dixon</field><field name="related_entity2_ss">Memphis Minnie</field><field name="memberOfGroup_ss.Length">12</field><field name="related_entity2_ss.Length">14</field><field name="path">/Bassist/John Paul Jones</field><field name="Musician_Type">Instrumentalist</field><field name="Musician_Type">Bassist</field><field name="genres_ss">Rock</field><field name="memberOfGroup_ss">Led Zeppelin</field><field name="memberOfGroup_ss.MaximumLength"></field><field name="related_entity2_ss.MaximumLength"></field></doc><doc><field name="name">Berry Oakley</field><field name="id">http://www.semanticweb.org/tedsullivan/ontologies/2015/5/music-10#Berry_Oakley</field><field name="related_entity1_ss">Dickie Betts</field><field name="related_entity1_ss">Jai Johanny Johanson</field><field name="related_entity1_ss">Butch Trucks</field><field name="related_entity1_ss">Chuck Leavell</field><field name="related_entity1_ss">Duane Allman</field><field name="related_entity1_ss">Greg Allman</field><field name="related_entity1_ss">Allen Woody</field><field name="memberOfGroup_ss.Length">20</field><field name="path">/Bassist/Berry Oakley</field><field name="Musician_Type">Instrumentalist</field><field name="Musician_Type">Bassist</field><field name="memberOfGroup_ss">Allman Brothers Band</field><field name="memberOfGroup_ss.MaximumLength"></field></doc><doc><field name="name">Arthur Kane</field><field name="id">http://www.semanticweb.org/tedsullivan/ontologies/2015/5/music-10#Arthur_Kane</field><field name="related_entity1_ss">Brian Delaney</field><field name="related_entity1_ss">Blackie Lawless</field><field name="related_entity1_ss">Johnny Thunders</field><field name="related_entity1_ss">Kenny Aaronson</field><field name="related_entity1_ss">Chris Robison</field><field name="related_entity1_ss">Steve Conte</field><field name="related_entity1_ss">Billy Murcia</field><field name="related_entity1_ss">Aaron Lee Tasjan</field><field name="related_entity1_ss">Rick Rivets</field><field name="related_entity1_ss">David Johansen</field><field name="related_entity1_ss">Earl Slick</field><field name="related_entity1_ss">Sylvain Sylvain</field><field name="related_entity1_ss">Jerry Nolan</field><field name="related_entity1_ss">Sami Yaffa</field><field name="related_entity1_ss">Jason Hill</field><field name="related_entity1_ss">Frank Infante</field><field name="memberOfGroup_ss.Length">14</field><field name="path">/Bassist/Arthur Kane</field><field name="Musician_Type">Instrumentalist</field><field name="Musician_Type">Bassist</field><field name="memberOfGroup_ss">New York Dolls</field><field name="memberOfGroup_ss.MaximumLength"></field></doc><doc><field name="name">Ean Evans</field><field name="id">http://www.semanticweb.org/tedsullivan/ontologies/2015/5/music-10#Ean_Evans</field><field name="related_entity1_ss">Hughie Thomasson</field><field name="related_entity1_ss">Ed King</field><field name="related_entity1_ss">Michael Cartellone</field><field name="related_entity1_ss">Allen Collins</field><field name="related_entity1_ss">Bob Burns</field><field name="related_entity1_ss">Johnny Van Zant</field><field name="related_entity1_ss">Robert Kearns</field><field name="related_entity1_ss">Mark Matejka</field><field name="related_entity1_ss">Larry Junstrom</field><field name="related_entity1_ss">Johnny Colt</field><field name="related_entity1_ss">Leon Wilkeson</field><field name="related_entity1_ss">Steve Gaines</field><field name="related_entity1_ss">Gary Rossington</field><field name="related_entity1_ss">Artimus Pyle</field><field name="related_entity1_ss">Peter Keys</field><field name="related_entity1_ss">Owen Hale</field><field name="related_entity1_ss">Billy Powell</field><field name="related_entity1_ss">Ronnie Van Zant</field><field name="related_entity1_ss">Greg T. Walker</field><field name="related_entity1_ss">Rickey Medlocke</field><field name="memberOfGroup_ss.Length">14</field><field name="path">/Bassist/Ean Evans</field><field name="Musician_Type">Instrumentalist</field><field name="Musician_Type">Bassist</field><field name="memberOfGroup_ss">Lynyrd Skynyrd</field><field name="memberOfGroup_ss.MaximumLength"></field></doc><doc><field name="name">Ashley Purdy</field><field name="id">http://www.semanticweb.org/tedsullivan/ontologies/2015/5/music-10#Ashley_Purdy</field><field name="related_entity1_ss">Jake Pitts</field><field name="related_entity1_ss">Christian 'CC' Coma</field><field name="related_entity1_ss">Jinxx</field><field name="related_entity1_ss">Andy Biersack</field><field name="memberOfGroup_ss.Length">17</field><field name="path">/Instrumentalist/Bassist/Ashley Purdy</field><field name="Musician_Type">Instrumentalist</field><field name="Musician_Type">Bassist</field><field name="memberOfGroup_ss">Black Veil Brides</field><field name="memberOfGroup_ss.MaximumLength"></field></doc><doc><field name="name">Bernie Calvert</field><field name="id">http://www.semanticweb.org/tedsullivan/ontologies/2015/5/music-10#Bernie_Calvert</field><field name="related_entity1_ss">Mikael Rickfors</field><field name="related_entity1_ss">Terry Sylvester</field><field name="related_entity1_ss">Graham Nash</field><field name="related_entity1_ss">Bobby Elliott</field><field name="related_entity1_ss">Peter Howarth</field><field name="related_entity1_ss">Vic Steele</field><field name="related_entity1_ss">Ray Stiles</field><field name="related_entity1_ss">Ian Parker</field><field name="related_entity1_ss">Allan Clarke</field><field name="related_entity1_ss">Tony Hicks</field><field name="related_entity1_ss">Steve Lauri</field><field name="related_entity1_ss">Eric Haydock</field><field name="hasGenre.Count">4</field><field name="memberOfGroup_ss.Length">11</field><field name="path">/Instrumentalist/Bassist/Bernie Calvert</field><field name="path">/Keyboardist/Bernie Calvert</field><field name="Musician_Type">Instrumentalist</field><field name="Musician_Type">Bassist</field><field name="Musician_Type">Keyboardist</field><field name="genres_ss">Popular</field><field name="genres_ss">Pop</field><field name="genres_ss">Rock</field><field name="memberOfGroup_ss">The Hollies</field><field name="memberOfGroup_ss.MaximumLength"></field></doc><doc><field name="name">Kevin McCormick</field><field name="id">http://www.semanticweb.org/tedsullivan/ontologies/2015/5/music-10#Kevin_McCormick</field><field name="related_entity1_ss">Harvey Mandel</field><field name="related_entity1_ss">Tony Reeves</field><field name="related_entity1_ss">John Paulus</field><field name="related_entity1_ss">Hank Van Sickle</field><field name="related_entity1_ss">Don ,",Sugarcane,", Harris</field><field name="related_entity1_ss">Coco Montoya</field><field name="related_entity1_ss">Randy Resnick</field><field name="related_entity1_ss">Ross Appleman</field><field name="related_entity1_ss">Simon Bateman</field><field name="related_entity1_ss">John McVie</field><field name="related_entity1_ss">Mick Taylor</field><field name="related_entity1_ss">Victor Gaskin</field><field name="related_entity1_ss">Buddy Whittington</field><field name="related_entity1_ss">Rick Cortes</field><field name="related_entity1_ss">Peter Green</field><field name="related_entity1_ss">Jack Bruce</field><field name="related_entity1_ss">Kal David</field><field name="related_entity1_ss">Malcolm Poole</field><field name="related_entity1_ss">John Mayall</field><field name="related_entity1_ss">Eric Clapton</field><field name="related_entity1_ss">Andy Fraser</field><field name="related_entity1_ss">Larry Taylor</field><field name="related_entity1_ss">John Weider</field><field name="related_entity1_ss">Mick Fleetwood</field><field name="related_entity1_ss">James Quill Smith</field><field name="related_entity1_ss">Abu Talib</field><field name="related_entity1_ss">Bernie Watson</field><field name="related_entity1_ss">Roger Dean</field><field name="related_entity1_ss">Geoff Krivet</field><field name="related_entity1_ss">Walter Trout</field><field name="related_entity1_ss">Hughie Flint</field><field name="memberOfGroup_ss.Length">27</field><field name="path">/Instrumentalist/Bassist/Kevin McCormick</field><field name="Musician_Type">Instrumentalist</field><field name="Musician_Type">Bassist</field><field name="memberOfGroup_ss">John Mayall's Bluesbreakers</field><field name="memberOfGroup_ss.MaximumLength"></field></doc><doc><field name="name">Rob Bailey</field><field name="id">http://www.semanticweb.org/tedsullivan/ontologies/2015/5/music-10#Rob_Bailey</field><field name="related_entity1_ss">Colin Burgess</field><field name="related_entity1_ss">Chris Slade</field><field name="related_entity1_ss">Cliff Williams</field><field name="related_entity1_ss">Stevie Young</field><field name="related_entity1_ss">Peter Clack</field><field name="related_entity1_ss">Angus Young</field><field name="related_entity1_ss">Brian Johnson</field><field name="related_entity1_ss">Larry Van Kriedt</field><field name="related_entity1_ss">Bon Scott</field><field name="related_entity1_ss">Malcolm Young</field><field name="related_entity1_ss">Dave Evans</field><field name="memberOfGroup_ss.Length">5</field><field name="path">/Instrumentalist/Bassist/Rob Bailey</field><field name="Musician_Type">Instrumentalist</field><field name="Musician_Type">Bassist</field><field name="memberOfGroup_ss">AC/DC</field><field name="memberOfGroup_ss.MaximumLength"></field></doc><doc><field name="name">Noel Redding</field><field name="id">http://www.semanticweb.org/tedsullivan/ontologies/2015/5/music-10#Noel_Redding</field><field name="related_entity1_ss">Jimi Hendrix</field><field name="memberOfGroup_ss.Length">23</field><field name="path">/Instrumentalist/Bassist/Noel Redding</field><field name="Musician_Type">Instrumentalist</field><field name="Musician_Type">Bassist</field><field name="genres_ss">Rock</field><field name="memberOfGroup_ss">Jimi Hendrix Experience</field><field name="memberOfGroup_ss.MaximumLength"></field></doc><doc><field name="name">Ray Stiles</field><field name="id">http://www.semanticweb.org/tedsullivan/ontologies/2015/5/music-10#Ray_Stiles</field><field name="related_entity1_ss">Mikael Rickfors</field><field name="related_entity1_ss">Terry Sylvester</field><field name="related_entity1_ss">Graham Nash</field><field name="related_entity1_ss">Bobby Elliott</field><field name="related_entity1_ss">Peter Howarth</field><field name="related_entity1_ss">Vic Steele</field><field name="related_entity1_ss">Ian Parker</field><field name="related_entity1_ss">Allan Clarke</field><field name="related_entity1_ss">Tony Hicks</field><field name="related_entity1_ss">Steve Lauri</field><field name="related_entity1_ss">Eric Haydock</field><field name="related_entity1_ss">Bernie Calvert</field><field name="memberOfGroup_ss.Length">11</field><field name="path">/Instrumentalist/Bassist/Ray Stiles</field><field name="Musician_Type">Instrumentalist</field><field name="Musician_Type">Bassist</field><field name="genres_ss">Rock</field><field name="memberOfGroup_ss">The Hollies</field><field name="memberOfGroup_ss.MaximumLength"></field></doc><doc><field name="name">Phil Lesh</field><field name="id">http://www.semanticweb.org/tedsullivan/ontologies/2015/5/music-10#Phil_Lesh</field><field name="related_entity1_ss">Robert Hunter</field><field name="related_entity1_ss">Jerry Garcia</field><field name="related_entity2_ss">Mickey Hart</field><field name="related_entity2_ss">Ron 'Pigpen' McKernan</field><field name="related_entity2_ss">Bob Weir</field><field name="related_entity2_ss">Bill Kreutzmann</field><field name="memberOfGroup_ss.Length">13</field><field name="related_entity2_ss.Length">15</field><field name="path">/Instrumentalist/Bassist/Phil Lesh</field><field name="Musician_Type">Instrumentalist</field><field name="Musician_Type">Bassist</field><field name="memberOfGroup_ss">Grateful Dead</field><field name="memberOfGroup_ss.MaximumLength"></field><field name="related_entity2_ss.MaximumLength"></field></doc><doc><field name="name">Eric Haydock</field><field name="id">http://www.semanticweb.org/tedsullivan/ontologies/2015/5/music-10#Eric_Haydock</field><field name="related_entity1_ss">Mikael Rickfors</field><field name="related_entity1_ss">Terry Sylvester</field><field name="related_entity1_ss">Graham Nash</field><field name="related_entity1_ss">Bobby Elliott</field><field name="related_entity1_ss">Peter Howarth</field><field name="related_entity1_ss">Vic Steele</field><field name="related_entity1_ss">Ray Stiles</field><field name="related_entity1_ss">Ian Parker</field><field name="related_entity1_ss">Allan Clarke</field><field name="related_entity1_ss">Tony Hicks</field><field name="related_entity1_ss">Steve Lauri</field><field name="related_entity1_ss">Bernie Calvert</field><field name="hasGenre.Count">4</field><field name="memberOfGroup_ss.Length">11</field><field name="path">/Instrumentalist/Bassist/Eric Haydock</field><field name="Musician_Type">Instrumentalist</field><field name="Musician_Type">Bassist</field><field name="genres_ss">Popular</field><field name="genres_ss">Pop</field><field name="genres_ss">Rock</field><field name="memberOfGroup_ss">The Hollies</field><field name="memberOfGroup_ss.MaximumLength"></field></doc><doc><field name="name">Jim Kale</field><field name="id">http://www.semanticweb.org/tedsullivan/ontologies/2015/5/music-10#Jim_Kale</field><field name="related_entity1_ss">Burton Cummings</field><field name="related_entity1_ss">Randy Bachman</field><field name="related_entity1_ss">Garry Peterson</field><field name="memberOfGroup_ss.Length">9</field><field name="path">/Instrumentalist/Bassist/Jim Kale</field><field name="Musician_Type">Instrumentalist</field><field name="Musician_Type">Bassist</field><field name="genres_ss">Rock</field><field name="memberOfGroup_ss">Guess Who</field><field name="memberOfGroup_ss.MaximumLength"></field></doc><doc><field name="name">Mark Clarke</field><field name="id">http://www.semanticweb.org/tedsullivan/ontologies/2015/5/music-10#Mark_Clarke</field><field name="related_entity1_ss">Corky Laing</field><field name="related_entity1_ss">Felix Pappalardi</field><field name="related_entity1_ss">Steve Knight</field><field name="memberOfGroup_ss.Length">8</field><field name="path">/Instrumentalist/Bassist/Mark Clarke</field><field name="Musician_Type">Instrumentalist</field><field name="Musician_Type">Bassist</field><field name="memberOfGroup_ss">Mountain</field><field name="memberOfGroup_ss.MaximumLength"></field></doc><doc><field name="name">Larry Wright</field><field name="id">http://www.semanticweb.org/tedsullivan/ontologies/2015/5/music-10#Larry_Wright</field><field name="related_entity1_ss">Larry Coverdale</field><field name="related_entity1_ss">Tommy James</field><field name="related_entity1_ss">Craig Villeneuve</field><field name="related_entity1_ss">Peter Lucia, Jr.</field><field name="related_entity1_ss">Jim Payne</field><field name="memberOfGroup_ss.Length">29</field><field name="path">/Instrumentalist/Bassist/Larry Wright</field><field name="Musician_Type">Instrumentalist</field><field name="Musician_Type">Bassist</field><field name="memberOfGroup_ss">Tommy James and the Shondells</field><field name="memberOfGroup_ss.MaximumLength"></field></doc><doc><field name="name">Jared Michael Nickerson</field><field name="id">http://www.semanticweb.org/tedsullivan/ontologies/2015/5/music-10#Jared_Michael_Nickerson</field><field name="related_entity1_ss">Keith Joyner</field><field name="related_entity1_ss">Peter Ashworth</field><field name="related_entity1_ss">James Eller</field><field name="related_entity1_ss">Brian MacLeod</field><field name="related_entity1_ss">Earl Harvin</field><field name="related_entity1_ss">Eric Schermerhorn</field><field name="related_entity1_ss">Simon Fisher Turner</field><field name="related_entity1_ss">Johnny Marr</field><field name="related_entity1_ss">Colin Lloyd Tucker</field><field name="related_entity1_ss">Spencer Campbell</field><field name="related_entity1_ss">Jim Fitting</field><field name="related_entity1_ss">Matt Johnson</field><field name="related_entity1_ss">Tom Johnston</field><field name="related_entity1_ss">Gail Ann Dorsey</field><field name="related_entity1_ss">D.C. Collard</field><field name="related_entity1_ss">Keith Laws</field><field name="memberOfGroup_ss.Length">7</field><field name="path">/Instrumentalist/Bassist/Jared Michael Nickerson</field><field name="Musician_Type">Instrumentalist</field><field name="Musician_Type">Bassist</field><field name="memberOfGroup_ss">The The</field><field name="memberOfGroup_ss.MaximumLength"></field></doc><doc><field name="name">Pete Quaife</field><field name="id">http://www.semanticweb.org/tedsullivan/ontologies/2015/5/music-10#Pete_Quaife</field><field name="related_entity1_ss">Nicky Hopkins</field><field name="related_entity1_ss">Ray Davies</field><field name="related_entity1_ss">Dave Davies</field><field name="memberOfGroup_ss.Length">9</field><field name="path">/Instrumentalist/Bassist/Pete Quaife</field><field name="Musician_Type">Instrumentalist</field><field name="Musician_Type">Bassist</field><field name="memberOfGroup_ss">The Kinks</field><field name="memberOfGroup_ss.MaximumLength"></field></doc><doc><field name="name">Ray Pohlman</field><field name="id">http://www.semanticweb.org/tedsullivan/ontologies/2015/5/music-10#Ray_Pohlman</field><field name="related_entity1_ss">Barney Kessel</field><field name="related_entity1_ss">Carol Kaye</field><field name="related_entity1_ss">Bill Pitman</field><field name="related_entity1_ss">Joe Porcaro</field><field name="related_entity1_ss">Larry Knechtel</field><field name="related_entity1_ss">Billy Strange</field><field name="related_entity1_ss">Howard Roberts</field><field name="related_entity1_ss">Max Bennett</field><field name="related_entity1_ss">Frank Capp</field><field name="related_entity1_ss">Hal Blaine</field><field name="related_entity1_ss">Plas Johnson</field><field name="related_entity1_ss">Bill Aiken</field><field name="related_entity1_ss">Lyle Ritz</field><field name="related_entity1_ss">Tommy Tedesco</field><field name="related_entity1_ss">Leon Russell</field><field name="related_entity1_ss">Julius Wechter</field><field name="related_entity1_ss">Mike Melvoin</field><field name="related_entity1_ss">John Clauder</field><field name="memberOfGroup_ss.Length">17</field><field name="path">/Instrumentalist/Bassist/Ray Pohlman</field><field name="Musician_Type">Instrumentalist</field><field name="Musician_Type">Bassist</field><field name="memberOfGroup_ss">The Wrecking Crew</field><field name="memberOfGroup_ss.MaximumLength"></field></doc><doc><field name="name">Adam Clayton</field><field name="id">http://www.semanticweb.org/tedsullivan/ontologies/2015/5/music-10#Adam_Clayton</field><field name="related_entity1_ss">Bono</field><field name="related_entity1_ss">Larry Mullen Jr.</field><field name="related_entity1_ss">The Edge</field><field name="related_entity1_ss">U2</field><field name="memberOfGroup_ss.Length">2</field><field name="path">/Instrumentalist/Bassist/Adam Clayton</field><field name="Musician_Type">Instrumentalist</field><field name="Musician_Type">Bassist</field><field name="memberOfGroup_ss">U2</field><field name="memberOfGroup_ss.MaximumLength"></field></doc><doc><field name="name">Tony Reeves</field><field name="id">http://www.semanticweb.org/tedsullivan/ontologies/2015/5/music-10#Tony_Reeves</field><field name="related_entity1_ss">Harvey Mandel</field><field name="related_entity1_ss">John Paulus</field><field name="related_entity1_ss">Hank Van Sickle</field><field name="related_entity1_ss">Don ,",Sugarcane,", Harris</field><field name="related_entity1_ss">Coco Montoya</field><field name="related_entity1_ss">Randy Resnick</field><field name="related_entity1_ss">Ross Appleman</field><field name="related_entity1_ss">Simon Bateman</field><field name="related_entity1_ss">John McVie</field><field name="related_entity1_ss">Mick Taylor</field><field name="related_entity1_ss">Victor Gaskin</field><field name="related_entity1_ss">Buddy Whittington</field><field name="related_entity1_ss">Rick Cortes</field><field name="related_entity1_ss">Peter Green</field><field name="related_entity1_ss">Jack Bruce</field><field name="related_entity1_ss">Kal David</field><field name="related_entity1_ss">Malcolm Poole</field><field name="related_entity1_ss">John Mayall</field><field name="related_entity1_ss">Eric Clapton</field><field name="related_entity1_ss">Andy Fraser</field><field name="related_entity1_ss">Larry Taylor</field><field name="related_entity1_ss">John Weider</field><field name="related_entity1_ss">Mick Fleetwood</field><field name="related_entity1_ss">James Quill Smith</field><field name="related_entity1_ss">Abu Talib</field><field name="related_entity1_ss">Kevin McCormick</field><field name="related_entity1_ss">Bernie Watson</field><field name="related_entity1_ss">Roger Dean</field><field name="related_entity1_ss">Geoff Krivet</field><field name="related_entity1_ss">Walter Trout</field><field name="related_entity1_ss">Hughie Flint</field><field name="memberOfGroup_ss.Length">27</field><field name="path">/Instrumentalist/Bassist/Tony Reeves</field><field name="Musician_Type">Instrumentalist</field><field name="Musician_Type">Bassist</field><field name="memberOfGroup_ss">John Mayall's Bluesbreakers</field><field name="memberOfGroup_ss.MaximumLength"></field></doc><doc><field name="name">Chas Chandler</field><field name="id">http://www.semanticweb.org/tedsullivan/ontologies/2015/5/music-10#Chas_Chandler</field><field name="related_entity1_ss">Hilton Valentine</field><field name="related_entity1_ss">John Weider</field><field name="related_entity1_ss">Eric Burdon</field><field name="related_entity1_ss">John Steel</field><field name="related_entity1_ss">Barry Jenkins</field><field name="related_entity1_ss">Danny McCulloch</field><field name="related_entity1_ss">Alan Price</field><field name="related_entity1_ss">Vic Briggs</field><field name="memberOfGroup_ss.Length">11</field><field name="path">/Instrumentalist/Bassist/Chas Chandler</field><field name="Musician_Type">Instrumentalist</field><field name="Musician_Type">Bassist</field><field name="memberOfGroup_ss">The Animals</field><field name="memberOfGroup_ss.MaximumLength"></field></doc><doc><field name="name">Danny McCulloch</field><field name="id">http://www.semanticweb.org/tedsullivan/ontologies/2015/5/music-10#Danny_McCulloch</field><field name="related_entity1_ss">John Weider</field><field name="related_entity1_ss">Eric Burdon</field><field name="related_entity1_ss">Barry Jenkins</field><field name="related_entity1_ss">Vic Briggs</field><field name="related_entity2_ss">Hilton Valentine</field><field name="related_entity2_ss">Chas Chandler</field><field name="related_entity2_ss">John Steel</field><field name="related_entity2_ss">Alan Price</field><field name="memberOfGroup_ss.Length">11</field><field name="related_entity2_ss.Length">10</field><field name="path">/Instrumentalist/Bassist/Danny McCulloch</field><field name="Musician_Type">Instrumentalist</field><field name="Musician_Type">Bassist</field><field name="memberOfGroup_ss">The Animals</field><field name="memberOfGroup_ss.MaximumLength"></field><field name="related_entity2_ss.MaximumLength"></field></doc><doc><field name="name">Fred Smith</field><field name="id">http://www.semanticweb.org/tedsullivan/ontologies/2015/5/music-10#Fred_Smith</field><field name="related_entity1_ss">Jimmy Rip</field><field name="related_entity1_ss">Billy Ficca</field><field name="related_entity1_ss">Richard Hell</field><field name="related_entity1_ss">Richard Lloyd</field><field name="related_entity1_ss">Tom Verlaine</field><field name="memberOfGroup_ss.Length">10</field><field name="path">/Instrumentalist/Bassist/Fred Smith</field><field name="Musician_Type">Instrumentalist</field><field name="Musician_Type">Bassist</field><field name="memberOfGroup_ss">Television</field><field name="memberOfGroup_ss.MaximumLength"></field></doc><doc><field name="name">Rick Rosas</field><field name="id">http://www.semanticweb.org/tedsullivan/ontologies/2015/5/music-10#Rick_Rosas</field><field name="path">/Instrumentalist/Bassist/Rick Rosas</field><field name="Musician_Type">Instrumentalist</field><field name="Musician_Type">Bassist</field></doc><doc><field name="name">James Eller</field><field name="id">http://www.semanticweb.org/tedsullivan/ontologies/2015/5/music-10#James_Eller</field><field name="related_entity1_ss">Keith Joyner</field><field name="related_entity1_ss">Jared Michael Nickerson</field><field name="related_entity1_ss">Peter Ashworth</field><field name="related_entity1_ss">Brian MacLeod</field><field name="related_entity1_ss">Earl Harvin</field><field name="related_entity1_ss">Eric Schermerhorn</field><field name="related_entity1_ss">Simon Fisher Turner</field><field name="related_entity1_ss">Johnny Marr</field><field name="related_entity1_ss">Colin Lloyd Tucker</field><field name="related_entity1_ss">Spencer Campbell</field><field name="related_entity1_ss">Jim Fitting</field><field name="related_entity1_ss">Matt Johnson</field><field name="related_entity1_ss">Tom Johnston</field><field name="related_entity1_ss">Gail Ann Dorsey</field><field name="related_entity1_ss">D.C. Collard</field><field name="related_entity1_ss">Keith Laws</field><field name="memberOfGroup_ss.Length">7</field><field name="path">/Instrumentalist/Bassist/James Eller</field><field name="Musician_Type">Instrumentalist</field><field name="Musician_Type">Bassist</field><field name="memberOfGroup_ss">The The</field><field name="memberOfGroup_ss.MaximumLength"></field></doc></add>
