<add><doc><field name="name">Charlie Ryan</field><field name="id">http://www.semanticweb.org/tedsullivan/ontologies/2015/5/music-10#Charlie_Ryan</field><field name="Music_Writer_Type">Composer</field><field name="Music_Writer_Type">Songwriter</field><field name="path">/Musician/Singer/Charlie Ryan</field><field name="path">/Songwriter/Charlie Ryan</field><field name="Musician_Type">Singer</field></doc><doc><field name="name">Dave Stewart</field><field name="id">http://www.semanticweb.org/tedsullivan/ontologies/2015/5/music-10#Dave_Stewart</field><field name="related_entity1_ss">Annie Lennox</field><field name="related_entity2_ss">Eurythmics</field><field name="Music_Writer_Type">Composer</field><field name="Music_Writer_Type">Songwriter</field><field name="memberOfGroup_ss.Length">10</field><field name="related_entity2_ss.Length">10</field><field name="path">/Instrumentalist/Bassist/Dave Stewart</field><field name="path">/Instrumentalist/Guitarist/Dave Stewart</field><field name="path">/Keyboardist/Dave Stewart</field><field name="path">/Musician/Singer/Dave Stewart</field><field name="path">/Songwriter/Dave Stewart</field><field name="Musician_Type">Instrumentalist</field><field name="Musician_Type">Bassist</field><field name="Musician_Type">Guitarist</field><field name="Musician_Type">Keyboardist</field><field name="Musician_Type">Singer</field><field name="memberOfGroup_ss">Eurythmics</field><field name="memberOfGroup_ss.MaximumLength"></field><field name="related_entity2_ss.MaximumLength"></field></doc><doc><field name="name">Fred Neil</field><field name="id">http://www.semanticweb.org/tedsullivan/ontologies/2015/5/music-10#Fred_Neil</field><field name="Music_Writer_Type">Composer</field><field name="Music_Writer_Type">Songwriter</field><field name="hasGenre.Count">4</field><field name="path">/Instrumentalist/Guitarist/Fred Neil</field><field name="path">/Musician/Singer/Fred Neil</field><field name="path">/Songwriter/Fred Neil</field><field name="Musician_Type">Instrumentalist</field><field name="Musician_Type">Guitarist</field><field name="Musician_Type">Singer</field><field name="genres_ss">Blues</field><field name="genres_ss">Folk</field></doc><doc><field name="name">Tony Banks</field><field name="id">http://www.semanticweb.org/tedsullivan/ontologies/2015/5/music-10#Tony_Banks</field><field name="related_entity1_ss">Mike Rutherford</field><field name="related_entity1_ss">Phil Collins</field><field name="related_entity1_ss">Peter Gabriel</field><field name="Music_Writer_Type">Composer</field><field name="Music_Writer_Type">Songwriter</field><field name="memberOfGroup_ss.Length">7</field><field name="path">/Instrumentalist/Guitarist/Tony Banks</field><field name="path">/Keyboardist/Tony Banks</field><field name="path">/Musician/Singer/Tony Banks</field><field name="path">/Songwriter/Tony Banks</field><field name="Musician_Type">Instrumentalist</field><field name="Musician_Type">Guitarist</field><field name="Musician_Type">Keyboardist</field><field name="Musician_Type">Singer</field><field name="memberOfGroup_ss">Genesis</field><field name="memberOfGroup_ss.MaximumLength"></field></doc><doc><field name="name">Dick Winfree</field><field name="id">http://www.semanticweb.org/tedsullivan/ontologies/2015/5/music-10#Dick_Winfree</field><field name="related_entity1_ss">Phil Boutelje</field><field name="Music_Writer_Type">Composer</field><field name="Music_Writer_Type">Songwriter</field><field name="path">/Songwriter/Dick Winfree</field></doc><doc><field name="name">Eddie Cochran</field><field name="id">http://www.semanticweb.org/tedsullivan/ontologies/2015/5/music-10#Eddie_Cochran</field><field name="related_entity1_ss">Jerry Capehart</field><field name="Music_Writer_Type">Composer</field><field name="Music_Writer_Type">Songwriter</field><field name="path">/Instrumentalist/Guitarist/Eddie Cochran</field><field name="path">/Musician/Singer/Eddie Cochran</field><field name="path">/Songwriter/Eddie Cochran</field><field name="Musician_Type">Instrumentalist</field><field name="Musician_Type">Guitarist</field><field name="Musician_Type">Singer</field><field name="genres_ss">Country</field><field name="genres_ss">Rockabilly</field><field name="genres_ss">Rock</field></doc><doc><field name="name">Bruce Sussman</field><field name="id">http://www.semanticweb.org/tedsullivan/ontologies/2015/5/music-10#Bruce_Sussman</field><field name="related_entity1_ss">Jack Feldman</field><field name="related_entity1_ss">Barry Manilow</field><field name="Music_Writer_Type">Composer</field><field name="Music_Writer_Type">Songwriter</field><field name="path">/Songwriter/Bruce Sussman</field></doc><doc><field name="name">Jeff Barry</field><field name="id">http://www.semanticweb.org/tedsullivan/ontologies/2015/5/music-10#Jeff_Barry</field><field name="related_entity1_ss">Phil Spector</field><field name="related_entity1_ss">Ellie Greenwich</field><field name="related_entity1_ss">Andy Kim</field><field name="related_entity1_ss">Monkees</field><field name="Music_Writer_Type">Composer</field><field name="Music_Writer_Type">Songwriter</field><field name="path">/Record Producer/Jeff Barry</field><field name="path">/Musician/Singer/Jeff Barry</field><field name="path">/Songwriter/Jeff Barry</field><field name="Musician_Type">Singer</field></doc><doc><field name="name">Sheena Easton</field><field name="id">http://www.semanticweb.org/tedsullivan/ontologies/2015/5/music-10#Sheena_Easton</field><field name="related_entity1_ss">Prince</field><field name="hasGenre.Count">8</field><field name="related_entity2_ss.Length">12</field><field name="path">/Record Producer/Sheena Easton</field><field name="path">/Musician/Singer/Sheena Easton</field><field name="path">/Songwriter/Sheena Easton</field><field name="related_entity2_ss">Kenny Rogers</field><field name="Music_Writer_Type">Composer</field><field name="Music_Writer_Type">Songwriter</field><field name="Musician_Type">Singer</field><field name="genres_ss">Country</field><field name="genres_ss">Dance Music</field><field name="genres_ss">Popular</field><field name="genres_ss">Pop</field><field name="genres_ss">R&amp;B</field><field name="related_entity2_ss.MaximumLength"></field></doc><doc><field name="name">William J. Hill</field><field name="id">http://www.semanticweb.org/tedsullivan/ontologies/2015/5/music-10#William_J._Hill</field><field name="related_entity1_ss">Lyle Lovett</field><field name="Music_Writer_Type">Composer</field><field name="Music_Writer_Type">Songwriter</field><field name="path">/Songwriter/William J. Hill</field></doc><doc><field name="name">Bill Norvas</field><field name="id">http://www.semanticweb.org/tedsullivan/ontologies/2015/5/music-10#Bill_Norvas</field><field name="related_entity1_ss">George Brunies</field><field name="related_entity1_ss">Walter Melrose</field><field name="related_entity1_ss">Mel Stitzel</field><field name="related_entity1_ss">Paul Mares</field><field name="related_entity1_ss">Ben Pollack</field><field name="related_entity1_ss">Alan Copeland</field><field name="related_entity1_ss">Leon Roppolo</field><field name="Music_Writer_Type">Composer</field><field name="Music_Writer_Type">Songwriter</field><field name="path">/Songwriter/Bill Norvas</field></doc><doc><field name="name">Dash Crofts</field><field name="id">http://www.semanticweb.org/tedsullivan/ontologies/2015/5/music-10#Dash_Crofts</field><field name="related_entity1_ss">Jim Seals</field><field name="Music_Writer_Type">Composer</field><field name="Music_Writer_Type">Songwriter</field><field name="playsInstrument_ss.MaximumLength"></field><field name="playsInstrument_ss">Mandolin</field><field name="memberOfGroup_ss.Length">16</field><field name="path">/Musician/Singer/Dash Crofts</field><field name="path">/Songwriter/Dash Crofts</field><field name="Musician_Type">Singer</field><field name="playsInstrument_ss.Length">8</field><field name="memberOfGroup_ss">Seals and Crofts</field><field name="memberOfGroup_ss.MaximumLength"></field></doc><doc><field name="name">Sonny West</field><field name="id">http://www.semanticweb.org/tedsullivan/ontologies/2015/5/music-10#Sonny_West</field><field name="related_entity1_ss">Bill Tilghman</field><field name="related_entity1_ss">Buddy Holly and the Crickets</field><field name="related_entity1_ss">Norman Petty</field><field name="Music_Writer_Type">Composer</field><field name="Music_Writer_Type">Songwriter</field><field name="path">/Songwriter/Sonny West</field></doc><doc><field name="name">Delaney Bramlett</field><field name="id">http://www.semanticweb.org/tedsullivan/ontologies/2015/5/music-10#Delaney_Bramlett</field><field name="related_entity1_ss">Bonnie Bramlett</field><field name="Music_Writer_Type">Composer</field><field name="Music_Writer_Type">Songwriter</field><field name="memberOfGroup_ss.Length">16</field><field name="path">/Musician/Singer/Delaney Bramlett</field><field name="path">/Songwriter/Delaney Bramlett</field><field name="Musician_Type">Singer</field><field name="memberOfGroup_ss">Delaney &amp; Bonnie</field><field name="memberOfGroup_ss.MaximumLength"></field></doc><doc><field name="name">Agnetha Fältskog</field><field name="id">http://www.semanticweb.org/tedsullivan/ontologies/2015/5/music-10#Agnetha_Fältskog</field><field name="related_entity1_ss">Anni-Frid Lyngstad</field><field name="related_entity1_ss">Benny Andersson</field><field name="related_entity1_ss">Björn Ulvaeus</field><field name="Music_Writer_Type">Composer</field><field name="Music_Writer_Type">Songwriter</field><field name="memberOfGroup_ss.Length">4</field><field name="path">/Record Producer/Agnetha Fältskog</field><field name="path">/Musician/Singer/Agnetha Fältskog</field><field name="path">/Songwriter/Agnetha Fältskog</field><field name="Musician_Type">Singer</field><field name="memberOfGroup_ss">ABBA</field><field name="memberOfGroup_ss.MaximumLength"></field></doc><doc><field name="name">Fred Turner</field><field name="id">http://www.semanticweb.org/tedsullivan/ontologies/2015/5/music-10#Fred_Turner</field><field name="related_entity1_ss">Randy Bachman</field><field name="memberOfGroup_ss.Length">24</field><field name="related_entity2_ss.Length">14</field><field name="path">/Instrumentalist/Bassist/Fred Turner</field><field name="path">/Instrumentalist/Guitarist/Fred Turner</field><field name="path">/Musician/Singer/Fred Turner</field><field name="path">/Songwriter/Fred Turner</field><field name="memberOfGroup_ss.MaximumLength"></field><field name="related_entity2_ss">Garry Peterson</field><field name="Music_Writer_Type">Composer</field><field name="Music_Writer_Type">Songwriter</field><field name="Musician_Type">Instrumentalist</field><field name="Musician_Type">Bassist</field><field name="Musician_Type">Guitarist</field><field name="Musician_Type">Singer</field><field name="genres_ss">Rock</field><field name="memberOfGroup_ss">Bachman–Turner Overdrive</field><field name="related_entity2_ss.MaximumLength"></field></doc><doc><field name="name">Tanya Tucker</field><field name="id">http://www.semanticweb.org/tedsullivan/ontologies/2015/5/music-10#Tanya_Tucker</field><field name="Music_Writer_Type">Composer</field><field name="Music_Writer_Type">Songwriter</field><field name="path">/Musician/Singer/Tanya Tucker</field><field name="path">/Songwriter/Tanya Tucker</field><field name="Musician_Type">Singer</field><field name="genres_ss">Country</field></doc><doc><field name="name">Pee Wee Ellis</field><field name="id">http://www.semanticweb.org/tedsullivan/ontologies/2015/5/music-10#Pee_Wee_Ellis</field><field name="related_entity1_ss">James Brown</field><field name="Music_Writer_Type">Composer</field><field name="Music_Writer_Type">Songwriter</field><field name="path">/Songwriter/Pee Wee Ellis</field></doc><doc><field name="name">Artie Kornfeld</field><field name="id">http://www.semanticweb.org/tedsullivan/ontologies/2015/5/music-10#Artie_Kornfeld</field><field name="related_entity1_ss">Jan and Dean</field><field name="related_entity1_ss">Roger Christian</field><field name="related_entity1_ss">Brian Wilson</field><field name="related_entity1_ss">Jan Berry</field><field name="Music_Writer_Type">Composer</field><field name="Music_Writer_Type">Songwriter</field><field name="path">/Record Producer/Artie Kornfeld</field><field name="path">/Songwriter/Artie Kornfeld</field></doc><doc><field name="name">Arthur Gunter</field><field name="id">http://www.semanticweb.org/tedsullivan/ontologies/2015/5/music-10#Arthur_Gunter</field><field name="Music_Writer_Type">Composer</field><field name="Music_Writer_Type">Songwriter</field><field name="path">/Instrumentalist/Guitarist/Arthur Gunter</field><field name="path">/Songwriter/Arthur Gunter</field><field name="Musician_Type">Instrumentalist</field><field name="Musician_Type">Guitarist</field><field name="genres_ss">Blues</field></doc><doc><field name="name">Nanci Griffith</field><field name="id">http://www.semanticweb.org/tedsullivan/ontologies/2015/5/music-10#Nanci_Griffith</field><field name="Music_Writer_Type">Composer</field><field name="Music_Writer_Type">Songwriter</field><field name="path">/Instrumentalist/Guitarist/Nanci Griffith</field><field name="path">/Musician/Singer/Nanci Griffith</field><field name="path">/Songwriter/Nanci Griffith</field><field name="Musician_Type">Instrumentalist</field><field name="Musician_Type">Guitarist</field><field name="Musician_Type">Singer</field></doc><doc><field name="name">Victor Wooten</field><field name="id">http://www.semanticweb.org/tedsullivan/ontologies/2015/5/music-10#Victor_Wooten</field><field name="related_entity1_ss">Dave Weckl</field><field name="related_entity1_ss">Eric Marienthal</field><field name="related_entity1_ss">Frank Gambale</field><field name="related_entity1_ss">Bela Fleck</field><field name="related_entity1_ss">Chick Corea</field><field name="memberOfGroup.Count">4</field><field name="hasGenre.Count">10</field><field name="memberOfGroup_ss.Length">25</field><field name="path">/Instrumentalist/Bassist/Victor Wooten</field><field name="path">/Instrumentalist/Cellist/Victor Wooten</field><field name="path">/Instrumentalist/Double Bassist/Victor Wooten</field><field name="path">/Instrumentalist/Guitarist/Victor Wooten</field><field name="path">/Keyboardist/Victor Wooten</field><field name="path">/Record Producer/Victor Wooten</field><field name="path">/Songwriter/Victor Wooten</field><field name="memberOfGroup_ss.MaximumLength"></field><field name="Music_Writer_Type">Composer</field><field name="Music_Writer_Type">Songwriter</field><field name="Musician_Type">Instrumentalist</field><field name="Musician_Type">Bassist</field><field name="Musician_Type">Cellist</field><field name="Musician_Type">Double Bassist</field><field name="Musician_Type">Guitarist</field><field name="Musician_Type">Keyboardist</field><field name="genres_ss">Jazz</field><field name="genres_ss">Rock</field><field name="genres_ss">Funk Rock</field><field name="genres_ss">Jazz  Fusion</field><field name="memberOfGroup_ss">Bela Fleck and the Flecktones</field><field name="memberOfGroup_ss">Chick Corea Elektric Band</field></doc><doc><field name="name">Vera Watson</field><field name="id">http://www.semanticweb.org/tedsullivan/ontologies/2015/5/music-10#Vera_Watson</field><field name="related_entity1_ss">Elvis Presley</field><field name="related_entity1_ss">Ken Darby</field><field name="Music_Writer_Type">Composer</field><field name="Music_Writer_Type">Songwriter</field><field name="path">/Songwriter/Vera Watson</field></doc><doc><field name="name">Rudy Jackson</field><field name="id">http://www.semanticweb.org/tedsullivan/ontologies/2015/5/music-10#Rudy_Jackson</field><field name="related_entity1_ss">Eddie Ray</field><field name="Music_Writer_Type">Composer</field><field name="Music_Writer_Type">Songwriter</field><field name="path">/Songwriter/Rudy Jackson</field></doc><doc><field name="name">Geoff Whitehorn</field><field name="id">http://www.semanticweb.org/tedsullivan/ontologies/2015/5/music-10#Geoff_Whitehorn</field><field name="related_entity1_ss">Robin Trower</field><field name="related_entity1_ss">David Knights</field><field name="related_entity1_ss">Matt Pegg</field><field name="related_entity1_ss">Chris Copping</field><field name="related_entity1_ss">Bobby Harrison</field><field name="related_entity1_ss">Keith Reid</field><field name="related_entity1_ss">B. J. Wilson</field><field name="related_entity1_ss">Gary Brooker</field><field name="related_entity1_ss">Matthew Fisher</field><field name="related_entity1_ss">Josh Phillips</field><field name="Music_Writer_Type">Composer</field><field name="Music_Writer_Type">Songwriter</field><field name="memberOfGroup_ss.Length">12</field><field name="path">/Instrumentalist/Guitarist/Geoff Whitehorn</field><field name="path">/Musician/Singer/Geoff Whitehorn</field><field name="path">/Songwriter/Geoff Whitehorn</field><field name="Musician_Type">Instrumentalist</field><field name="Musician_Type">Guitarist</field><field name="Musician_Type">Singer</field><field name="memberOfGroup_ss">Procol Harum</field><field name="memberOfGroup_ss.MaximumLength"></field></doc><doc><field name="name">J. Leslie McFarland</field><field name="id">http://www.semanticweb.org/tedsullivan/ontologies/2015/5/music-10#J._Leslie_McFarland</field><field name="related_entity1_ss">Aaron Schroeder</field><field name="Music_Writer_Type">Composer</field><field name="Music_Writer_Type">Songwriter</field><field name="path">/Songwriter/J. Leslie McFarland</field></doc><doc><field name="name">Hal Davis</field><field name="id">http://www.semanticweb.org/tedsullivan/ontologies/2015/5/music-10#Hal_Davis</field><field name="related_entity1_ss">Jackson Five</field><field name="related_entity1_ss">Willie Hutch</field><field name="related_entity1_ss">Berry Gordy</field><field name="Music_Writer_Type">Composer</field><field name="Music_Writer_Type">Songwriter</field><field name="path">/Record Producer/Hal Davis</field><field name="path">/Songwriter/Hal Davis</field></doc><doc><field name="name">Nanker Phelge</field><field name="id">http://www.semanticweb.org/tedsullivan/ontologies/2015/5/music-10#Nanker_Phelge</field><field name="related_entity1_ss">Brian Jones</field><field name="related_entity1_ss">Bill Wyman</field><field name="related_entity1_ss">Mick Jagger</field><field name="related_entity1_ss">Keith Richards</field><field name="related_entity1_ss">Charlie Watts</field><field name="related_entity2_ss">Ian Stewart</field><field name="related_entity2_ss">Ronnie Wood</field><field name="related_entity2_ss">Mick Taylor</field><field name="Music_Writer_Type">Composer</field><field name="Music_Writer_Type">Songwriter</field><field name="memberOfGroup_ss.Length">14</field><field name="related_entity2_ss.Length">11</field><field name="path">/Songwriter/Nanker Phelge</field><field name="memberOfGroup_ss">Rolling Stones</field><field name="memberOfGroup_ss.MaximumLength"></field><field name="related_entity2_ss.MaximumLength"></field></doc><doc><field name="name">Jackie Taylor</field><field name="id">http://www.semanticweb.org/tedsullivan/ontologies/2015/5/music-10#Jackie_Taylor</field><field name="related_entity1_ss">Janet Vogel</field><field name="related_entity1_ss">Joseph Rock</field><field name="related_entity1_ss">James Beaumont</field><field name="related_entity1_ss">Wally Lester</field><field name="related_entity1_ss">Lennie Martin</field><field name="related_entity1_ss">Joe VanScharnen</field><field name="Music_Writer_Type">Composer</field><field name="Music_Writer_Type">Songwriter</field><field name="path">/Musician/Singer/Jackie Taylor</field><field name="path">/Songwriter/Jackie Taylor</field><field name="Musician_Type">Singer</field></doc><doc><field name="name">Dave Bennett</field><field name="id">http://www.semanticweb.org/tedsullivan/ontologies/2015/5/music-10#Dave_Bennett</field><field name="related_entity1_ss">Fred Hamm</field><field name="related_entity1_ss">Bert Lown</field><field name="related_entity1_ss">Chauncey Gray</field><field name="Music_Writer_Type">Composer</field><field name="Music_Writer_Type">Songwriter</field><field name="path">/Songwriter/Dave Bennett</field></doc><doc><field name="name">Marty Dodson</field><field name="id">http://www.semanticweb.org/tedsullivan/ontologies/2015/5/music-10#Marty_Dodson</field><field name="related_entity1_ss">Jim Collins</field><field name="Music_Writer_Type">Composer</field><field name="Music_Writer_Type">Songwriter</field><field name="path">/Songwriter/Marty Dodson</field><field name="genres_ss">Country</field></doc><doc><field name="name">Ivan Kral</field><field name="id">http://www.semanticweb.org/tedsullivan/ontologies/2015/5/music-10#Ivan_Kral</field><field name="related_entity1_ss">Patti Smith Group</field><field name="related_entity1_ss">Patti Smith</field><field name="Music_Writer_Type">Composer</field><field name="Music_Writer_Type">Songwriter</field><field name="path">/Songwriter/Ivan Kral</field></doc><doc><field name="name">Johnny Thunders</field><field name="id">http://www.semanticweb.org/tedsullivan/ontologies/2015/5/music-10#Johnny_Thunders</field><field name="related_entity1_ss">David Johansen</field><field name="related_entity1_ss">Jerry Nolan</field><field name="memberOfGroup.Count">4</field><field name="memberOfGroup_ss.Length">14</field><field name="related_entity2_ss.Length">13</field><field name="path">/Instrumentalist/Guitarist/Johnny Thunders</field><field name="path">/Musician/Singer/Johnny Thunders</field><field name="path">/Songwriter/Johnny Thunders</field><field name="memberOfGroup_ss.MaximumLength"></field><field name="related_entity2_ss">Brian Delaney</field><field name="related_entity2_ss">Arthur Kane</field><field name="related_entity2_ss">Blackie Lawless</field><field name="related_entity2_ss">Kenny Aaronson</field><field name="related_entity2_ss">Chris Robison</field><field name="related_entity2_ss">Steve Conte</field><field name="related_entity2_ss">Billy Murcia</field><field name="related_entity2_ss">Aaron Lee Tasjan</field><field name="related_entity2_ss">Rick Rivets</field><field name="related_entity2_ss">Earl Slick</field><field name="related_entity2_ss">Sylvain Sylvain</field><field name="related_entity2_ss">Sami Yaffa</field><field name="related_entity2_ss">Jason Hill</field><field name="related_entity2_ss">Frank Infante</field><field name="Music_Writer_Type">Composer</field><field name="Music_Writer_Type">Songwriter</field><field name="Musician_Type">Instrumentalist</field><field name="Musician_Type">Guitarist</field><field name="Musician_Type">Singer</field><field name="memberOfGroup_ss">Johnny Thunders and the Heartbreakers</field><field name="memberOfGroup_ss">New York Dolls</field><field name="related_entity2_ss.MaximumLength"></field></doc><doc><field name="name">Angela Bofill</field><field name="id">http://www.semanticweb.org/tedsullivan/ontologies/2015/5/music-10#Angela_Bofill</field><field name="Music_Writer_Type">Composer</field><field name="Music_Writer_Type">Songwriter</field><field name="path">/Musician/Singer/Angela Bofill</field><field name="path">/Songwriter/Angela Bofill</field><field name="Musician_Type">Singer</field></doc><doc><field name="name">Arthur Herzog, Jr.</field><field name="id">http://www.semanticweb.org/tedsullivan/ontologies/2015/5/music-10#Arthur_Herzog_Jr</field><field name="related_entity1_ss">Billie Holiday</field><field name="Music_Writer_Type">Composer</field><field name="Music_Writer_Type">Songwriter</field><field name="path">/Songwriter/Arthur Herzog, Jr.</field></doc><doc><field name="name">Dave Mason</field><field name="id">http://www.semanticweb.org/tedsullivan/ontologies/2015/5/music-10#Dave_Mason</field><field name="related_entity1_ss">Jim Capaldi</field><field name="related_entity1_ss">Steve Winwood</field><field name="Music_Writer_Type">Composer</field><field name="Music_Writer_Type">Songwriter</field><field name="memberOfGroup_ss.Length">7</field><field name="path">/Instrumentalist/Guitarist/Dave Mason</field><field name="path">/Musician/Singer/Dave Mason</field><field name="path">/Songwriter/Dave Mason</field><field name="Musician_Type">Instrumentalist</field><field name="Musician_Type">Guitarist</field><field name="Musician_Type">Singer</field><field name="memberOfGroup_ss">Traffic</field><field name="memberOfGroup_ss.MaximumLength"></field></doc><doc><field name="name">Gina Go-Go</field><field name="id">http://www.semanticweb.org/tedsullivan/ontologies/2015/5/music-10#Gina_Go-Go</field><field name="related_entity1_ss">Antonina Armato</field><field name="related_entity1_ss">Nick Mundy</field><field name="Music_Writer_Type">Composer</field><field name="Music_Writer_Type">Songwriter</field><field name="path">/Songwriter/Gina Go-Go</field></doc><doc><field name="name">Irene Higginbotham</field><field name="id">http://www.semanticweb.org/tedsullivan/ontologies/2015/5/music-10#Irene_Higginbotham</field><field name="related_entity1_ss">Ervin Drake</field><field name="related_entity1_ss">Dan Fisher</field><field name="Music_Writer_Type">Composer</field><field name="Music_Writer_Type">Songwriter</field><field name="path">/Pianist/Irene Higginbotham</field><field name="path">/Songwriter/Irene Higginbotham</field><field name="Musician_Type">Instrumentalist</field><field name="Musician_Type">Pianist</field></doc><doc><field name="name">Ricardo Weeks</field><field name="id">http://www.semanticweb.org/tedsullivan/ontologies/2015/5/music-10#Ricardo_Weeks</field><field name="related_entity1_ss">Melvin Fair</field><field name="Music_Writer_Type">Composer</field><field name="Music_Writer_Type">Songwriter</field><field name="path">/Songwriter/Ricardo Weeks</field></doc><doc><field name="name">Richard Curtis</field><field name="id">http://www.semanticweb.org/tedsullivan/ontologies/2015/5/music-10#Richard_Curtis</field><field name="related_entity1_ss">Michael Curtis</field><field name="Music_Writer_Type">Composer</field><field name="Music_Writer_Type">Songwriter</field><field name="path">/Songwriter/Richard Curtis</field></doc><doc><field name="name">Hurby 'Luv Bug' Azor</field><field name="id">http://www.semanticweb.org/tedsullivan/ontologies/2015/5/music-10#Hurby_Luv_Bug_Azor</field><field name="path">/Songwriter/Hurby 'Luv Bug' Azor</field><field name="Music_Writer_Type">Composer</field><field name="Music_Writer_Type">Songwriter</field></doc><doc><field name="name">Sam H. Stept</field><field name="id">http://www.semanticweb.org/tedsullivan/ontologies/2015/5/music-10#Sam_H._Stept</field><field name="related_entity1_ss">Charles Tobias</field><field name="related_entity1_ss">Lew Brown</field><field name="Music_Writer_Type">Composer</field><field name="Music_Writer_Type">Songwriter</field><field name="path">/Songwriter/Sam H. Stept</field><field name="genres_ss">Popular</field><field name="genres_ss">Broadway</field></doc><doc><field name="name">Dave Clark</field><field name="id">http://www.semanticweb.org/tedsullivan/ontologies/2015/5/music-10#Dave_Clark_-_homework</field><field name="related_entity1_ss">Al Perkins</field><field name="related_entity1_ss">Otis Rush</field><field name="Music_Writer_Type">Composer</field><field name="Music_Writer_Type">Songwriter</field><field name="path">/Songwriter/Dave Clark</field></doc><doc><field name="name">Floyd F. McRae</field><field name="id">http://www.semanticweb.org/tedsullivan/ontologies/2015/5/music-10#Floyd_F._McRae</field><field name="related_entity1_ss">James Keyes</field><field name="related_entity1_ss">Carl Feaster</field><field name="related_entity1_ss">Claude Feaster</field><field name="related_entity1_ss">James Edwards</field><field name="Music_Writer_Type">Composer</field><field name="Music_Writer_Type">Songwriter</field><field name="memberOfGroup_ss.Length">10</field><field name="path">/Songwriter/Floyd F. McRae</field><field name="memberOfGroup_ss">The Chords</field><field name="memberOfGroup_ss.MaximumLength"></field></doc><doc><field name="name">Dave Alexander</field><field name="id">http://www.semanticweb.org/tedsullivan/ontologies/2015/5/music-10#Dave_Alexander</field><field name="related_entity1_ss">Scott Asheton</field><field name="related_entity1_ss">Iggy Pop</field><field name="related_entity1_ss">Ron Asheton</field><field name="related_entity1_ss">The Stooges</field><field name="Music_Writer_Type">Composer</field><field name="Music_Writer_Type">Songwriter</field><field name="path">/Songwriter/Dave Alexander</field></doc><doc><field name="name">John Mayall</field><field name="id">http://www.semanticweb.org/tedsullivan/ontologies/2015/5/music-10#John_Mayall</field><field name="related_entity1_ss">Eric Clapton</field><field name="memberOfGroup_ss.Length">27</field><field name="related_entity2_ss.Length">12</field><field name="path">/Instrumentalist/Guitarist/John Mayall</field><field name="path">/Keyboardist/John Mayall</field><field name="path">/Musician/Singer/John Mayall</field><field name="path">/Songwriter/John Mayall</field><field name="memberOfGroup_ss.MaximumLength"></field><field name="related_entity2_ss">Harvey Mandel</field><field name="related_entity2_ss">Tony Reeves</field><field name="related_entity2_ss">John Paulus</field><field name="related_entity2_ss">Hank Van Sickle</field><field name="related_entity2_ss">Don ,",Sugarcane,", Harris</field><field name="related_entity2_ss">Coco Montoya</field><field name="related_entity2_ss">Randy Resnick</field><field name="related_entity2_ss">Ross Appleman</field><field name="related_entity2_ss">Simon Bateman</field><field name="related_entity2_ss">John McVie</field><field name="related_entity2_ss">Mick Taylor</field><field name="related_entity2_ss">Victor Gaskin</field><field name="related_entity2_ss">Buddy Whittington</field><field name="related_entity2_ss">Rick Cortes</field><field name="related_entity2_ss">Peter Green</field><field name="related_entity2_ss">Jack Bruce</field><field name="related_entity2_ss">Kal David</field><field name="related_entity2_ss">Malcolm Poole</field><field name="related_entity2_ss">Andy Fraser</field><field name="related_entity2_ss">Larry Taylor</field><field name="related_entity2_ss">John Weider</field><field name="related_entity2_ss">Mick Fleetwood</field><field name="related_entity2_ss">James Quill Smith</field><field name="related_entity2_ss">Abu Talib</field><field name="related_entity2_ss">Kevin McCormick</field><field name="related_entity2_ss">Bernie Watson</field><field name="related_entity2_ss">Roger Dean</field><field name="related_entity2_ss">Geoff Krivet</field><field name="related_entity2_ss">Walter Trout</field><field name="related_entity2_ss">Hughie Flint</field><field name="Music_Writer_Type">Composer</field><field name="Music_Writer_Type">Songwriter</field><field name="Musician_Type">Instrumentalist</field><field name="Musician_Type">Guitarist</field><field name="Musician_Type">Keyboardist</field><field name="Musician_Type">Singer</field><field name="genres_ss">Blues</field><field name="memberOfGroup_ss">John Mayall's Bluesbreakers</field><field name="related_entity2_ss.MaximumLength"></field></doc><doc><field name="name">Ralph Bass</field><field name="id">http://www.semanticweb.org/tedsullivan/ontologies/2015/5/music-10#Ralph_Bass</field><field name="related_entity1_ss">Lowman Pauling</field><field name="Music_Writer_Type">Composer</field><field name="Music_Writer_Type">Songwriter</field><field name="path">/Songwriter/Ralph Bass</field></doc><doc><field name="name">Gerald Marks</field><field name="id">http://www.semanticweb.org/tedsullivan/ontologies/2015/5/music-10#Gerald_Marks</field><field name="related_entity1_ss">Seymour Simons</field><field name="Music_Writer_Type">Composer</field><field name="Music_Writer_Type">Songwriter</field><field name="path">/Songwriter/Gerald Marks</field></doc><doc><field name="name">Ahmet Ertegun</field><field name="id">http://www.semanticweb.org/tedsullivan/ontologies/2015/5/music-10#Ahmet_Ertegün</field><field name="related_entity1_ss">Jerry Wexler</field><field name="related_entity1_ss">Ray Charles</field><field name="related_entity1_ss">Steve Miller</field><field name="related_entity1_ss">Eddie Curtis</field><field name="Music_Writer_Type">Composer</field><field name="Music_Writer_Type">Songwriter</field><field name="path">/Record Producer/Ahmet Ertegun</field><field name="path">/Songwriter/Ahmet Ertegun</field></doc><doc><field name="name">Tandyn Almer</field><field name="id">http://www.semanticweb.org/tedsullivan/ontologies/2015/5/music-10#Tandyn_Almer</field><field name="path">/Songwriter/Tandyn Almer</field><field name="Music_Writer_Type">Composer</field><field name="Music_Writer_Type">Songwriter</field></doc><doc><field name="name">Harry Akst</field><field name="id">http://www.semanticweb.org/tedsullivan/ontologies/2015/5/music-10#Harry_Akst</field><field name="related_entity1_ss">Grant Clarke</field><field name="related_entity1_ss">Benny Davis</field><field name="related_entity1_ss">Sam M. Lewis</field><field name="related_entity1_ss">Joe Young</field><field name="Music_Writer_Type">Composer</field><field name="Music_Writer_Type">Songwriter</field><field name="path">/Songwriter/Harry Akst</field></doc><doc><field name="name">Perry Botkin Jr.</field><field name="id">http://www.semanticweb.org/tedsullivan/ontologies/2015/5/music-10#Perry_Botkin_Jr.</field><field name="related_entity1_ss">Phil Spector</field><field name="related_entity1_ss">Gil Garfield</field><field name="related_entity1_ss">Harry Nilsson</field><field name="Music_Writer_Type">Composer</field><field name="Music_Writer_Type">Songwriter</field><field name="path">/Songwriter/Perry Botkin Jr.</field></doc><doc><field name="name">Christine McVie</field><field name="id">http://www.semanticweb.org/tedsullivan/ontologies/2015/5/music-10#Christine_McVie</field><field name="related_entity1_ss">Lindsey Buckingham</field><field name="related_entity2_ss">John McVie</field><field name="related_entity2_ss">Mick Fleetwood</field><field name="related_entity2_ss">Peter Green</field><field name="related_entity2_ss">Stevie Nicks</field><field name="related_entity2_ss">Fleetwood Mac</field><field name="Music_Writer_Type">Composer</field><field name="Music_Writer_Type">Songwriter</field><field name="memberOfGroup_ss.Length">13</field><field name="related_entity2_ss.Length">13</field><field name="path">/Keyboardist/Christine McVie</field><field name="path">/Musician/Singer/Christine McVie</field><field name="path">/Songwriter/Christine McVie</field><field name="Musician_Type">Instrumentalist</field><field name="Musician_Type">Keyboardist</field><field name="Musician_Type">Singer</field><field name="memberOfGroup_ss">Fleetwood Mac</field><field name="memberOfGroup_ss.MaximumLength"></field><field name="related_entity2_ss.MaximumLength"></field></doc><doc><field name="name">William Davis</field><field name="id">http://www.semanticweb.org/tedsullivan/ontologies/2015/5/music-10#William_Davis</field><field name="related_entity1_ss">Viola Watkins</field><field name="Music_Writer_Type">Composer</field><field name="Music_Writer_Type">Songwriter</field><field name="path">/Songwriter/William Davis</field></doc><doc><field name="name">Lenny Kravitz</field><field name="id">http://www.semanticweb.org/tedsullivan/ontologies/2015/5/music-10#Lenny_Kravitz</field><field name="Music_Writer_Type">Composer</field><field name="Music_Writer_Type">Songwriter</field><field name="path">/Musician/Singer/Lenny Kravitz</field><field name="path">/Songwriter/Lenny Kravitz</field><field name="Musician_Type">Singer</field></doc><doc><field name="name">George David Weiss</field><field name="id">http://www.semanticweb.org/tedsullivan/ontologies/2015/5/music-10#George_David_Weiss</field><field name="related_entity1_ss">Luigi Creatore</field><field name="related_entity1_ss">Hugo Peretti</field><field name="related_entity2_ss">Lawrence Holofcener</field><field name="related_entity2_ss">George Shearing</field><field name="related_entity2_ss">Jerry Ragovoy</field><field name="related_entity2_ss">Bob Thiele</field><field name="related_entity2_ss">Albert Stanton</field><field name="related_entity2_ss">Jerry Bock</field><field name="related_entity2_ss">Solomon Linda</field><field name="related_entity2_ss">Lorraine Ellison</field><field name="Music_Writer_Type">Composer</field><field name="Music_Writer_Type">Songwriter</field><field name="related_entity2_ss.Length">16</field><field name="path">/Songwriter/George David Weiss</field><field name="related_entity2_ss.MaximumLength"></field></doc><doc><field name="name">Tevin Campbell</field><field name="id">http://www.semanticweb.org/tedsullivan/ontologies/2015/5/music-10#Tevin_Campbell</field><field name="Music_Writer_Type">Composer</field><field name="Music_Writer_Type">Songwriter</field><field name="path">/Musician/Singer/Tevin Campbell</field><field name="path">/Songwriter/Tevin Campbell</field><field name="Musician_Type">Singer</field></doc><doc><field name="name">Jimmy McCracklin</field><field name="id">http://www.semanticweb.org/tedsullivan/ontologies/2015/5/music-10#Jimmy_McCracklin</field><field name="Music_Writer_Type">Composer</field><field name="Music_Writer_Type">Songwriter</field><field name="hasGenre.Count">6</field><field name="path">/Pianist/Jimmy McCracklin</field><field name="path">/Musician/Singer/Jimmy McCracklin</field><field name="path">/Songwriter/Jimmy McCracklin</field><field name="Musician_Type">Instrumentalist</field><field name="Musician_Type">Pianist</field><field name="Musician_Type">Singer</field><field name="genres_ss">Blues</field><field name="genres_ss">Jump Blues</field><field name="genres_ss">R&amp;B</field><field name="genres_ss">West Coast Blues</field></doc><doc><field name="name">John Anderson</field><field name="id">http://www.semanticweb.org/tedsullivan/ontologies/2015/5/music-10#John_Anderson</field><field name="Music_Writer_Type">Composer</field><field name="Music_Writer_Type">Songwriter</field><field name="path">/Instrumentalist/Guitarist/John Anderson</field><field name="path">/Musician/Singer/John Anderson</field><field name="path">/Songwriter/John Anderson</field><field name="Musician_Type">Instrumentalist</field><field name="Musician_Type">Guitarist</field><field name="Musician_Type">Singer</field><field name="genres_ss">Country</field></doc><doc><field name="name">Baker Knight</field><field name="id">http://www.semanticweb.org/tedsullivan/ontologies/2015/5/music-10#Baker_Knight</field><field name="Music_Writer_Type">Composer</field><field name="Music_Writer_Type">Songwriter</field><field name="path">/Songwriter/Baker Knight</field><field name="genres_ss">Popular</field></doc><doc><field name="name">Jimmy DeKnight</field><field name="id">http://www.semanticweb.org/tedsullivan/ontologies/2015/5/music-10#Jimmy_DeKnight</field><field name="related_entity1_ss">Bill Haley &amp; His Comets</field><field name="related_entity1_ss">Max Freedman</field><field name="Music_Writer_Type">Composer</field><field name="Music_Writer_Type">Songwriter</field><field name="path">/Songwriter/Jimmy DeKnight</field></doc><doc><field name="name">Yvonne Baker</field><field name="id">http://www.semanticweb.org/tedsullivan/ontologies/2015/5/music-10#Yvonne_Baker</field><field name="Music_Writer_Type">Composer</field><field name="Music_Writer_Type">Songwriter</field><field name="memberOfGroup_ss.Length">14</field><field name="path">/Musician/Singer/Yvonne Baker</field><field name="path">/Songwriter/Yvonne Baker</field><field name="Musician_Type">Singer</field><field name="memberOfGroup_ss">The Sensations</field><field name="memberOfGroup_ss.MaximumLength"></field></doc><doc><field name="name">Al Cleveland</field><field name="id">http://www.semanticweb.org/tedsullivan/ontologies/2015/5/music-10#Al_Cleveland</field><field name="related_entity1_ss">Marvin Gaye</field><field name="related_entity2_ss">Renaldo Benson</field><field name="Music_Writer_Type">Composer</field><field name="Music_Writer_Type">Songwriter</field><field name="related_entity2_ss.Length">14</field><field name="path">/Songwriter/Al Cleveland</field><field name="related_entity2_ss.MaximumLength"></field></doc><doc><field name="name">Roger Taylor</field><field name="id">http://www.semanticweb.org/tedsullivan/ontologies/2015/5/music-10#Roger_Taylor</field><field name="related_entity1_ss">Brian May</field><field name="related_entity1_ss">John Deacon</field><field name="related_entity1_ss">Freddie Mercury</field><field name="Music_Writer_Type">Composer</field><field name="Music_Writer_Type">Songwriter</field><field name="memberOfGroup_ss.Length">5</field><field name="path">/Drummer/Roger Taylor</field><field name="path">/Keyboardist/Roger Taylor</field><field name="path">/Percussionist/Roger Taylor</field><field name="path">/Musician/Singer/Roger Taylor</field><field name="path">/Songwriter/Roger Taylor</field><field name="Musician_Type">Instrumentalist</field><field name="Musician_Type">Drummer</field><field name="Musician_Type">Keyboardist</field><field name="Musician_Type">Percussionist</field><field name="Musician_Type">Singer</field><field name="genres_ss">Rock</field><field name="genres_ss">Hard Rock</field><field name="memberOfGroup_ss">Queen</field><field name="memberOfGroup_ss.MaximumLength"></field></doc><doc><field name="name">Richard Wright</field><field name="id">http://www.semanticweb.org/tedsullivan/ontologies/2015/5/music-10#Richard_Wright</field><field name="related_entity1_ss">David Gilmour</field><field name="related_entity1_ss">Roger Waters</field><field name="related_entity2_ss">Polly Samson</field><field name="related_entity2_ss">Nick Mason</field><field name="related_entity2_ss">Clare Torry</field><field name="related_entity2_ss">Syd Barrett</field><field name="Music_Writer_Type">Composer</field><field name="Music_Writer_Type">Songwriter</field><field name="memberOfGroup_ss.Length">10</field><field name="related_entity2_ss.Length">11</field><field name="path">/Musician/Singer/Richard Wright</field><field name="path">/Songwriter/Richard Wright</field><field name="Musician_Type">Singer</field><field name="memberOfGroup_ss">Pink Floyd</field><field name="memberOfGroup_ss.MaximumLength"></field><field name="related_entity2_ss.MaximumLength"></field></doc><doc><field name="name">Rudy Martinez</field><field name="id">http://www.semanticweb.org/tedsullivan/ontologies/2015/5/music-10#Rudy_Martinez</field><field name="related_entity1_ss">',? and the Mysterians,'</field><field name="Music_Writer_Type">Composer</field><field name="Music_Writer_Type">Songwriter</field><field name="path">/Songwriter/Rudy Martinez</field></doc><doc><field name="name">Jim Weatherly</field><field name="id">http://www.semanticweb.org/tedsullivan/ontologies/2015/5/music-10#Jim_Weatherly</field><field name="path">/Songwriter/Jim Weatherly</field><field name="Music_Writer_Type">Composer</field><field name="Music_Writer_Type">Songwriter</field></doc><doc><field name="name">Peabo Bryson</field><field name="id">http://www.semanticweb.org/tedsullivan/ontologies/2015/5/music-10#Peabo_Bryson</field><field name="related_entity1_ss">Roberta Flack</field><field name="related_entity2_ss">Celine Dion</field><field name="related_entity2_ss">Natalie Cole</field><field name="Music_Writer_Type">Composer</field><field name="Music_Writer_Type">Songwriter</field><field name="related_entity2_ss.Length">12</field><field name="path">/Musician/Singer/Peabo Bryson</field><field name="path">/Songwriter/Peabo Bryson</field><field name="Musician_Type">Singer</field><field name="related_entity2_ss.MaximumLength"></field></doc><doc><field name="name">Bob Weir</field><field name="id">http://www.semanticweb.org/tedsullivan/ontologies/2015/5/music-10#Bob_Weir</field><field name="related_entity1_ss">Robert Hunter</field><field name="related_entity2_ss">Mickey Hart</field><field name="related_entity2_ss">Ron 'Pigpen' McKernan</field><field name="related_entity2_ss">Jerry Garcia</field><field name="related_entity2_ss">Bill Kreutzmann</field><field name="related_entity2_ss">Phil Lesh</field><field name="Music_Writer_Type">Composer</field><field name="Music_Writer_Type">Songwriter</field><field name="memberOfGroup_ss.Length">13</field><field name="related_entity2_ss.Length">9</field><field name="path">/Instrumentalist/Guitarist/Bob Weir</field><field name="path">/Musician/Singer/Bob Weir</field><field name="path">/Songwriter/Bob Weir</field><field name="Musician_Type">Instrumentalist</field><field name="Musician_Type">Guitarist</field><field name="Musician_Type">Singer</field><field name="memberOfGroup_ss">Grateful Dead</field><field name="memberOfGroup_ss.MaximumLength"></field><field name="related_entity2_ss.MaximumLength"></field></doc><doc><field name="name">Harvey Fuqua</field><field name="id">http://www.semanticweb.org/tedsullivan/ontologies/2015/5/music-10#Harvey_Fuqua</field><field name="related_entity1_ss">Edwin Starr</field><field name="related_entity1_ss">Jerry Ragovoy</field><field name="related_entity1_ss">Johnny Bristol</field><field name="related_entity1_ss">Bert Berns</field><field name="related_entity1_ss">Alan Freed</field><field name="hasGenre.Count">6</field><field name="memberOfGroup_ss.Length">13</field><field name="path">/Musician/Singer/Harvey Fuqua</field><field name="path">/Songwriter/Harvey Fuqua</field><field name="memberOfGroup_ss.MaximumLength"></field><field name="Music_Writer_Type">Composer</field><field name="Music_Writer_Type">Songwriter</field><field name="Musician_Type">Singer</field><field name="genres_ss">Rock</field><field name="genres_ss">Doo Wop</field><field name="genres_ss">R&amp;B</field><field name="memberOfGroup_ss">The Moonglows</field></doc><doc><field name="name">Rachid Taha</field><field name="id">http://www.semanticweb.org/tedsullivan/ontologies/2015/5/music-10#Rachid_Taha</field><field name="related_entity1_ss">Tony Lindsay</field><field name="related_entity1_ss">Carlos Santana</field><field name="Music_Writer_Type">Composer</field><field name="Music_Writer_Type">Songwriter</field><field name="path">/Musician/Singer/Rachid Taha</field><field name="path">/Songwriter/Rachid Taha</field><field name="Musician_Type">Singer</field></doc><doc><field name="name">Leo Sayer</field><field name="id">http://www.semanticweb.org/tedsullivan/ontologies/2015/5/music-10#Leo_Sayer</field><field name="Music_Writer_Type">Composer</field><field name="Music_Writer_Type">Songwriter</field><field name="path">/Musician/Singer/Leo Sayer</field><field name="path">/Songwriter/Leo Sayer</field><field name="Musician_Type">Singer</field></doc><doc><field name="name">Stuart Anderson</field><field name="id">http://www.semanticweb.org/tedsullivan/ontologies/2015/5/music-10#Stuart_Anderson</field><field name="related_entity1_ss">Richard Jobson</field><field name="Music_Writer_Type">Composer</field><field name="Music_Writer_Type">Songwriter</field><field name="path">/Songwriter/Stuart Anderson</field></doc><doc><field name="name">Robbie Williams</field><field name="id">http://www.semanticweb.org/tedsullivan/ontologies/2015/5/music-10#Robbie_Williams</field><field name="related_entity1_ss">Rupert Everett</field><field name="Music_Writer_Type">Composer</field><field name="Music_Writer_Type">Songwriter</field><field name="path">/Musician/Singer/Robbie Williams</field><field name="path">/Songwriter/Robbie Williams</field><field name="Musician_Type">Singer</field><field name="genres_ss">Popular</field></doc><doc><field name="name">Marshall Sehorn</field><field name="id">http://www.semanticweb.org/tedsullivan/ontologies/2015/5/music-10#Marshall_Sehorn</field><field name="related_entity1_ss">Elmore James</field><field name="Music_Writer_Type">Composer</field><field name="Music_Writer_Type">Songwriter</field><field name="path">/Songwriter/Marshall Sehorn</field></doc><doc><field name="name">Krist Novoselic</field><field name="id">http://www.semanticweb.org/tedsullivan/ontologies/2015/5/music-10#Krist_Novoselic</field><field name="related_entity1_ss">Dave Grohl</field><field name="related_entity1_ss">Kurt Cobain</field><field name="Music_Writer_Type">Composer</field><field name="Music_Writer_Type">Songwriter</field><field name="memberOfGroup_ss.Length">7</field><field name="path">/Instrumentalist/Bassist/Krist Novoselic</field><field name="path">/Instrumentalist/Guitarist/Krist Novoselic</field><field name="path">/Keyboardist/Krist Novoselic</field><field name="path">/Musician/Singer/Krist Novoselic</field><field name="path">/Songwriter/Krist Novoselic</field><field name="Musician_Type">Instrumentalist</field><field name="Musician_Type">Bassist</field><field name="Musician_Type">Guitarist</field><field name="Musician_Type">Keyboardist</field><field name="Musician_Type">Singer</field><field name="memberOfGroup_ss">Nirvana</field><field name="memberOfGroup_ss.MaximumLength"></field></doc><doc><field name="name">Robert Maxwell</field><field name="id">http://www.semanticweb.org/tedsullivan/ontologies/2015/5/music-10#Robert_Maxwell</field><field name="related_entity1_ss">Carl Sigman</field><field name="Music_Writer_Type">Composer</field><field name="Music_Writer_Type">Songwriter</field><field name="path">/Songwriter/Robert Maxwell</field></doc><doc><field name="name">Randy Starr</field><field name="id">http://www.semanticweb.org/tedsullivan/ontologies/2015/5/music-10#Randy_Starr</field><field name="related_entity1_ss">Fred Wise</field><field name="Music_Writer_Type">Composer</field><field name="Music_Writer_Type">Songwriter</field><field name="path">/Songwriter/Randy Starr</field></doc><doc><field name="name">John Funches</field><field name="id">http://www.semanticweb.org/tedsullivan/ontologies/2015/5/music-10#John_Funches</field><field name="related_entity1_ss">Marvin Junior</field><field name="related_entity2_ss">Mickey McGil</field><field name="related_entity2_ss">Johnny Carter</field><field name="related_entity2_ss">Lucius McGill</field><field name="related_entity2_ss">Verne Allison</field><field name="related_entity2_ss">Chuck Barksdale</field><field name="Music_Writer_Type">Composer</field><field name="Music_Writer_Type">Songwriter</field><field name="memberOfGroup_ss.Length">9</field><field name="related_entity2_ss.Length">15</field><field name="path">/Songwriter/John Funches</field><field name="memberOfGroup_ss">The Dells</field><field name="memberOfGroup_ss.MaximumLength"></field><field name="related_entity2_ss.MaximumLength"></field></doc><doc><field name="name">Prince Buster</field><field name="id">http://www.semanticweb.org/tedsullivan/ontologies/2015/5/music-10#Prince_Buster</field><field name="Music_Writer_Type">Composer</field><field name="Music_Writer_Type">Songwriter</field><field name="path">/Musician/Singer/Prince Buster</field><field name="path">/Songwriter/Prince Buster</field><field name="Musician_Type">Singer</field></doc><doc><field name="name">Walter Becker</field><field name="id">http://www.semanticweb.org/tedsullivan/ontologies/2015/5/music-10#Walter_Becker</field><field name="related_entity1_ss">Donald Fagen</field><field name="related_entity1_ss">Paul Griffin</field><field name="related_entity1_ss">Michael McDonald</field><field name="Music_Writer_Type">Composer</field><field name="Music_Writer_Type">Songwriter</field><field name="memberOfGroup_ss.Length">10</field><field name="path">/Instrumentalist/Bassist/Walter Becker</field><field name="path">/Instrumentalist/Guitarist/Walter Becker</field><field name="path">/Record Producer/Walter Becker</field><field name="path">/Musician/Singer/Walter Becker</field><field name="path">/Songwriter/Walter Becker</field><field name="Musician_Type">Instrumentalist</field><field name="Musician_Type">Bassist</field><field name="Musician_Type">Guitarist</field><field name="Musician_Type">Singer</field><field name="memberOfGroup_ss">Steely Dan</field><field name="memberOfGroup_ss.MaximumLength"></field></doc><doc><field name="name">Frank Wilson</field><field name="id">http://www.semanticweb.org/tedsullivan/ontologies/2015/5/music-10#Frank_Wilson</field><field name="related_entity1_ss">R. Dean Taylor</field><field name="related_entity1_ss">Pam Sawyer</field><field name="related_entity1_ss">Deke Richards</field><field name="Music_Writer_Type">Composer</field><field name="Music_Writer_Type">Songwriter</field><field name="path">/Record Producer/Frank Wilson</field><field name="path">/Songwriter/Frank Wilson</field></doc><doc><field name="name">Paula Abdul</field><field name="id">http://www.semanticweb.org/tedsullivan/ontologies/2015/5/music-10#Paula_Abdul</field><field name="Music_Writer_Type">Composer</field><field name="Music_Writer_Type">Songwriter</field><field name="path">/Musician/Singer/Paula Abdul</field><field name="path">/Songwriter/Paula Abdul</field><field name="Musician_Type">Singer</field></doc><doc><field name="name">Neil Diamond</field><field name="id">http://www.semanticweb.org/tedsullivan/ontologies/2015/5/music-10#Neil_Diamond</field><field name="Music_Writer_Type">Composer</field><field name="Music_Writer_Type">Songwriter</field><field name="path">/Musician/Singer/Neil Diamond</field><field name="path">/Songwriter/Neil Diamond</field><field name="Musician_Type">Singer</field></doc><doc><field name="name">Benjamin Nelson</field><field name="id">http://www.semanticweb.org/tedsullivan/ontologies/2015/5/music-10#Benjamin_Nelson</field><field name="related_entity1_ss">Lover Patterson</field><field name="related_entity1_ss">The Drifters</field><field name="related_entity1_ss">George Treadwell</field><field name="Music_Writer_Type">Composer</field><field name="Music_Writer_Type">Songwriter</field><field name="path">/Songwriter/Benjamin Nelson</field></doc><doc><field name="name">Brian Holland</field><field name="id">http://www.semanticweb.org/tedsullivan/ontologies/2015/5/music-10#Brian_Holland</field><field name="related_entity1_ss">Lamont Dozier</field><field name="related_entity1_ss">Eddie Holland</field><field name="related_entity2_ss">Martha and the Vandellas</field><field name="related_entity2_ss">Four Tops</field><field name="related_entity2_ss">Georgia Dobbins</field><field name="related_entity2_ss">Sylvia Moy</field><field name="related_entity2_ss">Freddie Gorman</field><field name="related_entity2_ss">William Garrett</field><field name="Music_Writer_Type">Composer</field><field name="Music_Writer_Type">Songwriter</field><field name="related_entity2_ss.Length">15</field><field name="path">/Songwriter/Brian Holland</field><field name="related_entity2_ss.MaximumLength"></field></doc><doc><field name="name">Benny Harris</field><field name="id">http://www.semanticweb.org/tedsullivan/ontologies/2015/5/music-10#Benny_Harris</field><field name="related_entity1_ss">Charlie Parker</field><field name="Music_Writer_Type">Composer</field><field name="Music_Writer_Type">Songwriter</field><field name="path">/Songwriter/Benny Harris</field><field name="genres_ss">Jazz</field><field name="genres_ss">Bee Bop</field></doc><doc><field name="name">Clint Ballard, Jr.</field><field name="id">http://www.semanticweb.org/tedsullivan/ontologies/2015/5/music-10#Clint_Ballard_Jr.</field><field name="path">/Songwriter/Clint Ballard, Jr.</field><field name="Music_Writer_Type">Composer</field><field name="Music_Writer_Type">Songwriter</field></doc><doc><field name="name">Fred Rose</field><field name="id">http://www.semanticweb.org/tedsullivan/ontologies/2015/5/music-10#Fred_Rose</field><field name="related_entity1_ss">Roy Acuff</field><field name="related_entity1_ss">Hank Williams</field><field name="Music_Writer_Type">Composer</field><field name="Music_Writer_Type">Songwriter</field><field name="path">/Songwriter/Fred Rose</field></doc><doc><field name="name">Eric Sadler</field><field name="id">http://www.semanticweb.org/tedsullivan/ontologies/2015/5/music-10#Eric_Sadler</field><field name="related_entity1_ss">Hank Shocklee</field><field name="related_entity1_ss">Chuck D</field><field name="related_entity2_ss">Keith Shocklee</field><field name="Music_Writer_Type">Composer</field><field name="Music_Writer_Type">Songwriter</field><field name="related_entity2_ss.Length">14</field><field name="path">/Songwriter/Eric Sadler</field><field name="related_entity2_ss.MaximumLength"></field></doc><doc><field name="name">Terry Britten</field><field name="id">http://www.semanticweb.org/tedsullivan/ontologies/2015/5/music-10#Terry_Britten</field><field name="related_entity1_ss">Graham Lyle</field><field name="related_entity1_ss">Tina Turner</field><field name="Music_Writer_Type">Composer</field><field name="Music_Writer_Type">Songwriter</field><field name="path">/Instrumentalist/Guitarist/Terry Britten</field><field name="path">/Songwriter/Terry Britten</field><field name="Musician_Type">Instrumentalist</field><field name="Musician_Type">Guitarist</field></doc><doc><field name="name">Mort Shuman</field><field name="id">http://www.semanticweb.org/tedsullivan/ontologies/2015/5/music-10#Mort_Shuman</field><field name="related_entity1_ss">Doc Pomus</field><field name="related_entity1_ss">Ernesto De Curtis</field><field name="Music_Writer_Type">Composer</field><field name="Music_Writer_Type">Songwriter</field><field name="path">/Songwriter/Mort Shuman</field></doc><doc><field name="name">Al Jardine</field><field name="id">http://www.semanticweb.org/tedsullivan/ontologies/2015/5/music-10#Al_Jardine</field><field name="related_entity1_ss">Mike Love</field><field name="related_entity1_ss">Bruce Johnston</field><field name="related_entity1_ss">Blondie Chaplin</field><field name="related_entity1_ss">Ricky Fataar</field><field name="related_entity1_ss">David Marks</field><field name="related_entity1_ss">Brian Wilson</field><field name="related_entity1_ss">Dennis Wilson</field><field name="related_entity1_ss">Carl Wilson</field><field name="Music_Writer_Type">Composer</field><field name="Music_Writer_Type">Songwriter</field><field name="memberOfGroup_ss.Length">10</field><field name="path">/Instrumentalist/Guitarist/Al Jardine</field><field name="path">/Musician/Singer/Al Jardine</field><field name="path">/Songwriter/Al Jardine</field><field name="Musician_Type">Instrumentalist</field><field name="Musician_Type">Guitarist</field><field name="Musician_Type">Singer</field><field name="memberOfGroup_ss">Beach Boys</field><field name="memberOfGroup_ss.MaximumLength"></field></doc><doc><field name="name">Joe Chambers</field><field name="id">http://www.semanticweb.org/tedsullivan/ontologies/2015/5/music-10#Joe_Chambers</field><field name="related_entity1_ss">Willie Chambers</field><field name="Music_Writer_Type">Composer</field><field name="Music_Writer_Type">Songwriter</field><field name="memberOfGroup_ss.Length">21</field><field name="path">/Musician/Singer/Joe Chambers</field><field name="path">/Songwriter/Joe Chambers</field><field name="Musician_Type">Singer</field><field name="memberOfGroup_ss">The Chambers Brothers</field><field name="memberOfGroup_ss.MaximumLength"></field></doc><doc><field name="name">Jim Seals</field><field name="id">http://www.semanticweb.org/tedsullivan/ontologies/2015/5/music-10#Jim_Seals</field><field name="related_entity1_ss">Dash Crofts</field><field name="Music_Writer_Type">Composer</field><field name="Music_Writer_Type">Songwriter</field><field name="memberOfGroup_ss.Length">16</field><field name="path">/Instrumentalist/Guitarist/Jim Seals</field><field name="path">/Songwriter/Jim Seals</field><field name="Musician_Type">Instrumentalist</field><field name="Musician_Type">Guitarist</field><field name="genres_ss">Rock</field><field name="genres_ss">Soft Rock</field><field name="memberOfGroup_ss">Seals and Crofts</field><field name="memberOfGroup_ss.MaximumLength"></field></doc><doc><field name="name">Anthony Moore</field><field name="id">http://www.semanticweb.org/tedsullivan/ontologies/2015/5/music-10#Anthony_Moore</field><field name="related_entity1_ss">David Gilmour</field><field name="related_entity2_ss">Jon Carin</field><field name="related_entity2_ss">Guy-Manuel de Homem-Christo</field><field name="related_entity2_ss">Thomas Bangalter</field><field name="related_entity2_ss">Bob Ezrin</field><field name="Music_Writer_Type">Composer</field><field name="Music_Writer_Type">Songwriter</field><field name="related_entity2_ss.Length">9</field><field name="path">/Songwriter/Anthony Moore</field><field name="related_entity2_ss.MaximumLength"></field></doc><doc><field name="name">D. Armstrong</field><field name="id">http://www.semanticweb.org/tedsullivan/ontologies/2015/5/music-10#D._Armstrong</field><field name="related_entity1_ss">Eminem</field><field name="related_entity2_ss">P. Herman</field><field name="Music_Writer_Type">Composer</field><field name="Music_Writer_Type">Songwriter</field><field name="related_entity2_ss.Length">9</field><field name="path">/Songwriter/D. Armstrong</field><field name="related_entity2_ss.MaximumLength"></field></doc><doc><field name="name">Viola Watkins</field><field name="id">http://www.semanticweb.org/tedsullivan/ontologies/2015/5/music-10#Viola_Watkins</field><field name="related_entity1_ss">William Davis</field><field name="Music_Writer_Type">Composer</field><field name="Music_Writer_Type">Songwriter</field><field name="path">/Songwriter/Viola Watkins</field></doc><doc><field name="name">Jimmy Reed</field><field name="id">http://www.semanticweb.org/tedsullivan/ontologies/2015/5/music-10#Jimmy_Reed</field><field name="Music_Writer_Type">Composer</field><field name="Music_Writer_Type">Songwriter</field><field name="path">/Instrumentalist/Guitarist/Jimmy Reed</field><field name="path">/Harmonica Player/Jimmy Reed</field><field name="path">/Musician/Singer/Jimmy Reed</field><field name="path">/Songwriter/Jimmy Reed</field><field name="Musician_Type">Instrumentalist</field><field name="Musician_Type">Guitarist</field><field name="Musician_Type">Harmonica Player</field><field name="Musician_Type">Singer</field></doc><doc><field name="name">Jerry Leiber</field><field name="id">http://www.semanticweb.org/tedsullivan/ontologies/2015/5/music-10#Jerry_Leiber</field><field name="related_entity1_ss">Mike Stoller</field><field name="related_entity2_ss">Phil Spector</field><field name="related_entity2_ss">Dee Dee Warwick</field><field name="related_entity2_ss">Ben E. King</field><field name="Music_Writer_Type">Composer</field><field name="Music_Writer_Type">Songwriter</field><field name="related_entity2_ss.Length">11</field><field name="path">/Songwriter/Jerry Leiber</field><field name="related_entity2_ss.MaximumLength"></field></doc></add>
