<add><doc><field name="name">Michael Bolton</field><field name="id">http://www.semanticweb.org/tedsullivan/ontologies/2015/5/music-10#Michael_Bolton</field><field name="Music_Writer_Type">Composer</field><field name="Music_Writer_Type">Songwriter</field><field name="hasGenre.Count">4</field><field name="path">/Singer/Michael Bolton</field><field name="path">/Songwriter/Michael Bolton</field><field name="Musician_Type">Singer</field><field name="genres_ss">Popular</field><field name="genres_ss">Adult Contemporary</field><field name="genres_ss">Pop Rock</field><field name="genres_ss">Rock</field></doc><doc><field name="name">Jimmy McHugh</field><field name="id">http://www.semanticweb.org/tedsullivan/ontologies/2015/5/music-10#Jimmy_McHugh</field><field name="related_entity1_ss">Dorothy Fields</field><field name="related_entity2_ss">Lionel Hampton</field><field name="related_entity2_ss">Frankie Laine</field><field name="related_entity2_ss">Irving Mills</field><field name="related_entity2_ss">Louis Armstrong</field><field name="related_entity2_ss">Nat King Cole</field><field name="related_entity2_ss">Harold Adamson</field><field name="related_entity2_ss">Gene Austin</field><field name="related_entity2_ss">Benny Goodman</field><field name="related_entity2_ss">Erroll Garner</field><field name="related_entity2_ss">Ted Lewis</field><field name="Music_Writer_Type">Composer</field><field name="Music_Writer_Type">Songwriter</field><field name="related_entity2_ss.Length">9</field><field name="path">/Songwriter/Jimmy McHugh</field><field name="related_entity2_ss.MaximumLength"></field></doc><doc><field name="name">David Johansen</field><field name="id">http://www.semanticweb.org/tedsullivan/ontologies/2015/5/music-10#David_Johansen</field><field name="related_entity1_ss">Johnny Thunders</field><field name="related_entity2_ss">Brian Delaney</field><field name="related_entity2_ss">Arthur Kane</field><field name="related_entity2_ss">Blackie Lawless</field><field name="related_entity2_ss">Kenny Aaronson</field><field name="related_entity2_ss">Chris Robison</field><field name="related_entity2_ss">Steve Conte</field><field name="related_entity2_ss">Billy Murcia</field><field name="related_entity2_ss">Aaron Lee Tasjan</field><field name="related_entity2_ss">Rick Rivets</field><field name="related_entity2_ss">Earl Slick</field><field name="related_entity2_ss">Sylvain Sylvain</field><field name="related_entity2_ss">Jerry Nolan</field><field name="related_entity2_ss">Sami Yaffa</field><field name="related_entity2_ss">Jason Hill</field><field name="related_entity2_ss">Frank Infante</field><field name="Music_Writer_Type">Composer</field><field name="Music_Writer_Type">Songwriter</field><field name="memberOfGroup_ss.Length">14</field><field name="related_entity2_ss.Length">13</field><field name="path">/Singer/David Johansen</field><field name="path">/Songwriter/David Johansen</field><field name="Musician_Type">Singer</field><field name="memberOfGroup_ss">New York Dolls</field><field name="memberOfGroup_ss.MaximumLength"></field><field name="related_entity2_ss.MaximumLength"></field></doc><doc><field name="name">John Denver</field><field name="id">http://www.semanticweb.org/tedsullivan/ontologies/2015/5/music-10#John_Denver</field><field name="Music_Writer_Type">Composer</field><field name="Music_Writer_Type">Songwriter</field><field name="path">/Singer/John Denver</field><field name="path">/Songwriter/John Denver</field><field name="Musician_Type">Singer</field></doc><doc><field name="name">Gary Anthony Osborne</field><field name="id">http://www.semanticweb.org/tedsullivan/ontologies/2015/5/music-10#Gary_Anthony_Osborne</field><field name="related_entity1_ss">Elton John</field><field name="Music_Writer_Type">Composer</field><field name="Music_Writer_Type">Songwriter</field><field name="path">/Songwriter/Gary Anthony Osborne</field></doc><doc><field name="name">Tom Adair</field><field name="id">http://www.semanticweb.org/tedsullivan/ontologies/2015/5/music-10#Tom_Adair</field><field name="related_entity1_ss">Matt Dennis</field><field name="Music_Writer_Type">Composer</field><field name="Music_Writer_Type">Songwriter</field><field name="path">/Songwriter/Tom Adair</field></doc><doc><field name="name">Tom Browne</field><field name="id">http://www.semanticweb.org/tedsullivan/ontologies/2015/5/music-10#Tom_Browne</field><field name="Music_Writer_Type">Composer</field><field name="Music_Writer_Type">Songwriter</field><field name="hasGenre.Count">6</field><field name="path">/Singer/Tom Browne</field><field name="path">/Songwriter/Tom Browne</field><field name="path">/Trumpeter/Tom Browne</field><field name="Musician_Type">Singer</field><field name="Musician_Type">Instrumentalist</field><field name="Musician_Type">Trumpeter</field><field name="genres_ss">Jazz</field><field name="genres_ss">Rock</field><field name="genres_ss">R&amp;B</field></doc><doc><field name="name">Sylvia Dee</field><field name="id">http://www.semanticweb.org/tedsullivan/ontologies/2015/5/music-10#Sylvia_Dee</field><field name="related_entity1_ss">Arthur Kent</field><field name="Music_Writer_Type">Composer</field><field name="Music_Writer_Type">Songwriter</field><field name="path">/Songwriter/Sylvia Dee</field></doc><doc><field name="name">Allen Shamblin</field><field name="id">http://www.semanticweb.org/tedsullivan/ontologies/2015/5/music-10#Allen_Shamblin</field><field name="related_entity1_ss">Mike Reid</field><field name="Music_Writer_Type">Composer</field><field name="Music_Writer_Type">Songwriter</field><field name="path">/Songwriter/Allen Shamblin</field></doc><doc><field name="name">Michael Edwards</field><field name="id">http://www.semanticweb.org/tedsullivan/ontologies/2015/5/music-10#Michael_Edwards</field><field name="related_entity1_ss">Bud Green</field><field name="Music_Writer_Type">Composer</field><field name="Music_Writer_Type">Songwriter</field><field name="path">/Songwriter/Michael Edwards</field></doc><doc><field name="name">Morgan Lewis</field><field name="id">http://www.semanticweb.org/tedsullivan/ontologies/2015/5/music-10#Morgan_Lewis</field><field name="related_entity1_ss">Nancy Hamilton</field><field name="Music_Writer_Type">Composer</field><field name="Music_Writer_Type">Songwriter</field><field name="path">/Songwriter/Morgan Lewis</field></doc><doc><field name="name">Tracy Chapman</field><field name="id">http://www.semanticweb.org/tedsullivan/ontologies/2015/5/music-10#Tracy_Chapman</field><field name="Music_Writer_Type">Composer</field><field name="Music_Writer_Type">Songwriter</field><field name="path">/Singer/Tracy Chapman</field><field name="path">/Songwriter/Tracy Chapman</field><field name="Musician_Type">Singer</field></doc><doc><field name="name">Al Sherman</field><field name="id">http://www.semanticweb.org/tedsullivan/ontologies/2015/5/music-10#Al_Sherman</field><field name="related_entity1_ss">Bernice Petkere</field><field name="related_entity1_ss">Harry M. Woods</field><field name="related_entity1_ss">Haven Gillespie</field><field name="related_entity1_ss">Saul Chaplin</field><field name="related_entity1_ss">Harry Ruby</field><field name="related_entity1_ss">Bert Kalmar</field><field name="Music_Writer_Type">Composer</field><field name="Music_Writer_Type">Songwriter</field><field name="memberOfGroup_ss.Length">13</field><field name="path">/Songwriter/Al Sherman</field><field name="memberOfGroup_ss">Tin Pan Alley</field><field name="memberOfGroup_ss.MaximumLength"></field></doc><doc><field name="name">Jerry Livingston</field><field name="id">http://www.semanticweb.org/tedsullivan/ontologies/2015/5/music-10#Jerry_Livingston</field><field name="related_entity1_ss">Count Basie</field><field name="related_entity1_ss">Al Neiburg</field><field name="related_entity1_ss">Mack David</field><field name="related_entity1_ss">Marty Symes</field><field name="Music_Writer_Type">Composer</field><field name="Music_Writer_Type">Songwriter</field><field name="path">/Songwriter/Jerry Livingston</field></doc><doc><field name="name">Dean Pitchford</field><field name="id">http://www.semanticweb.org/tedsullivan/ontologies/2015/5/music-10#Dean_Pitchford</field><field name="related_entity1_ss">Eric Carmen</field><field name="related_entity2_ss">Mike Reno</field><field name="related_entity2_ss">Kenny Loggins</field><field name="related_entity2_ss">Ann Wilson</field><field name="Music_Writer_Type">Composer</field><field name="Music_Writer_Type">Songwriter</field><field name="related_entity2_ss.Length">10</field><field name="path">/Songwriter/Dean Pitchford</field><field name="related_entity2_ss.MaximumLength"></field></doc><doc><field name="name">Johnny Paycheck</field><field name="id">http://www.semanticweb.org/tedsullivan/ontologies/2015/5/music-10#Johnny_Paycheck</field><field name="Music_Writer_Type">Composer</field><field name="Music_Writer_Type">Songwriter</field><field name="path">/Guitarist/Johnny Paycheck</field><field name="path">/Singer/Johnny Paycheck</field><field name="path">/Songwriter/Johnny Paycheck</field><field name="Musician_Type">Instrumentalist</field><field name="Musician_Type">Guitarist</field><field name="Musician_Type">Singer</field></doc><doc><field name="name">Louis F. Pace</field><field name="id">http://www.semanticweb.org/tedsullivan/ontologies/2015/5/music-10#Louis_F._Pace</field><field name="related_entity1_ss">Timmy Thomas</field><field name="Music_Writer_Type">Composer</field><field name="Music_Writer_Type">Songwriter</field><field name="path">/Songwriter/Louis F. Pace</field></doc><doc><field name="name">Robert Cray</field><field name="id">http://www.semanticweb.org/tedsullivan/ontologies/2015/5/music-10#Robert_Cray</field><field name="Music_Writer_Type">Composer</field><field name="Music_Writer_Type">Songwriter</field><field name="path">/Guitarist/Robert Cray</field><field name="path">/Singer/Robert Cray</field><field name="path">/Songwriter/Robert Cray</field><field name="Musician_Type">Instrumentalist</field><field name="Musician_Type">Guitarist</field><field name="Musician_Type">Singer</field><field name="genres_ss">Blues</field></doc><doc><field name="name">Denny Randell</field><field name="id">http://www.semanticweb.org/tedsullivan/ontologies/2015/5/music-10#Denny_Randell</field><field name="related_entity1_ss">Sandy Linzer</field><field name="related_entity2_ss">Bob Crewe</field><field name="Music_Writer_Type">Composer</field><field name="Music_Writer_Type">Songwriter</field><field name="related_entity2_ss.Length">9</field><field name="path">/Record Producer/Denny Randell</field><field name="path">/Songwriter/Denny Randell</field><field name="related_entity2_ss.MaximumLength"></field></doc><doc><field name="name">T-Bone Walker</field><field name="id">http://www.semanticweb.org/tedsullivan/ontologies/2015/5/music-10#TBone_Walker</field><field name="Music_Writer_Type">Composer</field><field name="Music_Writer_Type">Songwriter</field><field name="path">/Guitarist/T-Bone Walker</field><field name="path">/Singer/T-Bone Walker</field><field name="path">/Songwriter/T-Bone Walker</field><field name="Musician_Type">Instrumentalist</field><field name="Musician_Type">Guitarist</field><field name="Musician_Type">Singer</field><field name="genres_ss">Blues</field></doc><doc><field name="name">Warren Haynes</field><field name="id">http://www.semanticweb.org/tedsullivan/ontologies/2015/5/music-10#Warren_Haynes</field><field name="related_entity1_ss">Matt Abts</field><field name="related_entity1_ss">Allen Woody</field><field name="hasGenre.Count">8</field><field name="memberOfGroup_ss.Length">10</field><field name="path">/Guitarist/Warren Haynes</field><field name="path">/Singer/Warren Haynes</field><field name="path">/Songwriter/Warren Haynes</field><field name="memberOfGroup_ss.MaximumLength"></field><field name="Music_Writer_Type">Composer</field><field name="Music_Writer_Type">Songwriter</field><field name="Musician_Type">Instrumentalist</field><field name="Musician_Type">Guitarist</field><field name="Musician_Type">Singer</field><field name="genres_ss">Blues</field><field name="genres_ss">Blues Rock</field><field name="genres_ss">Rock</field><field name="genres_ss">Country</field><field name="genres_ss">Country Rock</field><field name="genres_ss">Hard Rock</field><field name="memberOfGroup_ss">Gov't Mule</field></doc><doc><field name="name">Peter Cetera</field><field name="id">http://www.semanticweb.org/tedsullivan/ontologies/2015/5/music-10#Peter_Cetera</field><field name="related_entity1_ss">Robert Lamm</field><field name="hasGenre.Count">6</field><field name="memberOfGroup_ss.Length">7</field><field name="related_entity2_ss.Length">17</field><field name="path">/Bassist/Peter Cetera</field><field name="path">/Singer/Peter Cetera</field><field name="path">/Songwriter/Peter Cetera</field><field name="memberOfGroup_ss.MaximumLength"></field><field name="related_entity2_ss">James Pankow</field><field name="related_entity2_ss">Terry Kath</field><field name="related_entity2_ss">David Foster</field><field name="related_entity2_ss">Diane Nini</field><field name="related_entity2_ss">Lee Loughnane</field><field name="related_entity2_ss">Danny Seraphine</field><field name="related_entity2_ss">Walter Parazaider</field><field name="Music_Writer_Type">Composer</field><field name="Music_Writer_Type">Songwriter</field><field name="Musician_Type">Instrumentalist</field><field name="Musician_Type">Bassist</field><field name="Musician_Type">Singer</field><field name="genres_ss">Jazz</field><field name="genres_ss">Jazz  Fusion</field><field name="genres_ss">Rock</field><field name="genres_ss">Soft Rock</field><field name="memberOfGroup_ss">Chicago</field><field name="related_entity2_ss.MaximumLength"></field></doc><doc><field name="name">Rod Temperton</field><field name="id">http://www.semanticweb.org/tedsullivan/ontologies/2015/5/music-10#Rod_Temperton</field><field name="path">/Record Producer/Rod Temperton</field><field name="path">/Songwriter/Rod Temperton</field><field name="Music_Writer_Type">Composer</field><field name="Music_Writer_Type">Songwriter</field></doc><doc><field name="name">George 'Shadow' Morton</field><field name="id">http://www.semanticweb.org/tedsullivan/ontologies/2015/5/music-10#Shadow_Morton</field><field name="related_entity1_ss">The Shangri-Las</field><field name="Music_Writer_Type">Composer</field><field name="Music_Writer_Type">Songwriter</field><field name="path">/Record Producer/George 'Shadow' Morton</field><field name="path">/Songwriter/George 'Shadow' Morton</field></doc><doc><field name="name">Sol Marcus</field><field name="id">http://www.semanticweb.org/tedsullivan/ontologies/2015/5/music-10#Sol_Marcus</field><field name="related_entity1_ss">Gloria Caldwell</field><field name="related_entity1_ss">Bennie Benjamin</field><field name="Music_Writer_Type">Composer</field><field name="Music_Writer_Type">Songwriter</field><field name="path">/Songwriter/Sol Marcus</field></doc><doc><field name="name">Red Foley</field><field name="id">http://www.semanticweb.org/tedsullivan/ontologies/2015/5/music-10#Red_Foley</field><field name="related_entity1_ss">Arthur Williams</field><field name="Music_Writer_Type">Composer</field><field name="Music_Writer_Type">Songwriter</field><field name="path">/Singer/Red Foley</field><field name="path">/Songwriter/Red Foley</field><field name="Musician_Type">Singer</field></doc><doc><field name="name">Warren Moore</field><field name="id">http://www.semanticweb.org/tedsullivan/ontologies/2015/5/music-10#Warren_Moore</field><field name="related_entity1_ss">Smokey Robinson</field><field name="related_entity2_ss">Smokey Robinson &amp; the Miracles</field><field name="related_entity2_ss">Marv Tarplin</field><field name="Music_Writer_Type">Composer</field><field name="Music_Writer_Type">Songwriter</field><field name="related_entity2_ss.Length">12</field><field name="path">/Songwriter/Warren Moore</field><field name="related_entity2_ss.MaximumLength"></field></doc><doc><field name="name">Michael Carr</field><field name="id">http://www.semanticweb.org/tedsullivan/ontologies/2015/5/music-10#Michael_Carr</field><field name="related_entity1_ss">Jimmy Kennedy</field><field name="Music_Writer_Type">Composer</field><field name="Music_Writer_Type">Songwriter</field><field name="path">/Songwriter/Michael Carr</field></doc><doc><field name="name">Arthur Kent</field><field name="id">http://www.semanticweb.org/tedsullivan/ontologies/2015/5/music-10#Arthur_Kent</field><field name="related_entity1_ss">Sylvia Dee</field><field name="Music_Writer_Type">Composer</field><field name="Music_Writer_Type">Songwriter</field><field name="path">/Songwriter/Arthur Kent</field></doc><doc><field name="name">Marv Tarplin</field><field name="id">http://www.semanticweb.org/tedsullivan/ontologies/2015/5/music-10#Marv_Tarplin</field><field name="related_entity1_ss">Smokey Robinson</field><field name="related_entity1_ss">Bobby Rogers</field><field name="related_entity1_ss">Warren Moore</field><field name="Music_Writer_Type">Composer</field><field name="Music_Writer_Type">Songwriter</field><field name="memberOfGroup_ss.Length">12</field><field name="path">/Guitarist/Marv Tarplin</field><field name="path">/Songwriter/Marv Tarplin</field><field name="Musician_Type">Instrumentalist</field><field name="Musician_Type">Guitarist</field><field name="memberOfGroup_ss">The Miracles</field><field name="memberOfGroup_ss.MaximumLength"></field></doc><doc><field name="name">Jimmy Buffett</field><field name="id">http://www.semanticweb.org/tedsullivan/ontologies/2015/5/music-10#Jimmy_Buffett</field><field name="related_entity1_ss">Don Gant</field><field name="related_entity2_ss">Tom Corcoran</field><field name="related_entity2_ss">Deborah McColl</field><field name="related_entity2_ss">Barry Chance</field><field name="related_entity2_ss">Norbert Putnam</field><field name="Music_Writer_Type">Composer</field><field name="Music_Writer_Type">Songwriter</field><field name="related_entity2_ss.Length">14</field><field name="path">/Singer/Jimmy Buffett</field><field name="path">/Songwriter/Jimmy Buffett</field><field name="Musician_Type">Singer</field><field name="related_entity2_ss.MaximumLength"></field></doc><doc><field name="name">Michael Nesmith</field><field name="id">http://www.semanticweb.org/tedsullivan/ontologies/2015/5/music-10#Michael_Nesmith</field><field name="Music_Writer_Type">Composer</field><field name="Music_Writer_Type">Songwriter</field><field name="memberOfGroup_ss.Length">11</field><field name="path">/Guitarist/Michael Nesmith</field><field name="path">/Singer/Michael Nesmith</field><field name="path">/Songwriter/Michael Nesmith</field><field name="Musician_Type">Instrumentalist</field><field name="Musician_Type">Guitarist</field><field name="Musician_Type">Singer</field><field name="memberOfGroup_ss">The Monkees</field><field name="memberOfGroup_ss.MaximumLength"></field></doc><doc><field name="name">Eddie Gray</field><field name="id">http://www.semanticweb.org/tedsullivan/ontologies/2015/5/music-10#Eddie_Gray</field><field name="related_entity1_ss">Tommy James</field><field name="related_entity1_ss">Mike Vale</field><field name="Music_Writer_Type">Composer</field><field name="Music_Writer_Type">Songwriter</field><field name="path">/Songwriter/Eddie Gray</field></doc><doc><field name="name">Ozzie Cadena</field><field name="id">http://www.semanticweb.org/tedsullivan/ontologies/2015/5/music-10#Ozzie_Cadena</field><field name="related_entity1_ss">Lew Herman</field><field name="related_entity1_ss">Nappy Brown</field><field name="Music_Writer_Type">Composer</field><field name="Music_Writer_Type">Songwriter</field><field name="path">/Record Producer/Ozzie Cadena</field><field name="path">/Songwriter/Ozzie Cadena</field><field name="genres_ss">Jazz</field></doc><doc><field name="name">João Gilberto</field><field name="id">http://www.semanticweb.org/tedsullivan/ontologies/2015/5/music-10#João_Gilberto</field><field name="Music_Writer_Type">Composer</field><field name="Music_Writer_Type">Songwriter</field><field name="path">/Guitarist/João Gilberto</field><field name="path">/Singer/João Gilberto</field><field name="path">/Songwriter/João Gilberto</field><field name="Musician_Type">Instrumentalist</field><field name="Musician_Type">Guitarist</field><field name="Musician_Type">Singer</field></doc><doc><field name="name">Barrett Strong</field><field name="id">http://www.semanticweb.org/tedsullivan/ontologies/2015/5/music-10#Barrett_Strong</field><field name="related_entity1_ss">Norman Whitfield</field><field name="related_entity2_ss">Marvin Gaye</field><field name="related_entity2_ss">Creedence Clearwater Revival</field><field name="related_entity2_ss">Rodger Penzabene</field><field name="related_entity2_ss">Gladys Knight and the Pips</field><field name="related_entity2_ss">Berry Gordy</field><field name="related_entity2_ss">Janie Bradford</field><field name="Music_Writer_Type">Composer</field><field name="Music_Writer_Type">Songwriter</field><field name="related_entity2_ss.Length">14</field><field name="path">/Songwriter/Barrett Strong</field><field name="related_entity2_ss.MaximumLength"></field></doc><doc><field name="name">Marcus Mumford</field><field name="id">http://www.semanticweb.org/tedsullivan/ontologies/2015/5/music-10#Marcus_Mumford</field><field name="Music_Writer_Type">Composer</field><field name="Music_Writer_Type">Songwriter</field><field name="hasGenre.Count">6</field><field name="path">/Drummer/Marcus Mumford</field><field name="path">/Guitarist/Marcus Mumford</field><field name="path">/Percussionist/Marcus Mumford</field><field name="path">/Singer/Marcus Mumford</field><field name="path">/Songwriter/Marcus Mumford</field><field name="Musician_Type">Instrumentalist</field><field name="Musician_Type">Drummer</field><field name="Musician_Type">Guitarist</field><field name="Musician_Type">Percussionist</field><field name="Musician_Type">Singer</field><field name="genres_ss">Rock</field><field name="genres_ss">Alternative Rock</field><field name="genres_ss">Folk</field><field name="genres_ss">Folk Rock</field><field name="genres_ss">Indie Rock</field></doc><doc><field name="name">Adam Levine</field><field name="id">http://www.semanticweb.org/tedsullivan/ontologies/2015/5/music-10#Adam_Levine</field><field name="related_entity1_ss">Jesse Carmichael</field><field name="related_entity1_ss">James Valentine</field><field name="Music_Writer_Type">Composer</field><field name="Music_Writer_Type">Songwriter</field><field name="memberOfGroup_ss.Length">8</field><field name="path">/Bassist/Adam Levine</field><field name="path">/Drummer/Adam Levine</field><field name="path">/Guitarist/Adam Levine</field><field name="path">/Pianist/Adam Levine</field><field name="path">/Singer/Adam Levine</field><field name="path">/Songwriter/Adam Levine</field><field name="Musician_Type">Instrumentalist</field><field name="Musician_Type">Bassist</field><field name="Musician_Type">Drummer</field><field name="Musician_Type">Guitarist</field><field name="Musician_Type">Pianist</field><field name="Musician_Type">Singer</field><field name="genres_ss">Popular</field><field name="genres_ss">Pop Rock</field><field name="genres_ss">Rock</field><field name="memberOfGroup_ss">Maroon 5</field><field name="memberOfGroup_ss.MaximumLength"></field></doc><doc><field name="name">Lisa Stansfield</field><field name="id">http://www.semanticweb.org/tedsullivan/ontologies/2015/5/music-10#Lisa_Stansfield</field><field name="Music_Writer_Type">Composer</field><field name="Music_Writer_Type">Songwriter</field><field name="path">/Singer/Lisa Stansfield</field><field name="path">/Songwriter/Lisa Stansfield</field><field name="Musician_Type">Singer</field></doc><doc><field name="name">Roger Linn</field><field name="id">http://www.semanticweb.org/tedsullivan/ontologies/2015/5/music-10#Roger_Linn</field><field name="related_entity1_ss">Richard Feldman</field><field name="Music_Writer_Type">Composer</field><field name="Music_Writer_Type">Songwriter</field><field name="path">/Songwriter/Roger Linn</field></doc><doc><field name="name">Siedah Garrett</field><field name="id">http://www.semanticweb.org/tedsullivan/ontologies/2015/5/music-10#Siedah_Garrett</field><field name="Music_Writer_Type">Composer</field><field name="Music_Writer_Type">Songwriter</field><field name="path">/Singer/Siedah Garrett</field><field name="path">/Songwriter/Siedah Garrett</field><field name="Musician_Type">Singer</field></doc><doc><field name="name">Bobby Bare</field><field name="id">http://www.semanticweb.org/tedsullivan/ontologies/2015/5/music-10#Bobby_Bare</field><field name="Music_Writer_Type">Composer</field><field name="Music_Writer_Type">Songwriter</field><field name="path">/Singer/Bobby Bare</field><field name="path">/Songwriter/Bobby Bare</field><field name="Musician_Type">Singer</field><field name="genres_ss">Country</field></doc><doc><field name="name">Carl Sigman</field><field name="id">http://www.semanticweb.org/tedsullivan/ontologies/2015/5/music-10#Carl_Sigman</field><field name="related_entity1_ss">Bob Russell</field><field name="related_entity1_ss">Charles G. Dawes</field><field name="related_entity1_ss">Tadd Dameron</field><field name="related_entity1_ss">Robert Maxwell</field><field name="Music_Writer_Type">Composer</field><field name="Music_Writer_Type">Songwriter</field><field name="path">/Songwriter/Carl Sigman</field></doc><doc><field name="name">Red Sovine</field><field name="id">http://www.semanticweb.org/tedsullivan/ontologies/2015/5/music-10#Red_Sovine</field><field name="Music_Writer_Type">Composer</field><field name="Music_Writer_Type">Songwriter</field><field name="path">/Singer/Red Sovine</field><field name="path">/Songwriter/Red Sovine</field><field name="Musician_Type">Singer</field><field name="genres_ss">Country</field></doc><doc><field name="name">Steve Miller</field><field name="id">http://www.semanticweb.org/tedsullivan/ontologies/2015/5/music-10#Steve_Miller</field><field name="related_entity1_ss">Steve Miller Band</field><field name="related_entity1_ss">Ahmet Ertegun</field><field name="related_entity1_ss">Eddie Curtis</field><field name="Music_Writer_Type">Composer</field><field name="Music_Writer_Type">Songwriter</field><field name="memberOfGroup_ss.Length">17</field><field name="path">/Band Leader/Steve Miller</field><field name="path">/Guitarist/Steve Miller</field><field name="path">/Singer/Steve Miller</field><field name="path">/Songwriter/Steve Miller</field><field name="Musician_Type">Conductor</field><field name="Musician_Type">Band Leader</field><field name="Musician_Type">Instrumentalist</field><field name="Musician_Type">Guitarist</field><field name="Musician_Type">Singer</field><field name="genres_ss">Rock</field><field name="memberOfGroup_ss">Steve Miller Band</field><field name="memberOfGroup_ss.MaximumLength"></field></doc><doc><field name="name">Dina Carroll</field><field name="id">http://www.semanticweb.org/tedsullivan/ontologies/2015/5/music-10#Dina_Carroll</field><field name="related_entity1_ss">Nigel Lowis</field><field name="Music_Writer_Type">Composer</field><field name="Music_Writer_Type">Songwriter</field><field name="path">/Songwriter/Dina Carroll</field></doc><doc><field name="name">Thomas Wayne</field><field name="id">http://www.semanticweb.org/tedsullivan/ontologies/2015/5/music-10#Thomas_Wayne</field><field name="related_entity1_ss">Bill Rise</field><field name="Music_Writer_Type">Composer</field><field name="Music_Writer_Type">Songwriter</field><field name="path">/Songwriter/Thomas Wayne</field></doc><doc><field name="name">Ray Gilbert</field><field name="id">http://www.semanticweb.org/tedsullivan/ontologies/2015/5/music-10#Ray_Gilbert</field><field name="related_entity1_ss">Allie Wrubel</field><field name="Music_Writer_Type">Composer</field><field name="Music_Writer_Type">Songwriter</field><field name="path">/Songwriter/Ray Gilbert</field></doc><doc><field name="name">Tommy James</field><field name="id">http://www.semanticweb.org/tedsullivan/ontologies/2015/5/music-10#Tommy_James</field><field name="related_entity1_ss">Peter Lucia, Jr.</field><field name="hasGenre.Count">6</field><field name="memberOfGroup_ss.Length">29</field><field name="related_entity2_ss.Length">9</field><field name="path">/Guitarist/Tommy James</field><field name="path">/Singer/Tommy James</field><field name="path">/Songwriter/Tommy James</field><field name="memberOfGroup_ss.MaximumLength"></field><field name="related_entity2_ss">Larry Coverdale</field><field name="related_entity2_ss">Larry Wright</field><field name="related_entity2_ss">Craig Villeneuve</field><field name="related_entity2_ss">Jim Payne</field><field name="related_entity2_ss">Eddie Gray</field><field name="related_entity2_ss">Mike Vale</field><field name="Music_Writer_Type">Composer</field><field name="Music_Writer_Type">Songwriter</field><field name="Musician_Type">Instrumentalist</field><field name="Musician_Type">Guitarist</field><field name="Musician_Type">Singer</field><field name="genres_ss">Popular</field><field name="genres_ss">Pop</field><field name="genres_ss">Rock</field><field name="genres_ss">Psychedelic Rock</field><field name="memberOfGroup_ss">Tommy James and the Shondells</field><field name="related_entity2_ss.MaximumLength"></field></doc><doc><field name="name">Joe Beal</field><field name="id">http://www.semanticweb.org/tedsullivan/ontologies/2015/5/music-10#Joe_Beal</field><field name="related_entity1_ss">Jim Boothe</field><field name="Music_Writer_Type">Composer</field><field name="Music_Writer_Type">Songwriter</field><field name="path">/Songwriter/Joe Beal</field></doc><doc><field name="name">Amy Winehouse</field><field name="id">http://www.semanticweb.org/tedsullivan/ontologies/2015/5/music-10#Amy_Winehouse</field><field name="related_entity1_ss">Tony Bennett</field><field name="Music_Writer_Type">Composer</field><field name="Music_Writer_Type">Songwriter</field><field name="path">/Songwriter/Amy Winehouse</field></doc><doc><field name="name">Gary Wright</field><field name="id">http://www.semanticweb.org/tedsullivan/ontologies/2015/5/music-10#Gary_Wright</field><field name="Music_Writer_Type">Composer</field><field name="Music_Writer_Type">Songwriter</field><field name="hasGenre.Count">10</field><field name="path">/Keyboardist/Gary Wright</field><field name="path">/Pianist/Gary Wright</field><field name="path">/Singer/Gary Wright</field><field name="path">/Songwriter/Gary Wright</field><field name="Musician_Type">Instrumentalist</field><field name="Musician_Type">Keyboardist</field><field name="Musician_Type">Pianist</field><field name="Musician_Type">Singer</field><field name="genres_ss">Rock</field><field name="genres_ss">Hard Rock</field><field name="genres_ss">World Music</field><field name="genres_ss">New Age</field><field name="genres_ss">Progressive Rock</field><field name="genres_ss">Soft Rock</field></doc><doc><field name="name">Aaron Schroeder</field><field name="id">http://www.semanticweb.org/tedsullivan/ontologies/2015/5/music-10#Aaron_Schroeder</field><field name="related_entity1_ss">Wally Gold</field><field name="related_entity2_ss">Sid Wyche</field><field name="related_entity2_ss">J. Leslie McFarland</field><field name="related_entity2_ss">Eduardo di Capua</field><field name="Music_Writer_Type">Composer</field><field name="Music_Writer_Type">Songwriter</field><field name="related_entity2_ss.Length">16</field><field name="path">/Songwriter/Aaron Schroeder</field><field name="related_entity2_ss.MaximumLength"></field></doc><doc><field name="name">Larry Kolber</field><field name="id">http://www.semanticweb.org/tedsullivan/ontologies/2015/5/music-10#Larry_Kolber</field><field name="related_entity1_ss">Barry Mann</field><field name="Music_Writer_Type">Composer</field><field name="Music_Writer_Type">Songwriter</field><field name="path">/Songwriter/Larry Kolber</field></doc><doc><field name="name">Syretta Wright</field><field name="id">http://www.semanticweb.org/tedsullivan/ontologies/2015/5/music-10#Syreeta_Wright</field><field name="related_entity1_ss">Stevie Wonder</field><field name="Music_Writer_Type">Composer</field><field name="Music_Writer_Type">Songwriter</field><field name="path">/Singer/Syretta Wright</field><field name="path">/Songwriter/Syretta Wright</field><field name="Musician_Type">Singer</field></doc><doc><field name="name">Phil Medley</field><field name="id">http://www.semanticweb.org/tedsullivan/ontologies/2015/5/music-10#Phil_Medley</field><field name="related_entity1_ss">The Isley Brothers</field><field name="related_entity1_ss">Bert Berns</field><field name="Music_Writer_Type">Composer</field><field name="Music_Writer_Type">Songwriter</field><field name="path">/Songwriter/Phil Medley</field><field name="genres_ss">Rock</field><field name="genres_ss">Rock &amp; Roll</field></doc><doc><field name="name">Björn Ulvaeus</field><field name="id">http://www.semanticweb.org/tedsullivan/ontologies/2015/5/music-10#Björn_Ulvaeus</field><field name="related_entity1_ss">Benny Andersson</field><field name="related_entity2_ss">Anni-Frid Lyngstad</field><field name="related_entity2_ss">Stig Anderson</field><field name="related_entity2_ss">Agnetha Fältskog</field><field name="Music_Writer_Type">Composer</field><field name="Music_Writer_Type">Songwriter</field><field name="memberOfGroup_ss.Length">4</field><field name="related_entity2_ss.Length">16</field><field name="path">/Banjo Player/Björn Ulvaeus</field><field name="path">/Guitarist/Björn Ulvaeus</field><field name="path">/Singer/Björn Ulvaeus</field><field name="path">/Songwriter/Björn Ulvaeus</field><field name="Musician_Type">Instrumentalist</field><field name="Musician_Type">Banjo Player</field><field name="Musician_Type">Guitarist</field><field name="Musician_Type">Singer</field><field name="memberOfGroup_ss">ABBA</field><field name="memberOfGroup_ss.MaximumLength"></field><field name="related_entity2_ss.MaximumLength"></field></doc><doc><field name="name">Ed O'Brien</field><field name="id">http://www.semanticweb.org/tedsullivan/ontologies/2015/5/music-10#Ed_OBrien</field><field name="related_entity1_ss">Jonny Greenwood</field><field name="related_entity1_ss">Philip Selway</field><field name="related_entity1_ss">Colin Greenwood</field><field name="related_entity1_ss">Thom Yorke</field><field name="Music_Writer_Type">Composer</field><field name="Music_Writer_Type">Songwriter</field><field name="memberOfGroup_ss.Length">9</field><field name="path">/Guitarist/Ed O'Brien</field><field name="path">/Songwriter/Ed O'Brien</field><field name="Musician_Type">Instrumentalist</field><field name="Musician_Type">Guitarist</field><field name="memberOfGroup_ss">Radiohead</field><field name="memberOfGroup_ss.MaximumLength"></field></doc><doc><field name="name">Arthur Brooks</field><field name="id">http://www.semanticweb.org/tedsullivan/ontologies/2015/5/music-10#Arthur_Brooks</field><field name="related_entity1_ss">Jerry Butler</field><field name="Music_Writer_Type">Composer</field><field name="Music_Writer_Type">Songwriter</field><field name="path">/Songwriter/Arthur Brooks</field></doc><doc><field name="name">Bill Berry</field><field name="id">http://www.semanticweb.org/tedsullivan/ontologies/2015/5/music-10#Bill_Berry</field><field name="related_entity1_ss">Michael Stipe</field><field name="related_entity1_ss">Peter Buck</field><field name="related_entity1_ss">Mike Mills</field><field name="Music_Writer_Type">Composer</field><field name="Music_Writer_Type">Songwriter</field><field name="memberOfGroup_ss.Length">5</field><field name="path">/Drummer/Bill Berry</field><field name="path">/Songwriter/Bill Berry</field><field name="Musician_Type">Instrumentalist</field><field name="Musician_Type">Drummer</field><field name="memberOfGroup_ss">R.E.M</field><field name="memberOfGroup_ss.MaximumLength"></field></doc><doc><field name="name">Peter DeRose</field><field name="id">http://www.semanticweb.org/tedsullivan/ontologies/2015/5/music-10#Peter_DeRose</field><field name="related_entity1_ss">Sammy Gallop</field><field name="Music_Writer_Type">Composer</field><field name="Music_Writer_Type">Songwriter</field><field name="path">/Songwriter/Peter DeRose</field></doc><doc><field name="name">James Sherman</field><field name="id">http://www.semanticweb.org/tedsullivan/ontologies/2015/5/music-10#James_Sherman</field><field name="related_entity1_ss">Jimmy Davis</field><field name="related_entity1_ss">Ram Ramirez</field><field name="Music_Writer_Type">Composer</field><field name="Music_Writer_Type">Songwriter</field><field name="path">/Songwriter/James Sherman</field></doc><doc><field name="name">Ritchie Cordell</field><field name="id">http://www.semanticweb.org/tedsullivan/ontologies/2015/5/music-10#Ritchie_Cordell</field><field name="related_entity1_ss">Tommy James and the Shondells</field><field name="related_entity1_ss">Bo Gentry</field><field name="related_entity1_ss">Sal Trimachi</field><field name="Music_Writer_Type">Composer</field><field name="Music_Writer_Type">Songwriter</field><field name="path">/Record Producer/Ritchie Cordell</field><field name="path">/Singer/Ritchie Cordell</field><field name="path">/Songwriter/Ritchie Cordell</field><field name="Musician_Type">Singer</field><field name="genres_ss">Rock</field></doc><doc><field name="name">Rex Stewart</field><field name="id">http://www.semanticweb.org/tedsullivan/ontologies/2015/5/music-10#Rex_Stewart</field><field name="related_entity1_ss">Duke Ellington</field><field name="related_entity2_ss">William ,",Cat,", Anderson</field><field name="related_entity2_ss">Johnny Hodges</field><field name="related_entity2_ss">Freddie Jenkins</field><field name="related_entity2_ss">Paul Gonsalves</field><field name="related_entity2_ss">Ray Nance</field><field name="related_entity2_ss">Juan Tizol</field><field name="related_entity2_ss">Russell Procope</field><field name="related_entity2_ss">Cootie Williams</field><field name="Music_Writer_Type">Composer</field><field name="Music_Writer_Type">Songwriter</field><field name="memberOfGroup_ss.Length">24</field><field name="related_entity2_ss.Length">15</field><field name="path">/Songwriter/Rex Stewart</field><field name="path">/Trumpeter/Rex Stewart</field><field name="Musician_Type">Instrumentalist</field><field name="Musician_Type">Trumpeter</field><field name="memberOfGroup_ss">Duke Ellington Orchestra</field><field name="memberOfGroup_ss.MaximumLength"></field><field name="related_entity2_ss.MaximumLength"></field></doc><doc><field name="name">Melvin Fair</field><field name="id">http://www.semanticweb.org/tedsullivan/ontologies/2015/5/music-10#Melvin_Fair</field><field name="related_entity1_ss">Ricardo Weeks</field><field name="Music_Writer_Type">Composer</field><field name="Music_Writer_Type">Songwriter</field><field name="path">/Songwriter/Melvin Fair</field></doc><doc><field name="name">Henry Nemo</field><field name="id">http://www.semanticweb.org/tedsullivan/ontologies/2015/5/music-10#Henry_Nemo</field><field name="related_entity1_ss">Duke Ellington</field><field name="related_entity1_ss">Irving Mills</field><field name="related_entity1_ss">John Redmond</field><field name="Music_Writer_Type">Composer</field><field name="Music_Writer_Type">Songwriter</field><field name="path">/Songwriter/Henry Nemo</field></doc><doc><field name="name">Billy Butler</field><field name="id">http://www.semanticweb.org/tedsullivan/ontologies/2015/5/music-10#Billy_Butler</field><field name="related_entity1_ss">Archie Bell</field><field name="Music_Writer_Type">Composer</field><field name="Music_Writer_Type">Songwriter</field><field name="path">/Songwriter/Billy Butler</field></doc><doc><field name="name">Mabon ,",Teenie,", Hodges</field><field name="id">http://www.semanticweb.org/tedsullivan/ontologies/2015/5/music-10#Mabon_Teenie_Hodges</field><field name="related_entity1_ss">Al Green</field><field name="Music_Writer_Type">Composer</field><field name="Music_Writer_Type">Songwriter</field><field name="path">/Songwriter/Mabon ,",Teenie,", Hodges</field></doc><doc><field name="name">Steve Howe</field><field name="id">http://www.semanticweb.org/tedsullivan/ontologies/2015/5/music-10#Steve_Howe</field><field name="related_entity1_ss">Jon Anderson</field><field name="related_entity2_ss">Yes</field><field name="related_entity2_ss">Rick Wakeman</field><field name="related_entity2_ss">Patrick Moraz</field><field name="Music_Writer_Type">Composer</field><field name="Music_Writer_Type">Songwriter</field><field name="memberOfGroup_ss.Length">3</field><field name="related_entity2_ss.Length">13</field><field name="path">/Guitarist/Steve Howe</field><field name="path">/Singer/Steve Howe</field><field name="path">/Songwriter/Steve Howe</field><field name="Musician_Type">Instrumentalist</field><field name="Musician_Type">Guitarist</field><field name="Musician_Type">Singer</field><field name="memberOfGroup_ss">Yes</field><field name="memberOfGroup_ss.MaximumLength"></field><field name="related_entity2_ss.MaximumLength"></field></doc><doc><field name="name">Johnny Neel</field><field name="id">http://www.semanticweb.org/tedsullivan/ontologies/2015/5/music-10#Johnny_Neel</field><field name="related_entity1_ss">Dickie Betts</field><field name="related_entity1_ss">Greg Allman</field><field name="Music_Writer_Type">Composer</field><field name="Music_Writer_Type">Songwriter</field><field name="hasGenre.Count">6</field><field name="path">/Harmonica Player/Johnny Neel</field><field name="path">/Keyboardist/Johnny Neel</field><field name="path">/Singer/Johnny Neel</field><field name="path">/Songwriter/Johnny Neel</field><field name="Musician_Type">Instrumentalist</field><field name="Musician_Type">Harmonica Player</field><field name="Musician_Type">Keyboardist</field><field name="Musician_Type">Singer</field><field name="genres_ss">Blues</field><field name="genres_ss">Jazz</field><field name="genres_ss">Rock</field></doc><doc><field name="name">Kris Kristofferson</field><field name="id">http://www.semanticweb.org/tedsullivan/ontologies/2015/5/music-10#Kris_Kristofferson</field><field name="related_entity1_ss">Sammi Smith</field><field name="related_entity1_ss">O. C. Smith</field><field name="related_entity2_ss">Waylon Jennings</field><field name="related_entity2_ss">Fred Foster</field><field name="related_entity2_ss">Patti Page</field><field name="Music_Writer_Type">Composer</field><field name="Music_Writer_Type">Songwriter</field><field name="related_entity2_ss.Length">10</field><field name="path">/Singer/Kris Kristofferson</field><field name="path">/Songwriter/Kris Kristofferson</field><field name="Musician_Type">Singer</field><field name="genres_ss">Country</field><field name="related_entity2_ss.MaximumLength"></field></doc><doc><field name="name">Richard Carpenter</field><field name="id">http://www.semanticweb.org/tedsullivan/ontologies/2015/5/music-10#Richard_Carpenter</field><field name="related_entity1_ss">John Bettis</field><field name="related_entity2_ss">The Carpenters</field><field name="related_entity2_ss">Karen Carpenter</field><field name="Music_Writer_Type">Composer</field><field name="Music_Writer_Type">Songwriter</field><field name="memberOfGroup_ss.Length">14</field><field name="related_entity2_ss.Length">15</field><field name="path">/Singer/Richard Carpenter</field><field name="path">/Songwriter/Richard Carpenter</field><field name="Musician_Type">Singer</field><field name="memberOfGroup_ss">The Carpenters</field><field name="memberOfGroup_ss.MaximumLength"></field><field name="related_entity2_ss.MaximumLength"></field></doc><doc><field name="name">Dallas Green</field><field name="id">http://www.semanticweb.org/tedsullivan/ontologies/2015/5/music-10#Dallas_Green</field><field name="Music_Writer_Type">Composer</field><field name="Music_Writer_Type">Songwriter</field><field name="path">/Guitarist/Dallas Green</field><field name="path">/Singer/Dallas Green</field><field name="path">/Songwriter/Dallas Green</field><field name="Musician_Type">Instrumentalist</field><field name="Musician_Type">Guitarist</field><field name="Musician_Type">Singer</field></doc><doc><field name="name">Chuck D</field><field name="id">http://www.semanticweb.org/tedsullivan/ontologies/2015/5/music-10#Carlton_Ridenhour</field><field name="related_entity1_ss">Eric Sadler</field><field name="related_entity1_ss">Hank Shocklee</field><field name="related_entity2_ss">Flavor Flav</field><field name="related_entity2_ss">Keith Shocklee</field><field name="related_entity2_ss">Khari Wynn</field><field name="related_entity2_ss">Professor Griff</field><field name="related_entity2_ss">DJ Lord</field><field name="Music_Writer_Type">Composer</field><field name="Music_Writer_Type">Songwriter</field><field name="memberOfGroup_ss.Length">12</field><field name="related_entity2_ss.Length">7</field><field name="path">/Songwriter/Chuck D</field><field name="synonym">Carlton Ridenhour</field><field name="memberOfGroup_ss">Public Enemy</field><field name="memberOfGroup_ss.MaximumLength"></field><field name="related_entity2_ss.MaximumLength"></field></doc><doc><field name="name">John Phillips</field><field name="id">http://www.semanticweb.org/tedsullivan/ontologies/2015/5/music-10#John_Phillips</field><field name="related_entity1_ss">Michelle Phillips</field><field name="related_entity2_ss">Mike Love</field><field name="related_entity2_ss">Terry Melcher</field><field name="related_entity2_ss">Scott McKenzie</field><field name="Music_Writer_Type">Composer</field><field name="Music_Writer_Type">Songwriter</field><field name="memberOfGroup_ss.Length">17</field><field name="related_entity2_ss.Length">14</field><field name="path">/Singer/John Phillips</field><field name="path">/Songwriter/John Phillips</field><field name="Musician_Type">Singer</field><field name="memberOfGroup_ss">Mamas &amp; the Papas</field><field name="memberOfGroup_ss.MaximumLength"></field><field name="related_entity2_ss.MaximumLength"></field></doc><doc><field name="name">Ervin Drake</field><field name="id">http://www.semanticweb.org/tedsullivan/ontologies/2015/5/music-10#Ervin_Drake</field><field name="related_entity1_ss">Irene Higginbotham</field><field name="related_entity1_ss">Dan Fisher</field><field name="Music_Writer_Type">Composer</field><field name="Music_Writer_Type">Songwriter</field><field name="path">/Songwriter/Ervin Drake</field></doc><doc><field name="name">Kenny Young</field><field name="id">http://www.semanticweb.org/tedsullivan/ontologies/2015/5/music-10#Kenny_Young</field><field name="related_entity1_ss">Artie Resnick</field><field name="Music_Writer_Type">Composer</field><field name="Music_Writer_Type">Songwriter</field><field name="path">/Songwriter/Kenny Young</field></doc><doc><field name="name">Kenny Loggins</field><field name="id">http://www.semanticweb.org/tedsullivan/ontologies/2015/5/music-10#Kenny_Loggins</field><field name="related_entity1_ss">Dean Pitchford</field><field name="related_entity1_ss">Michael McDonald</field><field name="related_entity1_ss">D. Foster</field><field name="hasGenre.Count">4</field><field name="memberOfGroup_ss.Length">17</field><field name="path">/Singer/Kenny Loggins</field><field name="path">/Songwriter/Kenny Loggins</field><field name="memberOfGroup_ss.MaximumLength"></field><field name="Music_Writer_Type">Composer</field><field name="Music_Writer_Type">Songwriter</field><field name="Musician_Type">Singer</field><field name="genres_ss">Popular</field><field name="genres_ss">Pop Rock</field><field name="genres_ss">Rock</field><field name="genres_ss">Soft Rock</field><field name="memberOfGroup_ss">Loggins &amp; Messina</field></doc><doc><field name="name">Tori Amos</field><field name="id">http://www.semanticweb.org/tedsullivan/ontologies/2015/5/music-10#Tori_Amos</field><field name="Music_Writer_Type">Composer</field><field name="Music_Writer_Type">Songwriter</field><field name="path">/Singer/Tori Amos</field><field name="path">/Songwriter/Tori Amos</field><field name="Musician_Type">Singer</field></doc><doc><field name="name">Gerome Ragni</field><field name="id">http://www.semanticweb.org/tedsullivan/ontologies/2015/5/music-10#Gerome_Ragni</field><field name="related_entity1_ss">James Rado</field><field name="related_entity1_ss">Galt MacDermot</field><field name="Music_Writer_Type">Composer</field><field name="Music_Writer_Type">Songwriter</field><field name="path">/Singer/Gerome Ragni</field><field name="path">/Songwriter/Gerome Ragni</field><field name="Musician_Type">Singer</field></doc><doc><field name="name">Preston Foster</field><field name="id">http://www.semanticweb.org/tedsullivan/ontologies/2015/5/music-10#Preston_Foster</field><field name="Music_Writer_Type">Composer</field><field name="Music_Writer_Type">Songwriter</field><field name="path">/Singer/Preston Foster</field><field name="path">/Songwriter/Preston Foster</field><field name="Musician_Type">Singer</field></doc><doc><field name="name">Gary Usher</field><field name="id">http://www.semanticweb.org/tedsullivan/ontologies/2015/5/music-10#Gary_Usher</field><field name="related_entity1_ss">Brian Wilson</field><field name="Music_Writer_Type">Composer</field><field name="Music_Writer_Type">Songwriter</field><field name="path">/Record Producer/Gary Usher</field><field name="path">/Songwriter/Gary Usher</field></doc><doc><field name="name">Gene Pitney</field><field name="id">http://www.semanticweb.org/tedsullivan/ontologies/2015/5/music-10#Gene_Pitney</field><field name="related_entity1_ss">Phil Spector</field><field name="related_entity1_ss">Father Cayet Mangiaracina</field><field name="Music_Writer_Type">Composer</field><field name="Music_Writer_Type">Songwriter</field><field name="path">/Singer/Gene Pitney</field><field name="path">/Songwriter/Gene Pitney</field><field name="Musician_Type">Singer</field></doc><doc><field name="name">Susan Gibson</field><field name="id">http://www.semanticweb.org/tedsullivan/ontologies/2015/5/music-10#Susan_Gibson</field><field name="related_entity1_ss">Dixie Chicks</field><field name="Music_Writer_Type">Composer</field><field name="Music_Writer_Type">Songwriter</field><field name="memberOfGroup_ss.Length">12</field><field name="path">/Singer/Susan Gibson</field><field name="path">/Songwriter/Susan Gibson</field><field name="Musician_Type">Singer</field><field name="memberOfGroup_ss">Dixie Chicks</field><field name="memberOfGroup_ss.MaximumLength"></field></doc><doc><field name="name">Joe Strummer</field><field name="id">http://www.semanticweb.org/tedsullivan/ontologies/2015/5/music-10#Joe_Strummer</field><field name="related_entity1_ss">Mick Jones</field><field name="related_entity2_ss">Paul Simonon</field><field name="related_entity2_ss">Topper Headon</field><field name="Music_Writer_Type">Composer</field><field name="Music_Writer_Type">Songwriter</field><field name="memberOfGroup_ss.Length">9</field><field name="related_entity2_ss.Length">13</field><field name="path">/Singer/Joe Strummer</field><field name="path">/Songwriter/Joe Strummer</field><field name="Musician_Type">Singer</field><field name="memberOfGroup_ss">The Clash</field><field name="memberOfGroup_ss.MaximumLength"></field><field name="related_entity2_ss.MaximumLength"></field></doc><doc><field name="name">Kanye West</field><field name="id">http://www.semanticweb.org/tedsullivan/ontologies/2015/5/music-10#Kanye_West</field><field name="related_entity1_ss">Rhymefest</field><field name="Music_Writer_Type">Composer</field><field name="Music_Writer_Type">Songwriter</field><field name="path">/Record Producer/Kanye West</field><field name="path">/Rapper/Kanye West</field><field name="path">/Songwriter/Kanye West</field><field name="Musician_Type">Singer</field><field name="Musician_Type">Rapper</field></doc><doc><field name="name">Wallis Willis</field><field name="id">http://www.semanticweb.org/tedsullivan/ontologies/2015/5/music-10#Wallis_Willis</field><field name="path">/Songwriter/Wallis Willis</field><field name="Music_Writer_Type">Composer</field><field name="Music_Writer_Type">Songwriter</field></doc><doc><field name="name">Lamont Dozier</field><field name="id">http://www.semanticweb.org/tedsullivan/ontologies/2015/5/music-10#Lamont_Dozier</field><field name="related_entity1_ss">Brian Holland</field><field name="related_entity1_ss">Eddie Holland</field><field name="related_entity1_ss">Martha and the Vandellas</field><field name="related_entity1_ss">Sylvia Moy</field><field name="related_entity1_ss">Four Tops</field><field name="Music_Writer_Type">Composer</field><field name="Music_Writer_Type">Songwriter</field><field name="path">/Record Producer/Lamont Dozier</field><field name="path">/Songwriter/Lamont Dozier</field></doc><doc><field name="name">Edward Hardin</field><field name="id">http://www.semanticweb.org/tedsullivan/ontologies/2015/5/music-10#Edward_Hardin</field><field name="related_entity1_ss">Spencer Davis</field><field name="Music_Writer_Type">Composer</field><field name="Music_Writer_Type">Songwriter</field><field name="path">/Songwriter/Edward Hardin</field></doc><doc><field name="name">Bob Stone</field><field name="id">http://www.semanticweb.org/tedsullivan/ontologies/2015/5/music-10#Bob_Stone</field><field name="path">/Songwriter/Bob Stone</field><field name="Music_Writer_Type">Composer</field><field name="Music_Writer_Type">Songwriter</field></doc><doc><field name="name">Paul Gregory</field><field name="id">http://www.semanticweb.org/tedsullivan/ontologies/2015/5/music-10#Paul_Gregory</field><field name="related_entity1_ss">Con Conrad</field><field name="related_entity1_ss">Gladys DuBois</field><field name="related_entity1_ss">Russ Columbo</field><field name="Music_Writer_Type">Composer</field><field name="Music_Writer_Type">Songwriter</field><field name="path">/Songwriter/Paul Gregory</field></doc><doc><field name="name">John Bettis</field><field name="id">http://www.semanticweb.org/tedsullivan/ontologies/2015/5/music-10#John_Bettis</field><field name="related_entity1_ss">Richard Carpenter</field><field name="related_entity2_ss">Steve Porcaro</field><field name="related_entity2_ss">The Carpenters</field><field name="Music_Writer_Type">Composer</field><field name="Music_Writer_Type">Songwriter</field><field name="related_entity2_ss.Length">14</field><field name="path">/Songwriter/John Bettis</field><field name="related_entity2_ss.MaximumLength"></field></doc><doc><field name="name">Jerry Yester</field><field name="id">http://www.semanticweb.org/tedsullivan/ontologies/2015/5/music-10#Jerry_Yester</field><field name="related_entity1_ss">Steve Boone</field><field name="Music_Writer_Type">Composer</field><field name="Music_Writer_Type">Songwriter</field><field name="memberOfGroup_ss.Length">19</field><field name="path">/Record Producer/Jerry Yester</field><field name="path">/Singer/Jerry Yester</field><field name="path">/Songwriter/Jerry Yester</field><field name="Musician_Type">Singer</field><field name="memberOfGroup_ss">The Lovin' Spoonful</field><field name="memberOfGroup_ss.MaximumLength"></field></doc><doc><field name="name">Daniel Thomas</field><field name="id">http://www.semanticweb.org/tedsullivan/ontologies/2015/5/music-10#Daniel_Thomas</field><field name="related_entity1_ss">Keith Sweet</field><field name="related_entity1_ss">Edward Riley</field><field name="related_entity1_ss">Tavares Webster</field><field name="Music_Writer_Type">Composer</field><field name="Music_Writer_Type">Songwriter</field><field name="path">/Songwriter/Daniel Thomas</field></doc><doc><field name="name">Jerry Ross</field><field name="id">http://www.semanticweb.org/tedsullivan/ontologies/2015/5/music-10#Jerry_Ross</field><field name="related_entity1_ss">Richard Adler</field><field name="related_entity1_ss">Kenneth Gamble</field><field name="Music_Writer_Type">Composer</field><field name="Music_Writer_Type">Songwriter</field><field name="path">/Record Producer/Jerry Ross</field><field name="path">/Songwriter/Jerry Ross</field></doc><doc><field name="name">Johnny Cash</field><field name="id">http://www.semanticweb.org/tedsullivan/ontologies/2015/5/music-10#Johnny_Cash</field><field name="related_entity1_ss">Sam Phillips</field><field name="hasGenre.Count">10</field><field name="memberOfGroup_ss.Length">19</field><field name="related_entity2_ss.Length">12</field><field name="path">/Guitarist/Johnny Cash</field><field name="path">/Harmonica Player/Johnny Cash</field><field name="path">/Singer/Johnny Cash</field><field name="path">/Songwriter/Johnny Cash</field><field name="memberOfGroup_ss.MaximumLength"></field><field name="related_entity2_ss">Frank Jones</field><field name="related_entity2_ss">Charlie Williams</field><field name="related_entity2_ss">Bob Dylan</field><field name="related_entity2_ss">Marshall Grant</field><field name="related_entity2_ss">Harlan Howard</field><field name="related_entity2_ss">Don Law</field><field name="related_entity2_ss">W. S. Holland</field><field name="related_entity2_ss">Jack Clement</field><field name="related_entity2_ss">Charlie Daniels</field><field name="related_entity2_ss">Luther Perkins</field><field name="related_entity2_ss">Ray Charles</field><field name="related_entity2_ss">Carl Perkins</field><field name="related_entity2_ss">June Carter Cash</field><field name="related_entity2_ss">Bob Johnston</field><field name="Music_Writer_Type">Composer</field><field name="Music_Writer_Type">Songwriter</field><field name="Musician_Type">Instrumentalist</field><field name="Musician_Type">Guitarist</field><field name="Musician_Type">Harmonica Player</field><field name="Musician_Type">Singer</field><field name="genres_ss">Blues</field><field name="genres_ss">Blues Rock</field><field name="genres_ss">Rock</field><field name="genres_ss">Country</field><field name="genres_ss">Folk</field><field name="genres_ss">Folk Rock</field><field name="genres_ss">Rock &amp; Roll</field><field name="memberOfGroup_ss">The Tennessee Three</field><field name="related_entity2_ss.MaximumLength"></field></doc><doc><field name="name">Brad Paisley</field><field name="id">http://www.semanticweb.org/tedsullivan/ontologies/2015/5/music-10#Brad_Paisley</field><field name="Music_Writer_Type">Composer</field><field name="Music_Writer_Type">Songwriter</field><field name="path">/Singer/Brad Paisley</field><field name="path">/Songwriter/Brad Paisley</field><field name="Musician_Type">Singer</field></doc><doc><field name="name">Rusty Young</field><field name="id">http://www.semanticweb.org/tedsullivan/ontologies/2015/5/music-10#Rusty_Young</field><field name="related_entity1_ss">Timothy B. Schmit</field><field name="related_entity1_ss">Jim Messina</field><field name="related_entity1_ss">Richie Furay</field><field name="related_entity1_ss">Randy Meisner</field><field name="related_entity1_ss">George Grantham</field><field name="Music_Writer_Type">Composer</field><field name="Music_Writer_Type">Songwriter</field><field name="memberOfGroup_ss.Length">4</field><field name="path">/Guitarist/Rusty Young</field><field name="path">/Singer/Rusty Young</field><field name="path">/Songwriter/Rusty Young</field><field name="Musician_Type">Instrumentalist</field><field name="Musician_Type">Guitarist</field><field name="Musician_Type">Singer</field><field name="genres_ss">Country</field><field name="genres_ss">Country Rock</field><field name="genres_ss">Rock</field><field name="memberOfGroup_ss">Poco</field><field name="memberOfGroup_ss.MaximumLength"></field></doc><doc><field name="name">Edgar Leslie</field><field name="id">http://www.semanticweb.org/tedsullivan/ontologies/2015/5/music-10#Edgar_Leslie</field><field name="related_entity1_ss">Fred E. Ahlert</field><field name="Music_Writer_Type">Composer</field><field name="Music_Writer_Type">Songwriter</field><field name="path">/Songwriter/Edgar Leslie</field></doc><doc><field name="name">Graham Lyle</field><field name="id">http://www.semanticweb.org/tedsullivan/ontologies/2015/5/music-10#Graham_Lyle</field><field name="related_entity1_ss">Tina Turner</field><field name="related_entity1_ss">Terry Britten</field><field name="Music_Writer_Type">Composer</field><field name="Music_Writer_Type">Songwriter</field><field name="path">/Songwriter/Graham Lyle</field></doc></add>
