<add><doc><field name="name">Music Writer</field><field name="id">http://www.semanticweb.org/tedsullivan/ontologies/2015/5/music-10#Writer</field><field name="path">/rdf:RDF/Music Writer</field></doc><doc><field name="name">Musicologist</field><field name="id">http://www.semanticweb.org/tedsullivan/ontologies/2015/5/music-10#Musicologist</field><field name="rdfs:subClassOf">http://www.semanticweb.org/tedsullivan/ontologies/2015/5/music-10#Writer</field><field name="path">/Music Writer/Musicologist</field></doc><doc><field name="name">John Lomax</field><field name="id">http://www.semanticweb.org/tedsullivan/ontologies/2015/5/music-10#John_Lomax</field><field name="Music_Writer_Type">Musicologist</field><field name="path">/Musicologist/John Lomax</field><field name="genres_ss">Folk</field></doc><doc><field name="name">Joshua Rifkin</field><field name="id">http://www.semanticweb.org/tedsullivan/ontologies/2015/5/music-10#Joshua_Rifkin</field><field name="Music_Writer_Type">Musicologist</field><field name="path">/Conductor/Joshua Rifkin</field><field name="path">/Music Writer/Musicologist/Joshua Rifkin</field><field name="path">/Pianist/Joshua Rifkin</field><field name="Musician_Type">Conductor</field><field name="Musician_Type">Instrumentalist</field><field name="Musician_Type">Pianist</field><field name="genres_ss">Classical</field></doc><doc><field name="name">Music Critic</field><field name="id">http://www.semanticweb.org/tedsullivan/ontologies/2015/5/music-10#Music_Critic</field><field name="rdfs:subClassOf">http://www.semanticweb.org/tedsullivan/ontologies/2015/5/music-10#Writer</field><field name="path">/Music Writer/Music Critic</field><field name="synonym">Reviewer</field></doc><doc><field name="name">Jerry Wexler</field><field name="id">http://www.semanticweb.org/tedsullivan/ontologies/2015/5/music-10#Jerry_Wexler</field><field name="related_entity1_ss">Ray Charles</field><field name="related_entity2_ss">Rolling Stones</field><field name="related_entity2_ss">Gerry Goffin</field><field name="related_entity2_ss">Aretha Franklin</field><field name="related_entity2_ss">Carole King</field><field name="related_entity2_ss">Solomon Burke</field><field name="related_entity2_ss">Bert Berns</field><field name="related_entity2_ss">Ahmet Ertegun</field><field name="Music_Writer_Type">Music Critic</field><field name="Music_Writer_Type">Composer</field><field name="Music_Writer_Type">Songwriter</field><field name="related_entity2_ss.Length">13</field><field name="path">/Music Critic/Jerry Wexler</field><field name="path">/Record Producer/Jerry Wexler</field><field name="path">/Songwriter/Jerry Wexler</field><field name="related_entity2_ss.MaximumLength"></field></doc><doc><field name="name">Gary Giddins</field><field name="id">http://www.semanticweb.org/tedsullivan/ontologies/2015/5/music-10#Gary_Giddins</field><field name="path">/Music Critic/Gary Giddins</field><field name="Music_Writer_Type">Music Critic</field></doc><doc><field name="name">Scott Yanow</field><field name="id">http://www.semanticweb.org/tedsullivan/ontologies/2015/5/music-10#Scott_Yanow</field><field name="path">/Music Writer/Music Critic/Scott Yanow</field><field name="Music_Writer_Type">Music Critic</field></doc><doc><field name="name">Gerald Early</field><field name="id">http://www.semanticweb.org/tedsullivan/ontologies/2015/5/music-10#Gerald_Early</field><field name="path">/Music Writer/Music Critic/Gerald Early</field><field name="Music_Writer_Type">Music Critic</field></doc><doc><field name="name">Composer</field><field name="id">http://www.semanticweb.org/tedsullivan/ontologies/2015/5/music-10#Composers</field><field name="rdfs:subClassOf">http://www.semanticweb.org/tedsullivan/ontologies/2015/5/music-10#Writer</field><field name="path">/Music Writer/Composer</field></doc><doc><field name="name">Francis Poulenc</field><field name="id">http://www.semanticweb.org/tedsullivan/ontologies/2015/5/music-10#Francis_Poulenc</field><field name="path">/Composer/Francis Poulenc</field><field name="Music_Writer_Type">Composer</field></doc><doc><field name="name">Michael Tilson Thomas</field><field name="id">http://www.semanticweb.org/tedsullivan/ontologies/2015/5/music-10#Michael_Tilson_Thomas</field><field name="Music_Writer_Type">Composer</field><field name="path">/Composer/Michael Tilson Thomas</field><field name="path">/Conductor/Michael Tilson Thomas</field><field name="Musician_Type">Conductor</field></doc><doc><field name="name">Pyotr Ilyich Tchaikovsky</field><field name="id">http://www.semanticweb.org/tedsullivan/ontologies/2015/5/music-10#Pyotr_Ilyich_Tchaikovsky</field><field name="path">/Composer/Pyotr Ilyich Tchaikovsky</field><field name="synonym">Peter Tchaikovsky</field><field name="Music_Writer_Type">Composer</field></doc><doc><field name="name">Dave Brubeck</field><field name="id">http://www.semanticweb.org/tedsullivan/ontologies/2015/5/music-10#Dave_Brubeck</field><field name="related_entity1_ss">Dave Brubeck Quartet</field><field name="Music_Writer_Type">Composer</field><field name="path">/Composer/Dave Brubeck</field><field name="path">/Pianist/Dave Brubeck</field><field name="Musician_Type">Instrumentalist</field><field name="Musician_Type">Pianist</field><field name="genres_ss">Jazz</field></doc><doc><field name="name">John Taverner</field><field name="id">http://www.semanticweb.org/tedsullivan/ontologies/2015/5/music-10#John_Taverner</field><field name="path">/Composer/John Taverner</field><field name="Music_Writer_Type">Composer</field></doc><doc><field name="name">Carl Maria von Weber</field><field name="id">http://www.semanticweb.org/tedsullivan/ontologies/2015/5/music-10#Carl_Maria_von_Weber</field><field name="path">/Composer/Carl Maria von Weber</field><field name="Music_Writer_Type">Composer</field></doc><doc><field name="name">Frank Churchill</field><field name="id">http://www.semanticweb.org/tedsullivan/ontologies/2015/5/music-10#Frank_Churchill</field><field name="related_entity1_ss">Larry Morey</field><field name="Music_Writer_Type">Composer</field><field name="path">/Composer/Frank Churchill</field><field name="genres_ss">Popular</field><field name="genres_ss">Film Music</field></doc><doc><field name="name">John Klenner</field><field name="id">http://www.semanticweb.org/tedsullivan/ontologies/2015/5/music-10#John_Klenner</field><field name="related_entity1_ss">Sam M. Lewis</field><field name="Music_Writer_Type">Composer</field><field name="path">/Composer/John Klenner</field><field name="path">/Pianist/John Klenner</field><field name="Musician_Type">Instrumentalist</field><field name="Musician_Type">Pianist</field></doc><doc><field name="name">Ariadne auf Naxos</field><field name="id">http://www.semanticweb.org/tedsullivan/ontologies/2015/5/music-10#Ariadne_auf_Naxos</field><field name="composer_ss.Length">15</field><field name="Music_Writer_Type">Composer</field><field name="composer_ss.MaximumLength"></field><field name="path">/Composer/Ariadne auf Naxos</field><field name="composer_ss">Richard Strauss</field></doc><doc><field name="name">Salvatore Camarata</field><field name="id">http://www.semanticweb.org/tedsullivan/ontologies/2015/5/music-10#Salvatore_Camarata</field><field name="Music_Writer_Type">Composer</field><field name="Music_Writer_Type">Arranger</field><field name="path">/Arranger/Salvatore Camarata</field><field name="path">/Composer/Salvatore Camarata</field><field name="path">/Trumpeter/Salvatore Camarata</field><field name="Musician_Type">Instrumentalist</field><field name="Musician_Type">Trumpeter</field></doc><doc><field name="name">Wynton Kelly</field><field name="id">http://www.semanticweb.org/tedsullivan/ontologies/2015/5/music-10#Wynton_Kelly</field><field name="Music_Writer_Type">Composer</field><field name="path">/Composer/Wynton Kelly</field><field name="path">/Pianist/Wynton Kelly</field><field name="Musician_Type">Instrumentalist</field><field name="Musician_Type">Pianist</field><field name="genres_ss">Jazz</field></doc><doc><field name="name">Alexander von Zemlinsky</field><field name="id">http://www.semanticweb.org/tedsullivan/ontologies/2015/5/music-10#Alexander_von_Zemlinsky</field><field name="path">/Composer/Alexander von Zemlinsky</field><field name="Music_Writer_Type">Composer</field></doc><doc><field name="name">Heinrich Ignaz Franz Biber</field><field name="id">http://www.semanticweb.org/tedsullivan/ontologies/2015/5/music-10#Heinrich_Ignaz_Franz_Biber</field><field name="path">/Composer/Heinrich Ignaz Franz Biber</field><field name="Music_Writer_Type">Composer</field></doc><doc><field name="name">Domenico Cimarosa</field><field name="id">http://www.semanticweb.org/tedsullivan/ontologies/2015/5/music-10#Domenico_Cimarosa</field><field name="path">/Composer/Domenico Cimarosa</field><field name="Music_Writer_Type">Composer</field></doc><doc><field name="name">Bob Merrill</field><field name="id">http://www.semanticweb.org/tedsullivan/ontologies/2015/5/music-10#Bob_Merrill</field><field name="path">/Composer/Bob Merrill</field><field name="path">/Lyricist/Bob Merrill</field><field name="path">/Songwriter/Bob Merrill</field><field name="Music_Writer_Type">Composer</field><field name="Music_Writer_Type">Lyricist</field><field name="Music_Writer_Type">Songwriter</field></doc><doc><field name="name">Don Ellis</field><field name="id">http://www.semanticweb.org/tedsullivan/ontologies/2015/5/music-10#Don_Ellis</field><field name="Music_Writer_Type">Composer</field><field name="path">/Band Leader/Don Ellis</field><field name="path">/Composer/Don Ellis</field><field name="path">/Drummer/Don Ellis</field><field name="path">/Trumpeter/Don Ellis</field><field name="Musician_Type">Conductor</field><field name="Musician_Type">Band Leader</field><field name="Musician_Type">Instrumentalist</field><field name="Musician_Type">Drummer</field><field name="Musician_Type">Trumpeter</field></doc><doc><field name="name">Lee Konitz</field><field name="id">http://www.semanticweb.org/tedsullivan/ontologies/2015/5/music-10#Lee_Konitz</field><field name="related_entity1_ss">Red Mitchell</field><field name="Music_Writer_Type">Composer</field><field name="path">/Composer/Lee Konitz</field><field name="path">/Saxophonist/Lee Konitz</field><field name="Musician_Type">Instrumentalist</field><field name="Musician_Type">Saxophonist</field><field name="genres_ss">Jazz</field></doc><doc><field name="name">George Crumb</field><field name="id">http://www.semanticweb.org/tedsullivan/ontologies/2015/5/music-10#George_Crumb</field><field name="path">/Composer/George Crumb</field><field name="Music_Writer_Type">Composer</field></doc><doc><field name="name">Johnny Mann</field><field name="id">http://www.semanticweb.org/tedsullivan/ontologies/2015/5/music-10#Johnny_Mann</field><field name="Music_Writer_Type">Composer</field><field name="Music_Writer_Type">Arranger</field><field name="path">/Arranger/Johnny Mann</field><field name="path">/Composer/Johnny Mann</field><field name="path">/Conductor/Johnny Mann</field><field name="Musician_Type">Conductor</field></doc><doc><field name="name">Gabriel Faure</field><field name="id">http://www.semanticweb.org/tedsullivan/ontologies/2015/5/music-10#Gabriel_Fauré</field><field name="path">/Composer/Gabriel Faure</field><field name="Music_Writer_Type">Composer</field></doc><doc><field name="name">Tony Hatch</field><field name="id">http://www.semanticweb.org/tedsullivan/ontologies/2015/5/music-10#Tony_Hatch</field><field name="related_entity1_ss">Jackie Trent</field><field name="related_entity2_ss">Pop</field><field name="Music_Writer_Type">Composer</field><field name="Music_Writer_Type">Arranger</field><field name="Music_Writer_Type">Songwriter</field><field name="related_entity2_ss.Length">3</field><field name="path">/Arranger/Tony Hatch</field><field name="path">/Composer/Tony Hatch</field><field name="path">/Pianist/Tony Hatch</field><field name="path">/Record Producer/Tony Hatch</field><field name="path">/Songwriter/Tony Hatch</field><field name="Musician_Type">Instrumentalist</field><field name="Musician_Type">Pianist</field><field name="genres_ss">Popular</field><field name="related_entity2_ss.MaximumLength"></field></doc><doc><field name="name">Herbert Stothart</field><field name="id">http://www.semanticweb.org/tedsullivan/ontologies/2015/5/music-10#Herbert_Stothart</field><field name="related_entity1_ss">Helen Kane</field><field name="related_entity1_ss">Harry Ruby</field><field name="related_entity1_ss">Bert Kalmar</field><field name="Music_Writer_Type">Composer</field><field name="Music_Writer_Type">Arranger</field><field name="Music_Writer_Type">Songwriter</field><field name="path">/Arranger/Herbert Stothart</field><field name="path">/Composer/Herbert Stothart</field><field name="path">/Conductor/Herbert Stothart</field><field name="path">/Songwriter/Herbert Stothart</field><field name="Musician_Type">Conductor</field></doc><doc><field name="name">Charles G. Dawes</field><field name="id">http://www.semanticweb.org/tedsullivan/ontologies/2015/5/music-10#Charles_G._Dawes</field><field name="related_entity1_ss">Carl Sigman</field><field name="Music_Writer_Type">Composer</field><field name="path">/Composer/Charles G. Dawes</field></doc><doc><field name="name">Giovanni Battista Pergolesi</field><field name="id">http://www.semanticweb.org/tedsullivan/ontologies/2015/5/music-10#Giovanni_Battista_Pergolesi</field><field name="path">/Composer/Giovanni Battista Pergolesi</field><field name="Music_Writer_Type">Composer</field></doc><doc><field name="name">Felix Mendelssohn</field><field name="id">http://www.semanticweb.org/tedsullivan/ontologies/2015/5/music-10#Felix_Mendelssohn</field><field name="path">/Composer/Felix Mendelssohn</field><field name="Music_Writer_Type">Composer</field></doc><doc><field name="name">Ben Bernie</field><field name="id">http://www.semanticweb.org/tedsullivan/ontologies/2015/5/music-10#Ben_Bernie</field><field name="related_entity1_ss">Maceo Pinkard</field><field name="related_entity1_ss">Ken Casey</field><field name="Music_Writer_Type">Composer</field><field name="path">/Band Leader/Ben Bernie</field><field name="path">/Composer/Ben Bernie</field><field name="path">/Violinist/Ben Bernie</field><field name="Musician_Type">Conductor</field><field name="Musician_Type">Band Leader</field><field name="Musician_Type">Instrumentalist</field><field name="Musician_Type">Violinist</field></doc><doc><field name="name">Giovanni Pierluigi de Palestrina</field><field name="id">http://www.semanticweb.org/tedsullivan/ontologies/2015/5/music-10#Giovanni_Pierluigi_da_Palestrina</field><field name="path">/Composer/Giovanni Pierluigi de Palestrina</field><field name="Music_Writer_Type">Composer</field></doc><doc><field name="name">Krzysztof Penderecki</field><field name="id">http://www.semanticweb.org/tedsullivan/ontologies/2015/5/music-10#Krzysztof_Penderecki</field><field name="Music_Writer_Type">Composer</field><field name="path">/Composer/Krzysztof Penderecki</field><field name="path">/Conductor/Krzysztof Penderecki</field><field name="Musician_Type">Conductor</field></doc><doc><field name="name">Jan Pieterszoon Sweelinck</field><field name="id">http://www.semanticweb.org/tedsullivan/ontologies/2015/5/music-10#Jan_Pieterszoon_Sweelinck</field><field name="path">/Composer/Jan Pieterszoon Sweelinck</field><field name="Music_Writer_Type">Composer</field></doc><doc><field name="name">Jon Hendricks</field><field name="id">http://www.semanticweb.org/tedsullivan/ontologies/2015/5/music-10#Jon_Hendricks</field><field name="related_entity1_ss">Annie Ross</field><field name="related_entity1_ss">Gigi Gryce</field><field name="related_entity1_ss">Dave Lambert</field><field name="hasGenre.Count">4</field><field name="memberOfGroup_ss.Length">25</field><field name="path">/Composer/Jon Hendricks</field><field name="path">/Singer/Jon Hendricks</field><field name="memberOfGroup_ss.MaximumLength"></field><field name="Music_Writer_Type">Composer</field><field name="Musician_Type">Singer</field><field name="genres_ss">Jazz</field><field name="genres_ss">Vocalese</field><field name="memberOfGroup_ss">Lambert, Hendricks &amp; Ross</field></doc><doc><field name="name">Enrique Granados</field><field name="id">http://www.semanticweb.org/tedsullivan/ontologies/2015/5/music-10#Enrique_Granados</field><field name="path">/Composer/Enrique Granados</field><field name="Music_Writer_Type">Composer</field></doc><doc><field name="name">Henry Purcell</field><field name="id">http://www.semanticweb.org/tedsullivan/ontologies/2015/5/music-10#Henry_Purcell</field><field name="path">/Composer/Henry Purcell</field><field name="Music_Writer_Type">Composer</field></doc><doc><field name="name">James Reese Europe</field><field name="id">http://www.semanticweb.org/tedsullivan/ontologies/2015/5/music-10#James_Reese_Europe</field><field name="Music_Writer_Type">Composer</field><field name="Music_Writer_Type">Arranger</field><field name="path">/Arranger/James Reese Europe</field><field name="path">/Band Leader/James Reese Europe</field><field name="path">/Composer/James Reese Europe</field><field name="Musician_Type">Conductor</field><field name="Musician_Type">Band Leader</field><field name="genres_ss">Jazz</field><field name="genres_ss">Ragtime</field></doc><doc><field name="name">Richard Wagner</field><field name="id">http://www.semanticweb.org/tedsullivan/ontologies/2015/5/music-10#Richard_Wagner</field><field name="path">/Composer/Richard Wagner</field><field name="Music_Writer_Type">Composer</field></doc><doc><field name="name">Claude Debbusy</field><field name="id">http://www.semanticweb.org/tedsullivan/ontologies/2015/5/music-10#Claude_Debbusy</field><field name="path">/Composer/Claude Debbusy</field><field name="Music_Writer_Type">Composer</field></doc><doc><field name="name">Vincent Youmans</field><field name="id">http://www.semanticweb.org/tedsullivan/ontologies/2015/5/music-10#Vincent_Youmans</field><field name="related_entity1_ss">Anne Caldwell</field><field name="related_entity1_ss">Gus Kahn</field><field name="related_entity1_ss">Edward Eliscu</field><field name="related_entity1_ss">Irving Caesar</field><field name="Music_Writer_Type">Composer</field><field name="path">/Composer/Vincent Youmans</field></doc><doc><field name="name">Herbie Phillips</field><field name="id">http://www.semanticweb.org/tedsullivan/ontologies/2015/5/music-10#Herbie_Phillips</field><field name="Music_Writer_Type">Composer</field><field name="Music_Writer_Type">Arranger</field><field name="path">/Arranger/Herbie Phillips</field><field name="path">/Composer/Herbie Phillips</field><field name="path">/Trumpeter/Herbie Phillips</field><field name="Musician_Type">Instrumentalist</field><field name="Musician_Type">Trumpeter</field></doc><doc><field name="name">Jimmy Rowles</field><field name="id">http://www.semanticweb.org/tedsullivan/ontologies/2015/5/music-10#Jimmy_Rowles</field><field name="related_entity1_ss">Ray Brown</field><field name="Music_Writer_Type">Composer</field><field name="path">/Composer/Jimmy Rowles</field><field name="path">/Pianist/Jimmy Rowles</field><field name="path">/Singer/Jimmy Rowles</field><field name="Musician_Type">Instrumentalist</field><field name="Musician_Type">Pianist</field><field name="Musician_Type">Singer</field><field name="genres_ss">Jazz</field></doc><doc><field name="name">John Field</field><field name="id">http://www.semanticweb.org/tedsullivan/ontologies/2015/5/music-10#John_Field</field><field name="path">/Composer/John Field</field><field name="Music_Writer_Type">Composer</field></doc><doc><field name="name">Anita Kerr</field><field name="id">http://www.semanticweb.org/tedsullivan/ontologies/2015/5/music-10#Anita_Kerr</field><field name="Music_Writer_Type">Composer</field><field name="Music_Writer_Type">Arranger</field><field name="hasGenre.Count">4</field><field name="path">/Arranger/Anita Kerr</field><field name="path">/Composer/Anita Kerr</field><field name="path">/Pianist/Anita Kerr</field><field name="path">/Singer/Anita Kerr</field><field name="Musician_Type">Instrumentalist</field><field name="Musician_Type">Pianist</field><field name="Musician_Type">Singer</field><field name="genres_ss">Country</field><field name="genres_ss">Popular</field></doc><doc><field name="name">Gary McFarland</field><field name="id">http://www.semanticweb.org/tedsullivan/ontologies/2015/5/music-10#Gary_McFarland</field><field name="Music_Writer_Type">Composer</field><field name="Music_Writer_Type">Arranger</field><field name="path">/Arranger/Gary McFarland</field><field name="path">/Composer/Gary McFarland</field><field name="path">/Singer/Gary McFarland</field><field name="path">/Vibraphonist/Gary McFarland</field><field name="Musician_Type">Singer</field><field name="Musician_Type">Instrumentalist</field><field name="Musician_Type">Vibraphonist</field></doc><doc><field name="name">Amilcare Ponchielli</field><field name="id">http://www.semanticweb.org/tedsullivan/ontologies/2015/5/music-10#Amilcare_Ponchielli</field><field name="path">/Composer/Amilcare Ponchielli</field><field name="Music_Writer_Type">Composer</field></doc><doc><field name="name">Benny Carter</field><field name="id">http://www.semanticweb.org/tedsullivan/ontologies/2015/5/music-10#Benny_Carter</field><field name="related_entity1_ss">Irving Mills</field><field name="related_entity1_ss">Thomas Dilbeck</field><field name="related_entity1_ss">Billy Eckstine</field><field name="Music_Writer_Type">Composer</field><field name="Music_Writer_Type">Arranger</field><field name="path">/Arranger/Benny Carter</field><field name="path">/Band Leader/Benny Carter</field><field name="path">/Clarinetist/Benny Carter</field><field name="path">/Composer/Benny Carter</field><field name="path">/Saxophonist/Benny Carter</field><field name="path">/Trumpeter/Benny Carter</field><field name="Musician_Type">Conductor</field><field name="Musician_Type">Band Leader</field><field name="Musician_Type">Instrumentalist</field><field name="Musician_Type">Clarinetist</field><field name="Musician_Type">Saxophonist</field><field name="Musician_Type">Trumpeter</field></doc><doc><field name="name">Charlie Barnet</field><field name="id">http://www.semanticweb.org/tedsullivan/ontologies/2015/5/music-10#Charlie_Barnet</field><field name="related_entity1_ss">Roscoe Fritz</field><field name="Music_Writer_Type">Composer</field><field name="memberOfGroup_ss.Length">32</field><field name="path">/Band Leader/Charlie Barnet</field><field name="path">/Composer/Charlie Barnet</field><field name="path">/Instrumentalist/Saxophonist/Charlie Barnet</field><field name="Musician_Type">Conductor</field><field name="Musician_Type">Band Leader</field><field name="Musician_Type">Instrumentalist</field><field name="Musician_Type">Saxophonist</field><field name="memberOfGroup_ss">Charlie Barnet and His Orchestra</field><field name="memberOfGroup_ss.MaximumLength"></field></doc><doc><field name="name">Phil Boutelje</field><field name="id">http://www.semanticweb.org/tedsullivan/ontologies/2015/5/music-10#Phil_Boutelje</field><field name="related_entity1_ss">Dick Winfree</field><field name="Music_Writer_Type">Composer</field><field name="Music_Writer_Type">Songwriter</field><field name="path">/Composer/Phil Boutelje</field><field name="path">/Conductor/Phil Boutelje</field><field name="path">/Pianist/Phil Boutelje</field><field name="path">/Songwriter/Phil Boutelje</field><field name="Musician_Type">Conductor</field><field name="Musician_Type">Instrumentalist</field><field name="Musician_Type">Pianist</field></doc><doc><field name="name">Frank Zappa</field><field name="id">http://www.semanticweb.org/tedsullivan/ontologies/2015/5/music-10#Frank_Zappa</field><field name="related_entity1_ss">The Mothers Of Invention</field><field name="hasGenre.Count">4</field><field name="memberOfGroup_ss.Length">24</field><field name="related_entity2_ss.Length">34</field><field name="path">/Composer/Frank Zappa</field><field name="path">/Guitarist/Frank Zappa</field><field name="memberOfGroup_ss.MaximumLength"></field><field name="related_entity2_ss">Freak Out</field><field name="related_entity2_ss">Ray Collins</field><field name="related_entity2_ss">Go Cry on Somebody Else's Shoulder</field><field name="Music_Writer_Type">Composer</field><field name="Musician_Type">Instrumentalist</field><field name="Musician_Type">Guitarist</field><field name="genres_ss">Classical</field><field name="genres_ss">Rock</field><field name="memberOfGroup_ss">The Mothers Of Invention</field><field name="related_entity2_ss.MaximumLength"></field></doc><doc><field name="name">Pietro Mascagni</field><field name="id">http://www.semanticweb.org/tedsullivan/ontologies/2015/5/music-10#Pietro_Mascagni</field><field name="path">/Composer/Pietro Mascagni</field><field name="Music_Writer_Type">Composer</field></doc><doc><field name="name">Teo Macero</field><field name="id">http://www.semanticweb.org/tedsullivan/ontologies/2015/5/music-10#Teo_Macero</field><field name="related_entity1_ss">Miles Davis</field><field name="related_entity2_ss">Dave Grusin</field><field name="related_entity2_ss">Simon and Garfunkel</field><field name="related_entity2_ss">Dave Brubeck Quartet</field><field name="Music_Writer_Type">Composer</field><field name="related_entity2_ss.Length">20</field><field name="path">/Composer/Teo Macero</field><field name="path">/Record Producer/Teo Macero</field><field name="path">/Instrumentalist/Saxophonist/Teo Macero</field><field name="Musician_Type">Instrumentalist</field><field name="Musician_Type">Saxophonist</field><field name="related_entity2_ss.MaximumLength"></field></doc><doc><field name="name">Mack Gordon</field><field name="id">http://www.semanticweb.org/tedsullivan/ontologies/2015/5/music-10#Mack_Gordon</field><field name="related_entity1_ss">Harry Warren</field><field name="related_entity2_ss">Josef Myrow</field><field name="Music_Writer_Type">Composer</field><field name="Music_Writer_Type">Lyricist</field><field name="related_entity2_ss.Length">11</field><field name="path">/Composer/Mack Gordon</field><field name="path">/Lyricist/Mack Gordon</field><field name="related_entity2_ss.MaximumLength"></field></doc><doc><field name="name">Johnny Mandel</field><field name="id">http://www.semanticweb.org/tedsullivan/ontologies/2015/5/music-10#Johnny_Mandel</field><field name="path">/Arranger/Johnny Mandel</field><field name="path">/Composer/Johnny Mandel</field><field name="Music_Writer_Type">Composer</field><field name="Music_Writer_Type">Arranger</field></doc><doc><field name="name">Mark Isham</field><field name="id">http://www.semanticweb.org/tedsullivan/ontologies/2015/5/music-10#Mark_Isham</field><field name="related_entity1_ss">Kate Ceberano</field><field name="Music_Writer_Type">Composer</field><field name="hasGenre.Count">4</field><field name="path">/Composer/Mark Isham</field><field name="path">/Keyboardist/Mark Isham</field><field name="path">/Trumpeter/Mark Isham</field><field name="Musician_Type">Instrumentalist</field><field name="Musician_Type">Keyboardist</field><field name="Musician_Type">Trumpeter</field><field name="genres_ss">Electronic music</field><field name="genres_ss">Jazz</field></doc><doc><field name="name">Meredith Willson</field><field name="id">http://www.semanticweb.org/tedsullivan/ontologies/2015/5/music-10#Meredith_Willson</field><field name="path">/Composer/Meredith Willson</field><field name="path">/Lyricist/Meredith Willson</field><field name="path">/Songwriter/Meredith Willson</field><field name="Music_Writer_Type">Composer</field><field name="Music_Writer_Type">Lyricist</field><field name="Music_Writer_Type">Songwriter</field></doc><doc><field name="name">Jean-Phillipe Rameau</field><field name="id">http://www.semanticweb.org/tedsullivan/ontologies/2015/5/music-10#Jean-Philippe_Rameau</field><field name="path">/Composer/Jean-Phillipe Rameau</field><field name="Music_Writer_Type">Composer</field></doc><doc><field name="name">Jan Kubelik</field><field name="id">http://www.semanticweb.org/tedsullivan/ontologies/2015/5/music-10#Jan_Kubelík</field><field name="Music_Writer_Type">Composer</field><field name="path">/Composer/Jan Kubelik</field><field name="path">/Violinist/Jan Kubelik</field><field name="Musician_Type">Instrumentalist</field><field name="Musician_Type">Violinist</field><field name="genres_ss">Classical</field></doc><doc><field name="name">Toby Dammit</field><field name="id">http://www.semanticweb.org/tedsullivan/ontologies/2015/5/music-10#Toby_Dammit</field><field name="related_entity1_ss">Iggy Pop</field><field name="related_entity1_ss">Ron Asheton</field><field name="Music_Writer_Type">Composer</field><field name="memberOfGroup_ss.Length">11</field><field name="path">/Composer/Toby Dammit</field><field name="path">/Percussionist/Toby Dammit</field><field name="Musician_Type">Instrumentalist</field><field name="Musician_Type">Percussionist</field><field name="memberOfGroup_ss">The Stooges</field><field name="memberOfGroup_ss.MaximumLength"></field></doc><doc><field name="name">Ellen Taaffe Zwilich</field><field name="id">http://www.semanticweb.org/tedsullivan/ontologies/2015/5/music-10#Ellen_Taaffe_Zwilich</field><field name="path">/Composer/Ellen Taaffe Zwilich</field><field name="Music_Writer_Type">Composer</field></doc><doc><field name="name">Karl Goldmark</field><field name="id">http://www.semanticweb.org/tedsullivan/ontologies/2015/5/music-10#Karl_Goldmark</field><field name="path">/Composer/Karl Goldmark</field><field name="Music_Writer_Type">Composer</field></doc><doc><field name="name">Amy Beach</field><field name="id">http://www.semanticweb.org/tedsullivan/ontologies/2015/5/music-10#Amy_Beach</field><field name="path">/Composer/Amy Beach</field><field name="Music_Writer_Type">Composer</field></doc><doc><field name="name">William Blake</field><field name="id">http://www.semanticweb.org/tedsullivan/ontologies/2015/5/music-10#William_Blake</field><field name="related_entity1_ss">Hubert Parry</field><field name="Music_Writer_Type">Composer</field><field name="path">/Composer/William Blake</field></doc><doc><field name="name">John Corigliano</field><field name="id">http://www.semanticweb.org/tedsullivan/ontologies/2015/5/music-10#John_Corigliano</field><field name="path">/Composer/John Corigliano</field><field name="Music_Writer_Type">Composer</field></doc><doc><field name="name">Fred Karlin</field><field name="id">http://www.semanticweb.org/tedsullivan/ontologies/2015/5/music-10#Fred_Karlin</field><field name="related_entity1_ss">The Carpenters</field><field name="related_entity1_ss">Jimmy Griffin</field><field name="related_entity1_ss">Robb Royer</field><field name="Music_Writer_Type">Composer</field><field name="path">/Composer/Fred Karlin</field></doc><doc><field name="name">Erik Satie</field><field name="id">http://www.semanticweb.org/tedsullivan/ontologies/2015/5/music-10#Erik_Satie</field><field name="path">/Composer/Erik Satie</field><field name="Music_Writer_Type">Composer</field></doc><doc><field name="name">J. J. Johnson</field><field name="id">http://www.semanticweb.org/tedsullivan/ontologies/2015/5/music-10#JJ_Johnson</field><field name="Music_Writer_Type">Composer</field><field name="Music_Writer_Type">Arranger</field><field name="synonym.Count">2</field><field name="path">/Arranger/J. J. Johnson</field><field name="path">/Composer/J. J. Johnson</field><field name="path">/Trombonist/J. J. Johnson</field><field name="synonym">{"text":["James Louis Johnson"]}</field><field name="synonym">{"text":["Jay Jay Johnson"]}</field><field name="Musician_Type">Instrumentalist</field><field name="Musician_Type">Trombonist</field><field name="genres_ss">Jazz</field></doc><doc><field name="name">Duke Ellington</field><field name="id">http://www.semanticweb.org/tedsullivan/ontologies/2015/5/music-10#Duke_Ellington</field><field name="related_entity1_ss">Irving Mills</field><field name="related_entity1_ss">Billy Strayhorn</field><field name="hasGenre.Count">4</field><field name="related_entity2_ss.Length">10</field><field name="path">/Band Leader/Duke Ellington</field><field name="path">/Composer/Duke Ellington</field><field name="path">/Pianist/Duke Ellington</field><field name="synonym">Edward Kennedy Ellington</field><field name="related_entity2_ss">Irving Gordon</field><field name="related_entity2_ss">Bob Russell</field><field name="related_entity2_ss">Johnny Mercer</field><field name="related_entity2_ss">Rex Stewart</field><field name="related_entity2_ss">Duke Ellington Orchestra</field><field name="related_entity2_ss">John Redmond</field><field name="related_entity2_ss">Mitchell Parish</field><field name="related_entity2_ss">Henry Nemo</field><field name="related_entity2_ss">Frankie Laine</field><field name="related_entity2_ss">Harry James</field><field name="related_entity2_ss">Juan Tizol</field><field name="related_entity2_ss">King Oliver</field><field name="related_entity2_ss">Dave Brubeck Quartet</field><field name="related_entity2_ss">Eddie DeLange</field><field name="related_entity2_ss">Don George</field><field name="Music_Writer_Type">Composer</field><field name="Musician_Type">Conductor</field><field name="Musician_Type">Band Leader</field><field name="Musician_Type">Instrumentalist</field><field name="Musician_Type">Pianist</field><field name="genres_ss">Jazz</field><field name="genres_ss">Swing</field><field name="related_entity2_ss.MaximumLength"></field></doc><doc><field name="name">Ray Charles</field><field name="id">http://www.semanticweb.org/tedsullivan/ontologies/2015/5/music-10#Ray_Charles</field><field name="related_entity1_ss">Renald Richard</field><field name="related_entity1_ss">Jerry Wexler</field><field name="related_entity2_ss">Betty Carter</field><field name="related_entity2_ss">Johnny Cash</field><field name="related_entity2_ss">Bobby Sharp</field><field name="related_entity2_ss">Harlan Howard</field><field name="related_entity2_ss">Willie Nelson</field><field name="related_entity2_ss">Steve Turre</field><field name="related_entity2_ss">Ahmet Ertegun</field><field name="Music_Writer_Type">Composer</field><field name="related_entity2_ss.Length">13</field><field name="path">/Composer/Ray Charles</field><field name="path">/Keyboardist/Ray Charles</field><field name="path">/Singer/Ray Charles</field><field name="Musician_Type">Instrumentalist</field><field name="Musician_Type">Keyboardist</field><field name="Musician_Type">Singer</field><field name="related_entity2_ss.MaximumLength"></field></doc><doc><field name="name">Robert Wright</field><field name="id">http://www.semanticweb.org/tedsullivan/ontologies/2015/5/music-10#Robert_Wright</field><field name="related_entity1_ss">George Forrest</field><field name="related_entity2_ss">Edvard Grieg</field><field name="Music_Writer_Type">Composer</field><field name="Music_Writer_Type">Lyricist</field><field name="related_entity2_ss.Length">12</field><field name="path">/Composer/Robert Wright</field><field name="path">/Lyricist/Robert Wright</field><field name="genres_ss">Popular</field><field name="genres_ss">Broadway</field><field name="related_entity2_ss.MaximumLength"></field></doc><doc><field name="name">Harrison Birtwistle</field><field name="id">http://www.semanticweb.org/tedsullivan/ontologies/2015/5/music-10#Harrison_Birtwistle</field><field name="path">/Composer/Harrison Birtwistle</field><field name="Music_Writer_Type">Composer</field></doc><doc><field name="name">Aaron Copland</field><field name="id">http://www.semanticweb.org/tedsullivan/ontologies/2015/5/music-10#Aaron_Copland</field><field name="path">/Composer/Aaron Copland</field><field name="Music_Writer_Type">Composer</field></doc><doc><field name="name">Carl Nielsen</field><field name="id">http://www.semanticweb.org/tedsullivan/ontologies/2015/5/music-10#Carl_Nielsen</field><field name="path">/Composer/Carl Nielsen</field><field name="Music_Writer_Type">Composer</field></doc><doc><field name="name">Bill Conti</field><field name="id">http://www.semanticweb.org/tedsullivan/ontologies/2015/5/music-10#Bill_Conti</field><field name="related_entity1_ss">Mick Leeson</field><field name="Music_Writer_Type">Composer</field><field name="path">/Composer/Bill Conti</field><field name="genres_ss">Popular</field></doc><doc><field name="name">Abram Chasins</field><field name="id">http://www.semanticweb.org/tedsullivan/ontologies/2015/5/music-10#Abram_Chasins</field><field name="Music_Writer_Type">Composer</field><field name="path">/Composer/Abram Chasins</field><field name="path">/Pianist/Abram Chasins</field><field name="Musician_Type">Instrumentalist</field><field name="Musician_Type">Pianist</field><field name="genres_ss">Classical</field></doc><doc><field name="name">Andrea Gabrieli</field><field name="id">http://www.semanticweb.org/tedsullivan/ontologies/2015/5/music-10#Andrea_Gabrieli</field><field name="path">/Composer/Andrea Gabrieli</field><field name="Music_Writer_Type">Composer</field></doc><doc><field name="name">Joseíto Fernández</field><field name="id">http://www.semanticweb.org/tedsullivan/ontologies/2015/5/music-10#Joseíto_Fernández</field><field name="path">/Composer/Joseíto Fernández</field><field name="Music_Writer_Type">Composer</field></doc><doc><field name="name">Ferruccio Busoni</field><field name="id">http://www.semanticweb.org/tedsullivan/ontologies/2015/5/music-10#Ferruccio_Busoni</field><field name="path">/Composer/Ferruccio Busoni</field><field name="Music_Writer_Type">Composer</field></doc><doc><field name="name">Jeanne Lee</field><field name="id">http://www.semanticweb.org/tedsullivan/ontologies/2015/5/music-10#Jeanne_Lee</field><field name="Music_Writer_Type">Composer</field><field name="path">/Composer/Jeanne Lee</field><field name="path">/Singer/Jeanne Lee</field><field name="Musician_Type">Singer</field><field name="genres_ss">Jazz</field></doc><doc><field name="name">Tan Dun</field><field name="id">http://www.semanticweb.org/tedsullivan/ontologies/2015/5/music-10#Tan_Dun</field><field name="path">/Composer/Tan Dun</field><field name="Music_Writer_Type">Composer</field></doc><doc><field name="name">Sonny Burke</field><field name="id">http://www.semanticweb.org/tedsullivan/ontologies/2015/5/music-10#Sonny_Burke</field><field name="related_entity1_ss">Lionel Hampton</field><field name="Music_Writer_Type">Composer</field><field name="Music_Writer_Type">Arranger</field><field name="Music_Writer_Type">Songwriter</field><field name="path">/Arranger/Sonny Burke</field><field name="path">/Composer/Sonny Burke</field><field name="path">/Songwriter/Sonny Burke</field></doc><doc><field name="name">Eduardo di Capua</field><field name="id">http://www.semanticweb.org/tedsullivan/ontologies/2015/5/music-10#Eduardo_di_Capua</field><field name="related_entity1_ss">Aaron Schroeder</field><field name="related_entity1_ss">Wally Gold</field><field name="Music_Writer_Type">Composer</field><field name="Music_Writer_Type">Songwriter</field><field name="path">/Composer/Eduardo di Capua</field><field name="path">/Singer/Eduardo di Capua</field><field name="path">/Songwriter/Eduardo di Capua</field><field name="Musician_Type">Singer</field></doc><doc><field name="name">Michael Tippett</field><field name="id">http://www.semanticweb.org/tedsullivan/ontologies/2015/5/music-10#Michael_Tippett</field><field name="path">/Composer/Michael Tippett</field><field name="Music_Writer_Type">Composer</field></doc><doc><field name="name">Franz Berwald</field><field name="id">http://www.semanticweb.org/tedsullivan/ontologies/2015/5/music-10#Franz_Berwald</field><field name="path">/Composer/Franz Berwald</field><field name="Music_Writer_Type">Composer</field></doc><doc><field name="name">Gilbert Bécaud</field><field name="id">http://www.semanticweb.org/tedsullivan/ontologies/2015/5/music-10#Gilbert_Bécaud</field><field name="related_entity1_ss">Everly Brothers</field><field name="related_entity1_ss">Manny Curtis</field><field name="Music_Writer_Type">Composer</field><field name="path">/Composer/Gilbert Bécaud</field><field name="path">/Pianist/Gilbert Bécaud</field><field name="path">/Singer/Gilbert Bécaud</field><field name="Musician_Type">Instrumentalist</field><field name="Musician_Type">Pianist</field><field name="Musician_Type">Singer</field></doc><doc><field name="name">Kai Winding</field><field name="id">http://www.semanticweb.org/tedsullivan/ontologies/2015/5/music-10#Kai_Winding</field><field name="Music_Writer_Type">Composer</field><field name="path">/Composer/Kai Winding</field><field name="path">/Trombonist/Kai Winding</field><field name="Musician_Type">Instrumentalist</field><field name="Musician_Type">Trombonist</field><field name="genres_ss">Jazz</field></doc><doc><field name="name">Van Dyke Parks</field><field name="id">http://www.semanticweb.org/tedsullivan/ontologies/2015/5/music-10#Van_Dyke_Parks</field><field name="related_entity1_ss">Brian Wilson</field><field name="Music_Writer_Type">Composer</field><field name="Music_Writer_Type">Arranger</field><field name="Music_Writer_Type">Lyricist</field><field name="path">/Arranger/Van Dyke Parks</field><field name="path">/Cellist/Van Dyke Parks</field><field name="path">/Composer/Van Dyke Parks</field><field name="path">/Keyboardist/Van Dyke Parks</field><field name="path">/Lyricist/Van Dyke Parks</field><field name="path">/Record Producer/Van Dyke Parks</field><field name="path">/Singer/Van Dyke Parks</field><field name="Musician_Type">Instrumentalist</field><field name="Musician_Type">Cellist</field><field name="Musician_Type">Keyboardist</field><field name="Musician_Type">Singer</field></doc><doc><field name="name">Jack Nitzsche</field><field name="id">http://www.semanticweb.org/tedsullivan/ontologies/2015/5/music-10#Jack_Nitzsche</field><field name="path">/Arranger/Jack Nitzsche</field><field name="path">/Composer/Jack Nitzsche</field><field name="path">/Record Producer/Jack Nitzsche</field><field name="path">/Songwriter/Jack Nitzsche</field><field name="Music_Writer_Type">Composer</field><field name="Music_Writer_Type">Arranger</field><field name="Music_Writer_Type">Songwriter</field></doc><doc><field name="name">Clarence Profit</field><field name="id">http://www.semanticweb.org/tedsullivan/ontologies/2015/5/music-10#Clarence_Profit</field><field name="Music_Writer_Type">Composer</field><field name="path">/Composer/Clarence Profit</field><field name="path">/Pianist/Clarence Profit</field><field name="Musician_Type">Instrumentalist</field><field name="Musician_Type">Pianist</field></doc><doc><field name="name">Steve Lacy</field><field name="id">http://www.semanticweb.org/tedsullivan/ontologies/2015/5/music-10#Steve_Lacy</field><field name="Music_Writer_Type">Composer</field><field name="playsInstrument_ss.MaximumLength"></field><field name="playsInstrument_ss">Soprano Saxophone</field><field name="path">/Composer/Steve Lacy</field><field name="path">/Instrumentalist/Saxophonist/Steve Lacy</field><field name="Musician_Type">Instrumentalist</field><field name="Musician_Type">Saxophonist</field><field name="playsInstrument_ss.Length">17</field></doc><doc><field name="name">Leigh Harline</field><field name="id">http://www.semanticweb.org/tedsullivan/ontologies/2015/5/music-10#Leigh_Harline</field><field name="related_entity1_ss">Ned Washington</field><field name="Music_Writer_Type">Composer</field><field name="Music_Writer_Type">Songwriter</field><field name="path">/Composer/Leigh Harline</field><field name="path">/Songwriter/Leigh Harline</field></doc><doc><field name="name">Erik Chisholm</field><field name="id">http://www.semanticweb.org/tedsullivan/ontologies/2015/5/music-10#Erik_Chisholm</field><field name="Music_Writer_Type">Composer</field><field name="path">/Composer/Erik Chisholm</field><field name="path">/Conductor/Erik Chisholm</field><field name="Musician_Type">Conductor</field></doc><doc><field name="name">Clara Schumann</field><field name="id">http://www.semanticweb.org/tedsullivan/ontologies/2015/5/music-10#Clara_Schumann</field><field name="path">/Composer/Clara Schumann</field><field name="Music_Writer_Type">Composer</field></doc><doc><field name="name">Umberto Giordano</field><field name="id">http://www.semanticweb.org/tedsullivan/ontologies/2015/5/music-10#Umberto_Giordano</field><field name="path">/Composer/Umberto Giordano</field><field name="Music_Writer_Type">Composer</field></doc></add>
