<add><doc><field name="name">Falstaff</field><field name="id">http://www.semanticweb.org/tedsullivan/ontologies/2015/5/music-10#Falstaff</field><field name="composer_ss.Length">14</field><field name="Composition_Type.Length">5</field><field name="composer_ss.MaximumLength"></field><field name="path">/Composition/Musical Theatre/Opera/Falstaff</field><field name="Composition_Type">Musical Theatre</field><field name="Composition_Type">Opera</field><field name="Composition_Type.MaximumLength"></field><field name="composer_ss">Giuseppe Verdi</field></doc><doc><field name="name">Fidelio</field><field name="id">http://www.semanticweb.org/tedsullivan/ontologies/2015/5/music-10#Fidelio</field><field name="composer_ss.Length">20</field><field name="Composition_Type.Length">5</field><field name="composer_ss.MaximumLength"></field><field name="path">/Composition/Musical Theatre/Opera/Fidelio</field><field name="Composition_Type">Musical Theatre</field><field name="Composition_Type">Opera</field><field name="Composition_Type.MaximumLength"></field><field name="composer_ss">Ludwig Van Beethoven</field></doc><doc><field name="name">Operetta</field><field name="id">http://www.semanticweb.org/tedsullivan/ontologies/2015/5/music-10#Operetta</field><field name="rdfs:subClassOf">http://www.semanticweb.org/tedsullivan/ontologies/2015/5/music-10#Musical_Theatre</field><field name="path">/Musical Theatre/Operetta</field><field name="Composition_Type">Musical Theatre</field><field name="Composition_Type.MaximumLength"></field><field name="Composition_Type.Length">15</field></doc><doc><field name="name">Iolanthe</field><field name="id">http://www.semanticweb.org/tedsullivan/ontologies/2015/5/music-10#Iolanthe</field><field name="composer_ss.Length">15</field><field name="Composition_Type.Length">8</field><field name="composer_ss.MaximumLength"></field><field name="lyricist_ss.MaximumLength"></field><field name="path">/Operetta/Iolanthe</field><field name="lyricist_ss.Length">18</field><field name="Composition_Type">Musical Theatre</field><field name="Composition_Type">Operetta</field><field name="lyricist_ss">William S. Gilbert</field><field name="Composition_Type.MaximumLength"></field><field name="composer_ss">Arthur Sullivan</field></doc><doc><field name="name">Princess Ida</field><field name="id">http://www.semanticweb.org/tedsullivan/ontologies/2015/5/music-10#Princess_Ida</field><field name="composer_ss.Length">15</field><field name="Composition_Type.Length">8</field><field name="composer_ss.MaximumLength"></field><field name="lyricist_ss.MaximumLength"></field><field name="path">/Operetta/Princess Ida</field><field name="lyricist_ss.Length">18</field><field name="Composition_Type">Musical Theatre</field><field name="Composition_Type">Operetta</field><field name="lyricist_ss">William S. Gilbert</field><field name="Composition_Type.MaximumLength"></field><field name="composer_ss">Arthur Sullivan</field></doc><doc><field name="name">Ruddigore</field><field name="id">http://www.semanticweb.org/tedsullivan/ontologies/2015/5/music-10#Ruddigore</field><field name="composer_ss.Length">15</field><field name="Composition_Type.Length">8</field><field name="composer_ss.MaximumLength"></field><field name="lyricist_ss.MaximumLength"></field><field name="path">/Operetta/Ruddigore</field><field name="lyricist_ss.Length">18</field><field name="Composition_Type">Musical Theatre</field><field name="Composition_Type">Operetta</field><field name="lyricist_ss">William S. Gilbert</field><field name="Composition_Type.MaximumLength"></field><field name="composer_ss">Arthur Sullivan</field></doc><doc><field name="name">H.M.S. Pinafore</field><field name="id">http://www.semanticweb.org/tedsullivan/ontologies/2015/5/music-10#HMS_Pinafore</field><field name="composer_ss.Length">15</field><field name="Composition_Type.Length">8</field><field name="composer_ss.MaximumLength"></field><field name="lyricist_ss.MaximumLength"></field><field name="path">/Operetta/H.M.S. Pinafore</field><field name="lyricist_ss.Length">18</field><field name="Composition_Type">Musical Theatre</field><field name="Composition_Type">Operetta</field><field name="lyricist_ss">William S. Gilbert</field><field name="Composition_Type.MaximumLength"></field><field name="composer_ss">Arthur Sullivan</field></doc><doc><field name="name">Patience</field><field name="id">http://www.semanticweb.org/tedsullivan/ontologies/2015/5/music-10#Patience</field><field name="composer_ss.Length">15</field><field name="Composition_Type.Length">8</field><field name="composer_ss.MaximumLength"></field><field name="lyricist_ss.MaximumLength"></field><field name="path">/Musical Theatre/Operetta/Patience</field><field name="lyricist_ss.Length">18</field><field name="Composition_Type">Musical Theatre</field><field name="Composition_Type">Operetta</field><field name="lyricist_ss">William S. Gilbert</field><field name="Composition_Type.MaximumLength"></field><field name="composer_ss">Arthur Sullivan</field></doc><doc><field name="name">The Pirates Of Penzance</field><field name="id">http://www.semanticweb.org/tedsullivan/ontologies/2015/5/music-10#Pirates_Of_Penzance</field><field name="composer_ss.Length">15</field><field name="Composition_Type.Length">8</field><field name="composer_ss.MaximumLength"></field><field name="lyricist_ss.MaximumLength"></field><field name="path">/Musical Theatre/Operetta/The Pirates Of Penzance</field><field name="lyricist_ss.Length">18</field><field name="Composition_Type">Musical Theatre</field><field name="Composition_Type">Operetta</field><field name="lyricist_ss">William S. Gilbert</field><field name="Composition_Type.MaximumLength"></field><field name="composer_ss">Arthur Sullivan</field></doc><doc><field name="name">The Mikado</field><field name="id">http://www.semanticweb.org/tedsullivan/ontologies/2015/5/music-10#The_Mikado</field><field name="composer_ss.Length">15</field><field name="Composition_Type.Length">8</field><field name="composer_ss.MaximumLength"></field><field name="lyricist_ss.MaximumLength"></field><field name="path">/Musical Theatre/Operetta/The Mikado</field><field name="lyricist_ss.Length">18</field><field name="Composition_Type">Musical Theatre</field><field name="Composition_Type">Operetta</field><field name="lyricist_ss">William S. Gilbert</field><field name="Composition_Type.MaximumLength"></field><field name="composer_ss">Arthur Sullivan</field></doc><doc><field name="name">The Yoemen of the Guard</field><field name="id">http://www.semanticweb.org/tedsullivan/ontologies/2015/5/music-10#The_Yeomen_of_the_Guard</field><field name="composer_ss.Length">15</field><field name="Composition_Type.Length">8</field><field name="composer_ss.MaximumLength"></field><field name="lyricist_ss.MaximumLength"></field><field name="path">/Musical Theatre/Operetta/The Yoemen of the Guard</field><field name="lyricist_ss.Length">18</field><field name="Composition_Type">Musical Theatre</field><field name="Composition_Type">Operetta</field><field name="lyricist_ss">William S. Gilbert</field><field name="Composition_Type.MaximumLength"></field><field name="composer_ss">Arthur Sullivan</field></doc><doc><field name="name">Boccaccio</field><field name="id">http://www.semanticweb.org/tedsullivan/ontologies/2015/5/music-10#Boccaccio</field><field name="composer_ss.Length">15</field><field name="Composition_Type.Length">8</field><field name="composer_ss.MaximumLength"></field><field name="path">/Composition/Musical Theatre/Operetta/Boccaccio</field><field name="Composition_Type">Musical Theatre</field><field name="Composition_Type">Operetta</field><field name="Composition_Type.MaximumLength"></field><field name="composer_ss">Franz Von Suppe</field></doc><doc><field name="name">Small Ensemble</field><field name="id">http://www.semanticweb.org/tedsullivan/ontologies/2015/5/music-10#Small_Ensembles</field><field name="rdfs:subClassOf">http://www.semanticweb.org/tedsullivan/ontologies/2015/5/music-10#Compositions</field><field name="path">/Composition/Small Ensemble</field></doc><doc><field name="name">Chamber Music</field><field name="id">http://www.semanticweb.org/tedsullivan/ontologies/2015/5/music-10#Chamber_Music</field><field name="rdfs:subClassOf">http://www.semanticweb.org/tedsullivan/ontologies/2015/5/music-10#Small_Ensembles</field><field name="path">/Small Ensemble/Chamber Music</field><field name="Composition_Type">Small Ensemble</field><field name="Composition_Type.MaximumLength"></field><field name="Composition_Type.Length">14</field></doc><doc><field name="name">String Quartet in G Minor D173</field><field name="id">http://www.semanticweb.org/tedsullivan/ontologies/2015/5/music-10#Schubert_String_Quartet_in_G_Minor_D173</field><field name="composer_ss.Length">14</field><field name="related_entity1_ss">owl:NamedIndividual</field><field name="related_entity1_ss">Tokyo String Quartet</field><field name="Composition_Type.Length">13</field><field name="composer_ss.MaximumLength"></field><field name="hasMovement">{"rdf:resource":"http://www.semanticweb.org/tedsullivan/ontologies/2015/5/music-10#Schubert_String_Quartet_in_G_Minor_D173_-_Movement_1"}</field><field name="hasMovement">{"rdf:resource":"http://www.semanticweb.org/tedsullivan/ontologies/2015/5/music-10#Schubert_String_Quartet_in_G_Minor_D173_-_Movement_2"}</field><field name="hasMovement">{"rdf:resource":"http://www.semanticweb.org/tedsullivan/ontologies/2015/5/music-10#Schubert_String_Quartet_in_G_Minor_D173_-_Movement_3"}</field><field name="hasMovement">{"rdf:resource":"http://www.semanticweb.org/tedsullivan/ontologies/2015/5/music-10#Schubert_String_Quartet_in_G_Minor_D173_-_Movement_4"}</field><field name="hasMovement">{"name":"String Quartet in G Minor G173 - Movement 1","id":"http://www.semanticweb.org/tedsullivan/ontologies/2015/5/music-10#Schubert_String_Quartet_in_G_Minor_D173_-_Movement_1","related_entity1_ss":"owl:NamedIndividual","related_entity2_ss":"Franz Schubert","rdf:type":{"rdf:resource":"http://www.semanticweb.org/tedsullivan/ontologies/2015/5/music-10#Movement"},"ParentKey":["Movement|http://www.semanticweb.org/tedsullivan/ontologies/2015/5/music-10#Movement|"],"rdf:about":"http://www.semanticweb.org/tedsullivan/ontologies/2015/5/music-10#Schubert_String_Quartet_in_G_Minor_D173_-_Movement_1","path":["/Composition/Movement/String Quartet in G Minor G173 - Movement 1"],"Composition_Type":"Movement","rdfs:label":{"text":["String Quartet in G Minor G173 - Movement 1"]},"composer_ss":"Franz Schubert"}</field><field name="hasMovement">{"name":"owl:NamedIndividual","id":"http://www.semanticweb.org/tedsullivan/ontologies/2015/5/music-10#Schubert_String_Quartet_in_G_Minor_D173_-_Movement_2","related_entity1_ss":"owl:NamedIndividual","related_entity2_ss":["Franz Schubert","String Quartet in G Minor G173 - Movement 1"],"rdf:type":{"rdf:resource":"http://www.semanticweb.org/tedsullivan/ontologies/2015/5/music-10#Movement"},"ParentKey":["Movement|http://www.semanticweb.org/tedsullivan/ontologies/2015/5/music-10#Movement|"],"rdf:about":"http://www.semanticweb.org/tedsullivan/ontologies/2015/5/music-10#Schubert_String_Quartet_in_G_Minor_D173_-_Movement_2","path":["/Composition/Movement/owl:NamedIndividual"],"Composition_Type":"Movement"}</field><field name="hasMovement">{"name":"owl:NamedIndividual","id":"http://www.semanticweb.org/tedsullivan/ontologies/2015/5/music-10#Schubert_String_Quartet_in_G_Minor_D173_-_Movement_3","related_entity1_ss":"owl:NamedIndividual","related_entity2_ss":["Franz Schubert","String Quartet in G Minor G173 - Movement 1"],"rdf:type":{"rdf:resource":"http://www.semanticweb.org/tedsullivan/ontologies/2015/5/music-10#Movement"},"ParentKey":["Movement|http://www.semanticweb.org/tedsullivan/ontologies/2015/5/music-10#Movement|"],"rdf:about":"http://www.semanticweb.org/tedsullivan/ontologies/2015/5/music-10#Schubert_String_Quartet_in_G_Minor_D173_-_Movement_3","path":["/Composition/Movement/owl:NamedIndividual"],"Composition_Type":"Movement"}</field><field name="hasMovement">{"name":"owl:NamedIndividual","id":"http://www.semanticweb.org/tedsullivan/ontologies/2015/5/music-10#Schubert_String_Quartet_in_G_Minor_D173_-_Movement_4","related_entity1_ss":"owl:NamedIndividual","related_entity2_ss":["Franz Schubert","String Quartet in G Minor G173 - Movement 1"],"rdf:type":{"rdf:resource":"http://www.semanticweb.org/tedsullivan/ontologies/2015/5/music-10#Movement"},"ParentKey":["Movement|http://www.semanticweb.org/tedsullivan/ontologies/2015/5/music-10#Movement|"],"rdf:about":"http://www.semanticweb.org/tedsullivan/ontologies/2015/5/music-10#Schubert_String_Quartet_in_G_Minor_D173_-_Movement_4","path":["/Composition/Movement/owl:NamedIndividual"],"Composition_Type":"Movement"}</field><field name="path">/Chamber Music/String Quartet in G Minor D173</field><field name="Composition_Type">Small Ensemble</field><field name="Composition_Type">Chamber Music</field><field name="opusNumber">Posthumus</field><field name="Composition_Type.MaximumLength"></field><field name="composer_ss">Franz Schubert</field><field name="hasMovement.Count">8</field></doc><doc><field name="name">String Quartet in A Minor D804</field><field name="id">http://www.semanticweb.org/tedsullivan/ontologies/2015/5/music-10#Schubert_String_Quartet_in_A_Minor_D804</field><field name="composer_ss.Length">14</field><field name="related_entity1_ss">owl:NamedIndividual</field><field name="related_entity1_ss">Tokyo String Quartet</field><field name="Composition_Type.Length">13</field><field name="composer_ss.MaximumLength"></field><field name="hasMovement">{"rdf:resource":"http://www.semanticweb.org/tedsullivan/ontologies/2015/5/music-10#Schubert_String_Quartet_in_A_Minor_D804_-_Movement_1"}</field><field name="hasMovement">{"rdf:resource":"http://www.semanticweb.org/tedsullivan/ontologies/2015/5/music-10#Schubert_String_Quartet_in_A_Minor_D804_-_Movement_2"}</field><field name="hasMovement">{"rdf:resource":"http://www.semanticweb.org/tedsullivan/ontologies/2015/5/music-10#Schubert_String_Quartet_in_A_Minor_D804_-_Movement_3"}</field><field name="hasMovement">{"rdf:resource":"http://www.semanticweb.org/tedsullivan/ontologies/2015/5/music-10#Schubert_String_Quartet_in_A_Minor_D804_-_Movement_4"}</field><field name="hasMovement">{"name":"owl:NamedIndividual","id":"http://www.semanticweb.org/tedsullivan/ontologies/2015/5/music-10#Schubert_String_Quartet_in_A_Minor_D804_-_Movement_1","related_entity1_ss":"owl:NamedIndividual","related_entity2_ss":"Franz Schubert","index":{"text":["4"],"rdf:datatype":"http://www.w3.org/2001/XMLSchema#integer"},"rdf:type":{"rdf:resource":"http://www.semanticweb.org/tedsullivan/ontologies/2015/5/music-10#Movement"},"title":{"text":["Allegro moderato"]},"ParentKey":["Movement|http://www.semanticweb.org/tedsullivan/ontologies/2015/5/music-10#Movement|"],"rdf:about":"http://www.semanticweb.org/tedsullivan/ontologies/2015/5/music-10#Schubert_String_Quartet_in_A_Minor_D804_-_Movement_1","path":["/Composition/Movement/owl:NamedIndividual"],"Composition_Type":"Movement"}</field><field name="hasMovement">{"name":"owl:NamedIndividual","id":"http://www.semanticweb.org/tedsullivan/ontologies/2015/5/music-10#Schubert_String_Quartet_in_A_Minor_D804_-_Movement_2","related_entity1_ss":"owl:NamedIndividual","related_entity2_ss":"Franz Schubert","index":{"text":["3"],"rdf:datatype":"http://www.w3.org/2001/XMLSchema#integer"},"rdf:type":{"rdf:resource":"http://www.semanticweb.org/tedsullivan/ontologies/2015/5/music-10#Movement"},"title":{"text":["Minuetto - Trio, Allegretto"]},"ParentKey":["Movement|http://www.semanticweb.org/tedsullivan/ontologies/2015/5/music-10#Movement|"],"rdf:about":"http://www.semanticweb.org/tedsullivan/ontologies/2015/5/music-10#Schubert_String_Quartet_in_A_Minor_D804_-_Movement_2","path":["/Composition/Movement/owl:NamedIndividual"],"Composition_Type":"Movement"}</field><field name="hasMovement">{"name":"owl:NamedIndividual","id":"http://www.semanticweb.org/tedsullivan/ontologies/2015/5/music-10#Schubert_String_Quartet_in_A_Minor_D804_-_Movement_3","related_entity1_ss":"owl:NamedIndividual","related_entity2_ss":"Franz Schubert","index":{"text":["2"],"rdf:datatype":"http://www.w3.org/2001/XMLSchema#integer"},"rdf:type":{"rdf:resource":"http://www.semanticweb.org/tedsullivan/ontologies/2015/5/music-10#Movement"},"title":{"text":["Andante"]},"ParentKey":["Movement|http://www.semanticweb.org/tedsullivan/ontologies/2015/5/music-10#Movement|"],"rdf:about":"http://www.semanticweb.org/tedsullivan/ontologies/2015/5/music-10#Schubert_String_Quartet_in_A_Minor_D804_-_Movement_3","path":["/Composition/Movement/owl:NamedIndividual"],"Composition_Type":"Movement"}</field><field name="hasMovement">{"name":"owl:NamedIndividual","id":"http://www.semanticweb.org/tedsullivan/ontologies/2015/5/music-10#Schubert_String_Quartet_in_A_Minor_D804_-_Movement_4","related_entity1_ss":"owl:NamedIndividual","related_entity2_ss":"Franz Schubert","index":{"text":["1"],"rdf:datatype":"http://www.w3.org/2001/XMLSchema#integer"},"rdf:type":{"rdf:resource":"http://www.semanticweb.org/tedsullivan/ontologies/2015/5/music-10#Movement"},"title":{"text":["Allegro ma non troppo"]},"ParentKey":["Movement|http://www.semanticweb.org/tedsullivan/ontologies/2015/5/music-10#Movement|"],"rdf:about":"http://www.semanticweb.org/tedsullivan/ontologies/2015/5/music-10#Schubert_String_Quartet_in_A_Minor_D804_-_Movement_4","path":["/Composition/Movement/owl:NamedIndividual"],"Composition_Type":"Movement"}</field><field name="path">/Small Ensemble/Chamber Music/String Quartet in A Minor D804</field><field name="Composition_Type">Small Ensemble</field><field name="Composition_Type">Chamber Music</field><field name="opusNumber">29</field><field name="opusNumber">http://www.w3.org/2001/XMLSchema#integer</field><field name="Composition_Type.MaximumLength"></field><field name="composer_ss">Franz Schubert</field><field name="hasMovement.Count">8</field></doc><doc><field name="name">Musician</field><field name="id">http://www.semanticweb.org/tedsullivan/ontologies/2015/5/music-10#Performers</field><field name="path">/rdf:RDF/Musician</field></doc><doc><field name="name">Singer</field><field name="id">http://www.semanticweb.org/tedsullivan/ontologies/2015/5/music-10#Singer</field><field name="rdfs:subClassOf">http://www.semanticweb.org/tedsullivan/ontologies/2015/5/music-10#Performers</field><field name="path">/Musician/Singer</field><field name="synonym">Vocalist</field></doc><doc><field name="name">Tex Beneke</field><field name="id">http://www.semanticweb.org/tedsullivan/ontologies/2015/5/music-10#Tex_Beneke</field><field name="hasGenre.Count">8</field><field name="path">/Band Leader/Tex Beneke</field><field name="path">/Saxophonist/Tex Beneke</field><field name="path">/Singer/Tex Beneke</field><field name="Musician_Type">Conductor</field><field name="Musician_Type">Band Leader</field><field name="Musician_Type">Instrumentalist</field><field name="Musician_Type">Saxophonist</field><field name="Musician_Type">Singer</field><field name="genres_ss">Jazz</field><field name="genres_ss">Big Band</field><field name="genres_ss">Blues</field><field name="genres_ss">Swing</field></doc><doc><field name="name">Georgia Gibbs</field><field name="id">http://www.semanticweb.org/tedsullivan/ontologies/2015/5/music-10#Georgia_Gibbs</field><field name="path">/Singer/Georgia Gibbs</field><field name="Musician_Type">Singer</field><field name="genres_ss">Jazz</field></doc><doc><field name="name">George Strait</field><field name="id">http://www.semanticweb.org/tedsullivan/ontologies/2015/5/music-10#George_Strait</field><field name="related_entity1_ss">Dean Dillon</field><field name="related_entity1_ss">Hank Cochran</field><field name="related_entity1_ss">Terry Stafford</field><field name="path">/Singer/George Strait</field><field name="Musician_Type">Singer</field><field name="genres_ss">Country</field></doc><doc><field name="name">Jan Berry</field><field name="id">http://www.semanticweb.org/tedsullivan/ontologies/2015/5/music-10#Jan_Berry</field><field name="related_entity1_ss">Jan and Dean</field><field name="related_entity1_ss">Brian Wilson</field><field name="related_entity2_ss">Roger Christian</field><field name="related_entity2_ss">Artie Kornfeld</field><field name="memberOfGroup_ss.Length">12</field><field name="related_entity2_ss.Length">14</field><field name="path">/Singer/Jan Berry</field><field name="synonym">William Jan Berry</field><field name="Musician_Type">Singer</field><field name="memberOfGroup_ss">Jan and Dean</field><field name="memberOfGroup_ss.MaximumLength"></field><field name="related_entity2_ss.MaximumLength"></field></doc><doc><field name="name">Jim Morrison</field><field name="id">http://www.semanticweb.org/tedsullivan/ontologies/2015/5/music-10#Jim_Morrison</field><field name="related_entity1_ss">Robby Krieger</field><field name="related_entity1_ss">Ray Manzarek</field><field name="related_entity1_ss">John Densmore</field><field name="memberOfGroup_ss.Length">5</field><field name="path">/Singer/Jim Morrison</field><field name="Musician_Type">Singer</field><field name="genres_ss">Rock</field><field name="memberOfGroup_ss">Doors</field><field name="memberOfGroup_ss.MaximumLength"></field></doc><doc><field name="name">Vaughn Monroe</field><field name="id">http://www.semanticweb.org/tedsullivan/ontologies/2015/5/music-10#Vaughn_Monroe</field><field name="path">/Band Leader/Vaughn Monroe</field><field name="path">/Singer/Vaughn Monroe</field><field name="path">/Trumpeter/Vaughn Monroe</field><field name="Musician_Type">Conductor</field><field name="Musician_Type">Band Leader</field><field name="Musician_Type">Singer</field><field name="Musician_Type">Instrumentalist</field><field name="Musician_Type">Trumpeter</field></doc><doc><field name="name">Peggy Lee</field><field name="id">http://www.semanticweb.org/tedsullivan/ontologies/2015/5/music-10#Peggy_Lee</field><field name="path">/Singer/Peggy Lee</field><field name="Musician_Type">Singer</field></doc><doc><field name="name">Eydie Gormé</field><field name="id">http://www.semanticweb.org/tedsullivan/ontologies/2015/5/music-10#Eydie_Gormé</field><field name="path">/Singer/Eydie Gormé</field><field name="Musician_Type">Singer</field></doc><doc><field name="name">Margaret Whiting</field><field name="id">http://www.semanticweb.org/tedsullivan/ontologies/2015/5/music-10#Margaret_Whiting</field><field name="hasGenre.Count">4</field><field name="path">/Singer/Margaret Whiting</field><field name="Musician_Type">Singer</field><field name="genres_ss">Country</field><field name="genres_ss">Popular</field></doc><doc><field name="name">Jimmy Durante</field><field name="id">http://www.semanticweb.org/tedsullivan/ontologies/2015/5/music-10#Jimmy_Durante</field><field name="path">/Pianist/Jimmy Durante</field><field name="path">/Singer/Jimmy Durante</field><field name="Musician_Type">Instrumentalist</field><field name="Musician_Type">Pianist</field><field name="Musician_Type">Singer</field></doc><doc><field name="name">Billy Preston</field><field name="id">http://www.semanticweb.org/tedsullivan/ontologies/2015/5/music-10#Billy_Preston</field><field name="path">/Pianist/Billy Preston</field><field name="path">/Singer/Billy Preston</field><field name="Musician_Type">Instrumentalist</field><field name="Musician_Type">Pianist</field><field name="Musician_Type">Singer</field></doc><doc><field name="name">Roy Rogers</field><field name="id">http://www.semanticweb.org/tedsullivan/ontologies/2015/5/music-10#Roy_Rogers</field><field name="path">/Singer/Roy Rogers</field><field name="Musician_Type">Singer</field><field name="genres_ss">Country</field><field name="genres_ss">Country and Western</field></doc><doc><field name="name">Harry Groener</field><field name="id">http://www.semanticweb.org/tedsullivan/ontologies/2015/5/music-10#Harry_Groener</field><field name="path">/Singer/Harry Groener</field><field name="Musician_Type">Singer</field></doc><doc><field name="name">Abu Talib</field><field name="id">http://www.semanticweb.org/tedsullivan/ontologies/2015/5/music-10#Abu_Talib</field><field name="related_entity1_ss">Harvey Mandel</field><field name="related_entity1_ss">Tony Reeves</field><field name="related_entity1_ss">John Paulus</field><field name="related_entity1_ss">Hank Van Sickle</field><field name="related_entity1_ss">Don ,",Sugarcane,", Harris</field><field name="related_entity1_ss">Coco Montoya</field><field name="related_entity1_ss">Randy Resnick</field><field name="related_entity1_ss">Ross Appleman</field><field name="related_entity1_ss">Simon Bateman</field><field name="related_entity1_ss">John McVie</field><field name="related_entity1_ss">Mick Taylor</field><field name="related_entity1_ss">Victor Gaskin</field><field name="related_entity1_ss">Buddy Whittington</field><field name="related_entity1_ss">Rick Cortes</field><field name="related_entity1_ss">Peter Green</field><field name="related_entity1_ss">Jack Bruce</field><field name="related_entity1_ss">Kal David</field><field name="related_entity1_ss">Malcolm Poole</field><field name="related_entity1_ss">John Mayall</field><field name="related_entity1_ss">Eric Clapton</field><field name="related_entity1_ss">Andy Fraser</field><field name="related_entity1_ss">Larry Taylor</field><field name="related_entity1_ss">John Weider</field><field name="related_entity1_ss">Mick Fleetwood</field><field name="related_entity1_ss">James Quill Smith</field><field name="related_entity1_ss">Kevin McCormick</field><field name="related_entity1_ss">Bernie Watson</field><field name="related_entity1_ss">Roger Dean</field><field name="related_entity1_ss">Geoff Krivet</field><field name="related_entity1_ss">Walter Trout</field><field name="related_entity1_ss">Hughie Flint</field><field name="memberOfGroup_ss.Length">27</field><field name="path">/Guitarist/Abu Talib</field><field name="path">/Harmonica Player/Abu Talib</field><field name="path">/Singer/Abu Talib</field><field name="synonym">Freddy Robinson</field><field name="Musician_Type">Instrumentalist</field><field name="Musician_Type">Guitarist</field><field name="Musician_Type">Harmonica Player</field><field name="Musician_Type">Singer</field><field name="memberOfGroup_ss">John Mayall's Bluesbreakers</field><field name="memberOfGroup_ss.MaximumLength"></field></doc><doc><field name="name">Stephen Jo Bladd</field><field name="id">http://www.semanticweb.org/tedsullivan/ontologies/2015/5/music-10#Stephen_Jo_Bladd</field><field name="related_entity1_ss">Peter Wolf</field><field name="related_entity1_ss">Seth Justman</field><field name="related_entity1_ss">Danny Klein</field><field name="related_entity1_ss">J Geils</field><field name="related_entity1_ss">Magic Dick</field><field name="hasGenre.Count">4</field><field name="memberOfGroup_ss.Length">12</field><field name="path">/Drummer/Stephen Jo Bladd</field><field name="path">/Singer/Stephen Jo Bladd</field><field name="Musician_Type">Instrumentalist</field><field name="Musician_Type">Drummer</field><field name="Musician_Type">Singer</field><field name="genres_ss">Blues</field><field name="genres_ss">Rock</field><field name="memberOfGroup_ss">J Geils Band</field><field name="memberOfGroup_ss.MaximumLength"></field></doc><doc><field name="name">Sophie Tucker</field><field name="id">http://www.semanticweb.org/tedsullivan/ontologies/2015/5/music-10#Sophie_Tucker</field><field name="path">/Singer/Sophie Tucker</field><field name="Musician_Type">Singer</field></doc><doc><field name="name">Chet Baker</field><field name="id">http://www.semanticweb.org/tedsullivan/ontologies/2015/5/music-10#Chet_Baker</field><field name="related_entity1_ss">Caterina Valente</field><field name="path">/Singer/Chet Baker</field><field name="path">/Trumpeter/Chet Baker</field><field name="Musician_Type">Singer</field><field name="Musician_Type">Instrumentalist</field><field name="Musician_Type">Trumpeter</field><field name="genres_ss">Jazz</field></doc><doc><field name="name">Mary Ford</field><field name="id">http://www.semanticweb.org/tedsullivan/ontologies/2015/5/music-10#Mary_Ford</field><field name="related_entity1_ss">Les Paul</field><field name="path">/Singer/Mary Ford</field><field name="Musician_Type">Singer</field></doc><doc><field name="name">Joe Williams</field><field name="id">http://www.semanticweb.org/tedsullivan/ontologies/2015/5/music-10#Joe_Williams</field><field name="related_entity1_ss">Count Basie Orchestra</field><field name="path">/Singer/Joe Williams</field><field name="Musician_Type">Singer</field></doc><doc><field name="name">Robert Plant</field><field name="id">http://www.semanticweb.org/tedsullivan/ontologies/2015/5/music-10#Robert_Plant</field><field name="related_entity1_ss">Jimmy Page</field><field name="related_entity2_ss">John Bonham</field><field name="related_entity2_ss">John Paul Jones</field><field name="related_entity2_ss">Willie Dixon</field><field name="related_entity2_ss">Memphis Minnie</field><field name="memberOfGroup_ss.Length">12</field><field name="related_entity2_ss.Length">14</field><field name="path">/Singer/Robert Plant</field><field name="Musician_Type">Singer</field><field name="memberOfGroup_ss">Led Zeppelin</field><field name="memberOfGroup_ss.MaximumLength"></field><field name="related_entity2_ss.MaximumLength"></field></doc><doc><field name="name">Shania Twain</field><field name="id">http://www.semanticweb.org/tedsullivan/ontologies/2015/5/music-10#Shania_Twain</field><field name="path">/Singer/Shania Twain</field><field name="Musician_Type">Singer</field></doc><doc><field name="name">Cassandra Wilson</field><field name="id">http://www.semanticweb.org/tedsullivan/ontologies/2015/5/music-10#Cassandra_Wilson</field><field name="path">/Singer/Cassandra Wilson</field><field name="Musician_Type">Singer</field></doc><doc><field name="name">Elsie Carlisle</field><field name="id">http://www.semanticweb.org/tedsullivan/ontologies/2015/5/music-10#Elsie_Carlisle</field><field name="path">/Singer/Elsie Carlisle</field><field name="Musician_Type">Singer</field></doc><doc><field name="name">Blake Shelton</field><field name="id">http://www.semanticweb.org/tedsullivan/ontologies/2015/5/music-10#Blake_Shelton</field><field name="path">/Singer/Blake Shelton</field><field name="Musician_Type">Singer</field><field name="genres_ss">Country</field></doc><doc><field name="name">Diane Schuur</field><field name="id">http://www.semanticweb.org/tedsullivan/ontologies/2015/5/music-10#Diane_Schuur</field><field name="path">/Pianist/Diane Schuur</field><field name="path">/Singer/Diane Schuur</field><field name="Musician_Type">Instrumentalist</field><field name="Musician_Type">Pianist</field><field name="Musician_Type">Singer</field><field name="genres_ss">Jazz</field></doc><doc><field name="name">Junior Kimbrough</field><field name="id">http://www.semanticweb.org/tedsullivan/ontologies/2015/5/music-10#Junior_Kimbrough</field><field name="hasGenre.Count">6</field><field name="path">/Guitarist/Junior Kimbrough</field><field name="path">/Singer/Junior Kimbrough</field><field name="Musician_Type">Instrumentalist</field><field name="Musician_Type">Guitarist</field><field name="Musician_Type">Singer</field><field name="genres_ss">Country</field><field name="genres_ss">Country Blues</field><field name="genres_ss">Blues</field><field name="genres_ss">Hill Country Blues</field><field name="genres_ss">Juke Joint Blues</field></doc><doc><field name="name">Loretta Lynn</field><field name="id">http://www.semanticweb.org/tedsullivan/ontologies/2015/5/music-10#Loretta_Lynn</field><field name="path">/Singer/Loretta Lynn</field><field name="Musician_Type">Singer</field><field name="genres_ss">Country</field></doc><doc><field name="name">Bobby Fuller</field><field name="id">http://www.semanticweb.org/tedsullivan/ontologies/2015/5/music-10#Bobby_Fuller</field><field name="related_entity1_ss">The Bobby Fuller Four</field><field name="related_entity1_ss">Sonny Curtis</field><field name="memberOfGroup_ss.Length">21</field><field name="path">/Singer/Bobby Fuller</field><field name="Musician_Type">Singer</field><field name="memberOfGroup_ss">The Bobby Fuller Four</field><field name="memberOfGroup_ss.MaximumLength"></field></doc><doc><field name="name">Paul Kantner</field><field name="id">http://www.semanticweb.org/tedsullivan/ontologies/2015/5/music-10#Paul_Kantner</field><field name="related_entity1_ss">Marty Balin</field><field name="related_entity1_ss">Grace Slick</field><field name="related_entity2_ss">Jack Cassidy</field><field name="related_entity2_ss">Spencer Dryden</field><field name="related_entity2_ss">Jorma Kaukonen</field><field name="memberOfGroup.Count">4</field><field name="memberOfGroup_ss.Length">18</field><field name="related_entity2_ss.Length">14</field><field name="path">/Banjo Player/Paul Kantner</field><field name="path">/Guitarist/Paul Kantner</field><field name="path">/Singer/Paul Kantner</field><field name="Musician_Type">Instrumentalist</field><field name="Musician_Type">Banjo Player</field><field name="Musician_Type">Guitarist</field><field name="Musician_Type">Singer</field><field name="memberOfGroup_ss">Jefferson Airplane</field><field name="memberOfGroup_ss">Jefferson Starship</field><field name="memberOfGroup_ss.MaximumLength"></field><field name="related_entity2_ss.MaximumLength"></field></doc><doc><field name="name">Betty Carter</field><field name="id">http://www.semanticweb.org/tedsullivan/ontologies/2015/5/music-10#Betty_Carter</field><field name="related_entity1_ss">Ray Charles</field><field name="path">/Singer/Betty Carter</field><field name="Musician_Type">Singer</field><field name="genres_ss">Jazz</field></doc><doc><field name="name">Rupert Everett</field><field name="id">http://www.semanticweb.org/tedsullivan/ontologies/2015/5/music-10#Rupert_Everett</field><field name="related_entity1_ss">Robbie Williams</field><field name="path">/Singer/Rupert Everett</field><field name="Musician_Type">Singer</field></doc><doc><field name="name">Terri Clark</field><field name="id">http://www.semanticweb.org/tedsullivan/ontologies/2015/5/music-10#Terri_Clark</field><field name="path">/Guitarist/Terri Clark</field><field name="path">/Singer/Terri Clark</field><field name="Musician_Type">Instrumentalist</field><field name="Musician_Type">Guitarist</field><field name="Musician_Type">Singer</field></doc><doc><field name="name">Frank Ifield</field><field name="id">http://www.semanticweb.org/tedsullivan/ontologies/2015/5/music-10#Frank_Ifield</field><field name="related_entity1_ss">Beatles</field><field name="path">/Singer/Frank Ifield</field><field name="Musician_Type">Singer</field></doc><doc><field name="name">Sammy Strain</field><field name="id">http://www.semanticweb.org/tedsullivan/ontologies/2015/5/music-10#Sammy_Strain</field><field name="related_entity1_ss">',Little Anthony' Gourdine</field><field name="related_entity1_ss">Paul Fulton</field><field name="related_entity1_ss">Shedrick Lincoln</field><field name="related_entity1_ss">Nathaniel Epps</field><field name="related_entity1_ss">Charles Johnson</field><field name="memberOfGroup.Count">4</field><field name="memberOfGroup_ss.Length">9</field><field name="path">/Singer/Sammy Strain</field><field name="Musician_Type">Singer</field><field name="genres_ss">Rock</field><field name="genres_ss">Doo Wop</field><field name="memberOfGroup_ss">Little Anthony &amp; The Imperials</field><field name="memberOfGroup_ss">The Chips</field><field name="memberOfGroup_ss.MaximumLength"></field></doc><doc><field name="name">Alma Cogan</field><field name="id">http://www.semanticweb.org/tedsullivan/ontologies/2015/5/music-10#Alma_Cogan</field><field name="path">/Singer/Alma Cogan</field><field name="Musician_Type">Singer</field><field name="genres_ss">Popular</field><field name="genres_ss">Traditional Pop</field></doc><doc><field name="name">Taj Mahal</field><field name="id">http://www.semanticweb.org/tedsullivan/ontologies/2015/5/music-10#Taj_Mahal</field><field name="related_entity1_ss">Yank Rachell</field><field name="related_entity1_ss">The Blues Brothers</field><field name="path">/Singer/Taj Mahal</field><field name="Musician_Type">Singer</field><field name="genres_ss">Blues</field></doc><doc><field name="name">Collin Raye</field><field name="id">http://www.semanticweb.org/tedsullivan/ontologies/2015/5/music-10#Collin_Raye</field><field name="path">/Bassist/Collin Raye</field><field name="path">/Singer/Collin Raye</field><field name="Musician_Type">Instrumentalist</field><field name="Musician_Type">Bassist</field><field name="Musician_Type">Singer</field></doc><doc><field name="name">Caterina Valente</field><field name="id">http://www.semanticweb.org/tedsullivan/ontologies/2015/5/music-10#Caterina_Valente</field><field name="related_entity1_ss">Chet Baker</field><field name="path">/Guitarist/Caterina Valente</field><field name="path">/Singer/Caterina Valente</field><field name="Musician_Type">Instrumentalist</field><field name="Musician_Type">Guitarist</field><field name="Musician_Type">Singer</field><field name="genres_ss">Popular</field></doc><doc><field name="name">Tom Jones</field><field name="id">http://www.semanticweb.org/tedsullivan/ontologies/2015/5/music-10#Tom_Jones</field><field name="path">/Singer/Tom Jones</field><field name="Musician_Type">Singer</field></doc><doc><field name="name">Otis Redding</field><field name="id">http://www.semanticweb.org/tedsullivan/ontologies/2015/5/music-10#Otis_Redding</field><field name="related_entity1_ss">Steve Cropper</field><field name="related_entity2_ss">Jerry Butler</field><field name="related_entity2_ss">Zelma Redding</field><field name="related_entity2_ss">Joe Rock</field><field name="related_entity2_ss.Length">8</field><field name="path">/Singer/Otis Redding</field><field name="Musician_Type">Singer</field><field name="genres_ss">R&amp;B</field><field name="related_entity2_ss.MaximumLength"></field></doc><doc><field name="name">Ted Nugent</field><field name="id">http://www.semanticweb.org/tedsullivan/ontologies/2015/5/music-10#Ted_Nugent</field><field name="path">/Guitarist/Ted Nugent</field><field name="path">/Singer/Ted Nugent</field><field name="Musician_Type">Instrumentalist</field><field name="Musician_Type">Guitarist</field><field name="Musician_Type">Singer</field><field name="genres_ss">Rock</field></doc><doc><field name="name">John Shirley-Quirk</field><field name="id">http://www.semanticweb.org/tedsullivan/ontologies/2015/5/music-10#John_Shirley-Quirk</field><field name="path">/Bass/John Shirley-Quirk</field><field name="path">/Singer/John Shirley-Quirk</field><field name="Musician_Type">Singer</field><field name="Musician_Type">Bass</field><field name="genres_ss">Classical</field></doc><doc><field name="name">Tina Turner</field><field name="id">http://www.semanticweb.org/tedsullivan/ontologies/2015/5/music-10#Tina_Turner</field><field name="related_entity1_ss">Graham Lyle</field><field name="related_entity1_ss">Terry Britten</field><field name="path">/Singer/Tina Turner</field><field name="Musician_Type">Singer</field></doc><doc><field name="name">Darlene Love</field><field name="id">http://www.semanticweb.org/tedsullivan/ontologies/2015/5/music-10#Darlene_Love</field><field name="related_entity1_ss">Phil Spector</field><field name="path">/Singer/Darlene Love</field><field name="Musician_Type">Singer</field></doc><doc><field name="name">Joan Baez</field><field name="id">http://www.semanticweb.org/tedsullivan/ontologies/2015/5/music-10#Joan_Baez</field><field name="path">/Singer/Joan Baez</field><field name="Musician_Type">Singer</field></doc><doc><field name="name">Simon Fisher Turner</field><field name="id">http://www.semanticweb.org/tedsullivan/ontologies/2015/5/music-10#Simon_Fisher_Turner</field><field name="related_entity1_ss">Keith Joyner</field><field name="related_entity1_ss">Jared Michael Nickerson</field><field name="related_entity1_ss">Peter Ashworth</field><field name="related_entity1_ss">James Eller</field><field name="related_entity1_ss">Brian MacLeod</field><field name="related_entity1_ss">Earl Harvin</field><field name="related_entity1_ss">Eric Schermerhorn</field><field name="related_entity1_ss">Johnny Marr</field><field name="related_entity1_ss">Colin Lloyd Tucker</field><field name="related_entity1_ss">Spencer Campbell</field><field name="related_entity1_ss">Jim Fitting</field><field name="related_entity1_ss">Matt Johnson</field><field name="related_entity1_ss">Tom Johnston</field><field name="related_entity1_ss">Gail Ann Dorsey</field><field name="related_entity1_ss">D.C. Collard</field><field name="related_entity1_ss">Keith Laws</field><field name="memberOfGroup_ss.Length">7</field><field name="path">/Guitarist/Simon Fisher Turner</field><field name="path">/Singer/Simon Fisher Turner</field><field name="Musician_Type">Instrumentalist</field><field name="Musician_Type">Guitarist</field><field name="Musician_Type">Singer</field><field name="memberOfGroup_ss">The The</field><field name="memberOfGroup_ss.MaximumLength"></field></doc><doc><field name="name">Kate Ceberano</field><field name="id">http://www.semanticweb.org/tedsullivan/ontologies/2015/5/music-10#Kate_Ceberano</field><field name="related_entity1_ss">Mark Isham</field><field name="hasGenre.Count">6</field><field name="path">/Singer/Kate Ceberano</field><field name="Musician_Type">Singer</field><field name="genres_ss">Jazz</field><field name="genres_ss">Popular</field></doc><doc><field name="name">Bobby Darin</field><field name="id">http://www.semanticweb.org/tedsullivan/ontologies/2015/5/music-10#Bobby_Darin</field><field name="related_entity1_ss">Murray Kaufman</field><field name="path">/Singer/Bobby Darin</field><field name="Musician_Type">Singer</field></doc><doc><field name="name">Cliff Richard</field><field name="id">http://www.semanticweb.org/tedsullivan/ontologies/2015/5/music-10#Cliff_Richard</field><field name="related_entity1_ss">Van Morrison</field><field name="path">/Singer/Cliff Richard</field><field name="Musician_Type">Singer</field></doc><doc><field name="name">Brownie McGhee</field><field name="id">http://www.semanticweb.org/tedsullivan/ontologies/2015/5/music-10#Brownie_McGhee</field><field name="path">/Guitarist/Brownie McGhee</field><field name="path">/Singer/Brownie McGhee</field><field name="Musician_Type">Instrumentalist</field><field name="Musician_Type">Guitarist</field><field name="Musician_Type">Singer</field></doc><doc><field name="name">Dooley Wilson</field><field name="id">http://www.semanticweb.org/tedsullivan/ontologies/2015/5/music-10#Dooley_Wilson</field><field name="path">/Singer/Dooley Wilson</field><field name="Musician_Type">Singer</field></doc><doc><field name="name">Putney Dandridge</field><field name="id">http://www.semanticweb.org/tedsullivan/ontologies/2015/5/music-10#Putney_Dandridge</field><field name="path">/Band Leader/Putney Dandridge</field><field name="path">/Pianist/Putney Dandridge</field><field name="path">/Singer/Putney Dandridge</field><field name="Musician_Type">Conductor</field><field name="Musician_Type">Band Leader</field><field name="Musician_Type">Instrumentalist</field><field name="Musician_Type">Pianist</field><field name="Musician_Type">Singer</field></doc><doc><field name="name">Claudine Longet</field><field name="id">http://www.semanticweb.org/tedsullivan/ontologies/2015/5/music-10#Claudine_Longet</field><field name="path">/Singer/Claudine Longet</field><field name="Musician_Type">Singer</field></doc><doc><field name="name">Patti Austin</field><field name="id">http://www.semanticweb.org/tedsullivan/ontologies/2015/5/music-10#Patti_Austin</field><field name="path">/Singer/Patti Austin</field><field name="Musician_Type">Singer</field></doc><doc><field name="name">Buck Owens</field><field name="id">http://www.semanticweb.org/tedsullivan/ontologies/2015/5/music-10#Buck_Owens</field><field name="path">/Singer/Buck Owens</field><field name="Musician_Type">Singer</field></doc><doc><field name="name">Kristin Chenoweth</field><field name="id">http://www.semanticweb.org/tedsullivan/ontologies/2015/5/music-10#Kristin_Chenoweth</field><field name="path">/Singer/Kristin Chenoweth</field><field name="Musician_Type">Singer</field></doc><doc><field name="name">Patti LaBelle</field><field name="id">http://www.semanticweb.org/tedsullivan/ontologies/2015/5/music-10#Patti_LaBelle</field><field name="path">/Singer/Patti LaBelle</field><field name="Musician_Type">Singer</field></doc><doc><field name="name">Helen Kane</field><field name="id">http://www.semanticweb.org/tedsullivan/ontologies/2015/5/music-10#Helen_Kane</field><field name="related_entity1_ss">Harry Ruby</field><field name="related_entity1_ss">Bert Kalmar</field><field name="related_entity2_ss">Carmen McRae</field><field name="related_entity2_ss">Herbert Stothart</field><field name="related_entity2_ss.Length">16</field><field name="path">/Singer/Helen Kane</field><field name="Musician_Type">Singer</field><field name="related_entity2_ss.MaximumLength"></field></doc><doc><field name="name">Paul Rodgers</field><field name="id">http://www.semanticweb.org/tedsullivan/ontologies/2015/5/music-10#Paul_Rodgers</field><field name="related_entity1_ss">Andy Fraser</field><field name="related_entity2_ss">Free</field><field name="memberOfGroup.Count">4</field><field name="memberOfGroup_ss.Length">4</field><field name="related_entity2_ss.Length">4</field><field name="path">/Singer/Paul Rodgers</field><field name="Musician_Type">Singer</field><field name="memberOfGroup_ss">Bad Company</field><field name="memberOfGroup_ss">Free</field><field name="memberOfGroup_ss.MaximumLength"></field><field name="related_entity2_ss.MaximumLength"></field></doc><doc><field name="name">David Ruffin</field><field name="id">http://www.semanticweb.org/tedsullivan/ontologies/2015/5/music-10#David_Ruffin</field><field name="related_entity1_ss">Eddie Kendricks</field><field name="related_entity1_ss">Dennis Edwards</field><field name="related_entity1_ss">Otis Williams</field><field name="related_entity1_ss">Paul Williams</field><field name="memberOfGroup_ss.Length">15</field><field name="path">/Singer/David Ruffin</field><field name="Musician_Type">Singer</field><field name="memberOfGroup_ss">The Temptations</field><field name="memberOfGroup_ss.MaximumLength"></field></doc><doc><field name="name">Al Jarreau</field><field name="id">http://www.semanticweb.org/tedsullivan/ontologies/2015/5/music-10#Al_Jarreau</field><field name="hasGenre.Count">6</field><field name="path">/Singer/Al Jarreau</field><field name="Musician_Type">Singer</field><field name="genres_ss">Jazz</field><field name="genres_ss">R&amp;B</field></doc><doc><field name="name">Melba Moore</field><field name="id">http://www.semanticweb.org/tedsullivan/ontologies/2015/5/music-10#Melba_Moore</field><field name="path">/Singer/Melba Moore</field><field name="Musician_Type">Singer</field></doc><doc><field name="name">Ida Cox</field><field name="id">http://www.semanticweb.org/tedsullivan/ontologies/2015/5/music-10#Ida_Cox</field><field name="path">/Singer/Ida Cox</field><field name="Musician_Type">Singer</field></doc><doc><field name="name">Eden Brent</field><field name="id">http://www.semanticweb.org/tedsullivan/ontologies/2015/5/music-10#Eden_Brent</field><field name="path">/Pianist/Eden Brent</field><field name="path">/Singer/Eden Brent</field><field name="Musician_Type">Instrumentalist</field><field name="Musician_Type">Pianist</field><field name="Musician_Type">Singer</field><field name="genres_ss">Blues</field><field name="genres_ss">Boogie Woogie</field><field name="genres_ss">Rock</field></doc><doc><field name="name">Johnny Shines</field><field name="id">http://www.semanticweb.org/tedsullivan/ontologies/2015/5/music-10#Johnny_Shines</field><field name="path">/Guitarist/Johnny Shines</field><field name="path">/Singer/Johnny Shines</field><field name="Musician_Type">Instrumentalist</field><field name="Musician_Type">Guitarist</field><field name="Musician_Type">Singer</field></doc><doc><field name="name">Richard Lewis</field><field name="id">http://www.semanticweb.org/tedsullivan/ontologies/2015/5/music-10#Richard_Lewis</field><field name="related_entity1_ss">Raymond Edwards</field><field name="related_entity1_ss">Earl T. Beal</field><field name="related_entity1_ss">Bill Horton</field><field name="related_entity2_ss">John 'Bootsie' Wilson</field><field name="related_entity2_ss">Cornelius Brown</field><field name="memberOfGroup_ss.Length">15</field><field name="related_entity2_ss.Length">15</field><field name="path">/Singer/Richard Lewis</field><field name="Musician_Type">Singer</field><field name="memberOfGroup_ss">The Silhouettes</field><field name="memberOfGroup_ss.MaximumLength"></field><field name="related_entity2_ss.MaximumLength"></field></doc><doc><field name="name">Elsie Baker</field><field name="id">http://www.semanticweb.org/tedsullivan/ontologies/2015/5/music-10#Elsie_Baker</field><field name="path">/Singer/Elsie Baker</field><field name="Musician_Type">Singer</field></doc><doc><field name="name">Elis Regina</field><field name="id">http://www.semanticweb.org/tedsullivan/ontologies/2015/5/music-10#Elis_Regina</field><field name="path">/Singer/Elis Regina</field><field name="Musician_Type">Singer</field></doc><doc><field name="name">Placido Domingo</field><field name="id">http://www.semanticweb.org/tedsullivan/ontologies/2015/5/music-10#Placido_Domingo</field><field name="related_entity1_ss">José Carreras</field><field name="related_entity1_ss">Luciano Pavarotti</field><field name="memberOfGroup_ss.Length">16</field><field name="path">/Singer/Placido Domingo</field><field name="path">/Tenor/Placido Domingo</field><field name="Musician_Type">Singer</field><field name="Musician_Type">Tenor</field><field name="memberOfGroup_ss">The Three Tenors</field><field name="memberOfGroup_ss.MaximumLength"></field></doc><doc><field name="name">Barry Manilow</field><field name="id">http://www.semanticweb.org/tedsullivan/ontologies/2015/5/music-10#Barry_Manilow</field><field name="related_entity1_ss">Bruce Sussman</field><field name="related_entity1_ss">Jack Feldman</field><field name="path">/Singer/Barry Manilow</field><field name="Musician_Type">Singer</field></doc><doc><field name="name">Bob Crosby</field><field name="id">http://www.semanticweb.org/tedsullivan/ontologies/2015/5/music-10#Bob_Crosby</field><field name="memberOfGroup_ss.Length">8</field><field name="path">/Band Leader/Bob Crosby</field><field name="path">/Singer/Bob Crosby</field><field name="Musician_Type">Conductor</field><field name="Musician_Type">Band Leader</field><field name="Musician_Type">Singer</field><field name="memberOfGroup_ss">Bob-Cats</field><field name="memberOfGroup_ss.MaximumLength"></field></doc><doc><field name="name">James Taylor</field><field name="id">http://www.semanticweb.org/tedsullivan/ontologies/2015/5/music-10#James_Taylor</field><field name="related_entity1_ss">Lou Adler</field><field name="related_entity1_ss">Carole King</field><field name="path">/Singer/James Taylor</field><field name="Musician_Type">Singer</field></doc><doc><field name="name">Pat Benetar</field><field name="id">http://www.semanticweb.org/tedsullivan/ontologies/2015/5/music-10#Pat_Benatar</field><field name="path">/Singer/Pat Benetar</field><field name="Musician_Type">Singer</field></doc><doc><field name="name">Lucille Bogan</field><field name="id">http://www.semanticweb.org/tedsullivan/ontologies/2015/5/music-10#Lucille_Bogan</field><field name="path">/Singer/Lucille Bogan</field><field name="Musician_Type">Singer</field></doc><doc><field name="name">Stacey Kent</field><field name="id">http://www.semanticweb.org/tedsullivan/ontologies/2015/5/music-10#Stacey_Kent</field><field name="path">/Singer/Stacey Kent</field><field name="Musician_Type">Singer</field><field name="genres_ss">Jazz</field></doc><doc><field name="name">Elvin Bishop</field><field name="id">http://www.semanticweb.org/tedsullivan/ontologies/2015/5/music-10#Elvin_Bishop</field><field name="path">/Guitarist/Elvin Bishop</field><field name="path">/Singer/Elvin Bishop</field><field name="Musician_Type">Instrumentalist</field><field name="Musician_Type">Guitarist</field><field name="Musician_Type">Singer</field></doc><doc><field name="name">Billy Idol</field><field name="id">http://www.semanticweb.org/tedsullivan/ontologies/2015/5/music-10#Billy_Idol</field><field name="related_entity1_ss">Danger Mouse</field><field name="related_entity1_ss">Gianfranco Reverberi</field><field name="related_entity1_ss">Gian Piero Reverberi</field><field name="related_entity1_ss">Thomas Calloway</field><field name="related_entity1_ss">Gnarls Barkley</field><field name="hasGenre.Count">10</field><field name="path">/Singer/Billy Idol</field><field name="Musician_Type">Singer</field><field name="genres_ss">Rock</field><field name="genres_ss">Glam Rock</field><field name="genres_ss">Hard Rock</field><field name="genres_ss">New Wave</field><field name="genres_ss">Post-punk</field><field name="genres_ss">Punk Rock</field></doc><doc><field name="name">Roscoe Holcomb</field><field name="id">http://www.semanticweb.org/tedsullivan/ontologies/2015/5/music-10#Roscoe_Holcomb</field><field name="path">/Banjo Player/Roscoe Holcomb</field><field name="path">/Guitarist/Roscoe Holcomb</field><field name="path">/Singer/Roscoe Holcomb</field><field name="Musician_Type">Instrumentalist</field><field name="Musician_Type">Banjo Player</field><field name="Musician_Type">Guitarist</field><field name="Musician_Type">Singer</field></doc><doc><field name="name">Roxanne Beck</field><field name="id">http://www.semanticweb.org/tedsullivan/ontologies/2015/5/music-10#Roxanne_Beck</field><field name="hasGenre.Count">4</field><field name="path">/Singer/Roxanne Beck</field><field name="Musician_Type">Singer</field><field name="genres_ss">Blues</field><field name="genres_ss">Jazz</field></doc><doc><field name="name">Vince Gill</field><field name="id">http://www.semanticweb.org/tedsullivan/ontologies/2015/5/music-10#Vince_Gill</field><field name="path">/Singer/Vince Gill</field><field name="Musician_Type">Singer</field></doc><doc><field name="name">Little Eva</field><field name="id">http://www.semanticweb.org/tedsullivan/ontologies/2015/5/music-10#Little_Eva</field><field name="path">/Singer/Little Eva</field><field name="Musician_Type">Singer</field></doc><doc><field name="name">Al Green</field><field name="id">http://www.semanticweb.org/tedsullivan/ontologies/2015/5/music-10#Al_Green</field><field name="related_entity1_ss">Mabon ,",Teenie,", Hodges</field><field name="related_entity2_ss">Al Jackson Jr.</field><field name="related_entity2_ss">Annie Lennox</field><field name="related_entity2_ss">Willie Mitchell</field><field name="hasGenre.Count">6</field><field name="related_entity2_ss.Length">15</field><field name="path">/Singer/Al Green</field><field name="Musician_Type">Singer</field><field name="genres_ss">Blues</field><field name="genres_ss">Gospel</field><field name="related_entity2_ss.MaximumLength"></field></doc></add>
