<add><doc><field name="name">Davis Cunningham</field><field name="id">http://www.semanticweb.org/tedsullivan/ontologies/2015/5/music-10#Davis_Cunningham</field><field name="path">/Tenor/Davis Cunningham</field><field name="Musician_Type">Singer</field><field name="Musician_Type">Tenor</field></doc><doc><field name="name">Lauritz Melchior</field><field name="id">http://www.semanticweb.org/tedsullivan/ontologies/2015/5/music-10#Lauritz_Melchior</field><field name="path">/Tenor/Lauritz Melchior</field><field name="Musician_Type">Singer</field><field name="Musician_Type">Tenor</field></doc><doc><field name="name">Franco Corelli</field><field name="id">http://www.semanticweb.org/tedsullivan/ontologies/2015/5/music-10#Franco_Corelli</field><field name="path">/Tenor/Franco Corelli</field><field name="Musician_Type">Singer</field><field name="Musician_Type">Tenor</field></doc><doc><field name="name">Ronan Tynan</field><field name="id">http://www.semanticweb.org/tedsullivan/ontologies/2015/5/music-10#Ronan_Tynan</field><field name="path">/Tenor/Ronan Tynan</field><field name="Musician_Type">Singer</field><field name="Musician_Type">Tenor</field></doc><doc><field name="name">Jerry Hadley</field><field name="id">http://www.semanticweb.org/tedsullivan/ontologies/2015/5/music-10#Jerry_Hadley</field><field name="path">/Tenor/Jerry Hadley</field><field name="Musician_Type">Singer</field><field name="Musician_Type">Tenor</field></doc><doc><field name="name">James McCracken</field><field name="id">http://www.semanticweb.org/tedsullivan/ontologies/2015/5/music-10#James_McCracken</field><field name="path">/Tenor/James McCracken</field><field name="Musician_Type">Singer</field><field name="Musician_Type">Tenor</field></doc><doc><field name="name">Jon Vickers</field><field name="id">http://www.semanticweb.org/tedsullivan/ontologies/2015/5/music-10#Jon_Vickers</field><field name="path">/Tenor/Jon Vickers</field><field name="Musician_Type">Singer</field><field name="Musician_Type">Tenor</field></doc><doc><field name="name">Beniamino Gigli</field><field name="id">http://www.semanticweb.org/tedsullivan/ontologies/2015/5/music-10#Beniamino_Gigli</field><field name="path">/Tenor/Beniamino Gigli</field><field name="Musician_Type">Singer</field><field name="Musician_Type">Tenor</field></doc><doc><field name="name">John McDermott</field><field name="id">http://www.semanticweb.org/tedsullivan/ontologies/2015/5/music-10#John_McDermott</field><field name="path">/Tenor/John McDermott</field><field name="Musician_Type">Singer</field><field name="Musician_Type">Tenor</field></doc><doc><field name="name">Andrea Bocelli</field><field name="id">http://www.semanticweb.org/tedsullivan/ontologies/2015/5/music-10#Andrea_Bocelli</field><field name="path">/Tenor/Andrea Bocelli</field><field name="Musician_Type">Singer</field><field name="Musician_Type">Tenor</field></doc><doc><field name="name">Ian Bostridge</field><field name="id">http://www.semanticweb.org/tedsullivan/ontologies/2015/5/music-10#Ian_Bostridge</field><field name="path">/Tenor/Ian Bostridge</field><field name="Musician_Type">Singer</field><field name="Musician_Type">Tenor</field></doc><doc><field name="name">Philip Langridge</field><field name="id">http://www.semanticweb.org/tedsullivan/ontologies/2015/5/music-10#Philip_Langridge</field><field name="path">/Tenor/Philip Langridge</field><field name="Musician_Type">Singer</field><field name="Musician_Type">Tenor</field></doc><doc><field name="name">Carlo Bergonzi</field><field name="id">http://www.semanticweb.org/tedsullivan/ontologies/2015/5/music-10#Carlo_Bergonzi</field><field name="path">/Tenor/Carlo Bergonzi</field><field name="Musician_Type">Singer</field><field name="Musician_Type">Tenor</field></doc><doc><field name="name">Franco Bonisolli</field><field name="id">http://www.semanticweb.org/tedsullivan/ontologies/2015/5/music-10#Franco_Bonisolli</field><field name="path">/Tenor/Franco Bonisolli</field><field name="Musician_Type">Singer</field><field name="Musician_Type">Tenor</field></doc><doc><field name="name">Karl Scully</field><field name="id">http://www.semanticweb.org/tedsullivan/ontologies/2015/5/music-10#Karl_Scully</field><field name="path">/Tenor/Karl Scully</field><field name="Musician_Type">Singer</field><field name="Musician_Type">Tenor</field></doc><doc><field name="name">Enrico Facini</field><field name="id">http://www.semanticweb.org/tedsullivan/ontologies/2015/5/music-10#Enrico_Facini</field><field name="path">/Musician/Singer/Tenor/Enrico Facini</field><field name="Musician_Type">Singer</field><field name="Musician_Type">Tenor</field></doc><doc><field name="name">Sergio Franchi</field><field name="id">http://www.semanticweb.org/tedsullivan/ontologies/2015/5/music-10#Sergio_Franchi</field><field name="path">/Musician/Singer/Tenor/Sergio Franchi</field><field name="Musician_Type">Singer</field><field name="Musician_Type">Tenor</field></doc><doc><field name="name">David Whitfield</field><field name="id">http://www.semanticweb.org/tedsullivan/ontologies/2015/5/music-10#David_Whitfield</field><field name="path">/Musician/Singer/Tenor/David Whitfield</field><field name="Musician_Type">Singer</field><field name="Musician_Type">Tenor</field></doc><doc><field name="name">Enrico Caruso</field><field name="id">http://www.semanticweb.org/tedsullivan/ontologies/2015/5/music-10#Enrico_Caruso</field><field name="path">/Musician/Singer/Tenor/Enrico Caruso</field><field name="Musician_Type">Singer</field><field name="Musician_Type">Tenor</field></doc><doc><field name="name">Anthony Kearns</field><field name="id">http://www.semanticweb.org/tedsullivan/ontologies/2015/5/music-10#Anthony_Kearns</field><field name="path">/Musician/Singer/Tenor/Anthony Kearns</field><field name="Musician_Type">Singer</field><field name="Musician_Type">Tenor</field></doc><doc><field name="name">Daniil Shtoda</field><field name="id">http://www.semanticweb.org/tedsullivan/ontologies/2015/5/music-10#Daniil_Shtoda</field><field name="path">/Musician/Singer/Tenor/Daniil Shtoda</field><field name="Musician_Type">Singer</field><field name="Musician_Type">Tenor</field></doc><doc><field name="name">Juan Diego Florez</field><field name="id">http://www.semanticweb.org/tedsullivan/ontologies/2015/5/music-10#Juan_Diego_Flórez</field><field name="path">/Musician/Singer/Tenor/Juan Diego Florez</field><field name="Musician_Type">Singer</field><field name="Musician_Type">Tenor</field></doc><doc><field name="name">Nicolai Gedda</field><field name="id">http://www.semanticweb.org/tedsullivan/ontologies/2015/5/music-10#Nicolai_Gedda</field><field name="path">/Musician/Singer/Tenor/Nicolai Gedda</field><field name="Musician_Type">Singer</field><field name="Musician_Type">Tenor</field></doc><doc><field name="name">Jonas Kaufmann</field><field name="id">http://www.semanticweb.org/tedsullivan/ontologies/2015/5/music-10#Jonas_Kaufmann</field><field name="path">/Musician/Singer/Tenor/Jonas Kaufmann</field><field name="Musician_Type">Singer</field><field name="Musician_Type">Tenor</field></doc><doc><field name="name">Luciano Pavarotti</field><field name="id">http://www.semanticweb.org/tedsullivan/ontologies/2015/5/music-10#Luciano_Pavarotti</field><field name="related_entity1_ss">José Carreras</field><field name="related_entity1_ss">Placido Domingo</field><field name="memberOfGroup_ss.Length">16</field><field name="path">/Musician/Singer/Luciano Pavarotti</field><field name="path">/Musician/Singer/Tenor/Luciano Pavarotti</field><field name="Musician_Type">Singer</field><field name="Musician_Type">Tenor</field><field name="memberOfGroup_ss">The Three Tenors</field><field name="memberOfGroup_ss.MaximumLength"></field></doc><doc><field name="name">Jo Stafford</field><field name="id">http://www.semanticweb.org/tedsullivan/ontologies/2015/5/music-10#Jo_Stafford</field><field name="path">/Musician/Singer/Jo Stafford</field><field name="Musician_Type">Singer</field></doc><doc><field name="name">Hank Snow</field><field name="id">http://www.semanticweb.org/tedsullivan/ontologies/2015/5/music-10#Hank_Snow</field><field name="path">/Musician/Singer/Hank Snow</field><field name="Musician_Type">Singer</field></doc><doc><field name="name">Maureen McGovern</field><field name="id">http://www.semanticweb.org/tedsullivan/ontologies/2015/5/music-10#Maureen_McGovern</field><field name="path">/Instrumentalist/Guitarist/Maureen McGovern</field><field name="path">/Musician/Singer/Maureen McGovern</field><field name="Musician_Type">Instrumentalist</field><field name="Musician_Type">Guitarist</field><field name="Musician_Type">Singer</field></doc><doc><field name="name">Big Maybelle</field><field name="id">http://www.semanticweb.org/tedsullivan/ontologies/2015/5/music-10#Big_Maybelle</field><field name="path">/Musician/Singer/Big Maybelle</field><field name="Musician_Type">Singer</field><field name="genres_ss">R&amp;B</field></doc><doc><field name="name">Wilbert Harrison</field><field name="id">http://www.semanticweb.org/tedsullivan/ontologies/2015/5/music-10#Wilbert_Harrison</field><field name="path">/Musician/Instrumentalist/Guitarist/Wilbert Harrison</field><field name="path">/Harmonica Player/Wilbert Harrison</field><field name="path">/Pianist/Wilbert Harrison</field><field name="path">/Musician/Singer/Wilbert Harrison</field><field name="Musician_Type">Instrumentalist</field><field name="Musician_Type">Guitarist</field><field name="Musician_Type">Harmonica Player</field><field name="Musician_Type">Pianist</field><field name="Musician_Type">Singer</field></doc><doc><field name="name">Mickey McGil</field><field name="id">http://www.semanticweb.org/tedsullivan/ontologies/2015/5/music-10#Mickey_McGil</field><field name="related_entity1_ss">Marvin Junior</field><field name="related_entity1_ss">John Funches</field><field name="related_entity1_ss">Johnny Carter</field><field name="related_entity1_ss">Lucius McGill</field><field name="related_entity1_ss">Verne Allison</field><field name="related_entity1_ss">Chuck Barksdale</field><field name="memberOfGroup_ss.Length">9</field><field name="path">/Musician/Singer/Mickey McGil</field><field name="Musician_Type">Singer</field><field name="memberOfGroup_ss">The Dells</field><field name="memberOfGroup_ss.MaximumLength"></field></doc><doc><field name="name">Madonna</field><field name="id">http://www.semanticweb.org/tedsullivan/ontologies/2015/5/music-10#Madonna</field><field name="related_entity1_ss">Patrick Leonard</field><field name="path">/Musician/Singer/Madonna</field><field name="Musician_Type">Singer</field></doc><doc><field name="name">Lloyd Price</field><field name="id">http://www.semanticweb.org/tedsullivan/ontologies/2015/5/music-10#Lloyd_Price</field><field name="path">/Musician/Singer/Lloyd Price</field><field name="Musician_Type">Singer</field></doc><doc><field name="name">Billie Holiday</field><field name="id">http://www.semanticweb.org/tedsullivan/ontologies/2015/5/music-10#Billie_Holiday</field><field name="related_entity1_ss">Arthur Herzog, Jr.</field><field name="hasGenre.Count">4</field><field name="path">/Musician/Singer/Billie Holiday</field><field name="Musician_Type">Singer</field><field name="genres_ss">Blues</field><field name="genres_ss">Jazz</field></doc><doc><field name="name">Vikki Carr</field><field name="id">http://www.semanticweb.org/tedsullivan/ontologies/2015/5/music-10#Vikki_Carr</field><field name="path">/Musician/Singer/Vikki Carr</field><field name="Musician_Type">Singer</field></doc><doc><field name="name">Betty Everett</field><field name="id">http://www.semanticweb.org/tedsullivan/ontologies/2015/5/music-10#Betty_Everett</field><field name="path">/Pianist/Betty Everett</field><field name="path">/Musician/Singer/Betty Everett</field><field name="Musician_Type">Instrumentalist</field><field name="Musician_Type">Pianist</field><field name="Musician_Type">Singer</field></doc><doc><field name="name">Jack Haley</field><field name="id">http://www.semanticweb.org/tedsullivan/ontologies/2015/5/music-10#Jack_Haley</field><field name="path">/Musician/Singer/Jack Haley</field><field name="Musician_Type">Singer</field></doc><doc><field name="name">George Thorogood</field><field name="id">http://www.semanticweb.org/tedsullivan/ontologies/2015/5/music-10#George_Thorogood</field><field name="path">/Musician/Instrumentalist/Guitarist/George Thorogood</field><field name="path">/Musician/Singer/George Thorogood</field><field name="Musician_Type">Instrumentalist</field><field name="Musician_Type">Guitarist</field><field name="Musician_Type">Singer</field></doc><doc><field name="name">Andy Gibb</field><field name="id">http://www.semanticweb.org/tedsullivan/ontologies/2015/5/music-10#Andy_Gibb</field><field name="path">/Musician/Singer/Andy Gibb</field><field name="Musician_Type">Singer</field></doc><doc><field name="name">Wayne Newton</field><field name="id">http://www.semanticweb.org/tedsullivan/ontologies/2015/5/music-10#Wayne_Newton</field><field name="path">/Musician/Singer/Wayne Newton</field><field name="Musician_Type">Singer</field></doc><doc><field name="name">Josephine Baker</field><field name="id">http://www.semanticweb.org/tedsullivan/ontologies/2015/5/music-10#Josephine_Baker</field><field name="path">/Musician/Singer/Josephine Baker</field><field name="Musician_Type">Singer</field><field name="genres_ss">Jazz</field></doc><doc><field name="name">Dave Dudley</field><field name="id">http://www.semanticweb.org/tedsullivan/ontologies/2015/5/music-10#Dave_Dudley</field><field name="path">/Musician/Singer/Dave Dudley</field><field name="Musician_Type">Singer</field></doc><doc><field name="name">Lenny Williams</field><field name="id">http://www.semanticweb.org/tedsullivan/ontologies/2015/5/music-10#Lenny_Williams</field><field name="memberOfGroup_ss.Length">14</field><field name="path">/Musician/Singer/Lenny Williams</field><field name="Musician_Type">Singer</field><field name="memberOfGroup_ss">Tower Of Power</field><field name="memberOfGroup_ss.MaximumLength"></field></doc><doc><field name="name">Sandi Patty</field><field name="id">http://www.semanticweb.org/tedsullivan/ontologies/2015/5/music-10#Sandi_Patty</field><field name="path">/Musician/Singer/Sandi Patty</field><field name="Musician_Type">Singer</field></doc><doc><field name="name">Toni Tennille</field><field name="id">http://www.semanticweb.org/tedsullivan/ontologies/2015/5/music-10#Toni_Tennille</field><field name="related_entity1_ss">Daryl Dragon</field><field name="memberOfGroup_ss.Length">22</field><field name="path">/Musician/Singer/Toni Tennille</field><field name="Musician_Type">Singer</field><field name="genres_ss">Rock</field><field name="genres_ss">Soft Rock</field><field name="memberOfGroup_ss">The Captain &amp; Tennille</field><field name="memberOfGroup_ss.MaximumLength"></field></doc><doc><field name="name">Lynda Lawrence</field><field name="id">http://www.semanticweb.org/tedsullivan/ontologies/2015/5/music-10#Lynda_Lawrence</field><field name="related_entity1_ss">Mary Wilson</field><field name="related_entity1_ss">Cindy Birdsong</field><field name="related_entity1_ss">Susaye Greene</field><field name="related_entity1_ss">Sheri Payne</field><field name="related_entity1_ss">Barbara Martin</field><field name="related_entity1_ss">Jean Terrell</field><field name="related_entity1_ss">Florence Ballard</field><field name="related_entity1_ss">Diana Ross</field><field name="related_entity1_ss">Betty McGlown</field><field name="memberOfGroup_ss.Length">12</field><field name="path">/Musician/Singer/Lynda Lawrence</field><field name="Musician_Type">Singer</field><field name="memberOfGroup_ss">The Supremes</field><field name="memberOfGroup_ss.MaximumLength"></field></doc><doc><field name="name">Shaun Cassidy</field><field name="id">http://www.semanticweb.org/tedsullivan/ontologies/2015/5/music-10#Shaun_Cassidy</field><field name="path">/Musician/Singer/Shaun Cassidy</field><field name="Musician_Type">Singer</field></doc><doc><field name="name">Eric Clapton</field><field name="id">http://www.semanticweb.org/tedsullivan/ontologies/2015/5/music-10#Eric_Clapton</field><field name="related_entity1_ss">Bob Dylan</field><field name="related_entity1_ss">Tom Petty</field><field name="related_entity1_ss">Roy Orbison</field><field name="related_entity1_ss">George Harrison</field><field name="related_entity1_ss">Jeff Lynne</field><field name="memberOfGroup.Count">14</field><field name="hasGenre.Count">4</field><field name="memberOfGroup_ss.Length">9</field><field name="related_entity2_ss.Length">10</field><field name="path">/Musician/Instrumentalist/Guitarist/Eric Clapton</field><field name="path">/Musician/Singer/Eric Clapton</field><field name="memberOfGroup_ss.MaximumLength"></field><field name="related_entity2_ss">Harvey Mandel</field><field name="related_entity2_ss">Tony Reeves</field><field name="related_entity2_ss">Simon Climie</field><field name="related_entity2_ss">Howlin' Wolf</field><field name="related_entity2_ss">George Terry</field><field name="related_entity2_ss">Paul Samwell-Smith</field><field name="related_entity2_ss">Charlie Watts</field><field name="related_entity2_ss">Simon Bateman</field><field name="related_entity2_ss">John McVie</field><field name="related_entity2_ss">Felix Pappalardi</field><field name="related_entity2_ss">Yoko Ono</field><field name="related_entity2_ss">Mick Taylor</field><field name="related_entity2_ss">Buddy Whittington</field><field name="related_entity2_ss">Steve Winwood</field><field name="related_entity2_ss">Peter Green</field><field name="related_entity2_ss">Derek and the Dominoes</field><field name="related_entity2_ss">Jack Bruce</field><field name="related_entity2_ss">Mick Fleetwood</field><field name="related_entity2_ss">James Quill Smith</field><field name="related_entity2_ss">Abu Talib</field><field name="related_entity2_ss">Kevin McCormick</field><field name="related_entity2_ss">Roger Dean</field><field name="related_entity2_ss">Marcy Levy</field><field name="related_entity2_ss">Hughie Flint</field><field name="related_entity2_ss">Gail Collins</field><field name="related_entity2_ss">John Paulus</field><field name="related_entity2_ss">Hank Van Sickle</field><field name="related_entity2_ss">Don ,",Sugarcane,", Harris</field><field name="related_entity2_ss">Coco Montoya</field><field name="related_entity2_ss">Randy Resnick</field><field name="related_entity2_ss">Ross Appleman</field><field name="related_entity2_ss">Sean Lennon</field><field name="related_entity2_ss">Ginger Baker</field><field name="related_entity2_ss">Will Jennings</field><field name="related_entity2_ss">Hell Hound On My Trail</field><field name="related_entity2_ss">Victor Gaskin</field><field name="related_entity2_ss">Rick Cortes</field><field name="related_entity2_ss">Bill Wyman</field><field name="related_entity2_ss">Jimmy Page</field><field name="related_entity2_ss">Ric Grech</field><field name="related_entity2_ss">Jim Gordon</field><field name="related_entity2_ss">Kal David</field><field name="related_entity2_ss">Malcolm Poole</field><field name="related_entity2_ss">John Mayall</field><field name="related_entity2_ss">John Lennon</field><field name="related_entity2_ss">Andy Fraser</field><field name="related_entity2_ss">Larry Taylor</field><field name="related_entity2_ss">John Weider</field><field name="related_entity2_ss">Martin Sharp</field><field name="related_entity2_ss">Bernie Watson</field><field name="related_entity2_ss">Geoff Krivet</field><field name="related_entity2_ss">Tom Dowd</field><field name="related_entity2_ss">Walter Trout</field><field name="related_entity2_ss">Pete Brown</field><field name="Musician_Type">Instrumentalist</field><field name="Musician_Type">Guitarist</field><field name="Musician_Type">Singer</field><field name="genres_ss">Blues</field><field name="genres_ss">Rock</field><field name="genres_ss">Rock &amp; Roll</field><field name="memberOfGroup_ss">Blind Faith</field><field name="memberOfGroup_ss">Cream</field><field name="memberOfGroup_ss">Derek and the Dominoes</field><field name="memberOfGroup_ss">John Mayall's Bluesbreakers</field><field name="memberOfGroup_ss">Plastic Ono Band</field><field name="memberOfGroup_ss">Traveling Wilburys</field><field name="memberOfGroup_ss">Yardbirds</field><field name="related_entity2_ss.MaximumLength"></field></doc><doc><field name="name">Bette Midler</field><field name="id">http://www.semanticweb.org/tedsullivan/ontologies/2015/5/music-10#Bette_Midler</field><field name="path">/Musician/Singer/Bette Midler</field><field name="Musician_Type">Singer</field></doc><doc><field name="name">Nancy Sinatra</field><field name="id">http://www.semanticweb.org/tedsullivan/ontologies/2015/5/music-10#Nancy_Sinatra</field><field name="path">/Musician/Singer/Nancy Sinatra</field><field name="Musician_Type">Singer</field></doc><doc><field name="name">Bonnie Raitt</field><field name="id">http://www.semanticweb.org/tedsullivan/ontologies/2015/5/music-10#Bonnie_Raitt</field><field name="related_entity1_ss">Del Shannon</field><field name="related_entity2_ss">Max Crook</field><field name="related_entity2_ss.Length">9</field><field name="path">/Musician/Singer/Bonnie Raitt</field><field name="Musician_Type">Singer</field><field name="related_entity2_ss.MaximumLength"></field></doc><doc><field name="name">Vic Damone</field><field name="id">http://www.semanticweb.org/tedsullivan/ontologies/2015/5/music-10#Vic_Damone</field><field name="path">/Musician/Singer/Vic Damone</field><field name="Musician_Type">Singer</field><field name="genres_ss">Popular</field></doc><doc><field name="name">Barbara Streisand</field><field name="id">http://www.semanticweb.org/tedsullivan/ontologies/2015/5/music-10#Barbra_Streisand</field><field name="path">/Musician/Singer/Barbara Streisand</field><field name="Musician_Type">Singer</field><field name="genres_ss">Popular</field></doc><doc><field name="name">Little Milton</field><field name="id">http://www.semanticweb.org/tedsullivan/ontologies/2015/5/music-10#Little_Milton</field><field name="path">/Musician/Instrumentalist/Guitarist/Little Milton</field><field name="path">/Musician/Singer/Little Milton</field><field name="Musician_Type">Instrumentalist</field><field name="Musician_Type">Guitarist</field><field name="Musician_Type">Singer</field></doc><doc><field name="name">Toby Keith</field><field name="id">http://www.semanticweb.org/tedsullivan/ontologies/2015/5/music-10#Toby_Keith</field><field name="related_entity1_ss">Bobby Pinson</field><field name="path">/Musician/Singer/Toby Keith</field><field name="Musician_Type">Singer</field></doc><doc><field name="name">Jonny Fair</field><field name="id">http://www.semanticweb.org/tedsullivan/ontologies/2015/5/music-10#Jonny_Fair</field><field name="hasGenre.Count">4</field><field name="path">/Musician/Singer/Jonny Fair</field><field name="Musician_Type">Singer</field><field name="genres_ss">Folk</field><field name="genres_ss">Jazz</field></doc><doc><field name="name">Mary Wells</field><field name="id">http://www.semanticweb.org/tedsullivan/ontologies/2015/5/music-10#Mary_Wells</field><field name="path">/Musician/Singer/Mary Wells</field><field name="Musician_Type">Singer</field><field name="genres_ss">R&amp;B</field><field name="genres_ss">Motown</field></doc><doc><field name="name">Frances Langford</field><field name="id">http://www.semanticweb.org/tedsullivan/ontologies/2015/5/music-10#Frances_Langford</field><field name="path">/Musician/Singer/Frances Langford</field><field name="Musician_Type">Singer</field></doc><doc><field name="name">Erma Franklin</field><field name="id">http://www.semanticweb.org/tedsullivan/ontologies/2015/5/music-10#Erma_Franklin</field><field name="related_entity1_ss">Piece Of My Heart</field><field name="path">/Musician/Singer/Erma Franklin</field><field name="Musician_Type">Singer</field></doc><doc><field name="name">O. C. Smith</field><field name="id">http://www.semanticweb.org/tedsullivan/ontologies/2015/5/music-10#O_C_Smith</field><field name="related_entity1_ss">Kris Kristofferson</field><field name="related_entity2_ss">Sammi Smith</field><field name="related_entity2_ss.Length">11</field><field name="path">/Musician/Singer/O. C. Smith</field><field name="Musician_Type">Singer</field><field name="related_entity2_ss.MaximumLength"></field></doc><doc><field name="name">Sheri Payne</field><field name="id">http://www.semanticweb.org/tedsullivan/ontologies/2015/5/music-10#Sheri_Payne</field><field name="related_entity1_ss">Mary Wilson</field><field name="related_entity1_ss">Lynda Lawrence</field><field name="related_entity1_ss">Cindy Birdsong</field><field name="related_entity1_ss">Susaye Greene</field><field name="related_entity1_ss">Barbara Martin</field><field name="related_entity1_ss">Jean Terrell</field><field name="related_entity1_ss">Florence Ballard</field><field name="related_entity1_ss">Diana Ross</field><field name="related_entity1_ss">Betty McGlown</field><field name="memberOfGroup_ss.Length">12</field><field name="path">/Musician/Singer/Sheri Payne</field><field name="Musician_Type">Singer</field><field name="memberOfGroup_ss">The Supremes</field><field name="memberOfGroup_ss.MaximumLength"></field></doc><doc><field name="name">CeCe Winans</field><field name="id">http://www.semanticweb.org/tedsullivan/ontologies/2015/5/music-10#CeCe_Winans</field><field name="path">/Musician/Singer/CeCe Winans</field><field name="Musician_Type">Singer</field></doc><doc><field name="name">Sammy Davis Jr.</field><field name="id">http://www.semanticweb.org/tedsullivan/ontologies/2015/5/music-10#Sammy_Davis_Jr</field><field name="related_entity1_ss">Anthony Newley</field><field name="related_entity1_ss">Leslie Bricusse</field><field name="path">/Musician/Singer/Sammy Davis Jr.</field><field name="Musician_Type">Singer</field></doc><doc><field name="name">Norah Jones</field><field name="id">http://www.semanticweb.org/tedsullivan/ontologies/2015/5/music-10#Norah_Jones</field><field name="path">/Musician/Singer/Norah Jones</field><field name="Musician_Type">Singer</field></doc><doc><field name="name">Astrud Gilberto</field><field name="id">http://www.semanticweb.org/tedsullivan/ontologies/2015/5/music-10#Astrud_Gilberto</field><field name="path">/Musician/Singer/Astrud Gilberto</field><field name="Musician_Type">Singer</field></doc><doc><field name="name">Crystal Gayle</field><field name="id">http://www.semanticweb.org/tedsullivan/ontologies/2015/5/music-10#Crystal_Gayle</field><field name="path">/Musician/Singer/Crystal Gayle</field><field name="Musician_Type">Singer</field><field name="genres_ss">Country</field></doc><doc><field name="name">John Ford Coley</field><field name="id">http://www.semanticweb.org/tedsullivan/ontologies/2015/5/music-10#John_Ford_Coley</field><field name="related_entity1_ss">Dan Seals</field><field name="hasGenre.Count">4</field><field name="memberOfGroup_ss.Length">29</field><field name="path">/Musician/Instrumentalist/Guitarist/John Ford Coley</field><field name="path">/Pianist/John Ford Coley</field><field name="path">/Musician/Singer/John Ford Coley</field><field name="Musician_Type">Instrumentalist</field><field name="Musician_Type">Guitarist</field><field name="Musician_Type">Pianist</field><field name="Musician_Type">Singer</field><field name="genres_ss">Popular</field><field name="genres_ss">Pop Rock</field><field name="genres_ss">Rock</field><field name="genres_ss">Soft Rock</field><field name="memberOfGroup_ss">England Dan &amp; John Ford Coley</field><field name="memberOfGroup_ss.MaximumLength"></field></doc><doc><field name="name">Eartha Kitt</field><field name="id">http://www.semanticweb.org/tedsullivan/ontologies/2015/5/music-10#Eartha_Kitt</field><field name="path">/Musician/Singer/Eartha Kitt</field><field name="Musician_Type">Singer</field></doc><doc><field name="name">Martha Raye</field><field name="id">http://www.semanticweb.org/tedsullivan/ontologies/2015/5/music-10#Martha_Raye</field><field name="path">/Musician/Singer/Martha Raye</field><field name="Musician_Type">Singer</field></doc><doc><field name="name">Chuck Barksdale</field><field name="id">http://www.semanticweb.org/tedsullivan/ontologies/2015/5/music-10#Chuck_Barksdale</field><field name="related_entity1_ss">Mickey McGil</field><field name="related_entity1_ss">Marvin Junior</field><field name="related_entity1_ss">John Funches</field><field name="related_entity1_ss">Johnny Carter</field><field name="related_entity1_ss">Lucius McGill</field><field name="related_entity1_ss">Verne Allison</field><field name="memberOfGroup_ss.Length">9</field><field name="path">/Musician/Singer/Chuck Barksdale</field><field name="Musician_Type">Singer</field><field name="memberOfGroup_ss">The Dells</field><field name="memberOfGroup_ss.MaximumLength"></field></doc><doc><field name="name">Roseanne Cash</field><field name="id">http://www.semanticweb.org/tedsullivan/ontologies/2015/5/music-10#Roseanne_Cash</field><field name="path">/Musician/Singer/Roseanne Cash</field><field name="Musician_Type">Singer</field><field name="genres_ss">Country</field></doc><doc><field name="name">Tim Bogert</field><field name="id">http://www.semanticweb.org/tedsullivan/ontologies/2015/5/music-10#Tim_Bogert</field><field name="related_entity1_ss">Mark Stein</field><field name="memberOfGroup_ss.Length">13</field><field name="path">/Musician/Instrumentalist/Bassist/Tim Bogert</field><field name="path">/Musician/Singer/Tim Bogert</field><field name="Musician_Type">Instrumentalist</field><field name="Musician_Type">Bassist</field><field name="Musician_Type">Singer</field><field name="memberOfGroup_ss">Vanilla Fudge</field><field name="memberOfGroup_ss.MaximumLength"></field></doc><doc><field name="name">Tracy Nelson</field><field name="id">http://www.semanticweb.org/tedsullivan/ontologies/2015/5/music-10#Tracy_Nelson</field><field name="hasGenre.Count">4</field><field name="path">/Musician/Singer/Tracy Nelson</field><field name="Musician_Type">Singer</field><field name="genres_ss">Blues</field><field name="genres_ss">Country</field></doc><doc><field name="name">Frank Sinatra</field><field name="id">http://www.semanticweb.org/tedsullivan/ontologies/2015/5/music-10#Frank_Sinatra</field><field name="related_entity1_ss">Axel Stordahl and his Orchestra</field><field name="related_entity2_ss">Natalie Cole</field><field name="hasGenre.Count">4</field><field name="memberOfGroup_ss.Length">29</field><field name="related_entity2_ss.Length">12</field><field name="path">/Musician/Singer/Frank Sinatra</field><field name="Musician_Type">Singer</field><field name="genres_ss">Jazz</field><field name="genres_ss">Popular</field><field name="memberOfGroup_ss">Harry James and his Orchestra</field><field name="memberOfGroup_ss.MaximumLength"></field><field name="related_entity2_ss.MaximumLength"></field></doc><doc><field name="name">Freddy Fender</field><field name="id">http://www.semanticweb.org/tedsullivan/ontologies/2015/5/music-10#Freddy_Fender</field><field name="path">/Musician/Instrumentalist/Guitarist/Freddy Fender</field><field name="path">/Musician/Singer/Freddy Fender</field><field name="Musician_Type">Instrumentalist</field><field name="Musician_Type">Guitarist</field><field name="Musician_Type">Singer</field></doc><doc><field name="name">John Mooney</field><field name="id">http://www.semanticweb.org/tedsullivan/ontologies/2015/5/music-10#John_Mooney</field><field name="path">/Musician/Instrumentalist/Guitarist/John Mooney</field><field name="path">/Musician/Singer/John Mooney</field><field name="Musician_Type">Instrumentalist</field><field name="Musician_Type">Guitarist</field><field name="Musician_Type">Singer</field></doc><doc><field name="name">George Jones</field><field name="id">http://www.semanticweb.org/tedsullivan/ontologies/2015/5/music-10#George_Jones</field><field name="related_entity1_ss">Bobby Braddock</field><field name="related_entity1_ss">Curly Putnam</field><field name="path">/Musician/Singer/George Jones</field><field name="Musician_Type">Singer</field></doc><doc><field name="name">Peter Criss</field><field name="id">http://www.semanticweb.org/tedsullivan/ontologies/2015/5/music-10#Peter_Criss</field><field name="related_entity1_ss">Bruce Kulick</field><field name="related_entity1_ss">Eric Singer</field><field name="related_entity1_ss">Paul Stanley</field><field name="related_entity1_ss">Mark St. John</field><field name="related_entity1_ss">Gene Simmons</field><field name="related_entity1_ss">Tommy Thayer</field><field name="related_entity1_ss">Vinnie Vincent</field><field name="related_entity1_ss">Ace Frehley</field><field name="related_entity1_ss">Eric Carr</field><field name="memberOfGroup_ss.Length">4</field><field name="path">/Drummer/Peter Criss</field><field name="path">/Musician/Singer/Peter Criss</field><field name="Musician_Type">Instrumentalist</field><field name="Musician_Type">Drummer</field><field name="Musician_Type">Singer</field><field name="memberOfGroup_ss">Kiss</field><field name="memberOfGroup_ss.MaximumLength"></field></doc><doc><field name="name">Dave Van Ronk</field><field name="id">http://www.semanticweb.org/tedsullivan/ontologies/2015/5/music-10#Dave_Van_Ronk</field><field name="hasGenre.Count">8</field><field name="path">/Musician/Singer/Dave Van Ronk</field><field name="Musician_Type">Singer</field><field name="genres_ss">Blues</field><field name="genres_ss">Country</field><field name="genres_ss">Country Blues</field><field name="genres_ss">Folk</field><field name="genres_ss">Jazz</field><field name="genres_ss">Ragtime</field></doc><doc><field name="name">Claudia Lennear</field><field name="id">http://www.semanticweb.org/tedsullivan/ontologies/2015/5/music-10#Claudia_Lennear</field><field name="path">/Musician/Singer/Claudia Lennear</field><field name="Musician_Type">Singer</field></doc><doc><field name="name">Bass</field><field name="id">http://www.semanticweb.org/tedsullivan/ontologies/2015/5/music-10#Bass</field><field name="rdfs:subClassOf">http://www.semanticweb.org/tedsullivan/ontologies/2015/5/music-10#Singer</field><field name="path">/Musician/Singer/Bass</field><field name="Musician_Type">Singer</field></doc><doc><field name="name">Giorgio Tozzi</field><field name="id">http://www.semanticweb.org/tedsullivan/ontologies/2015/5/music-10#Giorgio_Tozzi</field><field name="path">/Bass/Giorgio Tozzi</field><field name="Musician_Type">Singer</field><field name="Musician_Type">Bass</field></doc><doc><field name="name">Nicola Zaccaria</field><field name="id">http://www.semanticweb.org/tedsullivan/ontologies/2015/5/music-10#Nicola_Zaccaria</field><field name="path">/Bass/Nicola Zaccaria</field><field name="Musician_Type">Singer</field><field name="Musician_Type">Bass</field></doc><doc><field name="name">Samuel Ramey</field><field name="id">http://www.semanticweb.org/tedsullivan/ontologies/2015/5/music-10#Samuel_Ramey</field><field name="path">/Bass/Samuel Ramey</field><field name="Musician_Type">Singer</field><field name="Musician_Type">Bass</field></doc><doc><field name="name">Bryn Terfel</field><field name="id">http://www.semanticweb.org/tedsullivan/ontologies/2015/5/music-10#Bryn_Terfel</field><field name="path">/Musician/Singer/Bass/Bryn Terfel</field><field name="path">/Musician/Singer/Bryn Terfel</field><field name="Musician_Type">Singer</field><field name="Musician_Type">Bass</field></doc><doc><field name="name">Nicolai Ghiaurov</field><field name="id">http://www.semanticweb.org/tedsullivan/ontologies/2015/5/music-10#Nicolaï_Ghiaurov</field><field name="path">/Musician/Singer/Bass/Nicolai Ghiaurov</field><field name="Musician_Type">Singer</field><field name="Musician_Type">Bass</field></doc><doc><field name="name">Baritone</field><field name="id">http://www.semanticweb.org/tedsullivan/ontologies/2015/5/music-10#Baritone</field><field name="rdfs:subClassOf">http://www.semanticweb.org/tedsullivan/ontologies/2015/5/music-10#Singer</field><field name="path">/Musician/Singer/Baritone</field><field name="Musician_Type">Singer</field></doc><doc><field name="name">Thomas Hampson</field><field name="id">http://www.semanticweb.org/tedsullivan/ontologies/2015/5/music-10#Thomas_Hampson</field><field name="path">/Baritone/Thomas Hampson</field><field name="Musician_Type">Singer</field><field name="Musician_Type">Baritone</field></doc><doc><field name="name">Dietrich Fischer Dieskau</field><field name="id">http://www.semanticweb.org/tedsullivan/ontologies/2015/5/music-10#Dietrich_Fischer-Dieskau</field><field name="path">/Musician/Singer/Baritone/Dietrich Fischer Dieskau</field><field name="path">/Musician/Singer/Dietrich Fischer Dieskau</field><field name="Musician_Type">Singer</field><field name="Musician_Type">Baritone</field></doc><doc><field name="name">Sherrill Milnes</field><field name="id">http://www.semanticweb.org/tedsullivan/ontologies/2015/5/music-10#Sherrill_Milnes</field><field name="path">/Musician/Singer/Baritone/Sherrill Milnes</field><field name="Musician_Type">Singer</field><field name="Musician_Type">Baritone</field></doc><doc><field name="name">Anthony Kiedis</field><field name="id">http://www.semanticweb.org/tedsullivan/ontologies/2015/5/music-10#Anthony_Kiedis</field><field name="related_entity1_ss">Flea</field><field name="related_entity1_ss">Chad Smith</field><field name="related_entity1_ss">Josh Klinghoffer</field><field name="hasGenre.Count">4</field><field name="memberOfGroup_ss.Length">21</field><field name="related_entity2_ss.Length">15</field><field name="path">/Musician/Instrumentalist/Guitarist/Anthony Kiedis</field><field name="path">/Rapper/Anthony Kiedis</field><field name="path">/Musician/Singer/Anthony Kiedis</field><field name="memberOfGroup_ss.MaximumLength"></field><field name="related_entity2_ss">John Frusciante</field><field name="Musician_Type">Instrumentalist</field><field name="Musician_Type">Guitarist</field><field name="Musician_Type">Singer</field><field name="Musician_Type">Rapper</field><field name="genres_ss">Rock</field><field name="genres_ss">Alternative Rock</field><field name="genres_ss">Funk Rock</field><field name="memberOfGroup_ss">Red Hot Chili Peppers</field><field name="related_entity2_ss.MaximumLength"></field></doc><doc><field name="name">Keely Smith</field><field name="id">http://www.semanticweb.org/tedsullivan/ontologies/2015/5/music-10#Keely_Smith</field><field name="path">/Musician/Singer/Keely Smith</field><field name="Musician_Type">Singer</field><field name="genres_ss">Jazz</field></doc><doc><field name="name">Freddy Cole</field><field name="id">http://www.semanticweb.org/tedsullivan/ontologies/2015/5/music-10#Freddy_Cole</field><field name="path">/Pianist/Freddy Cole</field><field name="path">/Musician/Singer/Freddy Cole</field><field name="Musician_Type">Instrumentalist</field><field name="Musician_Type">Pianist</field><field name="Musician_Type">Singer</field><field name="genres_ss">Jazz</field></doc><doc><field name="name">Anita O'Day</field><field name="id">http://www.semanticweb.org/tedsullivan/ontologies/2015/5/music-10#Anita_ODay</field><field name="related_entity1_ss">Gene Krupa</field><field name="path">/Musician/Singer/Anita O'Day</field><field name="Musician_Type">Singer</field></doc><doc><field name="name">Mezzo-Soprano</field><field name="id">http://www.semanticweb.org/tedsullivan/ontologies/2015/5/music-10#Mezzo-Soprano</field><field name="rdfs:subClassOf">http://www.semanticweb.org/tedsullivan/ontologies/2015/5/music-10#Singer</field><field name="path">/Musician/Singer/Mezzo-Soprano</field><field name="Musician_Type">Singer</field></doc><doc><field name="name">Florence Quivar</field><field name="id">http://www.semanticweb.org/tedsullivan/ontologies/2015/5/music-10#Florence_Quivar</field><field name="path">/Mezzo-Soprano/Florence Quivar</field><field name="Musician_Type">Singer</field><field name="Musician_Type">Mezzo-Soprano</field></doc><doc><field name="name">Marilyn Horne</field><field name="id">http://www.semanticweb.org/tedsullivan/ontologies/2015/5/music-10#Marilyn_Horne</field><field name="path">/Mezzo-Soprano/Marilyn Horne</field><field name="Musician_Type">Singer</field><field name="Musician_Type">Mezzo-Soprano</field></doc><doc><field name="name">Tatiana Troyanos</field><field name="id">http://www.semanticweb.org/tedsullivan/ontologies/2015/5/music-10#Tatiana_Troyanos</field><field name="path">/Mezzo-Soprano/Tatiana Troyanos</field><field name="Musician_Type">Singer</field><field name="Musician_Type">Mezzo-Soprano</field></doc><doc><field name="name">Ann Murray</field><field name="id">http://www.semanticweb.org/tedsullivan/ontologies/2015/5/music-10#Ann_Murray</field><field name="path">/Mezzo-Soprano/Ann Murray</field><field name="Musician_Type">Singer</field><field name="Musician_Type">Mezzo-Soprano</field></doc><doc><field name="name">Joyce DiDonato</field><field name="id">http://www.semanticweb.org/tedsullivan/ontologies/2015/5/music-10#Joyce_DiDonato</field><field name="path">/Mezzo-Soprano/Joyce DiDonato</field><field name="Musician_Type">Singer</field><field name="Musician_Type">Mezzo-Soprano</field></doc></add>
