<add><doc><field name="name">East Of The Sun (and West Of The Moon)</field><field name="id">http://www.semanticweb.org/tedsullivan/ontologies/2015/5/music-10#East_Of_The_Sun_West_Of_The_Moon</field><field name="composer_ss.Length">13</field><field name="Composition_Type.Length">4</field><field name="composer_ss.MaximumLength"></field><field name="verb_ss">composed</field><field name="verb_ss">written</field><field name="verb_ss">authored</field><field name="verb_ss">wrote</field><field name="path">/Song/East Of The Sun (and West Of The Moon)</field><field name="Composition_Type">Song</field><field name="verb_ss.Length">5</field><field name="verb_ss.MaximumLength"></field><field name="Composition_Type.MaximumLength"></field><field name="composer_ss">Brooks Bowman</field></doc><doc><field name="name">owl:NamedIndividual</field><field name="id">http://www.semanticweb.org/tedsullivan/ontologies/2015/5/music-10#Alfie</field><field name="path">/Song/owl:NamedIndividual</field><field name="Composition_Type">Song</field><field name="verb_ss.Length">5</field><field name="verb_ss.MaximumLength"></field><field name="Composition_Type.MaximumLength"></field><field name="Composition_Type.Length">4</field><field name="verb_ss">composed</field><field name="verb_ss">written</field><field name="verb_ss">authored</field><field name="verb_ss">wrote</field></doc><doc><field name="name">Insane Asylum</field><field name="id">http://www.semanticweb.org/tedsullivan/ontologies/2015/5/music-10#Insane_Asylum</field><field name="composer_ss.Length">12</field><field name="Composition_Type.Length">4</field><field name="composer_ss.MaximumLength"></field><field name="verb_ss">composed</field><field name="verb_ss">written</field><field name="verb_ss">authored</field><field name="verb_ss">wrote</field><field name="path">/Song/Insane Asylum</field><field name="Composition_Type">Song</field><field name="verb_ss.Length">5</field><field name="verb_ss.MaximumLength"></field><field name="Composition_Type.MaximumLength"></field><field name="composer_ss">Willie Dixon</field></doc><doc><field name="name">B Flat Blues</field><field name="id">http://www.semanticweb.org/tedsullivan/ontologies/2015/5/music-10#B_Flat_Blues</field><field name="composer_ss.Length">18</field><field name="hasPerformer_ss">Wild Bill Davidson</field><field name="Composition_Type.Length">4</field><field name="composer_ss.MaximumLength"></field><field name="hasPerformer_ss.Length">18</field><field name="verb_ss">composed</field><field name="verb_ss">written</field><field name="verb_ss">authored</field><field name="verb_ss">wrote</field><field name="path">/Song/B Flat Blues</field><field name="Composition_Type">Song</field><field name="verb_ss.Length">5</field><field name="verb_ss.MaximumLength"></field><field name="Composition_Type.MaximumLength"></field><field name="composer_ss">Wild Bill Davidson</field><field name="hasPerformer_ss.MaximumLength"></field></doc><doc><field name="name">All The Way</field><field name="id">http://www.semanticweb.org/tedsullivan/ontologies/2015/5/music-10#All_The_Way</field><field name="composer_ss.Length">16</field><field name="Composition_Type.Length">4</field><field name="composer_ss.MaximumLength"></field><field name="lyricist_ss.MaximumLength"></field><field name="verb_ss">composed</field><field name="verb_ss">written</field><field name="verb_ss">authored</field><field name="verb_ss">wrote</field><field name="path">/Song/All The Way</field><field name="lyricist_ss.Length">10</field><field name="Composition_Type">Song</field><field name="lyricist_ss">Sammy Cahn</field><field name="verb_ss.Length">5</field><field name="verb_ss.MaximumLength"></field><field name="Composition_Type.MaximumLength"></field><field name="composer_ss">Jimmy Van Heusen</field></doc><doc><field name="name">Forever Afternoon (Tuesday?)</field><field name="id">http://www.semanticweb.org/tedsullivan/ontologies/2015/5/music-10#Forever_Afternoon_Tuesday</field><field name="related_entity1_ss">Moody Blues</field><field name="composer_ss.MaximumLength"></field><field name="path">/Song/Forever Afternoon (Tuesday?)</field><field name="Composition_Type">Song</field><field name="composer_ss">Justin Hayward</field><field name="original_performer.Length">11</field><field name="original_performer">Moody Blues</field><field name="composer_ss.Length">14</field><field name="Composition_Type.Length">4</field><field name="original_performer.MaximumLength"></field><field name="verb_ss">composed</field><field name="verb_ss">written</field><field name="verb_ss">authored</field><field name="verb_ss">wrote</field><field name="genres_ss">Rock</field><field name="genres_ss">Symphonic Rock</field><field name="verb_ss.Length">5</field><field name="verb_ss.MaximumLength"></field><field name="Composition_Type.MaximumLength"></field></doc><doc><field name="name">Immigrant Song</field><field name="id">http://www.semanticweb.org/tedsullivan/ontologies/2015/5/music-10#Immigrant_Song</field><field name="related_entity1_ss">Led Zeppelin</field><field name="composer_ss.MaximumLength"></field><field name="path">/Song/Immigrant Song</field><field name="Composition_Type">Song</field><field name="composer_ss">Jimmy Page</field><field name="composer_ss">Robert Plant</field><field name="original_performer.Length">12</field><field name="original_performer">Led Zeppelin</field><field name="composer_ss.Length">12</field><field name="Composition_Type.Length">4</field><field name="original_performer.MaximumLength"></field><field name="verb_ss">composed</field><field name="verb_ss">written</field><field name="verb_ss">authored</field><field name="verb_ss">wrote</field><field name="genres_ss">Rock</field><field name="verb_ss.Length">5</field><field name="verb_ss.MaximumLength"></field><field name="Composition_Type.MaximumLength"></field><field name="composer.Count">4</field></doc><doc><field name="name">Ring Ring</field><field name="id">http://www.semanticweb.org/tedsullivan/ontologies/2015/5/music-10#Ring_Ring</field><field name="Composition_Type.Length">4</field><field name="verb_ss">composed</field><field name="verb_ss">written</field><field name="verb_ss">authored</field><field name="verb_ss">wrote</field><field name="path">/Song/Ring Ring</field><field name="Composition_Type">Song</field><field name="verb_ss.Length">5</field><field name="verb_ss.MaximumLength"></field><field name="Composition_Type.MaximumLength"></field></doc><doc><field name="name">Highway 61 Revisited</field><field name="id">http://www.semanticweb.org/tedsullivan/ontologies/2015/5/music-10#Highway_61_Revisited</field><field name="related_entity1_ss">Bob Dylan</field><field name="composer_ss.MaximumLength"></field><field name="path">/Song/Highway 61 Revisited</field><field name="Composition_Type">Song</field><field name="composer_ss">Bob Dylan</field><field name="original_performer.Length">9</field><field name="original_performer">Bob Dylan</field><field name="composer_ss.Length">9</field><field name="Composition_Type.Length">4</field><field name="original_performer.MaximumLength"></field><field name="verb_ss">composed</field><field name="verb_ss">written</field><field name="verb_ss">authored</field><field name="verb_ss">wrote</field><field name="genres_ss">Folk</field><field name="genres_ss">Folk Rock</field><field name="genres_ss">Rock</field><field name="verb_ss.Length">5</field><field name="verb_ss.MaximumLength"></field><field name="Composition_Type.MaximumLength"></field></doc><doc><field name="name">That Was Me</field><field name="id">http://www.semanticweb.org/tedsullivan/ontologies/2015/5/music-10#That_Was_Me</field><field name="composer_ss.Length">14</field><field name="related_entity1_ss">Paul McCartney</field><field name="Composition_Type.Length">4</field><field name="composer_ss.MaximumLength"></field><field name="original_performer.MaximumLength"></field><field name="verb_ss">composed</field><field name="verb_ss">written</field><field name="verb_ss">authored</field><field name="verb_ss">wrote</field><field name="path">/Song/That Was Me</field><field name="Composition_Type">Song</field><field name="verb_ss.Length">5</field><field name="verb_ss.MaximumLength"></field><field name="Composition_Type.MaximumLength"></field><field name="composer_ss">Paul McCartney</field><field name="original_performer.Length">14</field><field name="original_performer">Paul McCartney</field></doc><doc><field name="name">You May Be Right</field><field name="id">http://www.semanticweb.org/tedsullivan/ontologies/2015/5/music-10#You_May_Be_Right</field><field name="composer_ss.Length">10</field><field name="related_entity1_ss">Billy Joel</field><field name="Composition_Type.Length">4</field><field name="composer_ss.MaximumLength"></field><field name="original_performer.MaximumLength"></field><field name="verb_ss">composed</field><field name="verb_ss">written</field><field name="verb_ss">authored</field><field name="verb_ss">wrote</field><field name="path">/Song/You May Be Right</field><field name="Composition_Type">Song</field><field name="verb_ss.Length">5</field><field name="verb_ss.MaximumLength"></field><field name="Composition_Type.MaximumLength"></field><field name="composer_ss">Billy Joel</field><field name="original_performer.Length">10</field><field name="original_performer">Billy Joel</field></doc><doc><field name="name">Ring Dem Bells</field><field name="id">http://www.semanticweb.org/tedsullivan/ontologies/2015/5/music-10#Ring_Dem_Bells</field><field name="composer_ss.Length">14</field><field name="Composition_Type.Length">4</field><field name="composer_ss.MaximumLength"></field><field name="verb_ss">composed</field><field name="verb_ss">written</field><field name="verb_ss">authored</field><field name="verb_ss">wrote</field><field name="path">/Song/Ring Dem Bells</field><field name="Composition_Type">Song</field><field name="verb_ss.Length">5</field><field name="verb_ss.MaximumLength"></field><field name="Composition_Type.MaximumLength"></field><field name="composer_ss">Duke Ellington</field></doc><doc><field name="name">Spirit Of America</field><field name="id">http://www.semanticweb.org/tedsullivan/ontologies/2015/5/music-10#Spirit_of_America</field><field name="related_entity1_ss">Beach Boys</field><field name="composer_ss.MaximumLength"></field><field name="path">/Song/Spirit Of America</field><field name="Composition_Type">Song</field><field name="composer_ss">Brian Wilson</field><field name="composer_ss">Roger Christian</field><field name="original_performer.Length">10</field><field name="original_performer">Beach Boys</field><field name="composer_ss.Length">15</field><field name="Composition_Type.Length">4</field><field name="original_performer.MaximumLength"></field><field name="verb_ss">composed</field><field name="verb_ss">written</field><field name="verb_ss">authored</field><field name="verb_ss">wrote</field><field name="verb_ss.Length">5</field><field name="verb_ss.MaximumLength"></field><field name="Composition_Type.MaximumLength"></field><field name="composer.Count">4</field></doc><doc><field name="name">Pet Sounds</field><field name="id">http://www.semanticweb.org/tedsullivan/ontologies/2015/5/music-10#Pet_Sounds</field><field name="composer_ss.Length">12</field><field name="related_entity1_ss">Beach Boys</field><field name="Composition_Type.Length">4</field><field name="composer_ss.MaximumLength"></field><field name="original_performer.MaximumLength"></field><field name="verb_ss">composed</field><field name="verb_ss">written</field><field name="verb_ss">authored</field><field name="verb_ss">wrote</field><field name="path">/Song/Pet Sounds</field><field name="Composition_Type">Song</field><field name="verb_ss.Length">5</field><field name="verb_ss.MaximumLength"></field><field name="Composition_Type.MaximumLength"></field><field name="composer_ss">Brian Wilson</field><field name="original_performer.Length">10</field><field name="original_performer">Beach Boys</field></doc><doc><field name="name">Get Off of My Cloud</field><field name="id">http://www.semanticweb.org/tedsullivan/ontologies/2015/5/music-10#Get_Off_of_My_Cloud</field><field name="related_entity1_ss">Rolling Stones</field><field name="composer_ss.MaximumLength"></field><field name="path">/Song/Get Off of My Cloud</field><field name="Composition_Type">Song</field><field name="composer_ss">Keith Richards</field><field name="composer_ss">Mick Jagger</field><field name="original_performer.Length">14</field><field name="original_performer">Rolling Stones</field><field name="composer_ss.Length">11</field><field name="Composition_Type.Length">4</field><field name="original_performer.MaximumLength"></field><field name="verb_ss">composed</field><field name="verb_ss">written</field><field name="verb_ss">authored</field><field name="verb_ss">wrote</field><field name="genres_ss">Rock</field><field name="verb_ss.Length">5</field><field name="verb_ss.MaximumLength"></field><field name="Composition_Type.MaximumLength"></field><field name="composer.Count">4</field></doc><doc><field name="name">Softly As In A Morning Sunrise</field><field name="id">http://www.semanticweb.org/tedsullivan/ontologies/2015/5/music-10#Softly_As_In_a_Morning_Sunrise</field><field name="Composition_Type.Length">4</field><field name="verb_ss">composed</field><field name="verb_ss">written</field><field name="verb_ss">authored</field><field name="verb_ss">wrote</field><field name="path">/Song/Softly As In A Morning Sunrise</field><field name="Composition_Type">Song</field><field name="verb_ss.Length">5</field><field name="verb_ss.MaximumLength"></field><field name="Composition_Type.MaximumLength"></field></doc><doc><field name="name">Everyday</field><field name="id">http://www.semanticweb.org/tedsullivan/ontologies/2015/5/music-10#Everyday</field><field name="related_entity1_ss">Buddy Holly and the Crickets</field><field name="composer_ss.MaximumLength"></field><field name="path">/Song/Everyday</field><field name="Composition_Type">Song</field><field name="composer_ss">Charles Hardin</field><field name="composer_ss">Norman Petty</field><field name="composer_ss.Length">12</field><field name="Composition_Type.Length">4</field><field name="verb_ss">composed</field><field name="verb_ss">written</field><field name="verb_ss">authored</field><field name="verb_ss">wrote</field><field name="genres_ss">Rock</field><field name="genres_ss">Rock &amp; Roll</field><field name="verb_ss.Length">5</field><field name="verb_ss.MaximumLength"></field><field name="Composition_Type.MaximumLength"></field><field name="composer.Count">4</field></doc><doc><field name="name">Hide Away</field><field name="id">http://www.semanticweb.org/tedsullivan/ontologies/2015/5/music-10#Hide_Away</field><field name="related_entity1_ss">Freddy King</field><field name="composer_ss.MaximumLength"></field><field name="path">/Song/Hide Away</field><field name="Composition_Type">Song</field><field name="composer_ss">Freddy King</field><field name="composer_ss">Sonny Thompson</field><field name="original_performer.Length">11</field><field name="original_performer">Freddy King</field><field name="composer_ss.Length">14</field><field name="Composition_Type.Length">4</field><field name="original_performer.MaximumLength"></field><field name="verb_ss">composed</field><field name="verb_ss">written</field><field name="verb_ss">authored</field><field name="verb_ss">wrote</field><field name="genres_ss">Blues</field><field name="verb_ss.Length">5</field><field name="verb_ss.MaximumLength"></field><field name="Composition_Type.MaximumLength"></field><field name="composer.Count">4</field></doc><doc><field name="name">Old Dirt Road</field><field name="id">http://www.semanticweb.org/tedsullivan/ontologies/2015/5/music-10#Old_Dirt_Road</field><field name="related_entity1_ss">John Lennon</field><field name="related_entity1_ss">Harry Nilsson</field><field name="composer_ss.MaximumLength"></field><field name="path">/Song/Old Dirt Road</field><field name="Composition_Type">Song</field><field name="composer_ss">Harry Nilsson</field><field name="composer_ss">John Lennon</field><field name="original_performer.Length">11</field><field name="original_performer">Harry Nilsson</field><field name="original_performer">John Lennon</field><field name="composer_ss.Length">11</field><field name="Composition_Type.Length">4</field><field name="original_performer.MaximumLength"></field><field name="verb_ss">composed</field><field name="verb_ss">written</field><field name="verb_ss">authored</field><field name="verb_ss">wrote</field><field name="genres_ss">Rock</field><field name="verb_ss.Length">5</field><field name="verb_ss.MaximumLength"></field><field name="Composition_Type.MaximumLength"></field><field name="composer.Count">4</field></doc><doc><field name="name">Polythene Pam</field><field name="id">http://www.semanticweb.org/tedsullivan/ontologies/2015/5/music-10#Polythene_Pam</field><field name="related_entity1_ss">Beatles</field><field name="composer_ss.MaximumLength"></field><field name="path">/Song/Polythene Pam</field><field name="Composition_Type">Song</field><field name="composer_ss">John Lennon</field><field name="composer_ss">Paul McCartney</field><field name="original_performer.Length">7</field><field name="original_performer">Beatles</field><field name="composer_ss.Length">14</field><field name="Composition_Type.Length">4</field><field name="original_performer.MaximumLength"></field><field name="verb_ss">composed</field><field name="verb_ss">written</field><field name="verb_ss">authored</field><field name="verb_ss">wrote</field><field name="verb_ss.Length">5</field><field name="verb_ss.MaximumLength"></field><field name="Composition_Type.MaximumLength"></field><field name="composer.Count">4</field></doc><doc><field name="name">One Way Out</field><field name="id">http://www.semanticweb.org/tedsullivan/ontologies/2015/5/music-10#One_Way_Out</field><field name="related_entity1_ss">Elmore James</field><field name="composer_ss.MaximumLength"></field><field name="path">/Song/One Way Out</field><field name="Composition_Type">Song</field><field name="composer_ss">Elmore James</field><field name="composer_ss">Marshall Sehorn</field><field name="original_performer.Length">12</field><field name="original_performer">Elmore James</field><field name="composer_ss.Length">15</field><field name="Composition_Type.Length">4</field><field name="original_performer.MaximumLength"></field><field name="verb_ss">composed</field><field name="verb_ss">written</field><field name="verb_ss">authored</field><field name="verb_ss">wrote</field><field name="verb_ss.Length">5</field><field name="verb_ss.MaximumLength"></field><field name="Composition_Type.MaximumLength"></field><field name="composer.Count">4</field></doc><doc><field name="name">Cousin Kevin</field><field name="id">http://www.semanticweb.org/tedsullivan/ontologies/2015/5/music-10#Cousin_Kevin</field><field name="related_entity1_ss">The Who</field><field name="composer_ss.MaximumLength"></field><field name="path">/Song/Cousin Kevin</field><field name="Composition_Type">Song</field><field name="composer_ss">John Entwistle</field><field name="original_performer.Length">7</field><field name="original_performer">The Who</field><field name="composer_ss.Length">14</field><field name="Composition_Type.Length">4</field><field name="original_performer.MaximumLength"></field><field name="verb_ss">composed</field><field name="verb_ss">written</field><field name="verb_ss">authored</field><field name="verb_ss">wrote</field><field name="genres_ss">Rock</field><field name="verb_ss.Length">5</field><field name="verb_ss.MaximumLength"></field><field name="Composition_Type.MaximumLength"></field></doc><doc><field name="name">What's New?</field><field name="id">http://www.semanticweb.org/tedsullivan/ontologies/2015/5/music-10#Whats_New</field><field name="composer_ss.MaximumLength"></field><field name="path">/Song/What's New?</field><field name="lyricist_ss.Length">12</field><field name="Composition_Type">Song</field><field name="lyricist_ss">Johnny Burke</field><field name="composer_ss">Bob Haggart</field><field name="composer_ss.Length">11</field><field name="Composition_Type.Length">4</field><field name="lyricist_ss.MaximumLength"></field><field name="verb_ss">composed</field><field name="verb_ss">written</field><field name="verb_ss">authored</field><field name="verb_ss">wrote</field><field name="genres_ss">Jazz</field><field name="verb_ss.Length">5</field><field name="verb_ss.MaximumLength"></field><field name="Composition_Type.MaximumLength"></field></doc><doc><field name="name">Pledging My Time</field><field name="id">http://www.semanticweb.org/tedsullivan/ontologies/2015/5/music-10#Pledging_My_Time</field><field name="composer_ss.Length">9</field><field name="related_entity1_ss">Bob Dylan</field><field name="Composition_Type.Length">4</field><field name="composer_ss.MaximumLength"></field><field name="original_performer.MaximumLength"></field><field name="verb_ss">composed</field><field name="verb_ss">written</field><field name="verb_ss">authored</field><field name="verb_ss">wrote</field><field name="path">/Song/Pledging My Time</field><field name="Composition_Type">Song</field><field name="verb_ss.Length">5</field><field name="verb_ss.MaximumLength"></field><field name="Composition_Type.MaximumLength"></field><field name="composer_ss">Bob Dylan</field><field name="original_performer.Length">9</field><field name="original_performer">Bob Dylan</field></doc><doc><field name="name">One Too Many Mornings</field><field name="id">http://www.semanticweb.org/tedsullivan/ontologies/2015/5/music-10#One_Too_Many_Mornings</field><field name="related_entity1_ss">Bob Dylan</field><field name="composer_ss.MaximumLength"></field><field name="path">/Song/One Too Many Mornings</field><field name="Composition_Type">Song</field><field name="composer_ss">Bob Dylan</field><field name="original_performer.Length">9</field><field name="original_performer">Bob Dylan</field><field name="composer_ss.Length">9</field><field name="Composition_Type.Length">4</field><field name="original_performer.MaximumLength"></field><field name="verb_ss">composed</field><field name="verb_ss">written</field><field name="verb_ss">authored</field><field name="verb_ss">wrote</field><field name="genres_ss">Folk</field><field name="verb_ss.Length">5</field><field name="verb_ss.MaximumLength"></field><field name="Composition_Type.MaximumLength"></field></doc><doc><field name="name">The Twist</field><field name="id">http://www.semanticweb.org/tedsullivan/ontologies/2015/5/music-10#The_Twist</field><field name="composer_ss.Length">12</field><field name="Composition_Type.Length">4</field><field name="composer_ss.MaximumLength"></field><field name="verb_ss">composed</field><field name="verb_ss">written</field><field name="verb_ss">authored</field><field name="verb_ss">wrote</field><field name="path">/Song/The Twist</field><field name="Composition_Type">Song</field><field name="verb_ss.Length">5</field><field name="verb_ss.MaximumLength"></field><field name="Composition_Type.MaximumLength"></field><field name="composer_ss">Hank Ballard</field></doc><doc><field name="name">Bring It On Home To Me</field><field name="id">http://www.semanticweb.org/tedsullivan/ontologies/2015/5/music-10#Bring_It_On_Home_To_Me</field><field name="composer_ss.Length">9</field><field name="related_entity1_ss">Sam Cooke</field><field name="Composition_Type.Length">4</field><field name="composer_ss.MaximumLength"></field><field name="original_performer.MaximumLength"></field><field name="verb_ss">composed</field><field name="verb_ss">written</field><field name="verb_ss">authored</field><field name="verb_ss">wrote</field><field name="path">/Song/Bring It On Home To Me</field><field name="Composition_Type">Song</field><field name="verb_ss.Length">5</field><field name="verb_ss.MaximumLength"></field><field name="Composition_Type.MaximumLength"></field><field name="composer_ss">Sam Cooke</field><field name="original_performer.Length">9</field><field name="original_performer">Sam Cooke</field></doc><doc><field name="name">When a Man Loves a Woman</field><field name="id">http://www.semanticweb.org/tedsullivan/ontologies/2015/5/music-10#When_a_Man_Loves_a_Woman</field><field name="composer_ss.Length">12</field><field name="Composition_Type.Length">4</field><field name="composer_ss.MaximumLength"></field><field name="verb_ss">composed</field><field name="verb_ss">written</field><field name="verb_ss">authored</field><field name="verb_ss">wrote</field><field name="hasGenre.Count">6</field><field name="path">/Song/When a Man Loves a Woman</field><field name="Composition_Type">Song</field><field name="genres_ss">Blues</field><field name="genres_ss">R&amp;B</field><field name="verb_ss.Length">5</field><field name="verb_ss.MaximumLength"></field><field name="Composition_Type.MaximumLength"></field><field name="composer_ss">Andrew Wright</field><field name="composer_ss">Calvin Lewis</field><field name="composer.Count">4</field></doc><doc><field name="name">Run Through The Jungle</field><field name="id">http://www.semanticweb.org/tedsullivan/ontologies/2015/5/music-10#Run_Through_The_Jungle</field><field name="related_entity1_ss">Creedence Clearwater Revival</field><field name="composer_ss.MaximumLength"></field><field name="path">/Song/Run Through The Jungle</field><field name="Composition_Type">Song</field><field name="composer_ss">John Fogerty</field><field name="original_performer.Length">28</field><field name="original_performer">Creedence Clearwater Revival</field><field name="composer_ss.Length">12</field><field name="Composition_Type.Length">4</field><field name="original_performer.MaximumLength"></field><field name="verb_ss">composed</field><field name="verb_ss">written</field><field name="verb_ss">authored</field><field name="verb_ss">wrote</field><field name="genres_ss">Rock</field><field name="verb_ss.Length">5</field><field name="verb_ss.MaximumLength"></field><field name="Composition_Type.MaximumLength"></field></doc><doc><field name="name">Foxy Lady</field><field name="id">http://www.semanticweb.org/tedsullivan/ontologies/2015/5/music-10#Foxy_Lady</field><field name="related_entity1_ss">Jimi Hendrix Experience</field><field name="composer_ss.MaximumLength"></field><field name="path">/Song/Foxy Lady</field><field name="Composition_Type">Song</field><field name="composer_ss">Jimi Hendrix</field><field name="original_performer.Length">23</field><field name="original_performer">Jimi Hendrix Experience</field><field name="composer_ss.Length">12</field><field name="Composition_Type.Length">4</field><field name="original_performer.MaximumLength"></field><field name="verb_ss">composed</field><field name="verb_ss">written</field><field name="verb_ss">authored</field><field name="verb_ss">wrote</field><field name="genres_ss">Rock</field><field name="genres_ss">Psychedelic Rock</field><field name="verb_ss.Length">5</field><field name="verb_ss.MaximumLength"></field><field name="Composition_Type.MaximumLength"></field></doc><doc><field name="name">Big Time</field><field name="id">http://www.semanticweb.org/tedsullivan/ontologies/2015/5/music-10#Big_Time</field><field name="related_entity1_ss">Daniel Lanois</field><field name="related_entity1_ss">Peter Gabriel</field><field name="composer_ss.MaximumLength"></field><field name="hasGenre.Count">4</field><field name="path">/Song/Big Time</field><field name="Composition_Type">Song</field><field name="composer_ss">Peter Gabriel</field><field name="original_performer.Length">13</field><field name="original_performer">Peter Gabriel</field><field name="composer_ss.Length">13</field><field name="Composition_Type.Length">4</field><field name="original_performer.MaximumLength"></field><field name="verb_ss">composed</field><field name="verb_ss">written</field><field name="verb_ss">authored</field><field name="verb_ss">wrote</field><field name="genres_ss">Dance Music</field><field name="genres_ss">Dance-rock</field><field name="genres_ss">Rock</field><field name="genres_ss">Funk Rock</field><field name="verb_ss.Length">5</field><field name="verb_ss.MaximumLength"></field><field name="Composition_Type.MaximumLength"></field></doc><doc><field name="name">Fever</field><field name="id">http://www.semanticweb.org/tedsullivan/ontologies/2015/5/music-10#Fever</field><field name="composer_ss.Length">14</field><field name="Composition_Type.Length">4</field><field name="composer_ss.MaximumLength"></field><field name="verb_ss">composed</field><field name="verb_ss">written</field><field name="verb_ss">authored</field><field name="verb_ss">wrote</field><field name="path">/Song/Fever</field><field name="Composition_Type">Song</field><field name="genres_ss">R&amp;B</field><field name="verb_ss.Length">5</field><field name="verb_ss.MaximumLength"></field><field name="Composition_Type.MaximumLength"></field><field name="composer_ss">Eddie Cooley</field><field name="composer_ss">Otis Blackwell</field><field name="composer.Count">4</field></doc><doc><field name="name">Hit The Road Jack</field><field name="id">http://www.semanticweb.org/tedsullivan/ontologies/2015/5/music-10#Hit_the_Road_Jack</field><field name="composer_ss.Length">14</field><field name="Composition_Type.Length">4</field><field name="composer_ss.MaximumLength"></field><field name="verb_ss">composed</field><field name="verb_ss">written</field><field name="verb_ss">authored</field><field name="verb_ss">wrote</field><field name="path">/Song/Hit The Road Jack</field><field name="Composition_Type">Song</field><field name="verb_ss.Length">5</field><field name="verb_ss.MaximumLength"></field><field name="Composition_Type.MaximumLength"></field><field name="composer_ss">Percy Mayfield</field></doc><doc><field name="name">It Takes Two</field><field name="id">http://www.semanticweb.org/tedsullivan/ontologies/2015/5/music-10#It_Takes_Two</field><field name="composer_ss.Length">26</field><field name="Composition_Type.Length">4</field><field name="composer_ss.MaximumLength"></field><field name="verb_ss">composed</field><field name="verb_ss">written</field><field name="verb_ss">authored</field><field name="verb_ss">wrote</field><field name="path">/Song/It Takes Two</field><field name="Composition_Type">Song</field><field name="verb_ss.Length">5</field><field name="verb_ss.MaximumLength"></field><field name="Composition_Type.MaximumLength"></field><field name="composer_ss">Sylvia Moy</field><field name="composer_ss">William 'Mickey' Stevenson</field><field name="composer.Count">4</field></doc><doc><field name="name">Push It</field><field name="id">http://www.semanticweb.org/tedsullivan/ontologies/2015/5/music-10#Push_It</field><field name="composer_ss.Length">20</field><field name="Composition_Type.Length">4</field><field name="composer_ss.MaximumLength"></field><field name="verb_ss">composed</field><field name="verb_ss">written</field><field name="verb_ss">authored</field><field name="verb_ss">wrote</field><field name="path">/Song/Push It</field><field name="Composition_Type">Song</field><field name="verb_ss.Length">5</field><field name="verb_ss.MaximumLength"></field><field name="Composition_Type.MaximumLength"></field><field name="composer_ss">Hurby 'Luv Bug' Azor</field></doc><doc><field name="name">Play That Funky Music</field><field name="id">http://www.semanticweb.org/tedsullivan/ontologies/2015/5/music-10#Play_That_Funky_Music</field><field name="related_entity1_ss">Wild Cherry</field><field name="composer_ss.MaximumLength"></field><field name="path">/Song/Play That Funky Music</field><field name="Composition_Type">Song</field><field name="composer_ss">Rob Parissi</field><field name="original_performer.Length">11</field><field name="original_performer">Wild Cherry</field><field name="composer_ss.Length">11</field><field name="Composition_Type.Length">4</field><field name="original_performer.MaximumLength"></field><field name="verb_ss">composed</field><field name="verb_ss">written</field><field name="verb_ss">authored</field><field name="verb_ss">wrote</field><field name="genres_ss">Rock</field><field name="genres_ss">Funk Rock</field><field name="verb_ss.Length">5</field><field name="verb_ss.MaximumLength"></field><field name="Composition_Type.MaximumLength"></field></doc><doc><field name="name">Don't Worry Baby</field><field name="id">http://www.semanticweb.org/tedsullivan/ontologies/2015/5/music-10#Dont_Worry_Baby</field><field name="related_entity1_ss">Beach Boys</field><field name="composer_ss.MaximumLength"></field><field name="path">/Song/Don't Worry Baby</field><field name="lyricist_ss.Length">15</field><field name="Composition_Type">Song</field><field name="lyricist_ss">Roger Christian</field><field name="composer_ss">Brian Wilson</field><field name="original_performer.Length">10</field><field name="original_performer">Beach Boys</field><field name="composer_ss.Length">12</field><field name="Composition_Type.Length">4</field><field name="original_performer.MaximumLength"></field><field name="lyricist_ss.MaximumLength"></field><field name="verb_ss">composed</field><field name="verb_ss">written</field><field name="verb_ss">authored</field><field name="verb_ss">wrote</field><field name="verb_ss.Length">5</field><field name="verb_ss.MaximumLength"></field><field name="Composition_Type.MaximumLength"></field></doc><doc><field name="name">Stray Cat Blues</field><field name="id">http://www.semanticweb.org/tedsullivan/ontologies/2015/5/music-10#Stray_Cat_Blues</field><field name="related_entity1_ss">Rolling Stones</field><field name="composer_ss.MaximumLength"></field><field name="path">/Song/Stray Cat Blues</field><field name="Composition_Type">Song</field><field name="composer_ss">Keith Richards</field><field name="composer_ss">Mick Jagger</field><field name="original_performer.Length">14</field><field name="original_performer">Rolling Stones</field><field name="composer_ss.Length">11</field><field name="Composition_Type.Length">4</field><field name="original_performer.MaximumLength"></field><field name="verb_ss">composed</field><field name="verb_ss">written</field><field name="verb_ss">authored</field><field name="verb_ss">wrote</field><field name="verb_ss.Length">5</field><field name="verb_ss.MaximumLength"></field><field name="Composition_Type.MaximumLength"></field><field name="composer.Count">4</field></doc><doc><field name="name">The Chain</field><field name="id">http://www.semanticweb.org/tedsullivan/ontologies/2015/5/music-10#The_Chain</field><field name="composer_ss.Length">12</field><field name="Composition_Type.Length">4</field><field name="composer_ss.MaximumLength"></field><field name="verb_ss">composed</field><field name="verb_ss">written</field><field name="verb_ss">authored</field><field name="verb_ss">wrote</field><field name="path">/Song/The Chain</field><field name="Composition_Type">Song</field><field name="verb_ss.Length">5</field><field name="verb_ss.MaximumLength"></field><field name="Composition_Type.MaximumLength"></field><field name="composer_ss">Christine McVie</field><field name="composer_ss">John McVie</field><field name="composer_ss">Lindsey Buckingham</field><field name="composer_ss">Mick Fleetwood</field><field name="composer_ss">Stevie Nicks</field><field name="composer.Count">10</field></doc><doc><field name="name">The Chair</field><field name="id">http://www.semanticweb.org/tedsullivan/ontologies/2015/5/music-10#The_Chair</field><field name="composer_ss.Length">12</field><field name="hasPerformer_ss">George Strait</field><field name="Composition_Type.Length">4</field><field name="composer_ss.MaximumLength"></field><field name="hasPerformer_ss.Length">13</field><field name="verb_ss">composed</field><field name="verb_ss">written</field><field name="verb_ss">authored</field><field name="verb_ss">wrote</field><field name="path">/Song/The Chair</field><field name="Composition_Type">Song</field><field name="verb_ss.Length">5</field><field name="verb_ss.MaximumLength"></field><field name="Composition_Type.MaximumLength"></field><field name="composer_ss">Dean Dillon</field><field name="composer_ss">Hank Cochran</field><field name="composer.Count">4</field><field name="hasPerformer_ss.MaximumLength"></field></doc><doc><field name="name">Elderberry Wine</field><field name="id">http://www.semanticweb.org/tedsullivan/ontologies/2015/5/music-10#Elderberry_Wine</field><field name="composer_ss.Length">10</field><field name="Composition_Type.Length">4</field><field name="composer_ss.MaximumLength"></field><field name="lyricist_ss.MaximumLength"></field><field name="verb_ss">composed</field><field name="verb_ss">written</field><field name="verb_ss">authored</field><field name="verb_ss">wrote</field><field name="path">/Song/Elderberry Wine</field><field name="lyricist_ss.Length">13</field><field name="Composition_Type">Song</field><field name="lyricist_ss">Bernie Taupin</field><field name="verb_ss.Length">5</field><field name="verb_ss.MaximumLength"></field><field name="Composition_Type.MaximumLength"></field><field name="composer_ss">Elton John</field></doc><doc><field name="name">Please Don't Tell Me How the Story Ends</field><field name="id">http://www.semanticweb.org/tedsullivan/ontologies/2015/5/music-10#Please_Dont_Tell_Me_How_the_Story_Ends</field><field name="composer_ss.Length">18</field><field name="Composition_Type.Length">4</field><field name="composer_ss.MaximumLength"></field><field name="verb_ss">composed</field><field name="verb_ss">written</field><field name="verb_ss">authored</field><field name="verb_ss">wrote</field><field name="path">/Song/Please Don't Tell Me How the Story Ends</field><field name="Composition_Type">Song</field><field name="verb_ss.Length">5</field><field name="verb_ss.MaximumLength"></field><field name="Composition_Type.MaximumLength"></field><field name="composer_ss">Kris Kristofferson</field></doc><doc><field name="name">Operator</field><field name="id">http://www.semanticweb.org/tedsullivan/ontologies/2015/5/music-10#Operator</field><field name="related_entity1_ss">Grateful Dead</field><field name="composer_ss.MaximumLength"></field><field name="path">/Song/Operator</field><field name="Composition_Type">Song</field><field name="composer_ss">Ron 'Pigpen' McKernan</field><field name="original_performer.Length">13</field><field name="original_performer">Grateful Dead</field><field name="composer_ss.Length">21</field><field name="Composition_Type.Length">4</field><field name="original_performer.MaximumLength"></field><field name="verb_ss">composed</field><field name="verb_ss">written</field><field name="verb_ss">authored</field><field name="verb_ss">wrote</field><field name="genres_ss">Folk</field><field name="genres_ss">Folk Rock</field><field name="genres_ss">Rock</field><field name="verb_ss.Length">5</field><field name="verb_ss.MaximumLength"></field><field name="Composition_Type.MaximumLength"></field></doc><doc><field name="name">Sticks And Stones</field><field name="id">http://www.semanticweb.org/tedsullivan/ontologies/2015/5/music-10#Sticks_And_Stones</field><field name="composer_ss.Length">12</field><field name="Composition_Type.Length">4</field><field name="composer_ss.MaximumLength"></field><field name="verb_ss">composed</field><field name="verb_ss">written</field><field name="verb_ss">authored</field><field name="verb_ss">wrote</field><field name="path">/Song/Sticks And Stones</field><field name="Composition_Type">Song</field><field name="verb_ss.Length">5</field><field name="verb_ss.MaximumLength"></field><field name="Composition_Type.MaximumLength"></field><field name="composer_ss">Elbert West</field><field name="composer_ss">Roger Dillon</field><field name="composer.Count">4</field></doc><doc><field name="name">Kismet</field><field name="id">http://www.semanticweb.org/tedsullivan/ontologies/2015/5/music-10#Kismet</field><field name="composer_ss.Length">11</field><field name="Composition_Type.Length">4</field><field name="composer_ss.MaximumLength"></field><field name="verb_ss">composed</field><field name="verb_ss">written</field><field name="verb_ss">authored</field><field name="verb_ss">wrote</field><field name="path">/Song/Kismet</field><field name="Composition_Type">Song</field><field name="verb_ss.Length">5</field><field name="verb_ss.MaximumLength"></field><field name="Composition_Type.MaximumLength"></field><field name="composer_ss">Roy Bennett</field></doc><doc><field name="name">Ballad Of Sir Frankie Crisp</field><field name="id">http://www.semanticweb.org/tedsullivan/ontologies/2015/5/music-10#Ballad_Of_Sir_Frankie_Crisp</field><field name="composer_ss.Length">15</field><field name="Composition_Type.Length">4</field><field name="composer_ss.MaximumLength"></field><field name="verb_ss">composed</field><field name="verb_ss">written</field><field name="verb_ss">authored</field><field name="verb_ss">wrote</field><field name="path">/Song/Ballad Of Sir Frankie Crisp</field><field name="Composition_Type">Song</field><field name="genres_ss">Rock</field><field name="verb_ss.Length">5</field><field name="verb_ss.MaximumLength"></field><field name="Composition_Type.MaximumLength"></field><field name="composer_ss">George Harrison</field></doc><doc><field name="name">I Never Loved a Man (The Way I Love You)</field><field name="id">http://www.semanticweb.org/tedsullivan/ontologies/2015/5/music-10#I_Never_Loved_a_Man_The_Way_I_Love_You</field><field name="composer_ss.Length">13</field><field name="Composition_Type.Length">4</field><field name="composer_ss.MaximumLength"></field><field name="verb_ss">composed</field><field name="verb_ss">written</field><field name="verb_ss">authored</field><field name="verb_ss">wrote</field><field name="hasGenre.Count">4</field><field name="path">/Song/I Never Loved a Man (The Way I Love You)</field><field name="Composition_Type">Song</field><field name="genres_ss">Blues</field><field name="verb_ss.Length">5</field><field name="verb_ss.MaximumLength"></field><field name="Composition_Type.MaximumLength"></field><field name="composer_ss">Ronny Shannon</field></doc><doc><field name="name">Spanish Caravan</field><field name="id">http://www.semanticweb.org/tedsullivan/ontologies/2015/5/music-10#Spanish_Caravan</field><field name="related_entity1_ss">Doors</field><field name="composer_ss.MaximumLength"></field><field name="path">/Song/Spanish Caravan</field><field name="Composition_Type">Song</field><field name="composer_ss">Jim Morrison</field><field name="composer_ss">John Densmore</field><field name="composer_ss">Ray Manzarek</field><field name="composer_ss">Robby Krieger</field><field name="original_performer.Length">5</field><field name="original_performer">Doors</field><field name="composer_ss.Length">13</field><field name="Composition_Type.Length">4</field><field name="original_performer.MaximumLength"></field><field name="verb_ss">composed</field><field name="verb_ss">written</field><field name="verb_ss">authored</field><field name="verb_ss">wrote</field><field name="genres_ss">Rock</field><field name="verb_ss.Length">5</field><field name="verb_ss.MaximumLength"></field><field name="Composition_Type.MaximumLength"></field><field name="composer.Count">8</field></doc><doc><field name="name">The Way You Look Tonight</field><field name="id">http://www.semanticweb.org/tedsullivan/ontologies/2015/5/music-10#The_Way_You_Look_Tonight</field><field name="composer_ss.MaximumLength"></field><field name="path">/Song/The Way You Look Tonight</field><field name="lyricist_ss.Length">14</field><field name="Composition_Type">Song</field><field name="lyricist_ss">Dorothy Fields</field><field name="composer_ss">Jerome Kern</field><field name="composer_ss.Length">11</field><field name="Composition_Type.Length">4</field><field name="lyricist_ss.MaximumLength"></field><field name="verb_ss">composed</field><field name="verb_ss">written</field><field name="verb_ss">authored</field><field name="verb_ss">wrote</field><field name="genres_ss">Jazz</field><field name="verb_ss.Length">5</field><field name="verb_ss.MaximumLength"></field><field name="Composition_Type.MaximumLength"></field></doc><doc><field name="name">Sentimental Journey</field><field name="id">http://www.semanticweb.org/tedsullivan/ontologies/2015/5/music-10#Sentimental_Journey</field><field name="composer_ss.Length">9</field><field name="Composition_Type.Length">4</field><field name="composer_ss.MaximumLength"></field><field name="lyricist_ss.MaximumLength"></field><field name="verb_ss">composed</field><field name="verb_ss">written</field><field name="verb_ss">authored</field><field name="verb_ss">wrote</field><field name="path">/Song/Sentimental Journey</field><field name="lyricist_ss.Length">9</field><field name="Composition_Type">Song</field><field name="lyricist_ss">Bud Green</field><field name="verb_ss.Length">5</field><field name="verb_ss.MaximumLength"></field><field name="Composition_Type.MaximumLength"></field><field name="composer_ss">Ben Homer</field><field name="composer_ss">Les Brown</field><field name="composer.Count">4</field></doc><doc><field name="name">Damn Right I've Got The Blues</field><field name="id">http://www.semanticweb.org/tedsullivan/ontologies/2015/5/music-10#Damn_Right_Ive_Got_The_Blues</field><field name="Composition_Type.Length">4</field><field name="verb_ss">composed</field><field name="verb_ss">written</field><field name="verb_ss">authored</field><field name="verb_ss">wrote</field><field name="path">/Song/Damn Right I've Got The Blues</field><field name="Composition_Type">Song</field><field name="verb_ss.Length">5</field><field name="verb_ss.MaximumLength"></field><field name="Composition_Type.MaximumLength"></field></doc><doc><field name="name">Rock and Roll Stew</field><field name="id">http://www.semanticweb.org/tedsullivan/ontologies/2015/5/music-10#Rock_And_Roll_Stew</field><field name="related_entity1_ss">Traffic</field><field name="composer_ss.MaximumLength"></field><field name="path">/Song/Rock and Roll Stew</field><field name="Composition_Type">Song</field><field name="composer_ss">Jim Capaldi</field><field name="composer_ss">Steve Winwood</field><field name="original_performer.Length">7</field><field name="original_performer">Traffic</field><field name="composer_ss.Length">13</field><field name="Composition_Type.Length">4</field><field name="original_performer.MaximumLength"></field><field name="verb_ss">composed</field><field name="verb_ss">written</field><field name="verb_ss">authored</field><field name="verb_ss">wrote</field><field name="verb_ss.Length">5</field><field name="verb_ss.MaximumLength"></field><field name="Composition_Type.MaximumLength"></field><field name="composer.Count">4</field></doc><doc><field name="name">Vultures</field><field name="id">http://www.semanticweb.org/tedsullivan/ontologies/2015/5/music-10#Vultures</field><field name="related_entity1_ss">John Mayer</field><field name="composer_ss.MaximumLength"></field><field name="path">/Song/Vultures</field><field name="Composition_Type">Song</field><field name="composer_ss">John Mayer</field><field name="composer_ss">Pino Paladino</field><field name="composer_ss">Steve Jordan</field><field name="original_performer.Length">10</field><field name="original_performer">John Mayer</field><field name="composer_ss.Length">12</field><field name="Composition_Type.Length">4</field><field name="original_performer.MaximumLength"></field><field name="verb_ss">composed</field><field name="verb_ss">written</field><field name="verb_ss">authored</field><field name="verb_ss">wrote</field><field name="verb_ss.Length">5</field><field name="verb_ss.MaximumLength"></field><field name="Composition_Type.MaximumLength"></field><field name="composer.Count">6</field></doc><doc><field name="name">A Town Called Jubilee</field><field name="id">http://www.semanticweb.org/tedsullivan/ontologies/2015/5/music-10#A_Town_Called_Jubilee</field><field name="composer_ss.MaximumLength"></field><field name="path">/Song/A Town Called Jubilee</field><field name="lyricist_ss.Length">13</field><field name="Composition_Type">Song</field><field name="lyricist_ss">Bernie Taupin</field><field name="composer_ss">Elton John</field><field name="composer_ss.Length">10</field><field name="Composition_Type.Length">4</field><field name="lyricist_ss.MaximumLength"></field><field name="verb_ss">composed</field><field name="verb_ss">written</field><field name="verb_ss">authored</field><field name="verb_ss">wrote</field><field name="genres_ss">Rock</field><field name="verb_ss.Length">5</field><field name="verb_ss.MaximumLength"></field><field name="Composition_Type.MaximumLength"></field></doc><doc><field name="name">Candy Man</field><field name="id">http://www.semanticweb.org/tedsullivan/ontologies/2015/5/music-10#Candy_Man</field><field name="composer_ss.Length">15</field><field name="Composition_Type.Length">4</field><field name="composer_ss.MaximumLength"></field><field name="verb_ss">composed</field><field name="verb_ss">written</field><field name="verb_ss">authored</field><field name="verb_ss">wrote</field><field name="path">/Song/Candy Man</field><field name="Composition_Type">Song</field><field name="verb_ss.Length">5</field><field name="verb_ss.MaximumLength"></field><field name="Composition_Type.MaximumLength"></field><field name="composer_ss">Daniel Thomas</field><field name="composer_ss">Edward Riley</field><field name="composer_ss">Keith Sweet</field><field name="composer_ss">Tavares Webster</field><field name="composer.Count">8</field></doc><doc><field name="name">This Song Saved My Life</field><field name="id">http://www.semanticweb.org/tedsullivan/ontologies/2015/5/music-10#This_Song_Saved_My_Life</field><field name="composer_ss.Length">9</field><field name="Composition_Type.Length">4</field><field name="composer_ss.MaximumLength"></field><field name="verb_ss">composed</field><field name="verb_ss">written</field><field name="verb_ss">authored</field><field name="verb_ss">wrote</field><field name="path">/Song/This Song Saved My Life</field><field name="Composition_Type">Song</field><field name="verb_ss.Length">5</field><field name="verb_ss.MaximumLength"></field><field name="Composition_Type.MaximumLength"></field><field name="composer_ss">Olly Murs</field></doc><doc><field name="name">It's All Too Much</field><field name="id">http://www.semanticweb.org/tedsullivan/ontologies/2015/5/music-10#Its_All_Too_Much</field><field name="related_entity1_ss">Beatles</field><field name="composer_ss.MaximumLength"></field><field name="path">/Song/It's All Too Much</field><field name="Composition_Type">Song</field><field name="composer_ss">George Harrison</field><field name="original_performer.Length">7</field><field name="original_performer">Beatles</field><field name="composer_ss.Length">15</field><field name="Composition_Type.Length">4</field><field name="original_performer.MaximumLength"></field><field name="verb_ss">composed</field><field name="verb_ss">written</field><field name="verb_ss">authored</field><field name="verb_ss">wrote</field><field name="genres_ss">Rock</field><field name="verb_ss.Length">5</field><field name="verb_ss.MaximumLength"></field><field name="Composition_Type.MaximumLength"></field></doc><doc><field name="name">Big Girls Don't Cry</field><field name="id">http://www.semanticweb.org/tedsullivan/ontologies/2015/5/music-10#Big_Girls_Dont_Cry</field><field name="composer_ss.Length">10</field><field name="related_entity1_ss">Bob Crewe</field><field name="related_entity1_ss">Frankie Valli</field><field name="related_entity1_ss">The Four Seasons</field><field name="Composition_Type.Length">4</field><field name="composer_ss.MaximumLength"></field><field name="verb_ss">composed</field><field name="verb_ss">written</field><field name="verb_ss">authored</field><field name="verb_ss">wrote</field><field name="original_performer.Count">2</field><field name="path">/Song/Big Girls Don't Cry</field><field name="Composition_Type">Song</field><field name="verb_ss.Length">5</field><field name="verb_ss.MaximumLength"></field><field name="Composition_Type.MaximumLength"></field><field name="composer_ss">Bob Crewe</field><field name="composer_ss">Bob Gaudio</field><field name="composer.Count">4</field><field name="hasPerformer_ss">Frankie Valli</field><field name="hasPerformer_ss">The Four Seasons</field></doc><doc><field name="name">Gotta Get Up</field><field name="id">http://www.semanticweb.org/tedsullivan/ontologies/2015/5/music-10#Gotta_Get_Up</field><field name="related_entity1_ss">Harry Nilsson</field><field name="composer_ss.MaximumLength"></field><field name="path">/Song/Gotta Get Up</field><field name="Composition_Type">Song</field><field name="composer_ss">Harry Nilsson</field><field name="original_performer.Length">13</field><field name="original_performer">Harry Nilsson</field><field name="composer_ss.Length">13</field><field name="Composition_Type.Length">4</field><field name="original_performer.MaximumLength"></field><field name="verb_ss">composed</field><field name="verb_ss">written</field><field name="verb_ss">authored</field><field name="verb_ss">wrote</field><field name="genres_ss">Folk</field><field name="genres_ss">Folk Rock</field><field name="genres_ss">Rock</field><field name="verb_ss.Length">5</field><field name="verb_ss.MaximumLength"></field><field name="Composition_Type.MaximumLength"></field></doc><doc><field name="name">Froggy Bottom</field><field name="id">http://www.semanticweb.org/tedsullivan/ontologies/2015/5/music-10#Froggy_Bottom</field><field name="hasPerformer_ss">Mary Lou Williams</field><field name="Composition_Type.Length">4</field><field name="hasPerformer_ss.Length">17</field><field name="verb_ss">composed</field><field name="verb_ss">written</field><field name="verb_ss">authored</field><field name="verb_ss">wrote</field><field name="path">/Song/Froggy Bottom</field><field name="Composition_Type">Song</field><field name="verb_ss.Length">5</field><field name="verb_ss.MaximumLength"></field><field name="Composition_Type.MaximumLength"></field><field name="hasPerformer_ss.MaximumLength"></field></doc><doc><field name="name">I Just Want To See His Face</field><field name="id">http://www.semanticweb.org/tedsullivan/ontologies/2015/5/music-10#I_Just_Want_To_See_His_Face</field><field name="related_entity1_ss">Rolling Stones</field><field name="composer_ss.MaximumLength"></field><field name="path">/Song/I Just Want To See His Face</field><field name="Composition_Type">Song</field><field name="composer_ss">Keith Richards</field><field name="composer_ss">Mick Jagger</field><field name="original_performer.Length">14</field><field name="original_performer">Rolling Stones</field><field name="composer_ss.Length">11</field><field name="Composition_Type.Length">4</field><field name="original_performer.MaximumLength"></field><field name="verb_ss">composed</field><field name="verb_ss">written</field><field name="verb_ss">authored</field><field name="verb_ss">wrote</field><field name="verb_ss.Length">5</field><field name="verb_ss.MaximumLength"></field><field name="Composition_Type.MaximumLength"></field><field name="composer.Count">4</field></doc><doc><field name="name">Motherly Love</field><field name="id">http://www.semanticweb.org/tedsullivan/ontologies/2015/5/music-10#Motherly_Love</field><field name="composer_ss.Length">11</field><field name="Composition_Type.Length">4</field><field name="composer_ss.MaximumLength"></field><field name="verb_ss">composed</field><field name="verb_ss">written</field><field name="verb_ss">authored</field><field name="verb_ss">wrote</field><field name="path">/Song/Motherly Love</field><field name="Composition_Type">Song</field><field name="verb_ss.Length">5</field><field name="verb_ss.MaximumLength"></field><field name="Composition_Type.MaximumLength"></field><field name="composer_ss">Frank Zappa</field></doc><doc><field name="name">Piano Man</field><field name="id">http://www.semanticweb.org/tedsullivan/ontologies/2015/5/music-10#Piano_Man</field><field name="related_entity1_ss">Billy Joel</field><field name="composer_ss.MaximumLength"></field><field name="path">/Song/Piano Man</field><field name="Composition_Type">Song</field><field name="composer_ss">Billy Joel</field><field name="original_performer.Length">10</field><field name="original_performer">Billy Joel</field><field name="composer_ss.Length">10</field><field name="Composition_Type.Length">4</field><field name="original_performer.MaximumLength"></field><field name="verb_ss">composed</field><field name="verb_ss">written</field><field name="verb_ss">authored</field><field name="verb_ss">wrote</field><field name="genres_ss">Rock</field><field name="verb_ss.Length">5</field><field name="verb_ss.MaximumLength"></field><field name="Composition_Type.MaximumLength"></field></doc><doc><field name="name">Don't Worry 'Bout Me</field><field name="id">http://www.semanticweb.org/tedsullivan/ontologies/2015/5/music-10#Dont_Worry_Bout_Me</field><field name="Composition_Type.Length">4</field><field name="verb_ss">composed</field><field name="verb_ss">written</field><field name="verb_ss">authored</field><field name="verb_ss">wrote</field><field name="path">/Song/Don't Worry 'Bout Me</field><field name="Composition_Type">Song</field><field name="verb_ss.Length">5</field><field name="verb_ss.MaximumLength"></field><field name="Composition_Type.MaximumLength"></field></doc><doc><field name="name">Alice's Restaurant Massacree</field><field name="id">http://www.semanticweb.org/tedsullivan/ontologies/2015/5/music-10#Alices_Restaurant</field><field name="related_entity1_ss">Arlo Guthrie</field><field name="composer_ss.MaximumLength"></field><field name="path">/Song/Alice's Restaurant Massacree</field><field name="Composition_Type">Song</field><field name="composer_ss">Arlo Guthrie</field><field name="original_performer.Length">12</field><field name="original_performer">Arlo Guthrie</field><field name="composer_ss.Length">12</field><field name="Composition_Type.Length">4</field><field name="original_performer.MaximumLength"></field><field name="verb_ss">composed</field><field name="verb_ss">written</field><field name="verb_ss">authored</field><field name="verb_ss">wrote</field><field name="genres_ss">Folk</field><field name="verb_ss.Length">5</field><field name="verb_ss.MaximumLength"></field><field name="Composition_Type.MaximumLength"></field></doc><doc><field name="name">How Deep Is Your Love</field><field name="id">http://www.semanticweb.org/tedsullivan/ontologies/2015/5/music-10#How_Deep_Is_Your_Love</field><field name="related_entity1_ss">Bee Gees</field><field name="composer_ss.MaximumLength"></field><field name="path">/Song/How Deep Is Your Love</field><field name="Composition_Type">Song</field><field name="composer_ss">Barry Gibb</field><field name="composer_ss">Maurice Gibb</field><field name="composer_ss">Robin Gibb</field><field name="original_performer.Length">8</field><field name="original_performer">Bee Gees</field><field name="composer_ss.Length">10</field><field name="Composition_Type.Length">4</field><field name="original_performer.MaximumLength"></field><field name="verb_ss">composed</field><field name="verb_ss">written</field><field name="verb_ss">authored</field><field name="verb_ss">wrote</field><field name="verb_ss.Length">5</field><field name="verb_ss.MaximumLength"></field><field name="Composition_Type.MaximumLength"></field><field name="composer.Count">6</field></doc><doc><field name="name">Time of the Season</field><field name="id">http://www.semanticweb.org/tedsullivan/ontologies/2015/5/music-10#Time_of_the_Season</field><field name="composer_ss.Length">10</field><field name="Composition_Type.Length">4</field><field name="composer_ss.MaximumLength"></field><field name="verb_ss">composed</field><field name="verb_ss">written</field><field name="verb_ss">authored</field><field name="verb_ss">wrote</field><field name="path">/Song/Time of the Season</field><field name="Composition_Type">Song</field><field name="verb_ss.Length">5</field><field name="verb_ss.MaximumLength"></field><field name="Composition_Type.MaximumLength"></field><field name="composer_ss">Rod Argent</field></doc><doc><field name="name">Dedicated To The One I Love</field><field name="id">http://www.semanticweb.org/tedsullivan/ontologies/2015/5/music-10#Dedicated_To_The_One_I_Love</field><field name="composer_ss.Length">10</field><field name="related_entity1_ss">The Shirelles</field><field name="related_entity1_ss">Mamas &amp; the Papas</field><field name="Composition_Type.Length">4</field><field name="composer_ss.MaximumLength"></field><field name="verb_ss">composed</field><field name="verb_ss">written</field><field name="verb_ss">authored</field><field name="verb_ss">wrote</field><field name="path">/Song/Dedicated To The One I Love</field><field name="Composition_Type">Song</field><field name="verb_ss.Length">5</field><field name="verb_ss.MaximumLength"></field><field name="Composition_Type.MaximumLength"></field><field name="composer_ss">Lowman Pauling</field><field name="composer_ss">Ralph Bass</field><field name="composer.Count">4</field></doc><doc><field name="name">I Looked At You</field><field name="id">http://www.semanticweb.org/tedsullivan/ontologies/2015/5/music-10#I_Looked_At_You</field><field name="related_entity1_ss">Doors</field><field name="composer_ss.MaximumLength"></field><field name="path">/Song/I Looked At You</field><field name="Composition_Type">Song</field><field name="composer_ss">Jim Morrison</field><field name="composer_ss">John Densmore</field><field name="composer_ss">Ray Manzarek</field><field name="composer_ss">Robby Krieger</field><field name="original_performer.Length">5</field><field name="original_performer">Doors</field><field name="composer_ss.Length">13</field><field name="Composition_Type.Length">4</field><field name="original_performer.MaximumLength"></field><field name="verb_ss">composed</field><field name="verb_ss">written</field><field name="verb_ss">authored</field><field name="verb_ss">wrote</field><field name="genres_ss">Rock</field><field name="verb_ss.Length">5</field><field name="verb_ss.MaximumLength"></field><field name="Composition_Type.MaximumLength"></field><field name="composer.Count">8</field></doc><doc><field name="name">Us and Them</field><field name="id">http://www.semanticweb.org/tedsullivan/ontologies/2015/5/music-10#Us_And_Them</field><field name="related_entity1_ss">Pink Floyd</field><field name="composer_ss.MaximumLength"></field><field name="path">/Song/Us and Them</field><field name="Composition_Type">Song</field><field name="composer_ss">Richard Wright</field><field name="composer_ss">Roger Waters</field><field name="original_performer.Length">10</field><field name="original_performer">Pink Floyd</field><field name="composer_ss.Length">12</field><field name="Composition_Type.Length">4</field><field name="original_performer.MaximumLength"></field><field name="verb_ss">composed</field><field name="verb_ss">written</field><field name="verb_ss">authored</field><field name="verb_ss">wrote</field><field name="verb_ss.Length">5</field><field name="verb_ss.MaximumLength"></field><field name="Composition_Type.MaximumLength"></field><field name="composer.Count">4</field></doc><doc><field name="name">La Terza Luna</field><field name="id">http://www.semanticweb.org/tedsullivan/ontologies/2015/5/music-10#La_terza_luna</field><field name="Composition_Type.Length">4</field><field name="verb_ss">composed</field><field name="verb_ss">written</field><field name="verb_ss">authored</field><field name="verb_ss">wrote</field><field name="path">/Song/La Terza Luna</field><field name="Composition_Type">Song</field><field name="verb_ss.Length">5</field><field name="verb_ss.MaximumLength"></field><field name="Composition_Type.MaximumLength"></field></doc><doc><field name="name">Little Wing</field><field name="id">http://www.semanticweb.org/tedsullivan/ontologies/2015/5/music-10#Little_Wing</field><field name="composer_ss.Length">12</field><field name="related_entity1_ss">Jimi Hendrix Experience</field><field name="Composition_Type.Length">4</field><field name="composer_ss.MaximumLength"></field><field name="original_performer.MaximumLength"></field><field name="verb_ss">composed</field><field name="verb_ss">written</field><field name="verb_ss">authored</field><field name="verb_ss">wrote</field><field name="path">/Song/Little Wing</field><field name="Composition_Type">Song</field><field name="verb_ss.Length">5</field><field name="verb_ss.MaximumLength"></field><field name="Composition_Type.MaximumLength"></field><field name="composer_ss">Jimi Hendrix</field><field name="original_performer.Length">23</field><field name="original_performer">Jimi Hendrix Experience</field></doc><doc><field name="name">Blue Monk</field><field name="id">http://www.semanticweb.org/tedsullivan/ontologies/2015/5/music-10#Blue_Monk</field><field name="composer_ss.Length">15</field><field name="Composition_Type.Length">4</field><field name="composer_ss.MaximumLength"></field><field name="verb_ss">composed</field><field name="verb_ss">written</field><field name="verb_ss">authored</field><field name="verb_ss">wrote</field><field name="path">/Song/Blue Monk</field><field name="Composition_Type">Song</field><field name="genres_ss">Jazz</field><field name="verb_ss.Length">5</field><field name="verb_ss.MaximumLength"></field><field name="Composition_Type.MaximumLength"></field><field name="composer_ss">Thelonious Monk</field></doc><doc><field name="name">Dry Your Eyes</field><field name="id">http://www.semanticweb.org/tedsullivan/ontologies/2015/5/music-10#Dry_Your_Eyes</field><field name="composer_ss.Length">12</field><field name="Composition_Type.Length">4</field><field name="composer_ss.MaximumLength"></field><field name="verb_ss">composed</field><field name="verb_ss">written</field><field name="verb_ss">authored</field><field name="verb_ss">wrote</field><field name="path">/Song/Dry Your Eyes</field><field name="Composition_Type">Song</field><field name="verb_ss.Length">5</field><field name="verb_ss.MaximumLength"></field><field name="Composition_Type.MaximumLength"></field><field name="composer_ss">Neil Diamond</field></doc><doc><field name="name">Tower Of Strength</field><field name="id">http://www.semanticweb.org/tedsullivan/ontologies/2015/5/music-10#Tower_of_Strength</field><field name="composer_ss.Length">14</field><field name="Composition_Type.Length">4</field><field name="composer_ss.MaximumLength"></field><field name="lyricist_ss.MaximumLength"></field><field name="verb_ss">composed</field><field name="verb_ss">written</field><field name="verb_ss">authored</field><field name="verb_ss">wrote</field><field name="path">/Song/Tower Of Strength</field><field name="lyricist_ss.Length">12</field><field name="Composition_Type">Song</field><field name="lyricist_ss">Bob Hilliard</field><field name="verb_ss.Length">5</field><field name="verb_ss.MaximumLength"></field><field name="Composition_Type.MaximumLength"></field><field name="composer_ss">Burt Bacharach</field></doc><doc><field name="name">I Can See For Miles</field><field name="id">http://www.semanticweb.org/tedsullivan/ontologies/2015/5/music-10#I_Can_See_For_Miles</field><field name="composer_ss.Length">14</field><field name="related_entity1_ss">The Who</field><field name="Composition_Type.Length">4</field><field name="composer_ss.MaximumLength"></field><field name="original_performer.MaximumLength"></field><field name="verb_ss">composed</field><field name="verb_ss">written</field><field name="verb_ss">authored</field><field name="verb_ss">wrote</field><field name="path">/Song/I Can See For Miles</field><field name="Composition_Type">Song</field><field name="verb_ss.Length">5</field><field name="verb_ss.MaximumLength"></field><field name="Composition_Type.MaximumLength"></field><field name="composer_ss">Pete Townshend</field><field name="original_performer.Length">7</field><field name="original_performer">The Who</field></doc><doc><field name="name">Blue Moon</field><field name="id">http://www.semanticweb.org/tedsullivan/ontologies/2015/5/music-10#Blue_Moon</field><field name="composer_ss.Length">14</field><field name="Composition_Type.Length">4</field><field name="composer_ss.MaximumLength"></field><field name="lyricist_ss.MaximumLength"></field><field name="verb_ss">composed</field><field name="verb_ss">written</field><field name="verb_ss">authored</field><field name="verb_ss">wrote</field><field name="path">/Song/Blue Moon</field><field name="lyricist_ss.Length">11</field><field name="Composition_Type">Song</field><field name="lyricist_ss">Lorenz Hart</field><field name="verb_ss.Length">5</field><field name="verb_ss.MaximumLength"></field><field name="Composition_Type.MaximumLength"></field><field name="composer_ss">Richard Rogers</field></doc><doc><field name="name">Farther Along</field><field name="id">http://www.semanticweb.org/tedsullivan/ontologies/2015/5/music-10#Farther_Along</field><field name="composer_ss.Length">8</field><field name="Composition_Type.Length">4</field><field name="composer_ss.MaximumLength"></field><field name="verb_ss">composed</field><field name="verb_ss">written</field><field name="verb_ss">authored</field><field name="verb_ss">wrote</field><field name="path">/Song/Farther Along</field><field name="Composition_Type">Song</field><field name="genres_ss">Folk</field><field name="verb_ss.Length">5</field><field name="verb_ss.MaximumLength"></field><field name="Composition_Type.MaximumLength"></field><field name="composer_ss">composer</field></doc><doc><field name="name">Night Moves</field><field name="id">http://www.semanticweb.org/tedsullivan/ontologies/2015/5/music-10#Night_Moves</field><field name="related_entity1_ss">Muscle Shoals Rhythm Section</field><field name="related_entity1_ss">Bob Seger And The Silver Bullet Band</field><field name="composer_ss.MaximumLength"></field><field name="hasGenre.Count">4</field><field name="original_performer.Count">2</field><field name="path">/Song/Night Moves</field><field name="Composition_Type">Song</field><field name="composer_ss">Bob Seger</field><field name="hasPerformer_ss">Bob Seger And The Silver Bullet Band</field><field name="hasPerformer_ss">Muscle Shoals Rhythm Section</field><field name="composer_ss.Length">9</field><field name="Composition_Type.Length">4</field><field name="verb_ss">composed</field><field name="verb_ss">written</field><field name="verb_ss">authored</field><field name="verb_ss">wrote</field><field name="genres_ss">Rock</field><field name="genres_ss">Heartland Rock</field><field name="genres_ss">Soft Rock</field><field name="verb_ss.Length">5</field><field name="verb_ss.MaximumLength"></field><field name="Composition_Type.MaximumLength"></field></doc><doc><field name="name">Who Cares? (So Long As You Care for Me)</field><field name="id">http://www.semanticweb.org/tedsullivan/ontologies/2015/5/music-10#Who_Cares_So_Long_As_You_Care_for_Me</field><field name="Composition_Type.Length">4</field><field name="verb_ss">composed</field><field name="verb_ss">written</field><field name="verb_ss">authored</field><field name="verb_ss">wrote</field><field name="path">/Song/Who Cares? (So Long As You Care for Me)</field><field name="Composition_Type">Song</field><field name="verb_ss.Length">5</field><field name="verb_ss.MaximumLength"></field><field name="Composition_Type.MaximumLength"></field></doc><doc><field name="name">Ruben Remus</field><field name="id">http://www.semanticweb.org/tedsullivan/ontologies/2015/5/music-10#Ruben_Remus</field><field name="related_entity1_ss">Bob Dylan</field><field name="related_entity1_ss">The Band</field><field name="composer_ss.MaximumLength"></field><field name="original_performer.Count">2</field><field name="path">/Song/Ruben Remus</field><field name="Composition_Type">Song</field><field name="composer_ss">Richard Manuel</field><field name="composer_ss">Robbie Robertson</field><field name="hasPerformer_ss">Bob Dylan</field><field name="hasPerformer_ss">The Band</field><field name="composer_ss.Length">16</field><field name="Composition_Type.Length">4</field><field name="verb_ss">composed</field><field name="verb_ss">written</field><field name="verb_ss">authored</field><field name="verb_ss">wrote</field><field name="genres_ss">Folk</field><field name="genres_ss">Folk Rock</field><field name="genres_ss">Rock</field><field name="verb_ss.Length">5</field><field name="verb_ss.MaximumLength"></field><field name="Composition_Type.MaximumLength"></field><field name="composer.Count">4</field></doc><doc><field name="name">Golden Slumbers</field><field name="id">http://www.semanticweb.org/tedsullivan/ontologies/2015/5/music-10#Golden_Slumbers</field><field name="related_entity1_ss">Beatles</field><field name="composer_ss.MaximumLength"></field><field name="path">/Song/Golden Slumbers</field><field name="Composition_Type">Song</field><field name="composer_ss">John Lennon</field><field name="composer_ss">Paul McCartney</field><field name="original_performer.Length">7</field><field name="original_performer">Beatles</field><field name="composer_ss.Length">14</field><field name="Composition_Type.Length">4</field><field name="original_performer.MaximumLength"></field><field name="verb_ss">composed</field><field name="verb_ss">written</field><field name="verb_ss">authored</field><field name="verb_ss">wrote</field><field name="verb_ss.Length">5</field><field name="verb_ss.MaximumLength"></field><field name="Composition_Type.MaximumLength"></field><field name="composer.Count">4</field></doc><doc><field name="name">I Got You (I Feel Good)</field><field name="id">http://www.semanticweb.org/tedsullivan/ontologies/2015/5/music-10#I_Got_You_I_Feel_Good</field><field name="composer_ss.Length">11</field><field name="related_entity1_ss">James Brown</field><field name="Composition_Type.Length">4</field><field name="composer_ss.MaximumLength"></field><field name="original_performer.MaximumLength"></field><field name="verb_ss">composed</field><field name="verb_ss">written</field><field name="verb_ss">authored</field><field name="verb_ss">wrote</field><field name="path">/Song/I Got You (I Feel Good)</field><field name="Composition_Type">Song</field><field name="verb_ss.Length">5</field><field name="verb_ss.MaximumLength"></field><field name="Composition_Type.MaximumLength"></field><field name="composer_ss">James Brown</field><field name="original_performer.Length">11</field><field name="original_performer">James Brown</field></doc><doc><field name="name">In My Time Of Dying</field><field name="id">http://www.semanticweb.org/tedsullivan/ontologies/2015/5/music-10#In_My_Time_Of_Dying</field><field name="related_entity1_ss">Led Zeppelin</field><field name="composer_ss.MaximumLength"></field><field name="path">/Song/In My Time Of Dying</field><field name="Composition_Type">Song</field><field name="composer_ss">Jimmy Page</field><field name="composer_ss">John Bonham</field><field name="composer_ss">John Paul Jones</field><field name="composer_ss">Robert Plant</field><field name="original_performer.Length">12</field><field name="original_performer">Led Zeppelin</field><field name="composer_ss.Length">12</field><field name="Composition_Type.Length">4</field><field name="original_performer.MaximumLength"></field><field name="verb_ss">composed</field><field name="verb_ss">written</field><field name="verb_ss">authored</field><field name="verb_ss">wrote</field><field name="genres_ss">Rock</field><field name="genres_ss">Hard Rock</field><field name="verb_ss.Length">5</field><field name="verb_ss.MaximumLength"></field><field name="Composition_Type.MaximumLength"></field><field name="composer.Count">8</field></doc><doc><field name="name">Why Not Me</field><field name="id">http://www.semanticweb.org/tedsullivan/ontologies/2015/5/music-10#Why_Not_Me</field><field name="composer_ss.Length">18</field><field name="Composition_Type.Length">4</field><field name="composer_ss.MaximumLength"></field><field name="verb_ss">composed</field><field name="verb_ss">written</field><field name="verb_ss">authored</field><field name="verb_ss">wrote</field><field name="path">/Song/Why Not Me</field><field name="Composition_Type">Song</field><field name="genres_ss">Country</field><field name="verb_ss.Length">5</field><field name="verb_ss.MaximumLength"></field><field name="Composition_Type.MaximumLength"></field><field name="composer_ss">Brent Maher</field><field name="composer_ss">Harlan Howard</field><field name="composer_ss">Sonny Throckmorton</field><field name="composer.Count">6</field></doc><doc><field name="name">Steel and Glass</field><field name="id">http://www.semanticweb.org/tedsullivan/ontologies/2015/5/music-10#Steel_and_Glass</field><field name="related_entity1_ss">John Lennon</field><field name="composer_ss.MaximumLength"></field><field name="path">/Song/Steel and Glass</field><field name="Composition_Type">Song</field><field name="composer_ss">John Lennon</field><field name="original_performer.Length">11</field><field name="original_performer">John Lennon</field><field name="composer_ss.Length">11</field><field name="Composition_Type.Length">4</field><field name="original_performer.MaximumLength"></field><field name="verb_ss">composed</field><field name="verb_ss">written</field><field name="verb_ss">authored</field><field name="verb_ss">wrote</field><field name="genres_ss">Rock</field><field name="verb_ss.Length">5</field><field name="verb_ss.MaximumLength"></field><field name="Composition_Type.MaximumLength"></field></doc><doc><field name="name">If the Sea Was Whiskey</field><field name="id">http://www.semanticweb.org/tedsullivan/ontologies/2015/5/music-10#If_the_Sea_Was_Whiskey</field><field name="composer_ss.Length">12</field><field name="Composition_Type.Length">4</field><field name="composer_ss.MaximumLength"></field><field name="verb_ss">composed</field><field name="verb_ss">written</field><field name="verb_ss">authored</field><field name="verb_ss">wrote</field><field name="path">/Song/If the Sea Was Whiskey</field><field name="Composition_Type">Song</field><field name="verb_ss.Length">5</field><field name="verb_ss.MaximumLength"></field><field name="Composition_Type.MaximumLength"></field><field name="composer_ss">Willie Dixon</field></doc><doc><field name="name">You Gotta Move</field><field name="id">http://www.semanticweb.org/tedsullivan/ontologies/2015/5/music-10#You_Gotta_Move</field><field name="composer_ss.Length">25</field><field name="Composition_Type.Length">4</field><field name="composer_ss.MaximumLength"></field><field name="verb_ss">composed</field><field name="verb_ss">written</field><field name="verb_ss">authored</field><field name="verb_ss">wrote</field><field name="path">/Song/You Gotta Move</field><field name="Composition_Type">Song</field><field name="genres_ss">Rock</field><field name="genres_ss">Rock &amp; Roll</field><field name="verb_ss.Length">5</field><field name="verb_ss.MaximumLength"></field><field name="Composition_Type.MaximumLength"></field><field name="composer_ss">Mississippi Fred Mcdowell</field></doc><doc><field name="name">Tenderly</field><field name="id">http://www.semanticweb.org/tedsullivan/ontologies/2015/5/music-10#Tenderly</field><field name="composer_ss.MaximumLength"></field><field name="path">/Song/Tenderly</field><field name="lyricist_ss.Length">13</field><field name="Composition_Type">Song</field><field name="lyricist_ss">Jack Lawrence</field><field name="composer_ss">Walter Gross</field><field name="composer_ss.Length">12</field><field name="Composition_Type.Length">4</field><field name="lyricist_ss.MaximumLength"></field><field name="verb_ss">composed</field><field name="verb_ss">written</field><field name="verb_ss">authored</field><field name="verb_ss">wrote</field><field name="genres_ss">Jazz</field><field name="verb_ss.Length">5</field><field name="verb_ss.MaximumLength"></field><field name="Composition_Type.MaximumLength"></field></doc><doc><field name="name">Kreen - Akrore</field><field name="id">http://www.semanticweb.org/tedsullivan/ontologies/2015/5/music-10#Kreen_-_Akrore</field><field name="related_entity1_ss">Paul McCartney</field><field name="composer_ss.MaximumLength"></field><field name="path">/Song/Kreen - Akrore</field><field name="Composition_Type">Song</field><field name="composer_ss">Paul McCartney</field><field name="original_performer.Length">14</field><field name="original_performer">Paul McCartney</field><field name="composer_ss.Length">14</field><field name="Composition_Type.Length">4</field><field name="original_performer.MaximumLength"></field><field name="verb_ss">composed</field><field name="verb_ss">written</field><field name="verb_ss">authored</field><field name="verb_ss">wrote</field><field name="genres_ss">Rock</field><field name="genres_ss">Soft Rock</field><field name="verb_ss.Length">5</field><field name="verb_ss.MaximumLength"></field><field name="Composition_Type.MaximumLength"></field></doc><doc><field name="name">From This Moment On</field><field name="id">http://www.semanticweb.org/tedsullivan/ontologies/2015/5/music-10#From_This_Moment_On</field><field name="composer_ss.Length">12</field><field name="Composition_Type.Length">4</field><field name="composer_ss.MaximumLength"></field><field name="verb_ss">composed</field><field name="verb_ss">written</field><field name="verb_ss">authored</field><field name="verb_ss">wrote</field><field name="path">/Song/From This Moment On</field><field name="Composition_Type">Song</field><field name="verb_ss.Length">5</field><field name="verb_ss.MaximumLength"></field><field name="Composition_Type.MaximumLength"></field><field name="composer_ss">Shania Twain</field></doc><doc><field name="name">Kicks</field><field name="id">http://www.semanticweb.org/tedsullivan/ontologies/2015/5/music-10#Kicks</field><field name="related_entity1_ss">Lou Reed</field><field name="composer_ss.MaximumLength"></field><field name="path">/Song/Kicks</field><field name="Composition_Type">Song</field><field name="composer_ss">Lou Reed</field><field name="original_performer.Length">8</field><field name="original_performer">Lou Reed</field><field name="composer_ss.Length">8</field><field name="Composition_Type.Length">4</field><field name="original_performer.MaximumLength"></field><field name="verb_ss">composed</field><field name="verb_ss">written</field><field name="verb_ss">authored</field><field name="verb_ss">wrote</field><field name="genres_ss">Rock</field><field name="genres_ss">Psychedelic Rock</field><field name="verb_ss.Length">5</field><field name="verb_ss.MaximumLength"></field><field name="Composition_Type.MaximumLength"></field></doc><doc><field name="name">I Hear You Knocking</field><field name="id">http://www.semanticweb.org/tedsullivan/ontologies/2015/5/music-10#I_Hear_You_Knocking</field><field name="composer_ss.Length">9</field><field name="hasPerformer_ss">Dave Edmunds</field><field name="Composition_Type.Length">4</field><field name="composer_ss.MaximumLength"></field><field name="hasPerformer_ss.Length">12</field><field name="verb_ss">composed</field><field name="verb_ss">written</field><field name="verb_ss">authored</field><field name="verb_ss">wrote</field><field name="path">/Song/I Hear You Knocking</field><field name="Composition_Type">Song</field><field name="verb_ss.Length">5</field><field name="verb_ss.MaximumLength"></field><field name="Composition_Type.MaximumLength"></field><field name="composer_ss">Dave Bartholomew</field><field name="composer_ss">Earl King</field><field name="composer.Count">4</field><field name="hasPerformer_ss.MaximumLength"></field></doc><doc><field name="name">Beast Of Burden</field><field name="id">http://www.semanticweb.org/tedsullivan/ontologies/2015/5/music-10#Beast_Of_Burden</field><field name="related_entity1_ss">Rolling Stones</field><field name="composer_ss.MaximumLength"></field><field name="hasGenre.Count">4</field><field name="path">/Song/Beast Of Burden</field><field name="Composition_Type">Song</field><field name="composer_ss">Keith Richards</field><field name="composer_ss">Mick Jagger</field><field name="original_performer.Length">14</field><field name="original_performer">Rolling Stones</field><field name="composer_ss.Length">11</field><field name="Composition_Type.Length">4</field><field name="original_performer.MaximumLength"></field><field name="verb_ss">composed</field><field name="verb_ss">written</field><field name="verb_ss">authored</field><field name="verb_ss">wrote</field><field name="genres_ss">Blues</field><field name="genres_ss">Blues Rock</field><field name="genres_ss">Rock</field><field name="verb_ss.Length">5</field><field name="verb_ss.MaximumLength"></field><field name="Composition_Type.MaximumLength"></field><field name="composer.Count">4</field></doc><doc><field name="name">I've Got My Love To Keep Me Warm</field><field name="id">http://www.semanticweb.org/tedsullivan/ontologies/2015/5/music-10#Ive_Got_My_Love_To_Keep_Me_Warm</field><field name="hasPerformer_ss">Les Brown and his Band Of Renown</field><field name="Composition_Type.Length">4</field><field name="hasPerformer_ss.Length">32</field><field name="verb_ss">composed</field><field name="verb_ss">written</field><field name="verb_ss">authored</field><field name="verb_ss">wrote</field><field name="path">/Song/I've Got My Love To Keep Me Warm</field><field name="Composition_Type">Song</field><field name="verb_ss.Length">5</field><field name="verb_ss.MaximumLength"></field><field name="Composition_Type.MaximumLength"></field><field name="hasPerformer_ss.MaximumLength"></field></doc><doc><field name="name">The Gunner's Dream</field><field name="id">http://www.semanticweb.org/tedsullivan/ontologies/2015/5/music-10#The_Gunners_Dream</field><field name="related_entity1_ss">Pink Floyd</field><field name="composer_ss.MaximumLength"></field><field name="path">/Song/The Gunner's Dream</field><field name="Composition_Type">Song</field><field name="composer_ss">Roger Waters</field><field name="original_performer.Length">10</field><field name="original_performer">Pink Floyd</field><field name="composer_ss.Length">12</field><field name="Composition_Type.Length">4</field><field name="original_performer.MaximumLength"></field><field name="verb_ss">composed</field><field name="verb_ss">written</field><field name="verb_ss">authored</field><field name="verb_ss">wrote</field><field name="genres_ss">Rock</field><field name="genres_ss">Progressive Rock</field><field name="verb_ss.Length">5</field><field name="verb_ss.MaximumLength"></field><field name="Composition_Type.MaximumLength"></field></doc><doc><field name="name">Lovely to See You</field><field name="id">http://www.semanticweb.org/tedsullivan/ontologies/2015/5/music-10#Lovely_to_See_You</field><field name="related_entity1_ss">Moody Blues</field><field name="composer_ss.MaximumLength"></field><field name="path">/Song/Lovely to See You</field><field name="Composition_Type">Song</field><field name="composer_ss">Justin Hayward</field><field name="original_performer.Length">11</field><field name="original_performer">Moody Blues</field><field name="composer_ss.Length">14</field><field name="Composition_Type.Length">4</field><field name="original_performer.MaximumLength"></field><field name="verb_ss">composed</field><field name="verb_ss">written</field><field name="verb_ss">authored</field><field name="verb_ss">wrote</field><field name="genres_ss">Rock</field><field name="verb_ss.Length">5</field><field name="verb_ss.MaximumLength"></field><field name="Composition_Type.MaximumLength"></field></doc><doc><field name="name">My Blue Heaven</field><field name="id">http://www.semanticweb.org/tedsullivan/ontologies/2015/5/music-10#My_Blue_Heaven</field><field name="related_entity1_ss">Jimmie Lunceford</field><field name="composer_ss.MaximumLength"></field><field name="path">/Song/My Blue Heaven</field><field name="lyricist_ss.Length">17</field><field name="Composition_Type">Song</field><field name="lyricist_ss">George A. Whiting</field><field name="composer_ss">Walter Donaldson</field><field name="composer_ss.Length">16</field><field name="Composition_Type.Length">4</field><field name="lyricist_ss.MaximumLength"></field><field name="verb_ss">composed</field><field name="verb_ss">written</field><field name="verb_ss">authored</field><field name="verb_ss">wrote</field><field name="verb_ss.Length">5</field><field name="verb_ss.MaximumLength"></field><field name="Composition_Type.MaximumLength"></field></doc><doc><field name="name">Yes, The River Knows</field><field name="id">http://www.semanticweb.org/tedsullivan/ontologies/2015/5/music-10#Yes_The_River_Knows</field><field name="related_entity1_ss">Doors</field><field name="composer_ss.MaximumLength"></field><field name="path">/Song/Yes, The River Knows</field><field name="Composition_Type">Song</field><field name="composer_ss">Jim Morrison</field><field name="composer_ss">John Densmore</field><field name="composer_ss">Ray Manzarek</field><field name="composer_ss">Robby Krieger</field><field name="original_performer.Length">5</field><field name="original_performer">Doors</field><field name="composer_ss.Length">13</field><field name="Composition_Type.Length">4</field><field name="original_performer.MaximumLength"></field><field name="verb_ss">composed</field><field name="verb_ss">written</field><field name="verb_ss">authored</field><field name="verb_ss">wrote</field><field name="genres_ss">Rock</field><field name="verb_ss.Length">5</field><field name="verb_ss.MaximumLength"></field><field name="Composition_Type.MaximumLength"></field><field name="composer.Count">8</field></doc><doc><field name="name">Act Naturally</field><field name="id">http://www.semanticweb.org/tedsullivan/ontologies/2015/5/music-10#Act_Naturally</field><field name="composer_ss.Length">12</field><field name="Composition_Type.Length">4</field><field name="composer_ss.MaximumLength"></field><field name="verb_ss">composed</field><field name="verb_ss">written</field><field name="verb_ss">authored</field><field name="verb_ss">wrote</field><field name="path">/Song/Act Naturally</field><field name="Composition_Type">Song</field><field name="genres_ss">Rock</field><field name="genres_ss">Rock &amp; Roll</field><field name="verb_ss.Length">5</field><field name="verb_ss.MaximumLength"></field><field name="Composition_Type.MaximumLength"></field><field name="composer_ss">Johnny Russell</field><field name="composer_ss">Van Morrison</field><field name="composer.Count">4</field></doc></add>
