<add><doc><field name="name">Bill Withers</field><field name="id">http://www.semanticweb.org/tedsullivan/ontologies/2015/5/music-10#Bill_Withers</field><field name="related_entity1_ss">Booker T Jones</field><field name="Music_Writer_Type">Composer</field><field name="Music_Writer_Type">Songwriter</field><field name="hasGenre.Count">8</field><field name="path">/Singer/Bill Withers</field><field name="path">/Songwriter/Bill Withers</field><field name="Musician_Type">Singer</field><field name="genres_ss">Blues</field><field name="genres_ss">Jazz</field><field name="genres_ss">Rock</field><field name="genres_ss">R&amp;B</field></doc><doc><field name="name">Josef Myrow</field><field name="id">http://www.semanticweb.org/tedsullivan/ontologies/2015/5/music-10#Josef_Myrow</field><field name="related_entity1_ss">Mack Gordon</field><field name="Music_Writer_Type">Composer</field><field name="Music_Writer_Type">Songwriter</field><field name="path">/Songwriter/Josef Myrow</field></doc><doc><field name="name">Maurice Mysels</field><field name="id">http://www.semanticweb.org/tedsullivan/ontologies/2015/5/music-10#Maurice_Mysels</field><field name="related_entity1_ss">Ira Kosloff</field><field name="Music_Writer_Type">Composer</field><field name="Music_Writer_Type">Songwriter</field><field name="path">/Songwriter/Maurice Mysels</field></doc><doc><field name="name">Dave Williams</field><field name="id">http://www.semanticweb.org/tedsullivan/ontologies/2015/5/music-10#Dave_Williams</field><field name="related_entity1_ss">Roy Hall</field><field name="Music_Writer_Type">Composer</field><field name="Music_Writer_Type">Songwriter</field><field name="path">/Songwriter/Dave Williams</field></doc><doc><field name="name">Bill Grant</field><field name="id">http://www.semanticweb.org/tedsullivan/ontologies/2015/5/music-10#Bill_Grant</field><field name="related_entity1_ss">Florence Kaye</field><field name="related_entity1_ss">Bernie Baum</field><field name="Music_Writer_Type">Composer</field><field name="Music_Writer_Type">Songwriter</field><field name="path">/Songwriter/Bill Grant</field></doc><doc><field name="name">Nick Mundy</field><field name="id">http://www.semanticweb.org/tedsullivan/ontologies/2015/5/music-10#Nick_Mundy</field><field name="related_entity1_ss">Gina Go-Go</field><field name="related_entity1_ss">Antonina Armato</field><field name="Music_Writer_Type">Composer</field><field name="Music_Writer_Type">Songwriter</field><field name="path">/Songwriter/Nick Mundy</field></doc><doc><field name="name">Dino Fekaris</field><field name="id">http://www.semanticweb.org/tedsullivan/ontologies/2015/5/music-10#Dino_Fekaris</field><field name="related_entity1_ss">Nick Zesses</field><field name="related_entity1_ss">Rare Earth</field><field name="Music_Writer_Type">Composer</field><field name="Music_Writer_Type">Songwriter</field><field name="path">/Songwriter/Dino Fekaris</field></doc><doc><field name="name">Stuart Hamblen</field><field name="id">http://www.semanticweb.org/tedsullivan/ontologies/2015/5/music-10#Stuart_Hamblen</field><field name="Music_Writer_Type">Composer</field><field name="Music_Writer_Type">Songwriter</field><field name="path">/Singer/Stuart Hamblen</field><field name="path">/Songwriter/Stuart Hamblen</field><field name="Musician_Type">Singer</field><field name="genres_ss">Country</field></doc><doc><field name="name">Memphis Minnie</field><field name="id">http://www.semanticweb.org/tedsullivan/ontologies/2015/5/music-10#Memphis_Minnie</field><field name="related_entity1_ss">John Bonham</field><field name="related_entity1_ss">Jimmy Page</field><field name="related_entity1_ss">Robert Plant</field><field name="related_entity1_ss">John Paul Jones</field><field name="Music_Writer_Type">Composer</field><field name="Music_Writer_Type">Songwriter</field><field name="path">/Instrumentalist/Guitarist/Memphis Minnie</field><field name="path">/Singer/Memphis Minnie</field><field name="path">/Songwriter/Memphis Minnie</field><field name="Musician_Type">Instrumentalist</field><field name="Musician_Type">Guitarist</field><field name="Musician_Type">Singer</field></doc><doc><field name="name">Percy Mayfield</field><field name="id">http://www.semanticweb.org/tedsullivan/ontologies/2015/5/music-10#Percy_Mayfield</field><field name="Music_Writer_Type">Composer</field><field name="Music_Writer_Type">Songwriter</field><field name="path">/Singer/Percy Mayfield</field><field name="path">/Songwriter/Percy Mayfield</field><field name="Musician_Type">Singer</field></doc><doc><field name="name">Levon Helm</field><field name="id">http://www.semanticweb.org/tedsullivan/ontologies/2015/5/music-10#Levon_Helm</field><field name="related_entity1_ss">Robbie Robertson</field><field name="related_entity1_ss">Richard Manuel</field><field name="related_entity1_ss">Rick Danko</field><field name="playsInstrument_ss.MaximumLength"></field><field name="memberOfGroup_ss.Length">8</field><field name="path">/Drummer/Levon Helm</field><field name="path">/Singer/Levon Helm</field><field name="path">/Songwriter/Levon Helm</field><field name="memberOfGroup_ss.MaximumLength"></field><field name="Music_Writer_Type">Composer</field><field name="Music_Writer_Type">Songwriter</field><field name="playsInstrument_ss">Mandolin</field><field name="Musician_Type">Instrumentalist</field><field name="Musician_Type">Drummer</field><field name="Musician_Type">Singer</field><field name="playsInstrument_ss.Length">8</field><field name="genres_ss">Rock</field><field name="memberOfGroup_ss">The Band</field></doc><doc><field name="name">Clara Henningsen</field><field name="id">http://www.semanticweb.org/tedsullivan/ontologies/2015/5/music-10#Clara_Henningsen</field><field name="related_entity1_ss">Brian Henningsen</field><field name="Music_Writer_Type">Composer</field><field name="Music_Writer_Type">Songwriter</field><field name="path">/Songwriter/Clara Henningsen</field></doc><doc><field name="name">Randy Myers</field><field name="id">http://www.semanticweb.org/tedsullivan/ontologies/2015/5/music-10#Randy_Myers</field><field name="related_entity1_ss">Jackie DeShannon</field><field name="related_entity1_ss">Jimmy Holiday</field><field name="Music_Writer_Type">Composer</field><field name="Music_Writer_Type">Songwriter</field><field name="path">/Songwriter/Randy Myers</field></doc><doc><field name="name">Mike Elizondo</field><field name="id">http://www.semanticweb.org/tedsullivan/ontologies/2015/5/music-10#Mike_Elizondo</field><field name="related_entity1_ss">50 Cent</field><field name="related_entity2_ss">Dr. Dre</field><field name="Music_Writer_Type">Composer</field><field name="Music_Writer_Type">Songwriter</field><field name="related_entity2_ss.Length">7</field><field name="path">/Songwriter/Mike Elizondo</field><field name="related_entity2_ss.MaximumLength"></field></doc><doc><field name="name">Norman Petty</field><field name="id">http://www.semanticweb.org/tedsullivan/ontologies/2015/5/music-10#Norman_Petty</field><field name="related_entity1_ss">Buddy Holly</field><field name="related_entity2_ss">Sonny West</field><field name="related_entity2_ss">Bob Montgomery</field><field name="related_entity2_ss">Bill Tilghman</field><field name="related_entity2_ss">Jerry Allison</field><field name="related_entity2_ss">Charles Hardin</field><field name="related_entity2_ss">Joe Mauldin</field><field name="related_entity2_ss">Buddy Holly and the Crickets</field><field name="Music_Writer_Type">Composer</field><field name="Music_Writer_Type">Songwriter</field><field name="related_entity2_ss.Length">28</field><field name="path">/Songwriter/Norman Petty</field><field name="related_entity2_ss.MaximumLength"></field></doc><doc><field name="name">Tony Seals</field><field name="id">http://www.semanticweb.org/tedsullivan/ontologies/2015/5/music-10#Tony_Seals</field><field name="related_entity1_ss">Eddie Setser</field><field name="related_entity1_ss">Steve Diamond</field><field name="related_entity1_ss">Troy Seals</field><field name="Music_Writer_Type">Composer</field><field name="Music_Writer_Type">Songwriter</field><field name="path">/Songwriter/Tony Seals</field></doc><doc><field name="name">David Blue</field><field name="id">http://www.semanticweb.org/tedsullivan/ontologies/2015/5/music-10#David_Blue</field><field name="Music_Writer_Type">Composer</field><field name="Music_Writer_Type">Songwriter</field><field name="path">/Singer/David Blue</field><field name="path">/Songwriter/David Blue</field><field name="Musician_Type">Singer</field></doc><doc><field name="name">Sam Weiss</field><field name="id">http://www.semanticweb.org/tedsullivan/ontologies/2015/5/music-10#Sam_Weiss</field><field name="related_entity1_ss">Winston Willis</field><field name="Music_Writer_Type">Composer</field><field name="Music_Writer_Type">Songwriter</field><field name="path">/Record Producer/Sam Weiss</field><field name="path">/Songwriter/Sam Weiss</field></doc><doc><field name="name">Bob Thiele</field><field name="id">http://www.semanticweb.org/tedsullivan/ontologies/2015/5/music-10#Bob_Thiele</field><field name="related_entity1_ss">George David Weiss</field><field name="Music_Writer_Type">Composer</field><field name="Music_Writer_Type">Songwriter</field><field name="path">/Record Producer/Bob Thiele</field><field name="path">/Songwriter/Bob Thiele</field></doc><doc><field name="name">Marshall Chapman</field><field name="id">http://www.semanticweb.org/tedsullivan/ontologies/2015/5/music-10#Marshall_Chapman</field><field name="related_entity1_ss">Waylon Jennings</field><field name="related_entity1_ss">Bob Seger</field><field name="related_entity1_ss">Bob Seger And The Silver Bullet Band</field><field name="related_entity1_ss">Metallica</field><field name="Music_Writer_Type">Composer</field><field name="Music_Writer_Type">Songwriter</field><field name="path">/Singer/Marshall Chapman</field><field name="path">/Songwriter/Marshall Chapman</field><field name="Musician_Type">Singer</field></doc><doc><field name="name">Michael Bruce</field><field name="id">http://www.semanticweb.org/tedsullivan/ontologies/2015/5/music-10#Michael_Owen_Bruce</field><field name="related_entity1_ss">Alice Cooper</field><field name="related_entity2_ss">Dennis Dunway</field><field name="related_entity2_ss">Neal Smith</field><field name="related_entity2_ss">Glen Buxton</field><field name="Music_Writer_Type">Composer</field><field name="Music_Writer_Type">Songwriter</field><field name="memberOfGroup_ss.Length">12</field><field name="related_entity2_ss.Length">11</field><field name="path">/Songwriter/Michael Bruce</field><field name="memberOfGroup_ss">Alice Cooper</field><field name="memberOfGroup_ss.MaximumLength"></field><field name="related_entity2_ss.MaximumLength"></field></doc><doc><field name="name">Fats Domino</field><field name="id">http://www.semanticweb.org/tedsullivan/ontologies/2015/5/music-10#Fats_Domino</field><field name="related_entity1_ss">Dave Bartholomew</field><field name="Music_Writer_Type">Composer</field><field name="Music_Writer_Type">Songwriter</field><field name="path">/Pianist/Fats Domino</field><field name="path">/Singer/Fats Domino</field><field name="path">/Songwriter/Fats Domino</field><field name="Musician_Type">Instrumentalist</field><field name="Musician_Type">Pianist</field><field name="Musician_Type">Singer</field><field name="genres_ss">Rock</field><field name="genres_ss">Rock &amp; Roll</field></doc><doc><field name="name">Gerry Rafferty</field><field name="id">http://www.semanticweb.org/tedsullivan/ontologies/2015/5/music-10#Gerry_Rafferty</field><field name="related_entity1_ss">Joe Egan</field><field name="hasGenre.Count">8</field><field name="memberOfGroup_ss.Length">14</field><field name="path">/Bassist/Gerry Rafferty</field><field name="path">/Instrumentalist/Guitarist/Gerry Rafferty</field><field name="path">/Pianist/Gerry Rafferty</field><field name="path">/Instrumentalist/Saxophonist/Gerry Rafferty</field><field name="path">/Singer/Gerry Rafferty</field><field name="path">/Songwriter/Gerry Rafferty</field><field name="memberOfGroup_ss.MaximumLength"></field><field name="Music_Writer_Type">Composer</field><field name="Music_Writer_Type">Songwriter</field><field name="Musician_Type">Instrumentalist</field><field name="Musician_Type">Bassist</field><field name="Musician_Type">Guitarist</field><field name="Musician_Type">Pianist</field><field name="Musician_Type">Saxophonist</field><field name="Musician_Type">Singer</field><field name="genres_ss">Blues</field><field name="genres_ss">Blues Rock</field><field name="genres_ss">Rock</field><field name="genres_ss">Folk</field><field name="genres_ss">Folk Rock</field><field name="genres_ss">Popular</field><field name="genres_ss">Pop</field><field name="genres_ss">Soft Rock</field><field name="memberOfGroup_ss">Stealers Wheel</field></doc><doc><field name="name">Gary Pipkin</field><field name="id">http://www.semanticweb.org/tedsullivan/ontologies/2015/5/music-10#Gary_Pipkin</field><field name="related_entity1_ss">Brice Coefield</field><field name="related_entity1_ss">Alanzo Willis</field><field name="Music_Writer_Type">Composer</field><field name="Music_Writer_Type">Songwriter</field><field name="path">/Songwriter/Gary Pipkin</field></doc><doc><field name="name">Charles Johnson</field><field name="id">http://www.semanticweb.org/tedsullivan/ontologies/2015/5/music-10#Charles_Johnson</field><field name="related_entity1_ss">Paul Fulton</field><field name="related_entity1_ss">Sammy Strain</field><field name="related_entity1_ss">Shedrick Lincoln</field><field name="related_entity1_ss">Nathaniel Epps</field><field name="Music_Writer_Type">Composer</field><field name="Music_Writer_Type">Songwriter</field><field name="memberOfGroup_ss.Length">9</field><field name="path">/Musician/Singer/Charles Johnson</field><field name="path">/Songwriter/Charles Johnson</field><field name="Musician_Type">Singer</field><field name="genres_ss">Rock</field><field name="genres_ss">Doo Wop</field><field name="memberOfGroup_ss">The Chips</field><field name="memberOfGroup_ss.MaximumLength"></field></doc><doc><field name="name">Cyndi Lauper</field><field name="id">http://www.semanticweb.org/tedsullivan/ontologies/2015/5/music-10#Cyndi_Lauper</field><field name="Music_Writer_Type">Composer</field><field name="Music_Writer_Type">Songwriter</field><field name="hasGenre.Count">4</field><field name="path">/Instrumentalist/Guitarist/Cyndi Lauper</field><field name="path">/Musician/Singer/Cyndi Lauper</field><field name="path">/Songwriter/Cyndi Lauper</field><field name="Musician_Type">Instrumentalist</field><field name="Musician_Type">Guitarist</field><field name="Musician_Type">Singer</field><field name="genres_ss">Rock</field><field name="genres_ss">New Wave</field><field name="genres_ss">Popular</field><field name="genres_ss">Pop</field></doc><doc><field name="name">Lionel Richie</field><field name="id">http://www.semanticweb.org/tedsullivan/ontologies/2015/5/music-10#Lionel_Richie</field><field name="related_entity1_ss">Country</field><field name="related_entity1_ss">Commodores</field><field name="Music_Writer_Type">Composer</field><field name="Music_Writer_Type">Songwriter</field><field name="hasGenre.Count">14</field><field name="path">/Record Producer/Lionel Richie</field><field name="path">/Musician/Singer/Lionel Richie</field><field name="path">/Songwriter/Lionel Richie</field><field name="Musician_Type">Singer</field><field name="genres_ss">Country</field><field name="genres_ss">Gospel</field><field name="genres_ss">Popular</field><field name="genres_ss">Pop</field><field name="genres_ss">Pop Rock</field><field name="genres_ss">Rock</field><field name="genres_ss">R&amp;B</field><field name="genres_ss">Soft Rock</field></doc><doc><field name="name">Jack Bruce</field><field name="id">http://www.semanticweb.org/tedsullivan/ontologies/2015/5/music-10#Jack_Bruce</field><field name="related_entity1_ss">Eric Clapton</field><field name="related_entity1_ss">Pete Brown</field><field name="memberOfGroup.Count">4</field><field name="memberOfGroup_ss.Length">27</field><field name="related_entity2_ss.Length">12</field><field name="path">/Bassist/Jack Bruce</field><field name="path">/Songwriter/Jack Bruce</field><field name="memberOfGroup_ss.MaximumLength"></field><field name="related_entity2_ss">Harvey Mandel</field><field name="related_entity2_ss">Tony Reeves</field><field name="related_entity2_ss">John Paulus</field><field name="related_entity2_ss">Hank Van Sickle</field><field name="related_entity2_ss">Cream</field><field name="related_entity2_ss">Don ,",Sugarcane,", Harris</field><field name="related_entity2_ss">Coco Montoya</field><field name="related_entity2_ss">Randy Resnick</field><field name="related_entity2_ss">Ross Appleman</field><field name="related_entity2_ss">Simon Bateman</field><field name="related_entity2_ss">Ginger Baker</field><field name="related_entity2_ss">John McVie</field><field name="related_entity2_ss">Mick Taylor</field><field name="related_entity2_ss">Victor Gaskin</field><field name="related_entity2_ss">Buddy Whittington</field><field name="related_entity2_ss">Rick Cortes</field><field name="related_entity2_ss">Peter Green</field><field name="related_entity2_ss">Kal David</field><field name="related_entity2_ss">Malcolm Poole</field><field name="related_entity2_ss">John Mayall</field><field name="related_entity2_ss">Andy Fraser</field><field name="related_entity2_ss">Larry Taylor</field><field name="related_entity2_ss">John Weider</field><field name="related_entity2_ss">Mick Fleetwood</field><field name="related_entity2_ss">James Quill Smith</field><field name="related_entity2_ss">Abu Talib</field><field name="related_entity2_ss">Kevin McCormick</field><field name="related_entity2_ss">Bernie Watson</field><field name="related_entity2_ss">Roger Dean</field><field name="related_entity2_ss">Geoff Krivet</field><field name="related_entity2_ss">Walter Trout</field><field name="related_entity2_ss">Hughie Flint</field><field name="Music_Writer_Type">Composer</field><field name="Music_Writer_Type">Songwriter</field><field name="Musician_Type">Instrumentalist</field><field name="Musician_Type">Bassist</field><field name="genres_ss">Rock</field><field name="memberOfGroup_ss">Cream</field><field name="memberOfGroup_ss">John Mayall's Bluesbreakers</field><field name="related_entity2_ss.MaximumLength"></field></doc><doc><field name="name">Bob Seger</field><field name="id">http://www.semanticweb.org/tedsullivan/ontologies/2015/5/music-10#Bob_Seger</field><field name="related_entity1_ss">Waylon Jennings</field><field name="related_entity1_ss">Bob Seger And The Silver Bullet Band</field><field name="related_entity1_ss">Metallica</field><field name="related_entity1_ss">Marshall Chapman</field><field name="Music_Writer_Type">Composer</field><field name="Music_Writer_Type">Songwriter</field><field name="memberOfGroup_ss.Length">36</field><field name="path">/Instrumentalist/Guitarist/Bob Seger</field><field name="path">/Musician/Singer/Bob Seger</field><field name="path">/Songwriter/Bob Seger</field><field name="Musician_Type">Instrumentalist</field><field name="Musician_Type">Guitarist</field><field name="Musician_Type">Singer</field><field name="genres_ss">Rock</field><field name="genres_ss">Rock &amp; Roll</field><field name="memberOfGroup_ss">Bob Seger And The Silver Bullet Band</field><field name="memberOfGroup_ss.MaximumLength"></field></doc><doc><field name="name">Bill ,",Sheriff Tex,", Davis</field><field name="id">http://www.semanticweb.org/tedsullivan/ontologies/2015/5/music-10#Bill_Sheriff_Tex_Davis</field><field name="related_entity1_ss">Donald Graves</field><field name="Music_Writer_Type">Composer</field><field name="Music_Writer_Type">Songwriter</field><field name="path">/Songwriter/Bill ,",Sheriff Tex,", Davis</field></doc><doc><field name="name">John Prine</field><field name="id">http://www.semanticweb.org/tedsullivan/ontologies/2015/5/music-10#John_Prine</field><field name="Music_Writer_Type">Composer</field><field name="Music_Writer_Type">Songwriter</field><field name="hasGenre.Count">6</field><field name="path">/Instrumentalist/Guitarist/John Prine</field><field name="path">/Musician/Singer/John Prine</field><field name="path">/Songwriter/John Prine</field><field name="Musician_Type">Instrumentalist</field><field name="Musician_Type">Guitarist</field><field name="Musician_Type">Singer</field><field name="genres_ss">Country</field><field name="genres_ss">Folk</field><field name="genres_ss">Progressive Bluegrass</field></doc><doc><field name="name">Alison Krauss</field><field name="id">http://www.semanticweb.org/tedsullivan/ontologies/2015/5/music-10#Alison_Krauss</field><field name="Music_Writer_Type">Composer</field><field name="Music_Writer_Type">Songwriter</field><field name="hasGenre.Count">4</field><field name="path">/Musician/Singer/Alison Krauss</field><field name="path">/Songwriter/Alison Krauss</field><field name="path">/Violinist/Alison Krauss</field><field name="Musician_Type">Singer</field><field name="Musician_Type">Instrumentalist</field><field name="Musician_Type">Violinist</field><field name="genres_ss">Classical</field><field name="genres_ss">Jazz</field></doc><doc><field name="name">R. Dean Taylor</field><field name="id">http://www.semanticweb.org/tedsullivan/ontologies/2015/5/music-10#R._Dean_Taylor</field><field name="related_entity1_ss">Pam Sawyer</field><field name="related_entity1_ss">Deke Richards</field><field name="related_entity1_ss">Frank Wilson</field><field name="Music_Writer_Type">Composer</field><field name="Music_Writer_Type">Songwriter</field><field name="path">/Record Producer/R. Dean Taylor</field><field name="path">/Musician/Singer/R. Dean Taylor</field><field name="path">/Songwriter/R. Dean Taylor</field><field name="Musician_Type">Singer</field></doc><doc><field name="name">Roy Hall</field><field name="id">http://www.semanticweb.org/tedsullivan/ontologies/2015/5/music-10#Roy_Hall</field><field name="related_entity1_ss">Dave Williams</field><field name="Music_Writer_Type">Composer</field><field name="Music_Writer_Type">Songwriter</field><field name="path">/Songwriter/Roy Hall</field></doc><doc><field name="name">Keith Richards</field><field name="id">http://www.semanticweb.org/tedsullivan/ontologies/2015/5/music-10#Keith_Richards</field><field name="related_entity1_ss">Mick Jagger</field><field name="memberOfGroup.Count">4</field><field name="hasGenre.Count">4</field><field name="memberOfGroup_ss.Length">17</field><field name="related_entity2_ss.Length">13</field><field name="path">/Instrumentalist/Guitarist/Keith Richards</field><field name="path">/Songwriter/Keith Richards</field><field name="memberOfGroup_ss.MaximumLength"></field><field name="related_entity2_ss">Brian Jones</field><field name="related_entity2_ss">Ian Stewart</field><field name="related_entity2_ss">Rolling Stones</field><field name="related_entity2_ss">Bill Wyman</field><field name="related_entity2_ss">Ronnie Wood</field><field name="related_entity2_ss">Mick Taylor</field><field name="related_entity2_ss">Phil Spector</field><field name="related_entity2_ss">Richard Ashcroft</field><field name="related_entity2_ss">Nanker Phelge</field><field name="related_entity2_ss">Charlie Watts</field><field name="Music_Writer_Type">Composer</field><field name="Music_Writer_Type">Songwriter</field><field name="Musician_Type">Instrumentalist</field><field name="Musician_Type">Guitarist</field><field name="genres_ss">Rock</field><field name="genres_ss">Rock &amp; Roll</field><field name="memberOfGroup_ss">Rolling Stones</field><field name="memberOfGroup_ss">The Glimmer Twins</field><field name="related_entity2_ss.MaximumLength"></field></doc><doc><field name="name">Bart Howard</field><field name="id">http://www.semanticweb.org/tedsullivan/ontologies/2015/5/music-10#Bart_Howard</field><field name="Music_Writer_Type">Composer</field><field name="Music_Writer_Type">Songwriter</field><field name="path">/Songwriter/Bart Howard</field><field name="genres_ss">Popular</field></doc><doc><field name="name">Bobbie Gentry</field><field name="id">http://www.semanticweb.org/tedsullivan/ontologies/2015/5/music-10#Bobbie_Gentry</field><field name="Music_Writer_Type">Composer</field><field name="Music_Writer_Type">Songwriter</field><field name="path">/Musician/Singer/Bobbie Gentry</field><field name="path">/Songwriter/Bobbie Gentry</field><field name="Musician_Type">Singer</field></doc><doc><field name="name">Jon Bon Jovi</field><field name="id">http://www.semanticweb.org/tedsullivan/ontologies/2015/5/music-10#Jon_Bon_Jovi</field><field name="related_entity1_ss">Richie Sambora</field><field name="related_entity2_ss">David Bryan</field><field name="related_entity2_ss">Bon Jovi</field><field name="related_entity2_ss">Tico Torres</field><field name="related_entity2_ss">Max Martin</field><field name="Music_Writer_Type">Composer</field><field name="Music_Writer_Type">Songwriter</field><field name="memberOfGroup_ss.Length">8</field><field name="related_entity2_ss.Length">10</field><field name="path">/Record Producer/Jon Bon Jovi</field><field name="path">/Musician/Singer/Jon Bon Jovi</field><field name="path">/Songwriter/Jon Bon Jovi</field><field name="Musician_Type">Singer</field><field name="memberOfGroup_ss">Bon Jovi</field><field name="memberOfGroup_ss.MaximumLength"></field><field name="related_entity2_ss.MaximumLength"></field></doc><doc><field name="name">Graham Nash</field><field name="id">http://www.semanticweb.org/tedsullivan/ontologies/2015/5/music-10#Graham_Nash</field><field name="related_entity1_ss">Neil Young</field><field name="related_entity1_ss">Bobby Elliott</field><field name="related_entity1_ss">Stephen Stills</field><field name="related_entity1_ss">Peter Howarth</field><field name="related_entity1_ss">Vic Steele</field><field name="related_entity1_ss">Ray Stiles</field><field name="related_entity1_ss">Tony Hicks</field><field name="related_entity1_ss">Steve Lauri</field><field name="related_entity1_ss">Eric Haydock</field><field name="related_entity1_ss">Bernie Calvert</field><field name="related_entity1_ss">Mikael Rickfors</field><field name="related_entity1_ss">Terry Sylvester</field><field name="related_entity1_ss">David Crosby</field><field name="related_entity1_ss">Ian Parker</field><field name="related_entity1_ss">Allan Clarke</field><field name="memberOfGroup.Count">4</field><field name="memberOfGroup_ss.Length">11</field><field name="path">/Instrumentalist/Guitarist/Graham Nash</field><field name="path">/Musician/Singer/Graham Nash</field><field name="path">/Songwriter/Graham Nash</field><field name="memberOfGroup_ss.MaximumLength"></field><field name="Music_Writer_Type">Composer</field><field name="Music_Writer_Type">Songwriter</field><field name="Musician_Type">Instrumentalist</field><field name="Musician_Type">Guitarist</field><field name="Musician_Type">Singer</field><field name="genres_ss">Rock</field><field name="memberOfGroup_ss">Crosby, Stills, Nash &amp; Young</field><field name="memberOfGroup_ss">The Hollies</field></doc><doc><field name="name">Bill Tilghman</field><field name="id">http://www.semanticweb.org/tedsullivan/ontologies/2015/5/music-10#Bill_Tilghman</field><field name="related_entity1_ss">Sonny West</field><field name="related_entity1_ss">Buddy Holly and the Crickets</field><field name="related_entity1_ss">Norman Petty</field><field name="Music_Writer_Type">Composer</field><field name="Music_Writer_Type">Songwriter</field><field name="path">/Songwriter/Bill Tilghman</field></doc><doc><field name="name">Leon D Youngblood</field><field name="id">http://www.semanticweb.org/tedsullivan/ontologies/2015/5/music-10#Leon_D_Youngblood</field><field name="related_entity1_ss">Amethyst Amelia Kelly</field><field name="related_entity1_ss">Jennifer Lopez</field><field name="related_entity1_ss">James Smith</field><field name="related_entity1_ss">Terence Coles</field><field name="related_entity1_ss">Mark Pitts</field><field name="related_entity1_ss">Yonatan Ayal</field><field name="Music_Writer_Type">Composer</field><field name="Music_Writer_Type">Songwriter</field><field name="path">/Songwriter/Leon D Youngblood</field></doc><doc><field name="name">Chuck Berry</field><field name="id">http://www.semanticweb.org/tedsullivan/ontologies/2015/5/music-10#Chuck_Berry</field><field name="Music_Writer_Type">Composer</field><field name="Music_Writer_Type">Songwriter</field><field name="path">/Instrumentalist/Guitarist/Chuck Berry</field><field name="path">/Musician/Singer/Chuck Berry</field><field name="path">/Songwriter/Chuck Berry</field><field name="Musician_Type">Instrumentalist</field><field name="Musician_Type">Guitarist</field><field name="Musician_Type">Singer</field><field name="genres_ss">Rock</field><field name="genres_ss">Rock &amp; Roll</field></doc><doc><field name="name">Allie Wrubel</field><field name="id">http://www.semanticweb.org/tedsullivan/ontologies/2015/5/music-10#Allie_Wrubel</field><field name="related_entity1_ss">Ray Gilbert</field><field name="Music_Writer_Type">Composer</field><field name="Music_Writer_Type">Songwriter</field><field name="path">/Songwriter/Allie Wrubel</field></doc><doc><field name="name">Frederick K. Hollander</field><field name="id">http://www.semanticweb.org/tedsullivan/ontologies/2015/5/music-10#Frederick_K._Hollander</field><field name="related_entity1_ss">Ralph Freed</field><field name="Music_Writer_Type">Composer</field><field name="Music_Writer_Type">Songwriter</field><field name="path">/Songwriter/Frederick K. Hollander</field></doc><doc><field name="name">Jerry Butler</field><field name="id">http://www.semanticweb.org/tedsullivan/ontologies/2015/5/music-10#Jerry_Butler</field><field name="related_entity1_ss">Otis Redding</field><field name="related_entity1_ss">Fred Cash</field><field name="related_entity1_ss">Arthur Brooks</field><field name="related_entity1_ss">Sam Gooden</field><field name="related_entity1_ss">Curtis Mayfield</field><field name="Music_Writer_Type">Composer</field><field name="Music_Writer_Type">Songwriter</field><field name="memberOfGroup_ss.Length">15</field><field name="path">/Musician/Singer/Jerry Butler</field><field name="path">/Songwriter/Jerry Butler</field><field name="Musician_Type">Singer</field><field name="memberOfGroup_ss">The Impressions</field><field name="memberOfGroup_ss.MaximumLength"></field></doc><doc><field name="name">Gilberto Gil</field><field name="id">http://www.semanticweb.org/tedsullivan/ontologies/2015/5/music-10#Gilberto_Gil</field><field name="Music_Writer_Type">Composer</field><field name="Music_Writer_Type">Songwriter</field><field name="path">/Instrumentalist/Guitarist/Gilberto Gil</field><field name="path">/Musician/Singer/Gilberto Gil</field><field name="path">/Songwriter/Gilberto Gil</field><field name="Musician_Type">Instrumentalist</field><field name="Musician_Type">Guitarist</field><field name="Musician_Type">Singer</field></doc><doc><field name="name">Jay Hawkins</field><field name="id">http://www.semanticweb.org/tedsullivan/ontologies/2015/5/music-10#Jay_Hawkins</field><field name="related_entity1_ss">Herb Slotkin</field><field name="Music_Writer_Type">Composer</field><field name="Music_Writer_Type">Songwriter</field><field name="synonym.Count">2</field><field name="path">/Musician/Singer/Jay Hawkins</field><field name="path">/Songwriter/Jay Hawkins</field><field name="synonym">{"text":["Screamin","'"," Jay Hawkins"]}</field><field name="synonym">{"text":["Jalacy Hawkins"]}</field><field name="Musician_Type">Singer</field></doc><doc><field name="name">Herb Jeffries</field><field name="id">http://www.semanticweb.org/tedsullivan/ontologies/2015/5/music-10#Herb_Jeffries</field><field name="related_entity1_ss">Duke Ellington Orchestra</field><field name="Music_Writer_Type">Composer</field><field name="Music_Writer_Type">Songwriter</field><field name="hasGenre.Count">4</field><field name="path">/Musician/Singer/Herb Jeffries</field><field name="path">/Songwriter/Herb Jeffries</field><field name="Musician_Type">Singer</field><field name="genres_ss">Jazz</field><field name="genres_ss">Popular</field></doc><doc><field name="name">Stevie Ray Vaughn</field><field name="id">http://www.semanticweb.org/tedsullivan/ontologies/2015/5/music-10#Stevie_Ray_Vaughn</field><field name="related_entity1_ss">Larry Davis</field><field name="memberOfGroup_ss.Length">14</field><field name="related_entity2_ss.Length">12</field><field name="path">/Instrumentalist/Guitarist/Stevie Ray Vaughn</field><field name="path">/Songwriter/Stevie Ray Vaughn</field><field name="memberOfGroup_ss.MaximumLength"></field><field name="related_entity2_ss">Albert King</field><field name="related_entity2_ss">Chris Layton</field><field name="related_entity2_ss">Double Trouble</field><field name="related_entity2_ss">Joseph Scott</field><field name="related_entity2_ss">Tommy Shannon</field><field name="related_entity2_ss">Lou Ann Barton</field><field name="related_entity2_ss">Reese Wynans</field><field name="Music_Writer_Type">Composer</field><field name="Music_Writer_Type">Songwriter</field><field name="Musician_Type">Instrumentalist</field><field name="Musician_Type">Guitarist</field><field name="genres_ss">Blues</field><field name="memberOfGroup_ss">Double Trouble</field><field name="related_entity2_ss.MaximumLength"></field></doc><doc><field name="name">John Prestia</field><field name="id">http://www.semanticweb.org/tedsullivan/ontologies/2015/5/music-10#John_Prestia</field><field name="related_entity1_ss">Dickie Betts</field><field name="Music_Writer_Type">Composer</field><field name="Music_Writer_Type">Songwriter</field><field name="path">/Songwriter/John Prestia</field></doc><doc><field name="name">Joe Rock</field><field name="id">http://www.semanticweb.org/tedsullivan/ontologies/2015/5/music-10#Joe_Rock</field><field name="related_entity1_ss">Otis Redding</field><field name="related_entity1_ss">Zelma Redding</field><field name="Music_Writer_Type">Composer</field><field name="Music_Writer_Type">Songwriter</field><field name="path">/Songwriter/Joe Rock</field></doc><doc><field name="name">Al Neiburg</field><field name="id">http://www.semanticweb.org/tedsullivan/ontologies/2015/5/music-10#Al_Neiburg</field><field name="related_entity1_ss">Jerry Livingston</field><field name="related_entity1_ss">Marty Symes</field><field name="Music_Writer_Type">Composer</field><field name="Music_Writer_Type">Songwriter</field><field name="path">/Songwriter/Al Neiburg</field></doc><doc><field name="name">Leon Roppolo</field><field name="id">http://www.semanticweb.org/tedsullivan/ontologies/2015/5/music-10#Leon_Roppolo</field><field name="related_entity1_ss">George Brunies</field><field name="related_entity1_ss">Mel Stitzel</field><field name="related_entity1_ss">Elmer Schoebel</field><field name="related_entity1_ss">Paul Mares</field><field name="related_entity2_ss">Walter Melrose</field><field name="related_entity2_ss">Arnold Loyacano</field><field name="related_entity2_ss">Jack Pettis</field><field name="related_entity2_ss">Frank Snyder</field><field name="related_entity2_ss">Bill Norvas</field><field name="related_entity2_ss">Ben Pollack</field><field name="related_entity2_ss">Alan Copeland</field><field name="Music_Writer_Type">Composer</field><field name="Music_Writer_Type">Songwriter</field><field name="memberOfGroup_ss.Length">24</field><field name="related_entity2_ss.Length">13</field><field name="path">/Clarinetist/Leon Roppolo</field><field name="path">/Instrumentalist/Guitarist/Leon Roppolo</field><field name="path">/Instrumentalist/Saxophonist/Leon Roppolo</field><field name="path">/Songwriter/Leon Roppolo</field><field name="Musician_Type">Instrumentalist</field><field name="Musician_Type">Clarinetist</field><field name="Musician_Type">Guitarist</field><field name="Musician_Type">Saxophonist</field><field name="memberOfGroup_ss">New Orleans Rhythm Kings</field><field name="memberOfGroup_ss.MaximumLength"></field><field name="related_entity2_ss.MaximumLength"></field></doc><doc><field name="name">Steve Winwood</field><field name="id">http://www.semanticweb.org/tedsullivan/ontologies/2015/5/music-10#Steve_Winwood</field><field name="related_entity1_ss">Jim Capaldi</field><field name="memberOfGroup.Count">6</field><field name="memberOfGroup_ss.Length">7</field><field name="related_entity2_ss.Length">13</field><field name="path">/Instrumentalist/Guitarist/Steve Winwood</field><field name="path">/Keyboardist/Steve Winwood</field><field name="path">/Musician/Singer/Steve Winwood</field><field name="path">/Songwriter/Steve Winwood</field><field name="memberOfGroup_ss.MaximumLength"></field><field name="related_entity2_ss">Ginger Baker</field><field name="related_entity2_ss">Bill Wyman</field><field name="related_entity2_ss">Muff Winwood</field><field name="related_entity2_ss">Ric Grech</field><field name="related_entity2_ss">Howlin' Wolf</field><field name="related_entity2_ss">Spencer Davis</field><field name="related_entity2_ss">Dave Mason</field><field name="related_entity2_ss">Eric Clapton</field><field name="related_entity2_ss">Charlie Watts</field><field name="Music_Writer_Type">Composer</field><field name="Music_Writer_Type">Songwriter</field><field name="Musician_Type">Instrumentalist</field><field name="Musician_Type">Guitarist</field><field name="Musician_Type">Keyboardist</field><field name="Musician_Type">Singer</field><field name="genres_ss">Rock</field><field name="memberOfGroup_ss">Blind Faith</field><field name="memberOfGroup_ss">The Spencer Davis Group</field><field name="memberOfGroup_ss">Traffic</field><field name="related_entity2_ss.MaximumLength"></field></doc><doc><field name="name">Artie Zwirn</field><field name="id">http://www.semanticweb.org/tedsullivan/ontologies/2015/5/music-10#Artie_Zwirn</field><field name="related_entity1_ss">Harry Giosasi</field><field name="Music_Writer_Type">Composer</field><field name="Music_Writer_Type">Songwriter</field><field name="path">/Songwriter/Artie Zwirn</field></doc><doc><field name="name">Curtis Mayfield</field><field name="id">http://www.semanticweb.org/tedsullivan/ontologies/2015/5/music-10#Curtis_Mayfield</field><field name="related_entity1_ss">Fred Cash</field><field name="related_entity1_ss">Jerry Butler</field><field name="related_entity1_ss">Joseph Scott</field><field name="related_entity1_ss">Sam Gooden</field><field name="hasGenre.Count">4</field><field name="memberOfGroup_ss.Length">15</field><field name="path">/Instrumentalist/Guitarist/Curtis Mayfield</field><field name="path">/Musician/Singer/Curtis Mayfield</field><field name="path">/Songwriter/Curtis Mayfield</field><field name="memberOfGroup_ss.MaximumLength"></field><field name="Music_Writer_Type">Composer</field><field name="Music_Writer_Type">Songwriter</field><field name="Musician_Type">Instrumentalist</field><field name="Musician_Type">Guitarist</field><field name="Musician_Type">Singer</field><field name="genres_ss">Jazz</field><field name="genres_ss">Rock</field><field name="memberOfGroup_ss">The Impressions</field></doc><doc><field name="name">Gloria Caldwell</field><field name="id">http://www.semanticweb.org/tedsullivan/ontologies/2015/5/music-10#Gloria_Caldwell</field><field name="related_entity1_ss">Sol Marcus</field><field name="related_entity1_ss">Bennie Benjamin</field><field name="Music_Writer_Type">Composer</field><field name="Music_Writer_Type">Songwriter</field><field name="path">/Songwriter/Gloria Caldwell</field></doc><doc><field name="name">Peter Buck</field><field name="id">http://www.semanticweb.org/tedsullivan/ontologies/2015/5/music-10#Peter_Buck</field><field name="related_entity1_ss">Bill Berry</field><field name="related_entity1_ss">Michael Stipe</field><field name="related_entity1_ss">Mike Mills</field><field name="Music_Writer_Type">Composer</field><field name="Music_Writer_Type">Songwriter</field><field name="memberOfGroup_ss.Length">5</field><field name="path">/Instrumentalist/Guitarist/Peter Buck</field><field name="path">/Songwriter/Peter Buck</field><field name="Musician_Type">Instrumentalist</field><field name="Musician_Type">Guitarist</field><field name="memberOfGroup_ss">R.E.M</field><field name="memberOfGroup_ss.MaximumLength"></field></doc><doc><field name="name">Larry Davis</field><field name="id">http://www.semanticweb.org/tedsullivan/ontologies/2015/5/music-10#Larry_Davis</field><field name="related_entity1_ss">Stevie Ray Vaughn</field><field name="related_entity1_ss">Double Trouble</field><field name="related_entity1_ss">Joseph Scott</field><field name="Music_Writer_Type">Composer</field><field name="Music_Writer_Type">Songwriter</field><field name="path">/Instrumentalist/Guitarist/Larry Davis</field><field name="path">/Musician/Singer/Larry Davis</field><field name="path">/Songwriter/Larry Davis</field><field name="Musician_Type">Instrumentalist</field><field name="Musician_Type">Guitarist</field><field name="Musician_Type">Singer</field></doc><doc><field name="name">Bob Tubert</field><field name="id">http://www.semanticweb.org/tedsullivan/ontologies/2015/5/music-10#Bob_Tubert</field><field name="related_entity1_ss">Jerry Lee Lewis</field><field name="Music_Writer_Type">Composer</field><field name="Music_Writer_Type">Songwriter</field><field name="path">/Songwriter/Bob Tubert</field></doc><doc><field name="name">Kim Fowley</field><field name="id">http://www.semanticweb.org/tedsullivan/ontologies/2015/5/music-10#Kim_Fowley</field><field name="related_entity1_ss">Joan Jett</field><field name="Music_Writer_Type">Composer</field><field name="Music_Writer_Type">Songwriter</field><field name="path">/Record Producer/Kim Fowley</field><field name="path">/Musician/Singer/Kim Fowley</field><field name="path">/Songwriter/Kim Fowley</field><field name="Musician_Type">Singer</field></doc><doc><field name="name">Stan Jones</field><field name="id">http://www.semanticweb.org/tedsullivan/ontologies/2015/5/music-10#Stan_Jones</field><field name="path">/Songwriter/Stan Jones</field><field name="Music_Writer_Type">Composer</field><field name="Music_Writer_Type">Songwriter</field></doc><doc><field name="name">Dennis Wilson</field><field name="id">http://www.semanticweb.org/tedsullivan/ontologies/2015/5/music-10#Dennis_Wilson</field><field name="related_entity1_ss">Mike Love</field><field name="related_entity1_ss">Al Jardine</field><field name="related_entity1_ss">Bruce Johnston</field><field name="related_entity1_ss">Blondie Chaplin</field><field name="related_entity1_ss">Ricky Fataar</field><field name="related_entity1_ss">David Marks</field><field name="related_entity1_ss">Brian Wilson</field><field name="related_entity1_ss">Carl Wilson</field><field name="Music_Writer_Type">Composer</field><field name="Music_Writer_Type">Songwriter</field><field name="memberOfGroup_ss.Length">10</field><field name="path">/Drummer/Dennis Wilson</field><field name="path">/Keyboardist/Dennis Wilson</field><field name="path">/Musician/Singer/Dennis Wilson</field><field name="path">/Songwriter/Dennis Wilson</field><field name="Musician_Type">Instrumentalist</field><field name="Musician_Type">Drummer</field><field name="Musician_Type">Keyboardist</field><field name="Musician_Type">Singer</field><field name="memberOfGroup_ss">Beach Boys</field><field name="memberOfGroup_ss.MaximumLength"></field></doc><doc><field name="name">James Blanco Martin</field><field name="id">http://www.semanticweb.org/tedsullivan/ontologies/2015/5/music-10#James_Blanco_Martin</field><field name="related_entity1_ss">Mike Patton</field><field name="related_entity1_ss">Billy Gould</field><field name="related_entity1_ss">Mike Bordin</field><field name="related_entity1_ss">Roddy Bottum</field><field name="Music_Writer_Type">Composer</field><field name="Music_Writer_Type">Songwriter</field><field name="path">/Songwriter/James Blanco Martin</field></doc><doc><field name="name">Ann Ronell</field><field name="id">http://www.semanticweb.org/tedsullivan/ontologies/2015/5/music-10#Ann_Ronell</field><field name="path">/Songwriter/Ann Ronell</field><field name="Music_Writer_Type">Composer</field><field name="Music_Writer_Type">Songwriter</field></doc><doc><field name="name">Maurice Dollison</field><field name="id">http://www.semanticweb.org/tedsullivan/ontologies/2015/5/music-10#Maurice_Dollison</field><field name="related_entity1_ss">Monk Higgins</field><field name="Music_Writer_Type">Composer</field><field name="Music_Writer_Type">Songwriter</field><field name="path">/Songwriter/Maurice Dollison</field><field name="genres_ss">Blues</field></doc><doc><field name="name">Spooner Oldham</field><field name="id">http://www.semanticweb.org/tedsullivan/ontologies/2015/5/music-10#Spooner_Oldham</field><field name="related_entity1_ss">Dan Penn</field><field name="Music_Writer_Type">Composer</field><field name="Music_Writer_Type">Songwriter</field><field name="path">/Songwriter/Spooner Oldham</field><field name="genres_ss">R&amp;B</field></doc><doc><field name="name">Patsy Bruce</field><field name="id">http://www.semanticweb.org/tedsullivan/ontologies/2015/5/music-10#Patsy_Bruce</field><field name="related_entity1_ss">Ed Bruce</field><field name="Music_Writer_Type">Composer</field><field name="Music_Writer_Type">Songwriter</field><field name="path">/Songwriter/Patsy Bruce</field></doc><doc><field name="name">Janis Ian</field><field name="id">http://www.semanticweb.org/tedsullivan/ontologies/2015/5/music-10#Janis_Ian</field><field name="Music_Writer_Type">Composer</field><field name="Music_Writer_Type">Songwriter</field><field name="path">/Instrumentalist/Guitarist/Janis Ian</field><field name="path">/Musician/Singer/Janis Ian</field><field name="path">/Songwriter/Janis Ian</field><field name="Musician_Type">Instrumentalist</field><field name="Musician_Type">Guitarist</field><field name="Musician_Type">Singer</field></doc><doc><field name="name">Denny Laine</field><field name="id">http://www.semanticweb.org/tedsullivan/ontologies/2015/5/music-10#Denny_Laine</field><field name="related_entity1_ss">Rodney Clark</field><field name="related_entity1_ss">Ray Thomas</field><field name="related_entity1_ss">Mike Pinder</field><field name="related_entity1_ss">John Lodge</field><field name="related_entity1_ss">Paul McCartney</field><field name="related_entity1_ss">Clint Warwick</field><field name="related_entity1_ss">Justin Hayward</field><field name="related_entity1_ss">Graeme Edge</field><field name="related_entity1_ss">Patrick Moraz</field><field name="Music_Writer_Type">Composer</field><field name="Music_Writer_Type">Songwriter</field><field name="memberOfGroup.Count">4</field><field name="memberOfGroup_ss.Length">5</field><field name="path">/Instrumentalist/Guitarist/Denny Laine</field><field name="path">/Musician/Singer/Denny Laine</field><field name="path">/Songwriter/Denny Laine</field><field name="Musician_Type">Instrumentalist</field><field name="Musician_Type">Guitarist</field><field name="Musician_Type">Singer</field><field name="memberOfGroup_ss">Moody Blues</field><field name="memberOfGroup_ss">Wings</field><field name="memberOfGroup_ss.MaximumLength"></field></doc><doc><field name="name">Ewart B. Abner</field><field name="id">http://www.semanticweb.org/tedsullivan/ontologies/2015/5/music-10#Ewart_B._Abner</field><field name="related_entity1_ss">John C. Moore</field><field name="Music_Writer_Type">Composer</field><field name="Music_Writer_Type">Songwriter</field><field name="path">/Songwriter/Ewart B. Abner</field></doc><doc><field name="name">Boris Williams</field><field name="id">http://www.semanticweb.org/tedsullivan/ontologies/2015/5/music-10#Boris_Williams</field><field name="related_entity1_ss">Robert Smith</field><field name="related_entity1_ss">Porl Thompson</field><field name="related_entity1_ss">Roger O'Donnell</field><field name="related_entity1_ss">Lol Tolhurst</field><field name="related_entity1_ss">Simon Gallup</field><field name="Music_Writer_Type">Composer</field><field name="Music_Writer_Type">Songwriter</field><field name="path">/Songwriter/Boris Williams</field></doc><doc><field name="name">William Garrett</field><field name="id">http://www.semanticweb.org/tedsullivan/ontologies/2015/5/music-10#William_Garrett</field><field name="related_entity1_ss">Georgia Dobbins</field><field name="related_entity1_ss">Brian Holland</field><field name="related_entity1_ss">Freddie Gorman</field><field name="Music_Writer_Type">Composer</field><field name="Music_Writer_Type">Songwriter</field><field name="path">/Songwriter/William Garrett</field></doc><doc><field name="name">Gabor Szabo</field><field name="id">http://www.semanticweb.org/tedsullivan/ontologies/2015/5/music-10#Gabor_Szabo</field><field name="related_entity1_ss">Peter Green</field><field name="Music_Writer_Type">Composer</field><field name="Music_Writer_Type">Songwriter</field><field name="path">/Songwriter/Gabor Szabo</field></doc><doc><field name="name">Phil Cody</field><field name="id">http://www.semanticweb.org/tedsullivan/ontologies/2015/5/music-10#Phil_Cody</field><field name="related_entity1_ss">Neil Sedaka</field><field name="Music_Writer_Type">Composer</field><field name="Music_Writer_Type">Songwriter</field><field name="path">/Songwriter/Phil Cody</field></doc><doc><field name="name">Richie Furay</field><field name="id">http://www.semanticweb.org/tedsullivan/ontologies/2015/5/music-10#Richie_Furay</field><field name="related_entity1_ss">Neil Young</field><field name="related_entity1_ss">Rusty Young</field><field name="related_entity1_ss">Timothy B. Schmit</field><field name="related_entity1_ss">Dewey Martin</field><field name="related_entity1_ss">Jim Messina</field><field name="related_entity1_ss">Stephen Stills</field><field name="related_entity1_ss">Randy Meisner</field><field name="related_entity1_ss">Bruce Palmer</field><field name="related_entity1_ss">George Grantham</field><field name="memberOfGroup.Count">4</field><field name="hasGenre.Count">4</field><field name="memberOfGroup_ss.Length">4</field><field name="path">/Instrumentalist/Guitarist/Richie Furay</field><field name="path">/Musician/Singer/Richie Furay</field><field name="path">/Songwriter/Richie Furay</field><field name="memberOfGroup_ss.MaximumLength"></field><field name="Music_Writer_Type">Composer</field><field name="Music_Writer_Type">Songwriter</field><field name="Musician_Type">Instrumentalist</field><field name="Musician_Type">Guitarist</field><field name="Musician_Type">Singer</field><field name="genres_ss">Blues</field><field name="genres_ss">Blues Rock</field><field name="genres_ss">Rock</field><field name="genres_ss">Folk</field><field name="genres_ss">Folk Rock</field><field name="memberOfGroup_ss">Buffalo Springfield</field><field name="memberOfGroup_ss">Poco</field></doc><doc><field name="name">Maurice White</field><field name="id">http://www.semanticweb.org/tedsullivan/ontologies/2015/5/music-10#Maurice_White</field><field name="related_entity1_ss">Charles Stepney</field><field name="related_entity1_ss">Verdine White</field><field name="related_entity2_ss">Earth, Wind and Fire</field><field name="Music_Writer_Type">Composer</field><field name="Music_Writer_Type">Songwriter</field><field name="memberOfGroup_ss.Length">20</field><field name="related_entity2_ss.Length">20</field><field name="path">/Record Producer/Maurice White</field><field name="path">/Musician/Singer/Maurice White</field><field name="path">/Songwriter/Maurice White</field><field name="Musician_Type">Singer</field><field name="memberOfGroup_ss">Earth, Wind and Fire</field><field name="memberOfGroup_ss.MaximumLength"></field><field name="related_entity2_ss.MaximumLength"></field></doc><doc><field name="name">Timmy Thomas</field><field name="id">http://www.semanticweb.org/tedsullivan/ontologies/2015/5/music-10#Timmy_Thomas</field><field name="related_entity1_ss">Louis F. Pace</field><field name="Music_Writer_Type">Composer</field><field name="Music_Writer_Type">Songwriter</field><field name="path">/Songwriter/Timmy Thomas</field></doc><doc><field name="name">Lennie Martin</field><field name="id">http://www.semanticweb.org/tedsullivan/ontologies/2015/5/music-10#Lennie_Martin</field><field name="related_entity1_ss">Janet Vogel</field><field name="related_entity1_ss">Jackie Taylor</field><field name="related_entity1_ss">Joseph Rock</field><field name="related_entity1_ss">James Beaumont</field><field name="related_entity1_ss">Wally Lester</field><field name="related_entity1_ss">Joe VanScharnen</field><field name="Music_Writer_Type">Composer</field><field name="Music_Writer_Type">Songwriter</field><field name="path">/Songwriter/Lennie Martin</field></doc><doc><field name="name">Murray Wisell</field><field name="id">http://www.semanticweb.org/tedsullivan/ontologies/2015/5/music-10#Murray_Wisell</field><field name="path">/Songwriter/Murray Wisell</field><field name="Music_Writer_Type">Composer</field><field name="Music_Writer_Type">Songwriter</field></doc><doc><field name="name">Brian Henningsen</field><field name="id">http://www.semanticweb.org/tedsullivan/ontologies/2015/5/music-10#Brian_Henningsen</field><field name="related_entity1_ss">Clara Henningsen</field><field name="Music_Writer_Type">Composer</field><field name="Music_Writer_Type">Songwriter</field><field name="path">/Songwriter/Brian Henningsen</field></doc><doc><field name="name">Boz Scaggs</field><field name="id">http://www.semanticweb.org/tedsullivan/ontologies/2015/5/music-10#Boz_Scaggs</field><field name="Music_Writer_Type">Composer</field><field name="Music_Writer_Type">Songwriter</field><field name="path">/Musician/Singer/Boz Scaggs</field><field name="path">/Songwriter/Boz Scaggs</field><field name="Musician_Type">Singer</field></doc><doc><field name="name">John Lennon</field><field name="id">http://www.semanticweb.org/tedsullivan/ontologies/2015/5/music-10#John_Lennon</field><field name="related_entity1_ss">Paul McCartney</field><field name="memberOfGroup.Count">4</field><field name="memberOfGroup_ss.Length">16</field><field name="related_entity2_ss.Length">12</field><field name="path">/Instrumentalist/Guitarist/John Lennon</field><field name="path">/Musician/Singer/John Lennon</field><field name="path">/Songwriter/John Lennon</field><field name="memberOfGroup_ss.MaximumLength"></field><field name="related_entity2_ss">George Harrison</field><field name="related_entity2_ss">Yoko Ono</field><field name="related_entity2_ss">Phil Spector</field><field name="related_entity2_ss">Ringo Starr</field><field name="related_entity2_ss">Sean Lennon</field><field name="related_entity2_ss">Rock &amp; Roll</field><field name="related_entity2_ss">Stuart Sutcliffe</field><field name="related_entity2_ss">Beatles</field><field name="related_entity2_ss">Pete Best</field><field name="related_entity2_ss">Harry Nilsson</field><field name="related_entity2_ss">Eric Clapton</field><field name="Music_Writer_Type">Composer</field><field name="Music_Writer_Type">Songwriter</field><field name="Musician_Type">Instrumentalist</field><field name="Musician_Type">Guitarist</field><field name="Musician_Type">Singer</field><field name="genres_ss">Rock</field><field name="memberOfGroup_ss">Beatles</field><field name="memberOfGroup_ss">Plastic Ono Band</field><field name="related_entity2_ss.MaximumLength"></field></doc><doc><field name="name">Kent Robbins</field><field name="id">http://www.semanticweb.org/tedsullivan/ontologies/2015/5/music-10#Kent_Robbins</field><field name="related_entity1_ss">Naomi Judd</field><field name="Music_Writer_Type">Composer</field><field name="Music_Writer_Type">Songwriter</field><field name="path">/Songwriter/Kent Robbins</field><field name="genres_ss">Country</field></doc><doc><field name="name">Chrissie Hynde</field><field name="id">http://www.semanticweb.org/tedsullivan/ontologies/2015/5/music-10#Chrissie_Hynde</field><field name="related_entity1_ss">James Honeyman-Scott</field><field name="related_entity1_ss">Martin Chambers</field><field name="Music_Writer_Type">Composer</field><field name="Music_Writer_Type">Songwriter</field><field name="memberOfGroup_ss.Length">14</field><field name="path">/Drummer/Chrissie Hynde</field><field name="path">/Instrumentalist/Guitarist/Chrissie Hynde</field><field name="path">/Harmonica Player/Chrissie Hynde</field><field name="path">/Pianist/Chrissie Hynde</field><field name="path">/Musician/Singer/Chrissie Hynde</field><field name="path">/Songwriter/Chrissie Hynde</field><field name="Musician_Type">Instrumentalist</field><field name="Musician_Type">Drummer</field><field name="Musician_Type">Guitarist</field><field name="Musician_Type">Harmonica Player</field><field name="Musician_Type">Pianist</field><field name="Musician_Type">Singer</field><field name="genres_ss">Rock</field><field name="memberOfGroup_ss">The Pretenders</field><field name="memberOfGroup_ss.MaximumLength"></field></doc><doc><field name="name">Nathan East</field><field name="id">http://www.semanticweb.org/tedsullivan/ontologies/2015/5/music-10#Nathan_East</field><field name="related_entity1_ss">Phil Collins</field><field name="related_entity1_ss">Philip Bailey</field><field name="Music_Writer_Type">Composer</field><field name="Music_Writer_Type">Songwriter</field><field name="path">/Songwriter/Nathan East</field></doc><doc><field name="name">Felice Bryant</field><field name="id">http://www.semanticweb.org/tedsullivan/ontologies/2015/5/music-10#Felice_Bryant</field><field name="related_entity1_ss">Diadorius Boudleaux Bryant</field><field name="related_entity2_ss">Everly Brothers</field><field name="Music_Writer_Type">Composer</field><field name="Music_Writer_Type">Songwriter</field><field name="related_entity2_ss.Length">15</field><field name="path">/Songwriter/Felice Bryant</field><field name="related_entity2_ss.MaximumLength"></field></doc><doc><field name="name">Tom Hambridge</field><field name="id">http://www.semanticweb.org/tedsullivan/ontologies/2015/5/music-10#Tom_Hambridge</field><field name="related_entity1_ss">Buddy Guy</field><field name="related_entity2_ss">Derek Trucks</field><field name="related_entity2_ss">Susan Tedeschi</field><field name="related_entity2_ss">Skin Deep</field><field name="Music_Writer_Type">Composer</field><field name="Music_Writer_Type">Songwriter</field><field name="related_entity2_ss.Length">9</field><field name="path">/Drummer/Tom Hambridge</field><field name="path">/Songwriter/Tom Hambridge</field><field name="Musician_Type">Instrumentalist</field><field name="Musician_Type">Drummer</field><field name="genres_ss">Blues</field><field name="related_entity2_ss.MaximumLength"></field></doc><doc><field name="name">Iggy Pop</field><field name="id">http://www.semanticweb.org/tedsullivan/ontologies/2015/5/music-10#Iggy_Pop</field><field name="related_entity1_ss">Ron Asheton</field><field name="memberOfGroup_ss.Length">11</field><field name="related_entity2_ss.Length">14</field><field name="path">/Drummer/Iggy Pop</field><field name="path">/Instrumentalist/Guitarist/Iggy Pop</field><field name="path">/Keyboardist/Iggy Pop</field><field name="path">/Musician/Singer/Iggy Pop</field><field name="path">/Songwriter/Iggy Pop</field><field name="memberOfGroup_ss.MaximumLength"></field><field name="related_entity2_ss">David Bowie</field><field name="related_entity2_ss">Scott Asheton</field><field name="related_entity2_ss">The Stooges</field><field name="related_entity2_ss">Toby Dammit</field><field name="related_entity2_ss">Dave Alexander</field><field name="Music_Writer_Type">Composer</field><field name="Music_Writer_Type">Songwriter</field><field name="Musician_Type">Instrumentalist</field><field name="Musician_Type">Drummer</field><field name="Musician_Type">Guitarist</field><field name="Musician_Type">Keyboardist</field><field name="Musician_Type">Singer</field><field name="genres_ss">Rock</field><field name="memberOfGroup_ss">The Stooges</field><field name="related_entity2_ss.MaximumLength"></field></doc><doc><field name="name">Harry M. Woods</field><field name="id">http://www.semanticweb.org/tedsullivan/ontologies/2015/5/music-10#Harry_M_Woods</field><field name="related_entity1_ss">Mort Dixon</field><field name="related_entity1_ss">Bernice Petkere</field><field name="related_entity1_ss">Haven Gillespie</field><field name="related_entity1_ss">Saul Chaplin</field><field name="related_entity1_ss">Harry Ruby</field><field name="related_entity1_ss">Reg Connelly</field><field name="related_entity1_ss">Bert Kalmar</field><field name="related_entity1_ss">Al Sherman</field><field name="related_entity1_ss">Jimmy Campbell</field><field name="Music_Writer_Type">Composer</field><field name="Music_Writer_Type">Songwriter</field><field name="memberOfGroup_ss.Length">13</field><field name="path">/Pianist/Harry M. Woods</field><field name="path">/Songwriter/Harry M. Woods</field><field name="Musician_Type">Instrumentalist</field><field name="Musician_Type">Pianist</field><field name="memberOfGroup_ss">Tin Pan Alley</field><field name="memberOfGroup_ss.MaximumLength"></field></doc><doc><field name="name">Sonny Boy Williamson II</field><field name="id">http://www.semanticweb.org/tedsullivan/ontologies/2015/5/music-10#Sonny_Boy_Williamson</field><field name="Music_Writer_Type">Composer</field><field name="Music_Writer_Type">Songwriter</field><field name="path">/Instrumentalist/Guitarist/Sonny Boy Williamson II</field><field name="path">/Musician/Singer/Sonny Boy Williamson II</field><field name="path">/Songwriter/Sonny Boy Williamson II</field><field name="Musician_Type">Instrumentalist</field><field name="Musician_Type">Guitarist</field><field name="Musician_Type">Singer</field><field name="genres_ss">Blues</field></doc><doc><field name="name">eden ahbez</field><field name="id">http://www.semanticweb.org/tedsullivan/ontologies/2015/5/music-10#eden_ahbez</field><field name="path">/Songwriter/eden ahbez</field><field name="Music_Writer_Type">Composer</field><field name="Music_Writer_Type">Songwriter</field></doc><doc><field name="name">Vernon Duke</field><field name="id">http://www.semanticweb.org/tedsullivan/ontologies/2015/5/music-10#Vernon_Duke</field><field name="related_entity1_ss">John La Touche</field><field name="related_entity1_ss">Yip Harburg</field><field name="Music_Writer_Type">Composer</field><field name="Music_Writer_Type">Songwriter</field><field name="path">/Songwriter/Vernon Duke</field></doc><doc><field name="name">Ann Wilson</field><field name="id">http://www.semanticweb.org/tedsullivan/ontologies/2015/5/music-10#Ann_Wilson</field><field name="related_entity1_ss">Nancy Wilson</field><field name="memberOfGroup_ss.Length">5</field><field name="related_entity2_ss.Length">11</field><field name="path">/Flautist/Ann Wilson</field><field name="path">/Musician/Singer/Ann Wilson</field><field name="path">/Songwriter/Ann Wilson</field><field name="memberOfGroup_ss.MaximumLength"></field><field name="related_entity2_ss">Mike Reno</field><field name="related_entity2_ss">Dean Pitchford</field><field name="related_entity2_ss">Roger Fisher</field><field name="related_entity2_ss">Michael Derosier</field><field name="related_entity2_ss">Eric Carmen</field><field name="Music_Writer_Type">Composer</field><field name="Music_Writer_Type">Songwriter</field><field name="Musician_Type">Instrumentalist</field><field name="Musician_Type">Flautist</field><field name="Musician_Type">Singer</field><field name="genres_ss">Rock</field><field name="genres_ss">Rock &amp; Roll</field><field name="memberOfGroup_ss">Heart</field><field name="related_entity2_ss.MaximumLength"></field></doc><doc><field name="name">Robert B. Sherman</field><field name="id">http://www.semanticweb.org/tedsullivan/ontologies/2015/5/music-10#Robert_B_Sherman</field><field name="related_entity1_ss">Richard M. Sherman</field><field name="Music_Writer_Type">Composer</field><field name="Music_Writer_Type">Songwriter</field><field name="path">/Songwriter/Robert B. Sherman</field></doc><doc><field name="name">Matt Johnson</field><field name="id">http://www.semanticweb.org/tedsullivan/ontologies/2015/5/music-10#Matt_Johnson</field><field name="related_entity1_ss">Keith Joyner</field><field name="related_entity1_ss">Jared Michael Nickerson</field><field name="related_entity1_ss">Peter Ashworth</field><field name="related_entity1_ss">James Eller</field><field name="related_entity1_ss">Brian MacLeod</field><field name="related_entity1_ss">Earl Harvin</field><field name="related_entity1_ss">Eric Schermerhorn</field><field name="related_entity1_ss">Simon Fisher Turner</field><field name="related_entity1_ss">Johnny Marr</field><field name="related_entity1_ss">Colin Lloyd Tucker</field><field name="related_entity1_ss">Spencer Campbell</field><field name="related_entity1_ss">Jim Fitting</field><field name="related_entity1_ss">Tom Johnston</field><field name="related_entity1_ss">Gail Ann Dorsey</field><field name="related_entity1_ss">D.C. Collard</field><field name="related_entity1_ss">Keith Laws</field><field name="Music_Writer_Type">Composer</field><field name="Music_Writer_Type">Songwriter</field><field name="memberOfGroup_ss.Length">7</field><field name="path">/Musician/Singer/Matt Johnson</field><field name="path">/Songwriter/Matt Johnson</field><field name="Musician_Type">Singer</field><field name="memberOfGroup_ss">The The</field><field name="memberOfGroup_ss.MaximumLength"></field></doc><doc><field name="name">Jacques Morali</field><field name="id">http://www.semanticweb.org/tedsullivan/ontologies/2015/5/music-10#Jacques_Morali</field><field name="related_entity1_ss">Victor Willis</field><field name="Music_Writer_Type">Composer</field><field name="Music_Writer_Type">Songwriter</field><field name="path">/Musician/Singer/Jacques Morali</field><field name="path">/Songwriter/Jacques Morali</field><field name="Musician_Type">Singer</field></doc><doc><field name="name">James Valentine</field><field name="id">http://www.semanticweb.org/tedsullivan/ontologies/2015/5/music-10#James_Valentine</field><field name="related_entity1_ss">Adam Levine</field><field name="hasGenre.Count">6</field><field name="memberOfGroup_ss.Length">8</field><field name="related_entity2_ss.Length">16</field><field name="path">/Instrumentalist/Guitarist/James Valentine</field><field name="path">/Keyboardist/James Valentine</field><field name="path">/Percussionist/James Valentine</field><field name="path">/Musician/Singer/James Valentine</field><field name="path">/Songwriter/James Valentine</field><field name="memberOfGroup_ss.MaximumLength"></field><field name="related_entity2_ss">Jesse Carmichael</field><field name="Music_Writer_Type">Composer</field><field name="Music_Writer_Type">Songwriter</field><field name="Musician_Type">Instrumentalist</field><field name="Musician_Type">Guitarist</field><field name="Musician_Type">Keyboardist</field><field name="Musician_Type">Percussionist</field><field name="Musician_Type">Singer</field><field name="genres_ss">Rock</field><field name="genres_ss">Alternative Rock</field><field name="genres_ss">Funk Rock</field><field name="genres_ss">Popular</field><field name="genres_ss">Pop Rock</field><field name="memberOfGroup_ss">Maroon 5</field><field name="related_entity2_ss.MaximumLength"></field></doc><doc><field name="name">Gary Troxel</field><field name="id">http://www.semanticweb.org/tedsullivan/ontologies/2015/5/music-10#Gary_Troxel</field><field name="related_entity1_ss">Gretchen Christopher</field><field name="related_entity1_ss">Barbara Ellis</field><field name="Music_Writer_Type">Composer</field><field name="Music_Writer_Type">Songwriter</field><field name="path">/Songwriter/Gary Troxel</field></doc><doc><field name="name">Jonathan Richman</field><field name="id">http://www.semanticweb.org/tedsullivan/ontologies/2015/5/music-10#Jonathan_Richman</field><field name="related_entity1_ss">The Modern Lovers</field><field name="Music_Writer_Type">Composer</field><field name="Music_Writer_Type">Songwriter</field><field name="memberOfGroup_ss.Length">17</field><field name="path">/Musician/Singer/Jonathan Richman</field><field name="path">/Songwriter/Jonathan Richman</field><field name="Musician_Type">Singer</field><field name="memberOfGroup_ss">The Modern Lovers</field><field name="memberOfGroup_ss.MaximumLength"></field></doc></add>
