<add><doc><field name="name">Day Tripper</field><field name="id">http://www.semanticweb.org/tedsullivan/ontologies/2015/5/music-10#Day_Tripper</field><field name="related_entity1_ss">Beatles</field><field name="composer_ss.MaximumLength"></field><field name="path">/Song/Day Tripper</field><field name="Composition_Type">Song</field><field name="composer_ss">John Lennon</field><field name="composer_ss">Paul McCartney</field><field name="original_performer.Length">7</field><field name="original_performer">Beatles</field><field name="composer_ss.Length">14</field><field name="Composition_Type.Length">4</field><field name="original_performer.MaximumLength"></field><field name="verb_ss">composed</field><field name="verb_ss">written</field><field name="verb_ss">authored</field><field name="verb_ss">wrote</field><field name="genres_ss">Rock</field><field name="verb_ss.Length">5</field><field name="verb_ss.MaximumLength"></field><field name="Composition_Type.MaximumLength"></field><field name="composer.Count">4</field></doc><doc><field name="name">Papa's Got a Brand New Bag</field><field name="id">http://www.semanticweb.org/tedsullivan/ontologies/2015/5/music-10#Papas_Got_a_Brand_New_Bag</field><field name="composer_ss.Length">11</field><field name="related_entity1_ss">James Brown</field><field name="Composition_Type.Length">4</field><field name="composer_ss.MaximumLength"></field><field name="original_performer.MaximumLength"></field><field name="verb_ss">composed</field><field name="verb_ss">written</field><field name="verb_ss">authored</field><field name="verb_ss">wrote</field><field name="path">/Song/Papa's Got a Brand New Bag</field><field name="Composition_Type">Song</field><field name="verb_ss.Length">5</field><field name="verb_ss.MaximumLength"></field><field name="Composition_Type.MaximumLength"></field><field name="composer_ss">James Brown</field><field name="original_performer.Length">11</field><field name="original_performer">James Brown</field></doc><doc><field name="name">Lady D'Arbanville</field><field name="id">http://www.semanticweb.org/tedsullivan/ontologies/2015/5/music-10#Lady_DArbanville</field><field name="related_entity1_ss">Cat Stevens</field><field name="composer_ss.MaximumLength"></field><field name="path">/Song/Lady D'Arbanville</field><field name="Composition_Type">Song</field><field name="composer_ss">Cat Stevens</field><field name="original_performer.Length">11</field><field name="original_performer">Cat Stevens</field><field name="composer_ss.Length">11</field><field name="Composition_Type.Length">4</field><field name="original_performer.MaximumLength"></field><field name="verb_ss">composed</field><field name="verb_ss">written</field><field name="verb_ss">authored</field><field name="verb_ss">wrote</field><field name="genres_ss">Folk</field><field name="genres_ss">Folk Rock</field><field name="genres_ss">Rock</field><field name="verb_ss.Length">5</field><field name="verb_ss.MaximumLength"></field><field name="Composition_Type.MaximumLength"></field></doc><doc><field name="name">Angel</field><field name="id">http://www.semanticweb.org/tedsullivan/ontologies/2015/5/music-10#Angel</field><field name="composer_ss.Length">12</field><field name="Composition_Type.Length">4</field><field name="composer_ss.MaximumLength"></field><field name="verb_ss">composed</field><field name="verb_ss">written</field><field name="verb_ss">authored</field><field name="verb_ss">wrote</field><field name="path">/Song/Angel</field><field name="Composition_Type">Song</field><field name="verb_ss.Length">5</field><field name="verb_ss.MaximumLength"></field><field name="Composition_Type.MaximumLength"></field><field name="composer_ss">Jimi Hendrix</field></doc><doc><field name="name">Man We Was Lonely</field><field name="id">http://www.semanticweb.org/tedsullivan/ontologies/2015/5/music-10#Man_We_Was_Lonely</field><field name="related_entity1_ss">Paul McCartney</field><field name="composer_ss.MaximumLength"></field><field name="path">/Song/Man We Was Lonely</field><field name="Composition_Type">Song</field><field name="composer_ss">Paul McCartney</field><field name="original_performer.Length">14</field><field name="original_performer">Paul McCartney</field><field name="composer_ss.Length">14</field><field name="Composition_Type.Length">4</field><field name="original_performer.MaximumLength"></field><field name="verb_ss">composed</field><field name="verb_ss">written</field><field name="verb_ss">authored</field><field name="verb_ss">wrote</field><field name="genres_ss">Rock</field><field name="genres_ss">Soft Rock</field><field name="verb_ss.Length">5</field><field name="verb_ss.MaximumLength"></field><field name="Composition_Type.MaximumLength"></field></doc><doc><field name="name">Poor Butterfly</field><field name="id">http://www.semanticweb.org/tedsullivan/ontologies/2015/5/music-10#Poor_Butterfly</field><field name="composer_ss.Length">15</field><field name="Composition_Type.Length">4</field><field name="composer_ss.MaximumLength"></field><field name="lyricist_ss.MaximumLength"></field><field name="verb_ss">composed</field><field name="verb_ss">written</field><field name="verb_ss">authored</field><field name="verb_ss">wrote</field><field name="path">/Song/Poor Butterfly</field><field name="lyricist_ss.Length">11</field><field name="Composition_Type">Song</field><field name="lyricist_ss">John Golden</field><field name="verb_ss.Length">5</field><field name="verb_ss.MaximumLength"></field><field name="Composition_Type.MaximumLength"></field><field name="composer_ss">Raymond Hubbell</field></doc><doc><field name="name">Shine On You Crazy Diamonds</field><field name="id">http://www.semanticweb.org/tedsullivan/ontologies/2015/5/music-10#Shine_On_You_Crazy_Diamonds</field><field name="related_entity1_ss">Pink Floyd</field><field name="composer_ss.MaximumLength"></field><field name="path">/Song/Shine On You Crazy Diamonds</field><field name="Composition_Type">Song</field><field name="composer_ss">David Gilmour</field><field name="composer_ss">Richard Wright</field><field name="composer_ss">Roger Waters</field><field name="original_performer.Length">10</field><field name="original_performer">Pink Floyd</field><field name="composer_ss.Length">12</field><field name="Composition_Type.Length">4</field><field name="original_performer.MaximumLength"></field><field name="verb_ss">composed</field><field name="verb_ss">written</field><field name="verb_ss">authored</field><field name="verb_ss">wrote</field><field name="verb_ss.Length">5</field><field name="verb_ss.MaximumLength"></field><field name="Composition_Type.MaximumLength"></field><field name="composer.Count">6</field></doc><doc><field name="name">Jimmy Mack</field><field name="id">http://www.semanticweb.org/tedsullivan/ontologies/2015/5/music-10#Jimmy_Mack</field><field name="composer_ss.Length">13</field><field name="Composition_Type.Length">4</field><field name="composer_ss.MaximumLength"></field><field name="verb_ss">composed</field><field name="verb_ss">written</field><field name="verb_ss">authored</field><field name="verb_ss">wrote</field><field name="path">/Song/Jimmy Mack</field><field name="Composition_Type">Song</field><field name="verb_ss.Length">5</field><field name="verb_ss.MaximumLength"></field><field name="Composition_Type.MaximumLength"></field><field name="composer_ss">Brian Holland</field><field name="composer_ss">Eddie Holland</field><field name="composer_ss">Lamont Dozier</field><field name="composer.Count">6</field></doc><doc><field name="name">You're Probably Wondering Why I'm Here</field><field name="id">http://www.semanticweb.org/tedsullivan/ontologies/2015/5/music-10#Youre_Probably_Wondering_Why_Im_Here</field><field name="composer_ss.Length">11</field><field name="related_entity1_ss">Frank Zappa</field><field name="related_entity1_ss">The Mothers Of Invention</field><field name="Composition_Type.Length">4</field><field name="composer_ss.MaximumLength"></field><field name="verb_ss">composed</field><field name="verb_ss">written</field><field name="verb_ss">authored</field><field name="verb_ss">wrote</field><field name="original_performer.Count">2</field><field name="path">/Song/You're Probably Wondering Why I'm Here</field><field name="Composition_Type">Song</field><field name="verb_ss.Length">5</field><field name="verb_ss.MaximumLength"></field><field name="Composition_Type.MaximumLength"></field><field name="composer_ss">Frank Zappa</field><field name="hasPerformer_ss">Frank Zappa</field><field name="hasPerformer_ss">The Mothers Of Invention</field></doc><doc><field name="name">The Return of the Son of Monster Magnet (Unfinished Ballet in Two Tableaux)</field><field name="id">http://www.semanticweb.org/tedsullivan/ontologies/2015/5/music-10#The_Return_of_the_Son_of_Monster_Magnet_Unfinished_Ballet_in_Two_Tableaux</field><field name="composer_ss.Length">11</field><field name="related_entity1_ss">Frank Zappa</field><field name="related_entity1_ss">The Mothers Of Invention</field><field name="Composition_Type.Length">4</field><field name="composer_ss.MaximumLength"></field><field name="verb_ss">composed</field><field name="verb_ss">written</field><field name="verb_ss">authored</field><field name="verb_ss">wrote</field><field name="original_performer.Count">2</field><field name="path">/Song/The Return of the Son of Monster Magnet (Unfinished Ballet in Two Tableaux)</field><field name="Composition_Type">Song</field><field name="verb_ss.Length">5</field><field name="verb_ss.MaximumLength"></field><field name="Composition_Type.MaximumLength"></field><field name="composer_ss">Frank Zappa</field><field name="hasPerformer_ss">Frank Zappa</field><field name="hasPerformer_ss">The Mothers Of Invention</field></doc><doc><field name="name">Heartbeat</field><field name="id">http://www.semanticweb.org/tedsullivan/ontologies/2015/5/music-10#Heartbeat</field><field name="composer_ss.Length">12</field><field name="Composition_Type.Length">4</field><field name="composer_ss.MaximumLength"></field><field name="verb_ss">composed</field><field name="verb_ss">written</field><field name="verb_ss">authored</field><field name="verb_ss">wrote</field><field name="path">/Song/Heartbeat</field><field name="Composition_Type">Song</field><field name="genres_ss">Country</field><field name="genres_ss">Rockabilly</field><field name="genres_ss">Rock</field><field name="verb_ss.Length">5</field><field name="verb_ss.MaximumLength"></field><field name="Composition_Type.MaximumLength"></field><field name="composer_ss">Bob Montgomery</field><field name="composer_ss">Norman Petty</field><field name="composer.Count">4</field></doc><doc><field name="name">Miss Otis Regrets (She's Unable To Lunch Today)</field><field name="id">http://www.semanticweb.org/tedsullivan/ontologies/2015/5/music-10#Miss_Otis_Regrets</field><field name="composer_ss.Length">11</field><field name="Composition_Type.Length">4</field><field name="composer_ss.MaximumLength"></field><field name="verb_ss">composed</field><field name="verb_ss">written</field><field name="verb_ss">authored</field><field name="verb_ss">wrote</field><field name="path">/Song/Miss Otis Regrets (She's Unable To Lunch Today)</field><field name="Composition_Type">Song</field><field name="verb_ss.Length">5</field><field name="verb_ss.MaximumLength"></field><field name="Composition_Type.MaximumLength"></field><field name="composer_ss">Cole Porter</field></doc><doc><field name="name">(Evening) Time to Get Away</field><field name="id">http://www.semanticweb.org/tedsullivan/ontologies/2015/5/music-10#Evening_Time_to_Get_Away</field><field name="related_entity1_ss">Moody Blues</field><field name="composer_ss.MaximumLength"></field><field name="path">/Song/(Evening) Time to Get Away</field><field name="Composition_Type">Song</field><field name="composer_ss">John Lodge</field><field name="original_performer.Length">11</field><field name="original_performer">Moody Blues</field><field name="composer_ss.Length">10</field><field name="Composition_Type.Length">4</field><field name="original_performer.MaximumLength"></field><field name="verb_ss">composed</field><field name="verb_ss">written</field><field name="verb_ss">authored</field><field name="verb_ss">wrote</field><field name="genres_ss">Rock</field><field name="genres_ss">Symphonic Rock</field><field name="verb_ss.Length">5</field><field name="verb_ss.MaximumLength"></field><field name="Composition_Type.MaximumLength"></field></doc><doc><field name="name">I Want You</field><field name="id">http://www.semanticweb.org/tedsullivan/ontologies/2015/5/music-10#I_Want_You</field><field name="related_entity1_ss">Bob Dylan</field><field name="composer_ss.MaximumLength"></field><field name="path">/Song/I Want You</field><field name="Composition_Type">Song</field><field name="composer_ss">Bob Dylan</field><field name="original_performer.Length">9</field><field name="original_performer">Bob Dylan</field><field name="composer_ss.Length">9</field><field name="Composition_Type.Length">4</field><field name="original_performer.MaximumLength"></field><field name="verb_ss">composed</field><field name="verb_ss">written</field><field name="verb_ss">authored</field><field name="verb_ss">wrote</field><field name="genres_ss">Folk</field><field name="genres_ss">Folk Rock</field><field name="genres_ss">Rock</field><field name="verb_ss.Length">5</field><field name="verb_ss.MaximumLength"></field><field name="Composition_Type.MaximumLength"></field></doc><doc><field name="name">Bear Down</field><field name="id">http://www.semanticweb.org/tedsullivan/ontologies/2015/5/music-10#Bear_Down</field><field name="hasPerformer_ss">Mary Lou Williams</field><field name="Composition_Type.Length">4</field><field name="hasPerformer_ss.Length">17</field><field name="verb_ss">composed</field><field name="verb_ss">written</field><field name="verb_ss">authored</field><field name="verb_ss">wrote</field><field name="path">/Song/Bear Down</field><field name="Composition_Type">Song</field><field name="verb_ss.Length">5</field><field name="verb_ss.MaximumLength"></field><field name="Composition_Type.MaximumLength"></field><field name="hasPerformer_ss.MaximumLength"></field></doc><doc><field name="name">Too Darn Hot</field><field name="id">http://www.semanticweb.org/tedsullivan/ontologies/2015/5/music-10#Too_Darn_Hot</field><field name="composer_ss.Length">11</field><field name="Composition_Type.Length">4</field><field name="composer_ss.MaximumLength"></field><field name="verb_ss">composed</field><field name="verb_ss">written</field><field name="verb_ss">authored</field><field name="verb_ss">wrote</field><field name="path">/Song/Too Darn Hot</field><field name="Composition_Type">Song</field><field name="verb_ss.Length">5</field><field name="verb_ss.MaximumLength"></field><field name="Composition_Type.MaximumLength"></field><field name="composer_ss">Cole Porter</field></doc><doc><field name="name">Sweet Black Angel</field><field name="id">http://www.semanticweb.org/tedsullivan/ontologies/2015/5/music-10#Sweet_Black_Angel</field><field name="related_entity1_ss">Rolling Stones</field><field name="composer_ss.MaximumLength"></field><field name="path">/Song/Sweet Black Angel</field><field name="Composition_Type">Song</field><field name="composer_ss">Keith Richards</field><field name="composer_ss">Mick Jagger</field><field name="original_performer.Length">14</field><field name="original_performer">Rolling Stones</field><field name="composer_ss.Length">11</field><field name="Composition_Type.Length">4</field><field name="original_performer.MaximumLength"></field><field name="verb_ss">composed</field><field name="verb_ss">written</field><field name="verb_ss">authored</field><field name="verb_ss">wrote</field><field name="verb_ss.Length">5</field><field name="verb_ss.MaximumLength"></field><field name="Composition_Type.MaximumLength"></field><field name="composer.Count">4</field></doc><doc><field name="name">Haitian Divorce</field><field name="id">http://www.semanticweb.org/tedsullivan/ontologies/2015/5/music-10#Haitian_Divorce</field><field name="related_entity1_ss">Steely Dan</field><field name="composer_ss.MaximumLength"></field><field name="path">/Song/Haitian Divorce</field><field name="Composition_Type">Song</field><field name="composer_ss">Donald Fagen</field><field name="composer_ss">Walter Becker</field><field name="original_performer.Length">10</field><field name="original_performer">Steely Dan</field><field name="composer_ss.Length">13</field><field name="Composition_Type.Length">4</field><field name="original_performer.MaximumLength"></field><field name="verb_ss">composed</field><field name="verb_ss">written</field><field name="verb_ss">authored</field><field name="verb_ss">wrote</field><field name="genres_ss">Rock</field><field name="genres_ss">Funk Rock</field><field name="verb_ss.Length">5</field><field name="verb_ss.MaximumLength"></field><field name="Composition_Type.MaximumLength"></field><field name="composer.Count">4</field></doc><doc><field name="name">Love Me Tender</field><field name="id">http://www.semanticweb.org/tedsullivan/ontologies/2015/5/music-10#Love_Me_Tender</field><field name="related_entity1_ss">Elvis Presley</field><field name="composer_ss.MaximumLength"></field><field name="path">/Song/Love Me Tender</field><field name="Composition_Type">Song</field><field name="composer_ss">Elvis Presley</field><field name="composer_ss">Ken Darby</field><field name="composer_ss">Vera Watson</field><field name="original_performer.Length">13</field><field name="original_performer">Elvis Presley</field><field name="composer_ss.Length">11</field><field name="Composition_Type.Length">4</field><field name="original_performer.MaximumLength"></field><field name="verb_ss">composed</field><field name="verb_ss">written</field><field name="verb_ss">authored</field><field name="verb_ss">wrote</field><field name="genres_ss">Popular</field><field name="verb_ss.Length">5</field><field name="verb_ss.MaximumLength"></field><field name="Composition_Type.MaximumLength"></field><field name="composer.Count">6</field></doc><doc><field name="name">Anxiety's Moment</field><field name="id">http://www.semanticweb.org/tedsullivan/ontologies/2015/5/music-10#Anxietys_Moment</field><field name="Composition_Type.Length">4</field><field name="verb_ss">composed</field><field name="verb_ss">written</field><field name="verb_ss">authored</field><field name="verb_ss">wrote</field><field name="path">/Song/Anxiety's Moment</field><field name="Composition_Type">Song</field><field name="verb_ss.Length">5</field><field name="verb_ss.MaximumLength"></field><field name="Composition_Type.MaximumLength"></field></doc><doc><field name="name">Casey Jones</field><field name="id">http://www.semanticweb.org/tedsullivan/ontologies/2015/5/music-10#Casey_Jones</field><field name="related_entity1_ss">Grateful Dead</field><field name="composer_ss.MaximumLength"></field><field name="path">/Song/Casey Jones</field><field name="Composition_Type">Song</field><field name="composer_ss">Jerry Garcia</field><field name="composer_ss">Robert Hunter</field><field name="original_performer.Length">13</field><field name="original_performer">Grateful Dead</field><field name="composer_ss.Length">13</field><field name="Composition_Type.Length">4</field><field name="original_performer.MaximumLength"></field><field name="verb_ss">composed</field><field name="verb_ss">written</field><field name="verb_ss">authored</field><field name="verb_ss">wrote</field><field name="genres_ss">Folk</field><field name="genres_ss">Folk Rock</field><field name="genres_ss">Rock</field><field name="verb_ss.Length">5</field><field name="verb_ss.MaximumLength"></field><field name="Composition_Type.MaximumLength"></field><field name="composer.Count">4</field></doc><doc><field name="name">Amy</field><field name="id">http://www.semanticweb.org/tedsullivan/ontologies/2015/5/music-10#Amy</field><field name="composer_ss.Length">10</field><field name="Composition_Type.Length">4</field><field name="composer_ss.MaximumLength"></field><field name="lyricist_ss.MaximumLength"></field><field name="verb_ss">composed</field><field name="verb_ss">written</field><field name="verb_ss">authored</field><field name="verb_ss">wrote</field><field name="path">/Song/Amy</field><field name="lyricist_ss.Length">13</field><field name="Composition_Type">Song</field><field name="lyricist_ss">Bernie Taupin</field><field name="verb_ss.Length">5</field><field name="verb_ss.MaximumLength"></field><field name="Composition_Type.MaximumLength"></field><field name="composer_ss">Elton John</field></doc><doc><field name="name">Back In Your Own Backyard</field><field name="id">http://www.semanticweb.org/tedsullivan/ontologies/2015/5/music-10#Back_In_Your_Own_Backyard</field><field name="composer_ss.Length">11</field><field name="Composition_Type.Length">4</field><field name="composer_ss.MaximumLength"></field><field name="verb_ss">composed</field><field name="verb_ss">written</field><field name="verb_ss">authored</field><field name="verb_ss">wrote</field><field name="path">/Song/Back In Your Own Backyard</field><field name="Composition_Type">Song</field><field name="genres_ss">Jazz</field><field name="verb_ss.Length">5</field><field name="verb_ss.MaximumLength"></field><field name="Composition_Type.MaximumLength"></field><field name="composer_ss">Al Jolson</field><field name="composer_ss">Dave Dreyer</field><field name="composer.Count">4</field></doc><doc><field name="name">Love Ain't For Keepin,'</field><field name="id">http://www.semanticweb.org/tedsullivan/ontologies/2015/5/music-10#Love_Aint_For_Keeping</field><field name="related_entity1_ss">The Who</field><field name="composer_ss.MaximumLength"></field><field name="path">/Song/Love Ain't For Keepin,'</field><field name="Composition_Type">Song</field><field name="composer_ss">Pete Townshend</field><field name="original_performer.Length">7</field><field name="original_performer">The Who</field><field name="composer_ss.Length">14</field><field name="Composition_Type.Length">4</field><field name="original_performer.MaximumLength"></field><field name="verb_ss">composed</field><field name="verb_ss">written</field><field name="verb_ss">authored</field><field name="verb_ss">wrote</field><field name="genres_ss">Rock</field><field name="verb_ss.Length">5</field><field name="verb_ss.MaximumLength"></field><field name="Composition_Type.MaximumLength"></field></doc><doc><field name="name">The Tracks Of My Tears</field><field name="id">http://www.semanticweb.org/tedsullivan/ontologies/2015/5/music-10#The_Tracks_Of_My_Tears</field><field name="composer_ss.Length">15</field><field name="Composition_Type.Length">4</field><field name="composer_ss.MaximumLength"></field><field name="verb_ss">composed</field><field name="verb_ss">written</field><field name="verb_ss">authored</field><field name="verb_ss">wrote</field><field name="path">/Song/The Tracks Of My Tears</field><field name="Composition_Type">Song</field><field name="verb_ss.Length">5</field><field name="verb_ss.MaximumLength"></field><field name="Composition_Type.MaximumLength"></field><field name="composer_ss">Pete Moore</field><field name="composer_ss">Smokey Robinson</field><field name="composer.Count">4</field></doc><doc><field name="name">In The Mood</field><field name="id">http://www.semanticweb.org/tedsullivan/ontologies/2015/5/music-10#In_The_Mood</field><field name="composer_ss.Length">12</field><field name="Composition_Type.Length">4</field><field name="composer_ss.MaximumLength"></field><field name="verb_ss">composed</field><field name="verb_ss">written</field><field name="verb_ss">authored</field><field name="verb_ss">wrote</field><field name="path">/Jazz Band/In The Mood</field><field name="path">/Song/In The Mood</field><field name="Composition_Type">Orchestral Work</field><field name="Composition_Type">Jazz Band</field><field name="Composition_Type">Song</field><field name="genres_ss">Jazz</field><field name="genres_ss">Swing</field><field name="verb_ss.Length">5</field><field name="verb_ss.MaximumLength"></field><field name="Composition_Type.MaximumLength"></field><field name="composer_ss">Glenn Miller</field></doc><doc><field name="name">No Quarter</field><field name="id">http://www.semanticweb.org/tedsullivan/ontologies/2015/5/music-10#No_Quarter</field><field name="related_entity1_ss">Led Zeppelin</field><field name="composer_ss.MaximumLength"></field><field name="path">/Song/No Quarter</field><field name="Composition_Type">Song</field><field name="composer_ss">Jimmy Page</field><field name="composer_ss">John Paul Jones</field><field name="composer_ss">Robert Plant</field><field name="original_performer.Length">12</field><field name="original_performer">Led Zeppelin</field><field name="composer_ss.Length">12</field><field name="Composition_Type.Length">4</field><field name="original_performer.MaximumLength"></field><field name="verb_ss">composed</field><field name="verb_ss">written</field><field name="verb_ss">authored</field><field name="verb_ss">wrote</field><field name="genres_ss">Rock</field><field name="verb_ss.Length">5</field><field name="verb_ss.MaximumLength"></field><field name="Composition_Type.MaximumLength"></field><field name="composer.Count">6</field></doc><doc><field name="name">Begin The Beguine</field><field name="id">http://www.semanticweb.org/tedsullivan/ontologies/2015/5/music-10#Begin_the_Beguine</field><field name="composer_ss.Length">11</field><field name="Composition_Type.Length">4</field><field name="composer_ss.MaximumLength"></field><field name="verb_ss">composed</field><field name="verb_ss">written</field><field name="verb_ss">authored</field><field name="verb_ss">wrote</field><field name="path">/Song/Begin The Beguine</field><field name="Composition_Type">Song</field><field name="genres_ss">Jazz</field><field name="verb_ss.Length">5</field><field name="verb_ss.MaximumLength"></field><field name="Composition_Type.MaximumLength"></field><field name="composer_ss">Cole Porter</field></doc><doc><field name="name">Fire And Rain</field><field name="id">http://www.semanticweb.org/tedsullivan/ontologies/2015/5/music-10#Fire_And_Rain</field><field name="related_entity1_ss">James Taylor</field><field name="composer_ss.MaximumLength"></field><field name="path">/Song/Fire And Rain</field><field name="Composition_Type">Song</field><field name="composer_ss">James Taylor</field><field name="original_performer.Length">12</field><field name="original_performer">James Taylor</field><field name="composer_ss.Length">12</field><field name="Composition_Type.Length">4</field><field name="original_performer.MaximumLength"></field><field name="verb_ss">composed</field><field name="verb_ss">written</field><field name="verb_ss">authored</field><field name="verb_ss">wrote</field><field name="genres_ss">Rock</field><field name="genres_ss">Soft Rock</field><field name="verb_ss.Length">5</field><field name="verb_ss.MaximumLength"></field><field name="Composition_Type.MaximumLength"></field></doc><doc><field name="name">One More Time</field><field name="id">http://www.semanticweb.org/tedsullivan/ontologies/2015/5/music-10#One_More_Time</field><field name="related_entity1_ss">Daft Punk</field><field name="composer_ss.MaximumLength"></field><field name="path">/Song/One More Time</field><field name="Composition_Type">Song</field><field name="composer_ss">Anthony Moore</field><field name="composer_ss">Guy-Manuel de Homem-Christo</field><field name="composer_ss">Thomas Bangalter</field><field name="original_performer.Length">9</field><field name="original_performer">Daft Punk</field><field name="composer_ss.Length">16</field><field name="Composition_Type.Length">4</field><field name="original_performer.MaximumLength"></field><field name="verb_ss">composed</field><field name="verb_ss">written</field><field name="verb_ss">authored</field><field name="verb_ss">wrote</field><field name="verb_ss.Length">5</field><field name="verb_ss.MaximumLength"></field><field name="Composition_Type.MaximumLength"></field><field name="composer.Count">6</field></doc><doc><field name="name">Thing Called Love</field><field name="id">http://www.semanticweb.org/tedsullivan/ontologies/2015/5/music-10#Thing_Called_Love</field><field name="composer_ss.Length">10</field><field name="Composition_Type.Length">4</field><field name="composer_ss.MaximumLength"></field><field name="verb_ss">composed</field><field name="verb_ss">written</field><field name="verb_ss">authored</field><field name="verb_ss">wrote</field><field name="path">/Song/Thing Called Love</field><field name="Composition_Type">Song</field><field name="verb_ss.Length">5</field><field name="verb_ss.MaximumLength"></field><field name="Composition_Type.MaximumLength"></field><field name="composer_ss">John Hiatt</field></doc><doc><field name="name">When The Whip Comes Down</field><field name="id">http://www.semanticweb.org/tedsullivan/ontologies/2015/5/music-10#When_The_Whip_Comes_Down</field><field name="related_entity1_ss">Rolling Stones</field><field name="composer_ss.MaximumLength"></field><field name="path">/Song/When The Whip Comes Down</field><field name="Composition_Type">Song</field><field name="composer_ss">Keith Richards</field><field name="composer_ss">Mick Jagger</field><field name="original_performer.Length">14</field><field name="original_performer">Rolling Stones</field><field name="composer_ss.Length">11</field><field name="Composition_Type.Length">4</field><field name="original_performer.MaximumLength"></field><field name="verb_ss">composed</field><field name="verb_ss">written</field><field name="verb_ss">authored</field><field name="verb_ss">wrote</field><field name="verb_ss.Length">5</field><field name="verb_ss.MaximumLength"></field><field name="Composition_Type.MaximumLength"></field><field name="composer.Count">4</field></doc><doc><field name="name">Texan Love Song</field><field name="id">http://www.semanticweb.org/tedsullivan/ontologies/2015/5/music-10#Texan_Love_Song</field><field name="composer_ss.Length">10</field><field name="Composition_Type.Length">4</field><field name="composer_ss.MaximumLength"></field><field name="lyricist_ss.MaximumLength"></field><field name="verb_ss">composed</field><field name="verb_ss">written</field><field name="verb_ss">authored</field><field name="verb_ss">wrote</field><field name="path">/Song/Texan Love Song</field><field name="lyricist_ss.Length">13</field><field name="Composition_Type">Song</field><field name="lyricist_ss">Bernie Taupin</field><field name="verb_ss.Length">5</field><field name="verb_ss.MaximumLength"></field><field name="Composition_Type.MaximumLength"></field><field name="composer_ss">Elton John</field></doc><doc><field name="name">Talk About the Passion</field><field name="id">http://www.semanticweb.org/tedsullivan/ontologies/2015/5/music-10#Talk_About_the_Passion</field><field name="related_entity1_ss">R.E.M</field><field name="composer_ss.MaximumLength"></field><field name="path">/Song/Talk About the Passion</field><field name="Composition_Type">Song</field><field name="composer_ss">Bill Berry</field><field name="composer_ss">Michael Stipe</field><field name="composer_ss">Mike Mills</field><field name="composer_ss">Peter Buck</field><field name="original_performer.Length">5</field><field name="original_performer">R.E.M</field><field name="composer_ss.Length">10</field><field name="Composition_Type.Length">4</field><field name="original_performer.MaximumLength"></field><field name="verb_ss">composed</field><field name="verb_ss">written</field><field name="verb_ss">authored</field><field name="verb_ss">wrote</field><field name="genres_ss">Rock</field><field name="genres_ss">Alternative Rock</field><field name="verb_ss.Length">5</field><field name="verb_ss.MaximumLength"></field><field name="Composition_Type.MaximumLength"></field><field name="composer.Count">8</field></doc><doc><field name="name">Tapestry</field><field name="id">http://www.semanticweb.org/tedsullivan/ontologies/2015/5/music-10#Tapestry_-_Song</field><field name="related_entity1_ss">Carole King</field><field name="composer_ss.MaximumLength"></field><field name="path">/Song/Tapestry</field><field name="Composition_Type">Song</field><field name="composer_ss">Carole King</field><field name="original_performer.Length">11</field><field name="original_performer">Carole King</field><field name="composer_ss.Length">11</field><field name="Composition_Type.Length">4</field><field name="original_performer.MaximumLength"></field><field name="verb_ss">composed</field><field name="verb_ss">written</field><field name="verb_ss">authored</field><field name="verb_ss">wrote</field><field name="genres_ss">Rock</field><field name="genres_ss">Soft Rock</field><field name="verb_ss.Length">5</field><field name="verb_ss.MaximumLength"></field><field name="Composition_Type.MaximumLength"></field></doc><doc><field name="name">I'm So Lonesome I Could Cry</field><field name="id">http://www.semanticweb.org/tedsullivan/ontologies/2015/5/music-10#Im_So_Lonesome_I_Could_Cry</field><field name="related_entity1_ss">Hank Williams</field><field name="composer_ss.MaximumLength"></field><field name="path">/Song/I'm So Lonesome I Could Cry</field><field name="Composition_Type">Song</field><field name="composer_ss">Hank Williams</field><field name="original_performer.Length">13</field><field name="original_performer">Hank Williams</field><field name="composer_ss.Length">13</field><field name="Composition_Type.Length">4</field><field name="original_performer.MaximumLength"></field><field name="verb_ss">composed</field><field name="verb_ss">written</field><field name="verb_ss">authored</field><field name="verb_ss">wrote</field><field name="genres_ss">Country</field><field name="verb_ss.Length">5</field><field name="verb_ss.MaximumLength"></field><field name="Composition_Type.MaximumLength"></field></doc><doc><field name="name">Always True To You In My Fashion</field><field name="id">http://www.semanticweb.org/tedsullivan/ontologies/2015/5/music-10#Always_True_To_You_In_My_Fashion</field><field name="composer_ss.Length">11</field><field name="Composition_Type.Length">4</field><field name="composer_ss.MaximumLength"></field><field name="verb_ss">composed</field><field name="verb_ss">written</field><field name="verb_ss">authored</field><field name="verb_ss">wrote</field><field name="path">/Song/Always True To You In My Fashion</field><field name="Composition_Type">Song</field><field name="genres_ss">Jazz</field><field name="verb_ss.Length">5</field><field name="verb_ss.MaximumLength"></field><field name="Composition_Type.MaximumLength"></field><field name="composer_ss">Cole Porter</field></doc><doc><field name="name">I'm Confessin,'</field><field name="id">http://www.semanticweb.org/tedsullivan/ontologies/2015/5/music-10#Im_Confessin</field><field name="hasPerformer_ss">Wild Bill Davidson</field><field name="Composition_Type.Length">4</field><field name="hasPerformer_ss.Length">18</field><field name="verb_ss">composed</field><field name="verb_ss">written</field><field name="verb_ss">authored</field><field name="verb_ss">wrote</field><field name="path">/Song/I'm Confessin,'</field><field name="Composition_Type">Song</field><field name="verb_ss.Length">5</field><field name="verb_ss.MaximumLength"></field><field name="Composition_Type.MaximumLength"></field><field name="hasPerformer_ss.MaximumLength"></field></doc><doc><field name="name">Harmony</field><field name="id">http://www.semanticweb.org/tedsullivan/ontologies/2015/5/music-10#Harmony</field><field name="related_entity1_ss">Elton John</field><field name="composer_ss.MaximumLength"></field><field name="path">/Song/Harmony</field><field name="lyricist_ss.Length">13</field><field name="Composition_Type">Song</field><field name="lyricist_ss">Bernie Taupin</field><field name="composer_ss">Elton John</field><field name="original_performer.Length">10</field><field name="original_performer">Elton John</field><field name="composer_ss.Length">10</field><field name="Composition_Type.Length">4</field><field name="original_performer.MaximumLength"></field><field name="lyricist_ss.MaximumLength"></field><field name="verb_ss">composed</field><field name="verb_ss">written</field><field name="verb_ss">authored</field><field name="verb_ss">wrote</field><field name="verb_ss.Length">5</field><field name="verb_ss.MaximumLength"></field><field name="Composition_Type.MaximumLength"></field></doc><doc><field name="name">Sympathy For The Devil</field><field name="id">http://www.semanticweb.org/tedsullivan/ontologies/2015/5/music-10#Sympathy_For_the_Devil</field><field name="related_entity1_ss">Rolling Stones</field><field name="composer_ss.MaximumLength"></field><field name="path">/Song/Sympathy For The Devil</field><field name="Composition_Type">Song</field><field name="composer_ss">Keith Richards</field><field name="composer_ss">Mick Jagger</field><field name="original_performer.Length">14</field><field name="original_performer">Rolling Stones</field><field name="composer_ss.Length">11</field><field name="Composition_Type.Length">4</field><field name="original_performer.MaximumLength"></field><field name="verb_ss">composed</field><field name="verb_ss">written</field><field name="verb_ss">authored</field><field name="verb_ss">wrote</field><field name="genres_ss">Rock</field><field name="verb_ss.Length">5</field><field name="verb_ss.MaximumLength"></field><field name="Composition_Type.MaximumLength"></field><field name="composer.Count">4</field></doc><doc><field name="name">Blue And Sentimental</field><field name="id">http://www.semanticweb.org/tedsullivan/ontologies/2015/5/music-10#Blue_And_Sentimental</field><field name="composer_ss.Length">10</field><field name="Composition_Type.Length">4</field><field name="composer_ss.MaximumLength"></field><field name="verb_ss">composed</field><field name="verb_ss">written</field><field name="verb_ss">authored</field><field name="verb_ss">wrote</field><field name="path">/Song/Blue And Sentimental</field><field name="Composition_Type">Song</field><field name="genres_ss">Jazz</field><field name="verb_ss.Length">5</field><field name="verb_ss.MaximumLength"></field><field name="Composition_Type.MaximumLength"></field><field name="composer_ss">Count Basie</field><field name="composer_ss">Jerry Livingston</field><field name="composer_ss">Mack David</field><field name="composer.Count">6</field></doc><doc><field name="name">Volare</field><field name="id">http://www.semanticweb.org/tedsullivan/ontologies/2015/5/music-10#Volare</field><field name="related_entity1_ss">Domenico Modugno</field><field name="composer_ss.MaximumLength"></field><field name="path">/Song/Volare</field><field name="lyricist_ss.Length">16</field><field name="Composition_Type">Song</field><field name="lyricist_ss">Franco Migliacci</field><field name="composer_ss">Domenico Modugno</field><field name="original_performer.Length">16</field><field name="original_performer">Domenico Modugno</field><field name="composer_ss.Length">16</field><field name="Composition_Type.Length">4</field><field name="original_performer.MaximumLength"></field><field name="lyricist_ss.MaximumLength"></field><field name="verb_ss">composed</field><field name="verb_ss">written</field><field name="verb_ss">authored</field><field name="verb_ss">wrote</field><field name="verb_ss.Length">5</field><field name="verb_ss.MaximumLength"></field><field name="Composition_Type.MaximumLength"></field></doc><doc><field name="name">End Of The Night</field><field name="id">http://www.semanticweb.org/tedsullivan/ontologies/2015/5/music-10#End_Of_The_Night</field><field name="related_entity1_ss">Doors</field><field name="composer_ss.MaximumLength"></field><field name="path">/Song/End Of The Night</field><field name="Composition_Type">Song</field><field name="composer_ss">Jim Morrison</field><field name="composer_ss">John Densmore</field><field name="composer_ss">Ray Manzarek</field><field name="composer_ss">Robby Krieger</field><field name="original_performer.Length">5</field><field name="original_performer">Doors</field><field name="composer_ss.Length">13</field><field name="Composition_Type.Length">4</field><field name="original_performer.MaximumLength"></field><field name="verb_ss">composed</field><field name="verb_ss">written</field><field name="verb_ss">authored</field><field name="verb_ss">wrote</field><field name="genres_ss">Rock</field><field name="verb_ss.Length">5</field><field name="verb_ss.MaximumLength"></field><field name="Composition_Type.MaximumLength"></field><field name="composer.Count">8</field></doc><doc><field name="name">Bitch</field><field name="id">http://www.semanticweb.org/tedsullivan/ontologies/2015/5/music-10#Bitch</field><field name="related_entity1_ss">Rolling Stones</field><field name="composer_ss.MaximumLength"></field><field name="path">/Song/Bitch</field><field name="Composition_Type">Song</field><field name="composer_ss">Keith Richards</field><field name="composer_ss">Mick Jagger</field><field name="original_performer.Length">14</field><field name="original_performer">Rolling Stones</field><field name="composer_ss.Length">11</field><field name="Composition_Type.Length">4</field><field name="original_performer.MaximumLength"></field><field name="verb_ss">composed</field><field name="verb_ss">written</field><field name="verb_ss">authored</field><field name="verb_ss">wrote</field><field name="genres_ss">Rock</field><field name="verb_ss.Length">5</field><field name="verb_ss.MaximumLength"></field><field name="Composition_Type.MaximumLength"></field><field name="composer.Count">4</field></doc><doc><field name="name">Shake It Baby</field><field name="id">http://www.semanticweb.org/tedsullivan/ontologies/2015/5/music-10#Shake_It_Baby</field><field name="composer_ss.Length">15</field><field name="related_entity1_ss">John Lee Hooker</field><field name="Composition_Type.Length">4</field><field name="composer_ss.MaximumLength"></field><field name="original_performer.MaximumLength"></field><field name="verb_ss">composed</field><field name="verb_ss">written</field><field name="verb_ss">authored</field><field name="verb_ss">wrote</field><field name="path">/Song/Shake It Baby</field><field name="Composition_Type">Song</field><field name="verb_ss.Length">5</field><field name="verb_ss.MaximumLength"></field><field name="Composition_Type.MaximumLength"></field><field name="composer_ss">John Lee Hooker</field><field name="original_performer.Length">15</field><field name="original_performer">John Lee Hooker</field></doc><doc><field name="name">Revolution 9</field><field name="id">http://www.semanticweb.org/tedsullivan/ontologies/2015/5/music-10#Revolution_9</field><field name="related_entity1_ss">Beatles</field><field name="composer_ss.MaximumLength"></field><field name="hasGenre.Count">4</field><field name="path">/Song/Revolution 9</field><field name="Composition_Type">Song</field><field name="composer_ss">John Lennon</field><field name="composer_ss">Paul McCartney</field><field name="original_performer.Length">7</field><field name="original_performer">Beatles</field><field name="composer_ss.Length">14</field><field name="Composition_Type.Length">4</field><field name="original_performer.MaximumLength"></field><field name="verb_ss">composed</field><field name="verb_ss">written</field><field name="verb_ss">authored</field><field name="verb_ss">wrote</field><field name="genres_ss">Rock</field><field name="genres_ss">Experimental Rock</field><field name="verb_ss.Length">5</field><field name="verb_ss.MaximumLength"></field><field name="Composition_Type.MaximumLength"></field><field name="composer.Count">4</field></doc><doc><field name="name">Down by the River</field><field name="id">http://www.semanticweb.org/tedsullivan/ontologies/2015/5/music-10#Down_by_the_River</field><field name="related_entity1_ss">Neil Young</field><field name="composer_ss.MaximumLength"></field><field name="hasGenre.Count">4</field><field name="path">/Song/Down by the River</field><field name="Composition_Type">Song</field><field name="composer_ss">Neil Young</field><field name="original_performer.Length">10</field><field name="original_performer">Neil Young</field><field name="composer_ss.Length">10</field><field name="Composition_Type.Length">4</field><field name="original_performer.MaximumLength"></field><field name="verb_ss">composed</field><field name="verb_ss">written</field><field name="verb_ss">authored</field><field name="verb_ss">wrote</field><field name="genres_ss">Blues</field><field name="genres_ss">Blues Rock</field><field name="genres_ss">Rock</field><field name="genres_ss">Folk</field><field name="genres_ss">Folk Rock</field><field name="verb_ss.Length">5</field><field name="verb_ss.MaximumLength"></field><field name="Composition_Type.MaximumLength"></field></doc><doc><field name="name">Pink Houses</field><field name="id">http://www.semanticweb.org/tedsullivan/ontologies/2015/5/music-10#Pink_Houses</field><field name="composer_ss.Length">15</field><field name="related_entity1_ss">John Mellencamp</field><field name="Composition_Type.Length">4</field><field name="composer_ss.MaximumLength"></field><field name="original_performer.MaximumLength"></field><field name="verb_ss">composed</field><field name="verb_ss">written</field><field name="verb_ss">authored</field><field name="verb_ss">wrote</field><field name="path">/Song/Pink Houses</field><field name="Composition_Type">Song</field><field name="verb_ss.Length">5</field><field name="verb_ss.MaximumLength"></field><field name="Composition_Type.MaximumLength"></field><field name="composer_ss">John Mellencamp</field><field name="original_performer.Length">15</field><field name="original_performer">John Mellencamp</field></doc><doc><field name="name">P.S. I Love You</field><field name="id">http://www.semanticweb.org/tedsullivan/ontologies/2015/5/music-10#PS_I_Love_You</field><field name="related_entity1_ss">Beatles</field><field name="composer_ss.MaximumLength"></field><field name="path">/Song/P.S. I Love You</field><field name="Composition_Type">Song</field><field name="composer_ss">John Lennon</field><field name="composer_ss">Paul McCartney</field><field name="original_performer.Length">7</field><field name="original_performer">Beatles</field><field name="composer_ss.Length">14</field><field name="Composition_Type.Length">4</field><field name="original_performer.MaximumLength"></field><field name="verb_ss">composed</field><field name="verb_ss">written</field><field name="verb_ss">authored</field><field name="verb_ss">wrote</field><field name="genres_ss">Rock</field><field name="genres_ss">Rock &amp; Roll</field><field name="verb_ss.Length">5</field><field name="verb_ss.MaximumLength"></field><field name="Composition_Type.MaximumLength"></field><field name="composer.Count">4</field></doc><doc><field name="name">Blues With A Feeling</field><field name="id">http://www.semanticweb.org/tedsullivan/ontologies/2015/5/music-10#Blues_With_A_Feeling</field><field name="composer_ss.Length">13</field><field name="Composition_Type.Length">4</field><field name="composer_ss.MaximumLength"></field><field name="verb_ss">composed</field><field name="verb_ss">written</field><field name="verb_ss">authored</field><field name="verb_ss">wrote</field><field name="path">/Song/Blues With A Feeling</field><field name="Composition_Type">Song</field><field name="verb_ss.Length">5</field><field name="verb_ss.MaximumLength"></field><field name="Composition_Type.MaximumLength"></field><field name="composer_ss">Little Walter</field></doc><doc><field name="name">So Deep Within You</field><field name="id">http://www.semanticweb.org/tedsullivan/ontologies/2015/5/music-10#So_Deep_Within_You</field><field name="related_entity1_ss">Tony Clarke</field><field name="related_entity1_ss">Moody Blues</field><field name="composer_ss.MaximumLength"></field><field name="path">/Song/So Deep Within You</field><field name="Composition_Type">Song</field><field name="composer_ss">Mike Pinder</field><field name="original_performer.Length">11</field><field name="original_performer">Moody Blues</field><field name="composer_ss.Length">11</field><field name="Composition_Type.Length">4</field><field name="original_performer.MaximumLength"></field><field name="verb_ss">composed</field><field name="verb_ss">written</field><field name="verb_ss">authored</field><field name="verb_ss">wrote</field><field name="genres_ss">Rock</field><field name="genres_ss">Progressive Rock</field><field name="verb_ss.Length">5</field><field name="verb_ss.MaximumLength"></field><field name="Composition_Type.MaximumLength"></field></doc><doc><field name="name">De Do Do Do, De Da Da Da</field><field name="id">http://www.semanticweb.org/tedsullivan/ontologies/2015/5/music-10#De_Do_Do_Do_De_Da_Da_Da</field><field name="composer_ss.Length">5</field><field name="related_entity1_ss">The Police</field><field name="Composition_Type.Length">4</field><field name="composer_ss.MaximumLength"></field><field name="original_performer.MaximumLength"></field><field name="verb_ss">composed</field><field name="verb_ss">written</field><field name="verb_ss">authored</field><field name="verb_ss">wrote</field><field name="path">/Song/De Do Do Do, De Da Da Da</field><field name="Composition_Type">Song</field><field name="verb_ss.Length">5</field><field name="verb_ss.MaximumLength"></field><field name="Composition_Type.MaximumLength"></field><field name="composer_ss">Sting</field><field name="original_performer.Length">10</field><field name="original_performer">The Police</field></doc><doc><field name="name">You've Got Another Thing Comin,'</field><field name="id">http://www.semanticweb.org/tedsullivan/ontologies/2015/5/music-10#Youve_Got_Another_Thing_Comin</field><field name="related_entity1_ss">Judas Priest</field><field name="composer_ss.MaximumLength"></field><field name="path">/Song/You've Got Another Thing Comin,'</field><field name="Composition_Type">Song</field><field name="composer_ss">Glenn Tipton</field><field name="composer_ss">K. K. Downing</field><field name="composer_ss">Rob Halford</field><field name="original_performer.Length">12</field><field name="original_performer">Judas Priest</field><field name="composer_ss.Length">11</field><field name="Composition_Type.Length">4</field><field name="original_performer.MaximumLength"></field><field name="verb_ss">composed</field><field name="verb_ss">written</field><field name="verb_ss">authored</field><field name="verb_ss">wrote</field><field name="verb_ss.Length">5</field><field name="verb_ss.MaximumLength"></field><field name="Composition_Type.MaximumLength"></field><field name="composer.Count">6</field></doc><doc><field name="name">Pink Cadillac</field><field name="id">http://www.semanticweb.org/tedsullivan/ontologies/2015/5/music-10#Pink_Cadillac</field><field name="composer_ss.Length">17</field><field name="related_entity1_ss">Bruce Springsteen</field><field name="Composition_Type.Length">4</field><field name="composer_ss.MaximumLength"></field><field name="original_performer.MaximumLength"></field><field name="verb_ss">composed</field><field name="verb_ss">written</field><field name="verb_ss">authored</field><field name="verb_ss">wrote</field><field name="path">/Song/Pink Cadillac</field><field name="Composition_Type">Song</field><field name="verb_ss.Length">5</field><field name="verb_ss.MaximumLength"></field><field name="Composition_Type.MaximumLength"></field><field name="composer_ss">Bruce Springsteen</field><field name="original_performer.Length">17</field><field name="original_performer">Bruce Springsteen</field></doc><doc><field name="name">Girl from the North Country</field><field name="id">http://www.semanticweb.org/tedsullivan/ontologies/2015/5/music-10#Girl_from_the_North_Country</field><field name="related_entity1_ss">Bob Dylan</field><field name="composer_ss.MaximumLength"></field><field name="original_performer.Count">2</field><field name="related_entity2_ss.Length">11</field><field name="path">/Song/Girl from the North Country</field><field name="Composition_Type">Song</field><field name="composer_ss">Bob Dylan</field><field name="original_performer.Length">9</field><field name="original_performer">Bob Dylan</field><field name="original_performer"><PropertyList name="original_performer"><Property type="com.modinfodesigns.property.string.StringProperty"><Name>hasPerformer_ss</Name><Value>Bob Dylan</Value></Property><Property type="com.modinfodesigns.property.string.StringProperty"><Name>hasPerformer_ss</Name><Value>Johnny Cash</Value></Property></PropertyList></field><field name="composer_ss.Length">9</field><field name="related_entity2_ss">Johnny Cash</field><field name="Composition_Type.Length">4</field><field name="original_performer.MaximumLength"></field><field name="verb_ss">composed</field><field name="verb_ss">written</field><field name="verb_ss">authored</field><field name="verb_ss">wrote</field><field name="verb_ss.Length">5</field><field name="verb_ss.MaximumLength"></field><field name="Composition_Type.MaximumLength"></field><field name="related_entity2_ss.MaximumLength"></field></doc><doc><field name="name">You Make Lovin' Fun</field><field name="id">http://www.semanticweb.org/tedsullivan/ontologies/2015/5/music-10#You_Make_Lovin_Fun</field><field name="related_entity1_ss">Fleetwood Mac</field><field name="composer_ss.MaximumLength"></field><field name="path">/Song/You Make Lovin' Fun</field><field name="Composition_Type">Song</field><field name="composer_ss">Christine McVie</field><field name="original_performer.Length">13</field><field name="original_performer">Fleetwood Mac</field><field name="composer_ss.Length">15</field><field name="Composition_Type.Length">4</field><field name="original_performer.MaximumLength"></field><field name="verb_ss">composed</field><field name="verb_ss">written</field><field name="verb_ss">authored</field><field name="verb_ss">wrote</field><field name="genres_ss">Rock</field><field name="genres_ss">Soft Rock</field><field name="verb_ss.Length">5</field><field name="verb_ss.MaximumLength"></field><field name="Composition_Type.MaximumLength"></field></doc><doc><field name="name">Here, There And Everywhere</field><field name="id">http://www.semanticweb.org/tedsullivan/ontologies/2015/5/music-10#Here_There_and_Everywhere</field><field name="related_entity1_ss">Beatles</field><field name="composer_ss.MaximumLength"></field><field name="path">/Song/Here, There And Everywhere</field><field name="Composition_Type">Song</field><field name="composer_ss">John Lennon</field><field name="composer_ss">Paul McCartney</field><field name="original_performer.Length">7</field><field name="original_performer">Beatles</field><field name="composer_ss.Length">14</field><field name="Composition_Type.Length">4</field><field name="original_performer.MaximumLength"></field><field name="verb_ss">composed</field><field name="verb_ss">written</field><field name="verb_ss">authored</field><field name="verb_ss">wrote</field><field name="verb_ss.Length">5</field><field name="verb_ss.MaximumLength"></field><field name="Composition_Type.MaximumLength"></field><field name="composer.Count">4</field></doc><doc><field name="name">I Want You, I Need You, I Love You</field><field name="id">http://www.semanticweb.org/tedsullivan/ontologies/2015/5/music-10#I_Want_You_I_Need_You_I_Love_You</field><field name="composer_ss.Length">14</field><field name="Composition_Type.Length">4</field><field name="composer_ss.MaximumLength"></field><field name="verb_ss">composed</field><field name="verb_ss">written</field><field name="verb_ss">authored</field><field name="verb_ss">wrote</field><field name="path">/Song/I Want You, I Need You, I Love You</field><field name="Composition_Type">Song</field><field name="genres_ss">Popular</field><field name="verb_ss.Length">5</field><field name="verb_ss.MaximumLength"></field><field name="Composition_Type.MaximumLength"></field><field name="composer_ss">Ira Kosloff</field><field name="composer_ss">Maurice Mysels</field><field name="composer.Count">4</field></doc><doc><field name="name">A Teenager In Love</field><field name="id">http://www.semanticweb.org/tedsullivan/ontologies/2015/5/music-10#A_Teenager_In_Love</field><field name="composer_ss.Length">11</field><field name="Composition_Type.Length">4</field><field name="composer_ss.MaximumLength"></field><field name="verb_ss">composed</field><field name="verb_ss">written</field><field name="verb_ss">authored</field><field name="verb_ss">wrote</field><field name="path">/Song/A Teenager In Love</field><field name="Composition_Type">Song</field><field name="genres_ss">Rock</field><field name="genres_ss">Doo Wop</field><field name="verb_ss.Length">5</field><field name="verb_ss.MaximumLength"></field><field name="Composition_Type.MaximumLength"></field><field name="composer_ss">Doc Pomus</field><field name="composer_ss">Mort Shuman</field><field name="composer.Count">4</field></doc><doc><field name="name">Come On In My Kitchen</field><field name="id">http://www.semanticweb.org/tedsullivan/ontologies/2015/5/music-10#Come_On_in_My_Kitchen</field><field name="related_entity1_ss">Robert Johnson</field><field name="composer_ss.MaximumLength"></field><field name="path">/Song/Come On In My Kitchen</field><field name="Composition_Type">Song</field><field name="composer_ss">Robert Johnson</field><field name="original_performer.Length">14</field><field name="original_performer">Robert Johnson</field><field name="composer_ss.Length">14</field><field name="Composition_Type.Length">4</field><field name="original_performer.MaximumLength"></field><field name="verb_ss">composed</field><field name="verb_ss">written</field><field name="verb_ss">authored</field><field name="verb_ss">wrote</field><field name="genres_ss">Blues</field><field name="genres_ss">Delta Blues</field><field name="verb_ss.Length">5</field><field name="verb_ss.MaximumLength"></field><field name="Composition_Type.MaximumLength"></field></doc><doc><field name="name">From A Distance</field><field name="id">http://www.semanticweb.org/tedsullivan/ontologies/2015/5/music-10#From_a_Distance</field><field name="composer_ss.Length">10</field><field name="Composition_Type.Length">4</field><field name="composer_ss.MaximumLength"></field><field name="verb_ss">composed</field><field name="verb_ss">written</field><field name="verb_ss">authored</field><field name="verb_ss">wrote</field><field name="path">/Song/From A Distance</field><field name="Composition_Type">Song</field><field name="verb_ss.Length">5</field><field name="verb_ss.MaximumLength"></field><field name="Composition_Type.MaximumLength"></field><field name="composer_ss">Julie Gold</field></doc><doc><field name="name">The Wind Cries Mary</field><field name="id">http://www.semanticweb.org/tedsullivan/ontologies/2015/5/music-10#The_Wind_Cries_Mary</field><field name="related_entity1_ss">Jimi Hendrix Experience</field><field name="composer_ss.MaximumLength"></field><field name="path">/Song/The Wind Cries Mary</field><field name="Composition_Type">Song</field><field name="composer_ss">Jimi Hendrix</field><field name="original_performer.Length">23</field><field name="original_performer">Jimi Hendrix Experience</field><field name="composer_ss.Length">12</field><field name="Composition_Type.Length">4</field><field name="original_performer.MaximumLength"></field><field name="verb_ss">composed</field><field name="verb_ss">written</field><field name="verb_ss">authored</field><field name="verb_ss">wrote</field><field name="genres_ss">Rock</field><field name="genres_ss">Psychedelic Rock</field><field name="verb_ss.Length">5</field><field name="verb_ss.MaximumLength"></field><field name="Composition_Type.MaximumLength"></field></doc><doc><field name="name">Go Cry on Somebody Else's Shoulder</field><field name="id">http://www.semanticweb.org/tedsullivan/ontologies/2015/5/music-10#Go_Cry_on_Somebody_Elses_Shoulder</field><field name="composer_ss.Length">11</field><field name="related_entity1_ss">Frank Zappa</field><field name="related_entity1_ss">The Mothers Of Invention</field><field name="Composition_Type.Length">4</field><field name="composer_ss.MaximumLength"></field><field name="verb_ss">composed</field><field name="verb_ss">written</field><field name="verb_ss">authored</field><field name="verb_ss">wrote</field><field name="path">/Song/Go Cry on Somebody Else's Shoulder</field><field name="Composition_Type">Song</field><field name="verb_ss.Length">5</field><field name="verb_ss.MaximumLength"></field><field name="Composition_Type.MaximumLength"></field><field name="composer_ss">Frank Zappa</field><field name="composer_ss">Ray Collins</field><field name="composer.Count">4</field></doc><doc><field name="name">Throwing It All Away</field><field name="id">http://www.semanticweb.org/tedsullivan/ontologies/2015/5/music-10#Throwing_It_All_Away</field><field name="related_entity1_ss">Genesis</field><field name="composer_ss.MaximumLength"></field><field name="path">/Song/Throwing It All Away</field><field name="Composition_Type">Song</field><field name="composer_ss">Mike Rutherford</field><field name="composer_ss">Phil Collins</field><field name="composer_ss">Tony Banks</field><field name="original_performer.Length">7</field><field name="original_performer">Genesis</field><field name="composer_ss.Length">10</field><field name="Composition_Type.Length">4</field><field name="original_performer.MaximumLength"></field><field name="verb_ss">composed</field><field name="verb_ss">written</field><field name="verb_ss">authored</field><field name="verb_ss">wrote</field><field name="verb_ss.Length">5</field><field name="verb_ss.MaximumLength"></field><field name="Composition_Type.MaximumLength"></field><field name="composer.Count">6</field></doc><doc><field name="name">Runaround Sue</field><field name="id">http://www.semanticweb.org/tedsullivan/ontologies/2015/5/music-10#Runaround_Sue</field><field name="related_entity1_ss">Dion</field><field name="composer_ss.MaximumLength"></field><field name="path">/Song/Runaround Sue</field><field name="Composition_Type">Song</field><field name="composer_ss">Dion</field><field name="composer_ss">Ernie Maresca</field><field name="original_performer.Length">4</field><field name="original_performer">Dion</field><field name="composer_ss.Length">13</field><field name="Composition_Type.Length">4</field><field name="original_performer.MaximumLength"></field><field name="verb_ss">composed</field><field name="verb_ss">written</field><field name="verb_ss">authored</field><field name="verb_ss">wrote</field><field name="verb_ss.Length">5</field><field name="verb_ss.MaximumLength"></field><field name="Composition_Type.MaximumLength"></field><field name="composer.Count">4</field></doc><doc><field name="name">Blues To Be There</field><field name="id">http://www.semanticweb.org/tedsullivan/ontologies/2015/5/music-10#Blues_To_Be_There</field><field name="composer_ss.Length">14</field><field name="Composition_Type.Length">4</field><field name="composer_ss.MaximumLength"></field><field name="verb_ss">composed</field><field name="verb_ss">written</field><field name="verb_ss">authored</field><field name="verb_ss">wrote</field><field name="path">/Song/Blues To Be There</field><field name="Composition_Type">Song</field><field name="genres_ss">Jazz</field><field name="verb_ss.Length">5</field><field name="verb_ss.MaximumLength"></field><field name="Composition_Type.MaximumLength"></field><field name="composer_ss">Duke Ellington</field></doc><doc><field name="name">Kinfolk's Blues</field><field name="id">http://www.semanticweb.org/tedsullivan/ontologies/2015/5/music-10#Kinfolks_Blues</field><field name="related_entity1_ss">Muddy Waters</field><field name="composer_ss.MaximumLength"></field><field name="path">/Song/Kinfolk's Blues</field><field name="Composition_Type">Song</field><field name="composer_ss">Muddy Waters</field><field name="original_performer.Length">12</field><field name="original_performer">Muddy Waters</field><field name="composer_ss.Length">12</field><field name="Composition_Type.Length">4</field><field name="original_performer.MaximumLength"></field><field name="verb_ss">composed</field><field name="verb_ss">written</field><field name="verb_ss">authored</field><field name="verb_ss">wrote</field><field name="genres_ss">Blues</field><field name="verb_ss.Length">5</field><field name="verb_ss.MaximumLength"></field><field name="Composition_Type.MaximumLength"></field></doc><doc><field name="name">Round Midnight</field><field name="id">http://www.semanticweb.org/tedsullivan/ontologies/2015/5/music-10#Round_Midnight</field><field name="related_entity1_ss">Thelonious Monk</field><field name="composer_ss.MaximumLength"></field><field name="path">/Song/Round Midnight</field><field name="Composition_Type">Song</field><field name="composer_ss">Cootie Williams</field><field name="composer_ss">Thelonious Monk</field><field name="original_performer.Length">15</field><field name="original_performer">Thelonious Monk</field><field name="composer_ss.Length">15</field><field name="Composition_Type.Length">4</field><field name="original_performer.MaximumLength"></field><field name="verb_ss">composed</field><field name="verb_ss">written</field><field name="verb_ss">authored</field><field name="verb_ss">wrote</field><field name="genres_ss">Jazz</field><field name="verb_ss.Length">5</field><field name="verb_ss.MaximumLength"></field><field name="Composition_Type.MaximumLength"></field><field name="composer.Count">4</field></doc><doc><field name="name">You Never Cry Like a Lover</field><field name="id">http://www.semanticweb.org/tedsullivan/ontologies/2015/5/music-10#You_Never_Cry_Like_a_Lover</field><field name="related_entity1_ss">Eagles</field><field name="composer_ss.MaximumLength"></field><field name="path">/Song/You Never Cry Like a Lover</field><field name="Composition_Type">Song</field><field name="composer_ss">Don Henley</field><field name="composer_ss">J. D. Souther</field><field name="original_performer.Length">6</field><field name="original_performer">Eagles</field><field name="composer_ss.Length">13</field><field name="Composition_Type.Length">4</field><field name="original_performer.MaximumLength"></field><field name="verb_ss">composed</field><field name="verb_ss">written</field><field name="verb_ss">authored</field><field name="verb_ss">wrote</field><field name="genres_ss">Rock</field><field name="verb_ss.Length">5</field><field name="verb_ss.MaximumLength"></field><field name="Composition_Type.MaximumLength"></field><field name="composer.Count">4</field></doc><doc><field name="name">Whispering Bells</field><field name="id">http://www.semanticweb.org/tedsullivan/ontologies/2015/5/music-10#Whispering_Bells</field><field name="composer_ss.Length">17</field><field name="related_entity1_ss">The Del-Vikings</field><field name="Composition_Type.Length">4</field><field name="composer_ss.MaximumLength"></field><field name="original_performer.MaximumLength"></field><field name="verb_ss">composed</field><field name="verb_ss">written</field><field name="verb_ss">authored</field><field name="verb_ss">wrote</field><field name="path">/Song/Whispering Bells</field><field name="Composition_Type">Song</field><field name="verb_ss.Length">5</field><field name="verb_ss.MaximumLength"></field><field name="Composition_Type.MaximumLength"></field><field name="composer_ss">Clarence E. Quick</field><field name="original_performer.Length">15</field><field name="original_performer">The Del-Vikings</field></doc><doc><field name="name">Oh, What A Night</field><field name="id">http://www.semanticweb.org/tedsullivan/ontologies/2015/5/music-10#Oh_What_A_Night</field><field name="related_entity1_ss">The Dells</field><field name="composer_ss.MaximumLength"></field><field name="path">/Song/Oh, What A Night</field><field name="Composition_Type">Song</field><field name="composer_ss">John Funches</field><field name="composer_ss">Marvin Junior</field><field name="original_performer.Length">9</field><field name="original_performer">The Dells</field><field name="composer_ss.Length">13</field><field name="Composition_Type.Length">4</field><field name="original_performer.MaximumLength"></field><field name="verb_ss">composed</field><field name="verb_ss">written</field><field name="verb_ss">authored</field><field name="verb_ss">wrote</field><field name="genres_ss">Rock</field><field name="genres_ss">Doo Wop</field><field name="verb_ss.Length">5</field><field name="verb_ss.MaximumLength"></field><field name="Composition_Type.MaximumLength"></field><field name="composer.Count">4</field></doc><doc><field name="name">It's Only a Paper Moon</field><field name="id">http://www.semanticweb.org/tedsullivan/ontologies/2015/5/music-10#Its_Only_a_Paper_Moon</field><field name="composer_ss.Length">12</field><field name="lyricsBy.Count">4</field><field name="Composition_Type.Length">4</field><field name="composer_ss.MaximumLength"></field><field name="lyricist_ss.MaximumLength"></field><field name="verb_ss">composed</field><field name="verb_ss">written</field><field name="verb_ss">authored</field><field name="verb_ss">wrote</field><field name="path">/Song/It's Only a Paper Moon</field><field name="lyricist_ss.Length">11</field><field name="Composition_Type">Song</field><field name="lyricist_ss">Billy Rose</field><field name="lyricist_ss">Yip Harburg</field><field name="verb_ss.Length">5</field><field name="verb_ss.MaximumLength"></field><field name="Composition_Type.MaximumLength"></field><field name="composer_ss">Harold Arlen</field></doc><doc><field name="name">Mexican Hat Dance</field><field name="id">http://www.semanticweb.org/tedsullivan/ontologies/2015/5/music-10#Mexican_Hat_Dance</field><field name="hasPerformer_ss">Les Brown and his Band Of Renown</field><field name="Composition_Type.Length">4</field><field name="hasPerformer_ss.Length">32</field><field name="verb_ss">composed</field><field name="verb_ss">written</field><field name="verb_ss">authored</field><field name="verb_ss">wrote</field><field name="path">/Song/Mexican Hat Dance</field><field name="Composition_Type">Song</field><field name="verb_ss.Length">5</field><field name="verb_ss.MaximumLength"></field><field name="Composition_Type.MaximumLength"></field><field name="hasPerformer_ss.MaximumLength"></field></doc><doc><field name="name">Take Time To Know Her</field><field name="id">http://www.semanticweb.org/tedsullivan/ontologies/2015/5/music-10#Take_Time_To_Know_Her</field><field name="composer_ss.Length">11</field><field name="Composition_Type.Length">4</field><field name="composer_ss.MaximumLength"></field><field name="verb_ss">composed</field><field name="verb_ss">written</field><field name="verb_ss">authored</field><field name="verb_ss">wrote</field><field name="path">/Song/Take Time To Know Her</field><field name="Composition_Type">Song</field><field name="verb_ss.Length">5</field><field name="verb_ss.MaximumLength"></field><field name="Composition_Type.MaximumLength"></field><field name="composer_ss">Steve Davis</field></doc><doc><field name="name">Back in the U.S.S.R.</field><field name="id">http://www.semanticweb.org/tedsullivan/ontologies/2015/5/music-10#Back_In_The_USSR</field><field name="related_entity1_ss">Beatles</field><field name="composer_ss.MaximumLength"></field><field name="path">/Song/Back in the U.S.S.R.</field><field name="Composition_Type">Song</field><field name="composer_ss">John Lennon</field><field name="composer_ss">Paul McCartney</field><field name="original_performer.Length">7</field><field name="original_performer">Beatles</field><field name="composer_ss.Length">14</field><field name="Composition_Type.Length">4</field><field name="original_performer.MaximumLength"></field><field name="verb_ss">composed</field><field name="verb_ss">written</field><field name="verb_ss">authored</field><field name="verb_ss">wrote</field><field name="genres_ss">Rock</field><field name="verb_ss.Length">5</field><field name="verb_ss.MaximumLength"></field><field name="Composition_Type.MaximumLength"></field><field name="composer.Count">4</field></doc><doc><field name="name">Gone With The Wind</field><field name="id">http://www.semanticweb.org/tedsullivan/ontologies/2015/5/music-10#Gone_with_the_Wind</field><field name="Composition_Type.Length">4</field><field name="verb_ss">composed</field><field name="verb_ss">written</field><field name="verb_ss">authored</field><field name="verb_ss">wrote</field><field name="path">/Song/Gone With The Wind</field><field name="Composition_Type">Song</field><field name="verb_ss.Length">5</field><field name="verb_ss.MaximumLength"></field><field name="Composition_Type.MaximumLength"></field></doc><doc><field name="name">Beale Street Blues</field><field name="id">http://www.semanticweb.org/tedsullivan/ontologies/2015/5/music-10#Beale_Street_Blues</field><field name="composer_ss.Length">11</field><field name="Composition_Type.Length">4</field><field name="composer_ss.MaximumLength"></field><field name="verb_ss">composed</field><field name="verb_ss">written</field><field name="verb_ss">authored</field><field name="verb_ss">wrote</field><field name="path">/Song/Beale Street Blues</field><field name="Composition_Type">Song</field><field name="genres_ss">Blues</field><field name="verb_ss.Length">5</field><field name="verb_ss.MaximumLength"></field><field name="Composition_Type.MaximumLength"></field><field name="composer_ss">W. C. Handy</field></doc><doc><field name="name">My Love Will Not Let You Down</field><field name="id">http://www.semanticweb.org/tedsullivan/ontologies/2015/5/music-10#My_Love_Will_Not_Let_You_Down</field><field name="composer_ss.Length">17</field><field name="Composition_Type.Length">4</field><field name="composer_ss.MaximumLength"></field><field name="verb_ss">composed</field><field name="verb_ss">written</field><field name="verb_ss">authored</field><field name="verb_ss">wrote</field><field name="path">/Song/My Love Will Not Let You Down</field><field name="Composition_Type">Song</field><field name="verb_ss.Length">5</field><field name="verb_ss.MaximumLength"></field><field name="Composition_Type.MaximumLength"></field><field name="composer_ss">Bruce Springsteen</field></doc><doc><field name="name">Glass Onion</field><field name="id">http://www.semanticweb.org/tedsullivan/ontologies/2015/5/music-10#Glass_Onion</field><field name="related_entity1_ss">Beatles</field><field name="composer_ss.MaximumLength"></field><field name="path">/Song/Glass Onion</field><field name="Composition_Type">Song</field><field name="composer_ss">John Lennon</field><field name="composer_ss">Paul McCartney</field><field name="original_performer.Length">7</field><field name="original_performer">Beatles</field><field name="composer_ss.Length">14</field><field name="Composition_Type.Length">4</field><field name="original_performer.MaximumLength"></field><field name="verb_ss">composed</field><field name="verb_ss">written</field><field name="verb_ss">authored</field><field name="verb_ss">wrote</field><field name="genres_ss">Rock</field><field name="verb_ss.Length">5</field><field name="verb_ss.MaximumLength"></field><field name="Composition_Type.MaximumLength"></field><field name="composer.Count">4</field></doc><doc><field name="name">Earth Boy</field><field name="id">http://www.semanticweb.org/tedsullivan/ontologies/2015/5/music-10#Earth_Boy</field><field name="composer_ss.Length">10</field><field name="Composition_Type.Length">4</field><field name="composer_ss.MaximumLength"></field><field name="verb_ss">composed</field><field name="verb_ss">written</field><field name="verb_ss">authored</field><field name="verb_ss">wrote</field><field name="path">/Song/Earth Boy</field><field name="Composition_Type">Song</field><field name="verb_ss.Length">5</field><field name="verb_ss.MaximumLength"></field><field name="Composition_Type.MaximumLength"></field><field name="composer_ss">Roy Bennett</field><field name="composer_ss">Sid Tepper</field><field name="composer.Count">4</field></doc><doc><field name="name">Remember Then</field><field name="id">http://www.semanticweb.org/tedsullivan/ontologies/2015/5/music-10#Remember_Then</field><field name="composer_ss.Length">11</field><field name="Composition_Type.Length">4</field><field name="composer_ss.MaximumLength"></field><field name="verb_ss">composed</field><field name="verb_ss">written</field><field name="verb_ss">authored</field><field name="verb_ss">wrote</field><field name="path">/Song/Remember Then</field><field name="Composition_Type">Song</field><field name="genres_ss">Rock</field><field name="genres_ss">Doo Wop</field><field name="verb_ss.Length">5</field><field name="verb_ss.MaximumLength"></field><field name="Composition_Type.MaximumLength"></field><field name="composer_ss">Beverly Ross</field><field name="composer_ss">Tony Powers</field><field name="composer.Count">4</field></doc><doc><field name="name">All Tomorrow's Parties</field><field name="id">http://www.semanticweb.org/tedsullivan/ontologies/2015/5/music-10#All_Tomorrows_Parties</field><field name="related_entity1_ss">The Velvet Underground</field><field name="composer_ss.MaximumLength"></field><field name="hasGenre.Count">6</field><field name="path">/Song/All Tomorrow's Parties</field><field name="Composition_Type">Song</field><field name="composer_ss">Lou Reed</field><field name="original_performer.Length">22</field><field name="original_performer">The Velvet Underground</field><field name="composer_ss.Length">8</field><field name="Composition_Type.Length">4</field><field name="original_performer.MaximumLength"></field><field name="verb_ss">composed</field><field name="verb_ss">written</field><field name="verb_ss">authored</field><field name="verb_ss">wrote</field><field name="genres_ss">Rock</field><field name="genres_ss">Art Rock</field><field name="genres_ss">Experimental Rock</field><field name="genres_ss">Psychedelic Rock</field><field name="verb_ss.Length">5</field><field name="verb_ss.MaximumLength"></field><field name="Composition_Type.MaximumLength"></field></doc><doc><field name="name">Living Loving Maid (She's Just A Woman)</field><field name="id">http://www.semanticweb.org/tedsullivan/ontologies/2015/5/music-10#Living_Loving_Maid_Shes_Just_A_Woman</field><field name="related_entity1_ss">Led Zeppelin</field><field name="composer_ss.MaximumLength"></field><field name="path">/Song/Living Loving Maid (She's Just A Woman)</field><field name="Composition_Type">Song</field><field name="composer_ss">Jimmy Page</field><field name="composer_ss">Robert Plant</field><field name="original_performer.Length">12</field><field name="original_performer">Led Zeppelin</field><field name="composer_ss.Length">12</field><field name="Composition_Type.Length">4</field><field name="original_performer.MaximumLength"></field><field name="verb_ss">composed</field><field name="verb_ss">written</field><field name="verb_ss">authored</field><field name="verb_ss">wrote</field><field name="genres_ss">Rock</field><field name="verb_ss.Length">5</field><field name="verb_ss.MaximumLength"></field><field name="Composition_Type.MaximumLength"></field><field name="composer.Count">4</field></doc><doc><field name="name">Understand Your Man</field><field name="id">http://www.semanticweb.org/tedsullivan/ontologies/2015/5/music-10#Understand_Your_Man</field><field name="related_entity1_ss">Johnny Cash</field><field name="composer_ss.MaximumLength"></field><field name="hasGenre.Count">4</field><field name="path">/Song/Understand Your Man</field><field name="Composition_Type">Song</field><field name="composer_ss">Johnny Cash</field><field name="original_performer.Length">11</field><field name="original_performer">Johnny Cash</field><field name="composer_ss.Length">11</field><field name="Composition_Type.Length">4</field><field name="original_performer.MaximumLength"></field><field name="verb_ss">composed</field><field name="verb_ss">written</field><field name="verb_ss">authored</field><field name="verb_ss">wrote</field><field name="genres_ss">Country</field><field name="genres_ss">Folk</field><field name="verb_ss.Length">5</field><field name="verb_ss.MaximumLength"></field><field name="Composition_Type.MaximumLength"></field></doc><doc><field name="name">River</field><field name="id">http://www.semanticweb.org/tedsullivan/ontologies/2015/5/music-10#River</field><field name="composer_ss.Length">14</field><field name="Composition_Type.Length">4</field><field name="composer_ss.MaximumLength"></field><field name="verb_ss">composed</field><field name="verb_ss">written</field><field name="verb_ss">authored</field><field name="verb_ss">wrote</field><field name="path">/Song/River</field><field name="Composition_Type">Song</field><field name="verb_ss.Length">5</field><field name="verb_ss.MaximumLength"></field><field name="Composition_Type.MaximumLength"></field><field name="composer_ss">Gene McDaniels</field></doc><doc><field name="name">Under My Thumb</field><field name="id">http://www.semanticweb.org/tedsullivan/ontologies/2015/5/music-10#Under_My_Thumb</field><field name="related_entity1_ss">Rolling Stones</field><field name="composer_ss.MaximumLength"></field><field name="path">/Song/Under My Thumb</field><field name="Composition_Type">Song</field><field name="composer_ss">Keith Richards</field><field name="composer_ss">Mick Jagger</field><field name="original_performer.Length">14</field><field name="original_performer">Rolling Stones</field><field name="composer_ss.Length">11</field><field name="Composition_Type.Length">4</field><field name="original_performer.MaximumLength"></field><field name="verb_ss">composed</field><field name="verb_ss">written</field><field name="verb_ss">authored</field><field name="verb_ss">wrote</field><field name="verb_ss.Length">5</field><field name="verb_ss.MaximumLength"></field><field name="Composition_Type.MaximumLength"></field><field name="composer.Count">4</field></doc><doc><field name="name">Krazy Kat</field><field name="id">http://www.semanticweb.org/tedsullivan/ontologies/2015/5/music-10#Krazy_Kat</field><field name="hasPerformer_ss">Frankie Trumbauer</field><field name="Composition_Type.Length">4</field><field name="hasPerformer_ss.Length">17</field><field name="verb_ss">composed</field><field name="verb_ss">written</field><field name="verb_ss">authored</field><field name="verb_ss">wrote</field><field name="path">/Song/Krazy Kat</field><field name="Composition_Type">Song</field><field name="verb_ss.Length">5</field><field name="verb_ss.MaximumLength"></field><field name="Composition_Type.MaximumLength"></field><field name="hasPerformer_ss.MaximumLength"></field></doc><doc><field name="name">Anything She Does</field><field name="id">http://www.semanticweb.org/tedsullivan/ontologies/2015/5/music-10#Anything_She_Does</field><field name="related_entity1_ss">Genesis</field><field name="composer_ss.MaximumLength"></field><field name="path">/Song/Anything She Does</field><field name="Composition_Type">Song</field><field name="composer_ss">Mike Rutherford</field><field name="composer_ss">Phil Collins</field><field name="composer_ss">Tony Banks</field><field name="original_performer.Length">7</field><field name="original_performer">Genesis</field><field name="composer_ss.Length">10</field><field name="Composition_Type.Length">4</field><field name="original_performer.MaximumLength"></field><field name="verb_ss">composed</field><field name="verb_ss">written</field><field name="verb_ss">authored</field><field name="verb_ss">wrote</field><field name="verb_ss.Length">5</field><field name="verb_ss.MaximumLength"></field><field name="Composition_Type.MaximumLength"></field><field name="composer.Count">6</field></doc><doc><field name="name">Way Down Yonder In New Orleans</field><field name="id">http://www.semanticweb.org/tedsullivan/ontologies/2015/5/music-10#Way_Down_Yonder_In_New_Orleans</field><field name="composer_ss.Length">13</field><field name="Composition_Type.Length">4</field><field name="composer_ss.MaximumLength"></field><field name="lyricist_ss.MaximumLength"></field><field name="verb_ss">composed</field><field name="verb_ss">written</field><field name="verb_ss">authored</field><field name="verb_ss">wrote</field><field name="path">/Song/Way Down Yonder In New Orleans</field><field name="lyricist_ss.Length">13</field><field name="Composition_Type">Song</field><field name="lyricist_ss">Henry Creamer</field><field name="verb_ss.Length">5</field><field name="verb_ss.MaximumLength"></field><field name="Composition_Type.MaximumLength"></field><field name="composer_ss">Turner Layton</field></doc><doc><field name="name">Tequila Sunrise</field><field name="id">http://www.semanticweb.org/tedsullivan/ontologies/2015/5/music-10#Tequila_Sunrise</field><field name="related_entity1_ss">Eagles</field><field name="composer_ss.MaximumLength"></field><field name="path">/Song/Tequila Sunrise</field><field name="Composition_Type">Song</field><field name="composer_ss">Don Henley</field><field name="composer_ss">Glenn Frey</field><field name="original_performer.Length">6</field><field name="original_performer">Eagles</field><field name="composer_ss.Length">10</field><field name="Composition_Type.Length">4</field><field name="original_performer.MaximumLength"></field><field name="verb_ss">composed</field><field name="verb_ss">written</field><field name="verb_ss">authored</field><field name="verb_ss">wrote</field><field name="verb_ss.Length">5</field><field name="verb_ss.MaximumLength"></field><field name="Composition_Type.MaximumLength"></field><field name="composer.Count">4</field></doc><doc><field name="name">Sunday</field><field name="id">http://www.semanticweb.org/tedsullivan/ontologies/2015/5/music-10#Sunday</field><field name="hasPerformer_ss">Wild Bill Davidson</field><field name="Composition_Type.Length">4</field><field name="hasPerformer_ss.Length">18</field><field name="verb_ss">composed</field><field name="verb_ss">written</field><field name="verb_ss">authored</field><field name="verb_ss">wrote</field><field name="path">/Song/Sunday</field><field name="Composition_Type">Song</field><field name="verb_ss.Length">5</field><field name="verb_ss.MaximumLength"></field><field name="Composition_Type.MaximumLength"></field><field name="hasPerformer_ss.MaximumLength"></field></doc><doc><field name="name">Copacabana</field><field name="id">http://www.semanticweb.org/tedsullivan/ontologies/2015/5/music-10#Copacabana</field><field name="related_entity1_ss">Barry Manilow</field><field name="composer_ss.MaximumLength"></field><field name="path">/Song/Copacabana</field><field name="Composition_Type">Song</field><field name="composer_ss">Barry Manilow</field><field name="composer_ss">Bruce Sussman</field><field name="composer_ss">Jack Feldman</field><field name="original_performer.Length">13</field><field name="original_performer">Barry Manilow</field><field name="composer_ss.Length">12</field><field name="Composition_Type.Length">4</field><field name="original_performer.MaximumLength"></field><field name="verb_ss">composed</field><field name="verb_ss">written</field><field name="verb_ss">authored</field><field name="verb_ss">wrote</field><field name="genres_ss">Dance Music</field><field name="genres_ss">Disco</field><field name="genres_ss">Rock</field><field name="verb_ss.Length">5</field><field name="verb_ss.MaximumLength"></field><field name="Composition_Type.MaximumLength"></field><field name="composer.Count">6</field></doc><doc><field name="name">I Got Rhythm</field><field name="id">http://www.semanticweb.org/tedsullivan/ontologies/2015/5/music-10#I_Got_Rhythm</field><field name="composer_ss.Length">15</field><field name="Composition_Type.Length">4</field><field name="composer_ss.MaximumLength"></field><field name="lyricist_ss.MaximumLength"></field><field name="verb_ss">composed</field><field name="verb_ss">written</field><field name="verb_ss">authored</field><field name="verb_ss">wrote</field><field name="path">/Song/I Got Rhythm</field><field name="lyricist_ss.Length">12</field><field name="Composition_Type">Song</field><field name="lyricist_ss">Ira Gershwin</field><field name="verb_ss.Length">5</field><field name="verb_ss.MaximumLength"></field><field name="Composition_Type.MaximumLength"></field><field name="composer_ss">George Gershwin</field></doc><doc><field name="name">Susie</field><field name="id">http://www.semanticweb.org/tedsullivan/ontologies/2015/5/music-10#Susie</field><field name="related_entity1_ss">Elton John</field><field name="composer_ss.MaximumLength"></field><field name="path">/Song/Susie</field><field name="lyricist_ss.Length">13</field><field name="Composition_Type">Song</field><field name="lyricist_ss">Bernie Taupin</field><field name="composer_ss">Elton John</field><field name="original_performer.Length">10</field><field name="original_performer">Elton John</field><field name="composer_ss.Length">10</field><field name="Composition_Type.Length">4</field><field name="original_performer.MaximumLength"></field><field name="lyricist_ss.MaximumLength"></field><field name="verb_ss">composed</field><field name="verb_ss">written</field><field name="verb_ss">authored</field><field name="verb_ss">wrote</field><field name="verb_ss.Length">5</field><field name="verb_ss.MaximumLength"></field><field name="Composition_Type.MaximumLength"></field></doc><doc><field name="name">You And Me</field><field name="id">http://www.semanticweb.org/tedsullivan/ontologies/2015/5/music-10#You_And_Me</field><field name="related_entity1_ss">Moody Blues</field><field name="composer_ss.MaximumLength"></field><field name="path">/Song/You And Me</field><field name="Composition_Type">Song</field><field name="composer_ss">Justin Hayward</field><field name="original_performer.Length">11</field><field name="original_performer">Moody Blues</field><field name="composer_ss.Length">14</field><field name="Composition_Type.Length">4</field><field name="original_performer.MaximumLength"></field><field name="verb_ss">composed</field><field name="verb_ss">written</field><field name="verb_ss">authored</field><field name="verb_ss">wrote</field><field name="genres_ss">Rock</field><field name="genres_ss">Progressive Rock</field><field name="verb_ss.Length">5</field><field name="verb_ss.MaximumLength"></field><field name="Composition_Type.MaximumLength"></field></doc><doc><field name="name">John Brown's Body</field><field name="id">http://www.semanticweb.org/tedsullivan/ontologies/2015/5/music-10#John_Browns_Body</field><field name="Composition_Type.Length">4</field><field name="verb_ss">composed</field><field name="verb_ss">written</field><field name="verb_ss">authored</field><field name="verb_ss">wrote</field><field name="path">/Song/John Brown's Body</field><field name="Composition_Type">Song</field><field name="verb_ss.Length">5</field><field name="verb_ss.MaximumLength"></field><field name="Composition_Type.MaximumLength"></field></doc><doc><field name="name">Moten Swing</field><field name="id">http://www.semanticweb.org/tedsullivan/ontologies/2015/5/music-10#Moten_Swing</field><field name="hasPerformer_ss">Mary Lou Williams</field><field name="Composition_Type.Length">4</field><field name="hasPerformer_ss.Length">17</field><field name="verb_ss">composed</field><field name="verb_ss">written</field><field name="verb_ss">authored</field><field name="verb_ss">wrote</field><field name="path">/Song/Moten Swing</field><field name="Composition_Type">Song</field><field name="verb_ss.Length">5</field><field name="verb_ss.MaximumLength"></field><field name="Composition_Type.MaximumLength"></field><field name="hasPerformer_ss.MaximumLength"></field></doc><doc><field name="name">Everybody's Got Something to Hide Except Me and My Monkey</field><field name="id">http://www.semanticweb.org/tedsullivan/ontologies/2015/5/music-10#Everybodys_Got_Something_To_Hide_Except_Me_And_My_Monkey</field><field name="related_entity1_ss">Beatles</field><field name="composer_ss.MaximumLength"></field><field name="path">/Song/Everybody's Got Something to Hide Except Me and My Monkey</field><field name="Composition_Type">Song</field><field name="composer_ss">John Lennon</field><field name="original_performer.Length">7</field><field name="original_performer">Beatles</field><field name="composer_ss.Length">11</field><field name="Composition_Type.Length">4</field><field name="original_performer.MaximumLength"></field><field name="verb_ss">composed</field><field name="verb_ss">written</field><field name="verb_ss">authored</field><field name="verb_ss">wrote</field><field name="genres_ss">Rock</field><field name="verb_ss.Length">5</field><field name="verb_ss.MaximumLength"></field><field name="Composition_Type.MaximumLength"></field></doc><doc><field name="name">Dead Ringer for Love</field><field name="id">http://www.semanticweb.org/tedsullivan/ontologies/2015/5/music-10#Dead_Ringer_for_Love</field><field name="composer_ss.Length">12</field><field name="Composition_Type.Length">4</field><field name="composer_ss.MaximumLength"></field><field name="verb_ss">composed</field><field name="verb_ss">written</field><field name="verb_ss">authored</field><field name="verb_ss">wrote</field><field name="path">/Song/Dead Ringer for Love</field><field name="Composition_Type">Song</field><field name="genres_ss">Rock</field><field name="genres_ss">Hard Rock</field><field name="verb_ss.Length">5</field><field name="verb_ss.MaximumLength"></field><field name="Composition_Type.MaximumLength"></field><field name="composer_ss">Jim Steinman</field></doc><doc><field name="name">Tell Mama</field><field name="id">http://www.semanticweb.org/tedsullivan/ontologies/2015/5/music-10#Tell_Mama</field><field name="composer_ss.Length">14</field><field name="Composition_Type.Length">4</field><field name="composer_ss.MaximumLength"></field><field name="verb_ss">composed</field><field name="verb_ss">written</field><field name="verb_ss">authored</field><field name="verb_ss">wrote</field><field name="path">/Song/Tell Mama</field><field name="Composition_Type">Song</field><field name="verb_ss.Length">5</field><field name="verb_ss.MaximumLength"></field><field name="Composition_Type.MaximumLength"></field><field name="composer_ss">Clarence Carter</field><field name="composer_ss">Marcus Daniel</field><field name="composer_ss">Wilbur Terrell</field><field name="composer.Count">6</field></doc></add>
