<add><doc><field name="name">Carole Bayer Sager</field><field name="id">http://www.semanticweb.org/tedsullivan/ontologies/2015/5/music-10#Carole_Bayer_Sager</field><field name="related_entity1_ss">Burt Bacharach</field><field name="related_entity2_ss">Marvin Hamlisch</field><field name="related_entity2_ss">Toni Wine</field><field name="Music_Writer_Type">Composer</field><field name="Music_Writer_Type">Lyricist</field><field name="Music_Writer_Type">Songwriter</field><field name="related_entity2_ss.Length">9</field><field name="path">/Lyricist/Carole Bayer Sager</field><field name="path">/Musician/Singer/Carole Bayer Sager</field><field name="path">/Songwriter/Carole Bayer Sager</field><field name="Musician_Type">Singer</field><field name="related_entity2_ss.MaximumLength"></field></doc><doc><field name="name">Jimmy Kennedy</field><field name="id">http://www.semanticweb.org/tedsullivan/ontologies/2015/5/music-10#Jimmy_Kennedy</field><field name="related_entity1_ss">Michael Carr</field><field name="related_entity1_ss">Wilhelm Grosz</field><field name="Music_Writer_Type">Composer</field><field name="Music_Writer_Type">Lyricist</field><field name="Music_Writer_Type">Songwriter</field><field name="path">/Lyricist/Jimmy Kennedy</field><field name="path">/Songwriter/Jimmy Kennedy</field></doc><doc><field name="name">Tony Asher</field><field name="id">http://www.semanticweb.org/tedsullivan/ontologies/2015/5/music-10#Tony_Asher</field><field name="related_entity1_ss">Brian Wilson</field><field name="related_entity1_ss">Mike Love</field><field name="Music_Writer_Type">Composer</field><field name="Music_Writer_Type">Lyricist</field><field name="path">/Lyricist/Tony Asher</field></doc><doc><field name="name">Gus Kahn</field><field name="id">http://www.semanticweb.org/tedsullivan/ontologies/2015/5/music-10#Gus_Kahn</field><field name="related_entity1_ss">Isham Jones</field><field name="related_entity2_ss">Ira Gershwin</field><field name="related_entity2_ss">Walter Jurmann</field><field name="related_entity2_ss">Edward Eliscu</field><field name="related_entity2_ss">Bronisław Kaper</field><field name="related_entity2_ss">George Gershwin</field><field name="related_entity2_ss">Walter Donaldson</field><field name="related_entity2_ss">Vincent Youmans</field><field name="Music_Writer_Type">Composer</field><field name="Music_Writer_Type">Lyricist</field><field name="related_entity2_ss.Length">15</field><field name="path">/Lyricist/Gus Kahn</field><field name="related_entity2_ss.MaximumLength"></field></doc><doc><field name="name">Don George</field><field name="id">http://www.semanticweb.org/tedsullivan/ontologies/2015/5/music-10#Don_George</field><field name="related_entity1_ss">Duke Ellington</field><field name="related_entity1_ss">Harry James</field><field name="Music_Writer_Type">Composer</field><field name="Music_Writer_Type">Lyricist</field><field name="path">/Lyricist/Don George</field></doc><doc><field name="name">Jacques Prevert</field><field name="id">http://www.semanticweb.org/tedsullivan/ontologies/2015/5/music-10#Jacques_Prevert</field><field name="related_entity1_ss">Johnny Mercer</field><field name="related_entity1_ss">Joseph Kosma</field><field name="Music_Writer_Type">Composer</field><field name="Music_Writer_Type">Lyricist</field><field name="path">/Lyricist/Jacques Prevert</field></doc><doc><field name="name">Eddie Jefferson</field><field name="id">http://www.semanticweb.org/tedsullivan/ontologies/2015/5/music-10#Eddie_Jefferson</field><field name="Music_Writer_Type">Composer</field><field name="Music_Writer_Type">Lyricist</field><field name="path">/Band Leader/Eddie Jefferson</field><field name="path">/Lyricist/Eddie Jefferson</field><field name="path">/Musician/Singer/Eddie Jefferson</field><field name="Musician_Type">Conductor</field><field name="Musician_Type">Band Leader</field><field name="Musician_Type">Singer</field><field name="genres_ss">Jazz</field><field name="genres_ss">Vocalese</field></doc><doc><field name="name">Robert Hunter</field><field name="id">http://www.semanticweb.org/tedsullivan/ontologies/2015/5/music-10#Robert_Hunter</field><field name="related_entity1_ss">Jerry Garcia</field><field name="memberOfGroup_ss.Length">13</field><field name="related_entity2_ss.Length">9</field><field name="path">/Instrumentalist/Guitarist/Robert Hunter</field><field name="path">/Lyricist/Robert Hunter</field><field name="path">/Musician/Singer/Robert Hunter</field><field name="path">/Songwriter/Robert Hunter</field><field name="memberOfGroup_ss.MaximumLength"></field><field name="related_entity2_ss">Mickey Hart</field><field name="related_entity2_ss">Ron 'Pigpen' McKernan</field><field name="related_entity2_ss">Bob Weir</field><field name="related_entity2_ss">Bill Kreutzmann</field><field name="related_entity2_ss">Phil Lesh</field><field name="Music_Writer_Type">Composer</field><field name="Music_Writer_Type">Lyricist</field><field name="Music_Writer_Type">Songwriter</field><field name="Musician_Type">Instrumentalist</field><field name="Musician_Type">Guitarist</field><field name="Musician_Type">Singer</field><field name="genres_ss">Rock</field><field name="memberOfGroup_ss">Grateful Dead</field><field name="related_entity2_ss.MaximumLength"></field></doc><doc><field name="name">Hal David</field><field name="id">http://www.semanticweb.org/tedsullivan/ontologies/2015/5/music-10#Hal_David</field><field name="related_entity1_ss">Burt Bacharach</field><field name="related_entity2_ss">B. J. Thomas</field><field name="related_entity2_ss">Dionne Warwick</field><field name="Music_Writer_Type">Composer</field><field name="Music_Writer_Type">Lyricist</field><field name="related_entity2_ss.Length">14</field><field name="path">/Lyricist/Hal David</field><field name="related_entity2_ss.MaximumLength"></field></doc><doc><field name="name">Alan Jay Lerner</field><field name="id">http://www.semanticweb.org/tedsullivan/ontologies/2015/5/music-10#Alan_Jay_Lerner</field><field name="related_entity1_ss">Frederick Loewe</field><field name="Music_Writer_Type">Composer</field><field name="Music_Writer_Type">Lyricist</field><field name="path">/Lyricist/Alan Jay Lerner</field></doc><doc><field name="name">Larry Kusik</field><field name="id">http://www.semanticweb.org/tedsullivan/ontologies/2015/5/music-10#Larry_Kusik</field><field name="related_entity1_ss">Nino Rota</field><field name="Music_Writer_Type">Composer</field><field name="Music_Writer_Type">Lyricist</field><field name="path">/Lyricist/Larry Kusik</field></doc><doc><field name="name">Tim Rice</field><field name="id">http://www.semanticweb.org/tedsullivan/ontologies/2015/5/music-10#Tim_Rice</field><field name="related_entity1_ss">Andrew Lloyd Webber</field><field name="related_entity1_ss">Elton John</field><field name="Music_Writer_Type">Composer</field><field name="Music_Writer_Type">Lyricist</field><field name="path">/Lyricist/Tim Rice</field></doc><doc><field name="name">Dorothy Fields</field><field name="id">http://www.semanticweb.org/tedsullivan/ontologies/2015/5/music-10#Dorothy_Fields</field><field name="related_entity1_ss">Jimmy McHugh</field><field name="related_entity2_ss">Lionel Hampton</field><field name="related_entity2_ss">Frankie Laine</field><field name="related_entity2_ss">Louis Armstrong</field><field name="related_entity2_ss">Nat King Cole</field><field name="related_entity2_ss">Benny Goodman</field><field name="related_entity2_ss">Erroll Garner</field><field name="related_entity2_ss">Jerome Kern</field><field name="related_entity2_ss">Ted Lewis</field><field name="Music_Writer_Type">Composer</field><field name="Music_Writer_Type">Lyricist</field><field name="related_entity2_ss.Length">9</field><field name="path">/Lyricist/Dorothy Fields</field><field name="related_entity2_ss.MaximumLength"></field></doc><doc><field name="name">Sam M. Lewis</field><field name="id">http://www.semanticweb.org/tedsullivan/ontologies/2015/5/music-10#Sam_M_Lewis</field><field name="related_entity1_ss">Joe Young</field><field name="related_entity2_ss">John Klenner</field><field name="related_entity2_ss">Harry Akst</field><field name="related_entity2_ss">Walter Donaldson</field><field name="Music_Writer_Type">Composer</field><field name="Music_Writer_Type">Lyricist</field><field name="related_entity2_ss.Length">16</field><field name="path">/Lyricist/Sam M. Lewis</field><field name="path">/Musician/Singer/Sam M. Lewis</field><field name="Musician_Type">Singer</field><field name="related_entity2_ss.MaximumLength"></field></doc><doc><field name="name">Mike Stoller</field><field name="id">http://www.semanticweb.org/tedsullivan/ontologies/2015/5/music-10#Mike_Stoller</field><field name="related_entity1_ss">Jerry Leiber</field><field name="related_entity2_ss">Ben E. King</field><field name="related_entity2_ss">Dee Dee Warwick</field><field name="Music_Writer_Type">Composer</field><field name="Music_Writer_Type">Lyricist</field><field name="related_entity2_ss.Length">15</field><field name="path">/Lyricist/Mike Stoller</field><field name="related_entity2_ss.MaximumLength"></field></doc><doc><field name="name">Norman Gimbel</field><field name="id">http://www.semanticweb.org/tedsullivan/ontologies/2015/5/music-10#Norman_Gimbel</field><field name="related_entity1_ss">Charles Fox</field><field name="related_entity2_ss">Marcos Valle</field><field name="related_entity2_ss">Dean Martin</field><field name="Music_Writer_Type">Composer</field><field name="Music_Writer_Type">Lyricist</field><field name="related_entity2_ss.Length">11</field><field name="path">/Lyricist/Norman Gimbel</field><field name="related_entity2_ss.MaximumLength"></field></doc><doc><field name="name">Johnny Burke</field><field name="id">http://www.semanticweb.org/tedsullivan/ontologies/2015/5/music-10#Johnny_Burke</field><field name="related_entity1_ss">Jimmy Van Heusen</field><field name="related_entity2_ss">Bing Crosby</field><field name="related_entity2_ss">Bob Haggart</field><field name="related_entity2_ss">Arthur Johnston</field><field name="Music_Writer_Type">Composer</field><field name="Music_Writer_Type">Lyricist</field><field name="related_entity2_ss.Length">15</field><field name="path">/Lyricist/Johnny Burke</field><field name="related_entity2_ss.MaximumLength"></field></doc><doc><field name="name">Harry Link</field><field name="id">http://www.semanticweb.org/tedsullivan/ontologies/2015/5/music-10#Harry_Link</field><field name="related_entity1_ss">Eric Maschwitz</field><field name="related_entity1_ss">Jack Strachey</field><field name="Music_Writer_Type">Composer</field><field name="Music_Writer_Type">Lyricist</field><field name="path">/Lyricist/Harry Link</field></doc><doc><field name="name">Eric Maschwitz</field><field name="id">http://www.semanticweb.org/tedsullivan/ontologies/2015/5/music-10#Eric_Maschwitz</field><field name="related_entity1_ss">Harry Link</field><field name="related_entity1_ss">Jack Strachey</field><field name="Music_Writer_Type">Composer</field><field name="Music_Writer_Type">Lyricist</field><field name="path">/Lyricist/Eric Maschwitz</field></doc><doc><field name="name">Steve Cuden</field><field name="id">http://www.semanticweb.org/tedsullivan/ontologies/2015/5/music-10#Steve_Cuden</field><field name="related_entity1_ss">Frank Wildhorn</field><field name="related_entity2_ss">Leslie Bricusse</field><field name="Music_Writer_Type">Composer</field><field name="Music_Writer_Type">Lyricist</field><field name="related_entity2_ss.Length">15</field><field name="path">/Lyricist/Steve Cuden</field><field name="related_entity2_ss.MaximumLength"></field></doc><doc><field name="name">Ted Koehler</field><field name="id">http://www.semanticweb.org/tedsullivan/ontologies/2015/5/music-10#Ted_Koehler</field><field name="related_entity1_ss">Harold Arlen</field><field name="Music_Writer_Type">Composer</field><field name="Music_Writer_Type">Lyricist</field><field name="path">/Lyricist/Ted Koehler</field></doc><doc><field name="name">Edward Eliscu</field><field name="id">http://www.semanticweb.org/tedsullivan/ontologies/2015/5/music-10#Edward_Eliscu</field><field name="related_entity1_ss">Gus Kahn</field><field name="related_entity1_ss">Vincent Youmans</field><field name="Music_Writer_Type">Composer</field><field name="Music_Writer_Type">Lyricist</field><field name="path">/Lyricist/Edward Eliscu</field></doc><doc><field name="name">Truman Capote</field><field name="id">http://www.semanticweb.org/tedsullivan/ontologies/2015/5/music-10#Truman_Capote</field><field name="related_entity1_ss">Harold Arlen</field><field name="Music_Writer_Type">Composer</field><field name="Music_Writer_Type">Lyricist</field><field name="path">/Lyricist/Truman Capote</field></doc><doc><field name="name">Lawrence Holofcener</field><field name="id">http://www.semanticweb.org/tedsullivan/ontologies/2015/5/music-10#Lawrence_Holofcener</field><field name="related_entity1_ss">George David Weiss</field><field name="related_entity1_ss">Jerry Bock</field><field name="Music_Writer_Type">Composer</field><field name="Music_Writer_Type">Lyricist</field><field name="path">/Lyricist/Lawrence Holofcener</field><field name="synonym">Larry Holofcener</field></doc><doc><field name="name">Richard Fraser</field><field name="id">http://www.semanticweb.org/tedsullivan/ontologies/2015/5/music-10#Richard_Fraser</field><field name="related_entity1_ss">Greg Lake</field><field name="Music_Writer_Type">Composer</field><field name="Music_Writer_Type">Lyricist</field><field name="path">/Lyricist/Richard Fraser</field></doc><doc><field name="name">Larry Morey</field><field name="id">http://www.semanticweb.org/tedsullivan/ontologies/2015/5/music-10#Larry_Morey</field><field name="related_entity1_ss">Frank Churchill</field><field name="Music_Writer_Type">Composer</field><field name="Music_Writer_Type">Lyricist</field><field name="path">/Lyricist/Larry Morey</field></doc><doc><field name="name">Nancy Hamilton</field><field name="id">http://www.semanticweb.org/tedsullivan/ontologies/2015/5/music-10#Nancy_Hamilton</field><field name="related_entity1_ss">Morgan Lewis</field><field name="Music_Writer_Type">Composer</field><field name="Music_Writer_Type">Lyricist</field><field name="path">/Lyricist/Nancy Hamilton</field></doc><doc><field name="name">Howard Ashman</field><field name="id">http://www.semanticweb.org/tedsullivan/ontologies/2015/5/music-10#Howard_Ashman</field><field name="related_entity1_ss">Alen Menken</field><field name="Music_Writer_Type">Composer</field><field name="Music_Writer_Type">Lyricist</field><field name="path">/Lyricist/Howard Ashman</field></doc><doc><field name="name">William Bell</field><field name="id">http://www.semanticweb.org/tedsullivan/ontologies/2015/5/music-10#William_Bell</field><field name="related_entity1_ss">Booker T Jones</field><field name="Music_Writer_Type">Composer</field><field name="Music_Writer_Type">Lyricist</field><field name="path">/Lyricist/William Bell</field></doc><doc><field name="name">George A. Whiting</field><field name="id">http://www.semanticweb.org/tedsullivan/ontologies/2015/5/music-10#George_A._Whiting</field><field name="related_entity1_ss">Walter Donaldson</field><field name="Music_Writer_Type">Composer</field><field name="Music_Writer_Type">Lyricist</field><field name="path">/Lyricist/George A. Whiting</field></doc><doc><field name="name">Harold Adamson</field><field name="id">http://www.semanticweb.org/tedsullivan/ontologies/2015/5/music-10#Harold_Adamson</field><field name="related_entity1_ss">Jimmy McHugh</field><field name="Music_Writer_Type">Composer</field><field name="Music_Writer_Type">Lyricist</field><field name="path">/Lyricist/Harold Adamson</field></doc><doc><field name="name">Joe Young</field><field name="id">http://www.semanticweb.org/tedsullivan/ontologies/2015/5/music-10#Joe_Young</field><field name="related_entity1_ss">Sam M. Lewis</field><field name="related_entity2_ss">Harry Akst</field><field name="related_entity2_ss">Walter Donaldson</field><field name="Music_Writer_Type">Composer</field><field name="Music_Writer_Type">Lyricist</field><field name="related_entity2_ss.Length">16</field><field name="path">/Lyricist/Joe Young</field><field name="related_entity2_ss.MaximumLength"></field></doc><doc><field name="name">Dave Lambert</field><field name="id">http://www.semanticweb.org/tedsullivan/ontologies/2015/5/music-10#Dave_Lambert</field><field name="related_entity1_ss">Annie Ross</field><field name="related_entity1_ss">Jon Hendricks</field><field name="Music_Writer_Type">Composer</field><field name="Music_Writer_Type">Lyricist</field><field name="memberOfGroup_ss.Length">25</field><field name="path">/Lyricist/Dave Lambert</field><field name="path">/Musician/Singer/Dave Lambert</field><field name="Musician_Type">Singer</field><field name="genres_ss">Jazz</field><field name="memberOfGroup_ss">Lambert, Hendricks &amp; Ross</field><field name="memberOfGroup_ss.MaximumLength"></field></doc><doc><field name="name">Pierre Delanoë</field><field name="id">http://www.semanticweb.org/tedsullivan/ontologies/2015/5/music-10#Pierre_Delanoë</field><field name="path">/Lyricist/Pierre Delanoë</field><field name="path">/Songwriter/Pierre Delanoë</field><field name="Music_Writer_Type">Composer</field><field name="Music_Writer_Type">Lyricist</field><field name="Music_Writer_Type">Songwriter</field></doc><doc><field name="name">Paul Francis Webster</field><field name="id">http://www.semanticweb.org/tedsullivan/ontologies/2015/5/music-10#Paul_Francis_Webster</field><field name="related_entity1_ss">Sammy Fain</field><field name="Music_Writer_Type">Composer</field><field name="Music_Writer_Type">Lyricist</field><field name="path">/Lyricist/Paul Francis Webster</field></doc><doc><field name="name">Pete Brown</field><field name="id">http://www.semanticweb.org/tedsullivan/ontologies/2015/5/music-10#Pete_Brown</field><field name="related_entity1_ss">Jack Bruce</field><field name="related_entity2_ss">Cream</field><field name="related_entity2_ss">Eric Clapton</field><field name="Music_Writer_Type">Composer</field><field name="Music_Writer_Type">Lyricist</field><field name="related_entity2_ss.Length">12</field><field name="path">/Lyricist/Pete Brown</field><field name="related_entity2_ss.MaximumLength"></field></doc><doc><field name="name">John Golden</field><field name="id">http://www.semanticweb.org/tedsullivan/ontologies/2015/5/music-10#John_Golden</field><field name="related_entity1_ss">Raymond Hubbell</field><field name="Music_Writer_Type">Composer</field><field name="Music_Writer_Type">Lyricist</field><field name="path">/Lyricist/John Golden</field></doc><doc><field name="name">John Redmond</field><field name="id">http://www.semanticweb.org/tedsullivan/ontologies/2015/5/music-10#John_Redmond</field><field name="related_entity1_ss">Henry Nemo</field><field name="related_entity1_ss">Duke Ellington</field><field name="related_entity1_ss">Irving Mills</field><field name="Music_Writer_Type">Composer</field><field name="Music_Writer_Type">Lyricist</field><field name="path">/Lyricist/John Redmond</field></doc><doc><field name="name">Betty Comden</field><field name="id">http://www.semanticweb.org/tedsullivan/ontologies/2015/5/music-10#Betty_Comden</field><field name="related_entity1_ss">Leonard Bernstein</field><field name="related_entity1_ss">Adolph Green</field><field name="Music_Writer_Type">Composer</field><field name="Music_Writer_Type">Lyricist</field><field name="path">/Lyricist/Betty Comden</field></doc><doc><field name="name">Kal Mann</field><field name="id">http://www.semanticweb.org/tedsullivan/ontologies/2015/5/music-10#Kal_Mann</field><field name="related_entity1_ss">Bernie Lowe</field><field name="Music_Writer_Type">Composer</field><field name="Music_Writer_Type">Lyricist</field><field name="path">/Lyricist/Kal Mann</field></doc><doc><field name="name">John La Touche</field><field name="id">http://www.semanticweb.org/tedsullivan/ontologies/2015/5/music-10#John_La_Touche</field><field name="related_entity1_ss">Vernon Duke</field><field name="Music_Writer_Type">Composer</field><field name="Music_Writer_Type">Lyricist</field><field name="path">/Lyricist/John La Touche</field></doc><doc><field name="name">Keith Reid</field><field name="id">http://www.semanticweb.org/tedsullivan/ontologies/2015/5/music-10#Keith_Reid</field><field name="related_entity1_ss">Procol Harum</field><field name="related_entity1_ss">Gary Brooker</field><field name="related_entity1_ss">Matthew Fisher</field><field name="related_entity2_ss">Robin Trower</field><field name="related_entity2_ss">Geoff Whitehorn</field><field name="related_entity2_ss">David Knights</field><field name="related_entity2_ss">Matt Pegg</field><field name="related_entity2_ss">Chris Copping</field><field name="related_entity2_ss">Bobby Harrison</field><field name="related_entity2_ss">B. J. Wilson</field><field name="related_entity2_ss">Josh Phillips</field><field name="Music_Writer_Type">Composer</field><field name="Music_Writer_Type">Lyricist</field><field name="Music_Writer_Type">Songwriter</field><field name="memberOfGroup_ss.Length">12</field><field name="related_entity2_ss.Length">13</field><field name="path">/Lyricist/Keith Reid</field><field name="path">/Songwriter/Keith Reid</field><field name="memberOfGroup_ss">Procol Harum</field><field name="memberOfGroup_ss.MaximumLength"></field><field name="related_entity2_ss.MaximumLength"></field></doc><doc><field name="name">Donald Graves</field><field name="id">http://www.semanticweb.org/tedsullivan/ontologies/2015/5/music-10#Donald_Graves</field><field name="related_entity1_ss">Bill ,",Sheriff Tex,", Davis</field><field name="Music_Writer_Type">Composer</field><field name="Music_Writer_Type">Lyricist</field><field name="path">/Lyricist/Donald Graves</field></doc><doc><field name="name">Lew Herman</field><field name="id">http://www.semanticweb.org/tedsullivan/ontologies/2015/5/music-10#Lew_Herman</field><field name="related_entity1_ss">Nappy Brown</field><field name="related_entity1_ss">Ozzie Cadena</field><field name="Music_Writer_Type">Composer</field><field name="Music_Writer_Type">Lyricist</field><field name="Music_Writer_Type">Songwriter</field><field name="path">/Lyricist/Lew Herman</field><field name="path">/Songwriter/Lew Herman</field></doc><doc><field name="name">Katherine Purvis</field><field name="id">http://www.semanticweb.org/tedsullivan/ontologies/2015/5/music-10#Katharine_Purvis</field><field name="path">/Lyricist/Katherine Purvis</field><field name="Music_Writer_Type">Composer</field><field name="Music_Writer_Type">Lyricist</field></doc><doc><field name="name">Billy Rose</field><field name="id">http://www.semanticweb.org/tedsullivan/ontologies/2015/5/music-10#Billy_Rose</field><field name="related_entity1_ss">Rose Marks</field><field name="related_entity1_ss">Yip Harburg</field><field name="related_entity1_ss">Harold Arlen</field><field name="Music_Writer_Type">Composer</field><field name="Music_Writer_Type">Lyricist</field><field name="path">/Lyricist/Billy Rose</field></doc><doc><field name="name">Martin Sharp</field><field name="id">http://www.semanticweb.org/tedsullivan/ontologies/2015/5/music-10#Martin_Sharp</field><field name="related_entity1_ss">Eric Clapton</field><field name="Music_Writer_Type">Composer</field><field name="Music_Writer_Type">Lyricist</field><field name="path">/Lyricist/Martin Sharp</field></doc><doc><field name="name">Irving Caesar</field><field name="id">http://www.semanticweb.org/tedsullivan/ontologies/2015/5/music-10#Irving_Caesar</field><field name="related_entity1_ss">Roger Wolfe Kahn</field><field name="related_entity1_ss">Joseph Meyer</field><field name="related_entity1_ss">Julius Brammer</field><field name="related_entity1_ss">Leonello Casucci</field><field name="related_entity1_ss">Vincent Youmans</field><field name="Music_Writer_Type">Composer</field><field name="Music_Writer_Type">Lyricist</field><field name="path">/Lyricist/Irving Caesar</field></doc><doc><field name="name">Bert Kalmar</field><field name="id">http://www.semanticweb.org/tedsullivan/ontologies/2015/5/music-10#Bert_Kalmar</field><field name="related_entity1_ss">Helen Kane</field><field name="related_entity1_ss">Harry Ruby</field><field name="related_entity2_ss">Bernice Petkere</field><field name="related_entity2_ss">Harry M. Woods</field><field name="related_entity2_ss">Haven Gillespie</field><field name="related_entity2_ss">Saul Chaplin</field><field name="related_entity2_ss">Carmen McRae</field><field name="related_entity2_ss">Al Sherman</field><field name="related_entity2_ss">Herbert Stothart</field><field name="Music_Writer_Type">Composer</field><field name="Music_Writer_Type">Lyricist</field><field name="memberOfGroup_ss.Length">13</field><field name="related_entity2_ss.Length">16</field><field name="path">/Lyricist/Bert Kalmar</field><field name="memberOfGroup_ss">Tin Pan Alley</field><field name="memberOfGroup_ss.MaximumLength"></field><field name="related_entity2_ss.MaximumLength"></field></doc><doc><field name="name">Ned Washington</field><field name="id">http://www.semanticweb.org/tedsullivan/ontologies/2015/5/music-10#Ned_Washington</field><field name="related_entity1_ss">Leigh Harline</field><field name="related_entity1_ss">Bing Crosby</field><field name="related_entity1_ss">George Bassman</field><field name="related_entity1_ss">Hoagy Carmichael</field><field name="related_entity1_ss">Bronisław Kaper</field><field name="related_entity1_ss">Tommy Dorsey</field><field name="Music_Writer_Type">Composer</field><field name="Music_Writer_Type">Lyricist</field><field name="path">/Lyricist/Ned Washington</field></doc><doc><field name="name">Carolyn Leigh</field><field name="id">http://www.semanticweb.org/tedsullivan/ontologies/2015/5/music-10#Carolyn_Leigh</field><field name="related_entity1_ss">Johnny Richards</field><field name="related_entity1_ss">Phillip Springer</field><field name="related_entity1_ss">Cy Coleman</field><field name="Music_Writer_Type">Composer</field><field name="Music_Writer_Type">Lyricist</field><field name="path">/Lyricist/Carolyn Leigh</field></doc><doc><field name="name">Patricia Johnston</field><field name="id">http://www.semanticweb.org/tedsullivan/ontologies/2015/5/music-10#Patricia_Johnston</field><field name="related_entity1_ss">Gene De Paul</field><field name="related_entity1_ss">Don Raye</field><field name="Music_Writer_Type">Composer</field><field name="Music_Writer_Type">Lyricist</field><field name="path">/Composer/Lyricist/Patricia Johnston</field><field name="genres_ss">Jazz</field></doc><doc><field name="name">Reg Connelly</field><field name="id">http://www.semanticweb.org/tedsullivan/ontologies/2015/5/music-10#Reg_Connelly</field><field name="related_entity1_ss">Jimmy Campbell</field><field name="related_entity2_ss">Harry M. Woods</field><field name="Music_Writer_Type">Composer</field><field name="Music_Writer_Type">Lyricist</field><field name="Music_Writer_Type">Songwriter</field><field name="related_entity2_ss.Length">14</field><field name="path">/Music Writer/Composer/Lyricist/Reg Connelly</field><field name="path">/Songwriter/Reg Connelly</field><field name="related_entity2_ss.MaximumLength"></field></doc><doc><field name="name">Edward Heyman</field><field name="id">http://www.semanticweb.org/tedsullivan/ontologies/2015/5/music-10#Edward_Heyman</field><field name="related_entity1_ss">Johnny Green</field><field name="related_entity2_ss">Robert Sour</field><field name="related_entity2_ss">Frank Eyton</field><field name="related_entity2_ss">Victor Young</field><field name="Music_Writer_Type">Composer</field><field name="Music_Writer_Type">Lyricist</field><field name="related_entity2_ss.Length">12</field><field name="path">/Music Writer/Composer/Lyricist/Edward Heyman</field><field name="related_entity2_ss.MaximumLength"></field></doc><doc><field name="name">Johnny Mercer</field><field name="id">http://www.semanticweb.org/tedsullivan/ontologies/2015/5/music-10#Johnny_Mercer</field><field name="related_entity1_ss">Harold Arlen</field><field name="related_entity1_ss">Harry Warren</field><field name="hasGenre.Count">4</field><field name="related_entity2_ss.Length">11</field><field name="path">/Music Writer/Composer/Lyricist/Johnny Mercer</field><field name="path">/Musician/Singer/Johnny Mercer</field><field name="path">/Songwriter/Johnny Mercer</field><field name="related_entity2_ss">The Merry Macs</field><field name="related_entity2_ss">David Raskin</field><field name="related_entity2_ss">Judy Garland</field><field name="related_entity2_ss">Bing Crosby</field><field name="related_entity2_ss">Joseph Kosma</field><field name="related_entity2_ss">Tommy Dorsey</field><field name="related_entity2_ss">Duke Ellington</field><field name="related_entity2_ss">Jimmy Van Heusen</field><field name="related_entity2_ss">Billy Strayhorn</field><field name="related_entity2_ss">Richard Whiting</field><field name="related_entity2_ss">Henry Mancini</field><field name="related_entity2_ss">Hoagy Carmichael</field><field name="related_entity2_ss">Victor Schertzinger</field><field name="related_entity2_ss">Jacques Prevert</field><field name="related_entity2_ss">Jerome Kern</field><field name="Music_Writer_Type">Composer</field><field name="Music_Writer_Type">Lyricist</field><field name="Music_Writer_Type">Songwriter</field><field name="Musician_Type">Singer</field><field name="genres_ss">Jazz</field><field name="genres_ss">Popular</field><field name="related_entity2_ss.MaximumLength"></field></doc><doc><field name="name">Roy Turk</field><field name="id">http://www.semanticweb.org/tedsullivan/ontologies/2015/5/music-10#Roy_Turk</field><field name="related_entity1_ss">Lou Handman</field><field name="Music_Writer_Type">Composer</field><field name="Music_Writer_Type">Lyricist</field><field name="Music_Writer_Type">Songwriter</field><field name="path">/Music Writer/Composer/Lyricist/Roy Turk</field><field name="path">/Songwriter/Roy Turk</field></doc><doc><field name="name">Eubie Blake</field><field name="id">http://www.semanticweb.org/tedsullivan/ontologies/2015/5/music-10#Eubie_Blake</field><field name="related_entity1_ss">Andy Razaf</field><field name="Music_Writer_Type">Composer</field><field name="Music_Writer_Type">Lyricist</field><field name="path">/Music Writer/Composer/Eubie Blake</field><field name="path">/Music Writer/Composer/Lyricist/Eubie Blake</field><field name="path">/Musician/Instrumentalist/Pianist/Eubie Blake</field><field name="Musician_Type">Instrumentalist</field><field name="Musician_Type">Pianist</field><field name="genres_ss">Jazz</field><field name="genres_ss">Ragtime</field></doc><doc><field name="name">Mitchell Parish</field><field name="id">http://www.semanticweb.org/tedsullivan/ontologies/2015/5/music-10#Mitchell_Parish</field><field name="related_entity1_ss">J Mayo Williams</field><field name="related_entity1_ss">Duke Ellington</field><field name="related_entity1_ss">Irving Mills</field><field name="related_entity1_ss">Bo Chapman</field><field name="related_entity1_ss">Edgar Sampson</field><field name="related_entity1_ss">Hoagy Carmichael</field><field name="related_entity1_ss">Benny Goodman</field><field name="Music_Writer_Type">Composer</field><field name="Music_Writer_Type">Lyricist</field><field name="path">/Music Writer/Composer/Lyricist/Mitchell Parish</field></doc><doc><field name="name">Fred Ebb</field><field name="id">http://www.semanticweb.org/tedsullivan/ontologies/2015/5/music-10#Fred_Ebb</field><field name="related_entity1_ss">John Kander</field><field name="Music_Writer_Type">Composer</field><field name="Music_Writer_Type">Lyricist</field><field name="path">/Music Writer/Composer/Lyricist/Fred Ebb</field></doc><doc><field name="name">Polly Samson</field><field name="id">http://www.semanticweb.org/tedsullivan/ontologies/2015/5/music-10#Polly_Samson</field><field name="related_entity1_ss">David Gilmour</field><field name="related_entity2_ss">Richard Wright</field><field name="related_entity2_ss">Nick Laird-Clowes</field><field name="related_entity2_ss">Bob Ezrin</field><field name="Music_Writer_Type">Composer</field><field name="Music_Writer_Type">Lyricist</field><field name="related_entity2_ss.Length">9</field><field name="path">/Music Writer/Composer/Lyricist/Polly Samson</field><field name="related_entity2_ss.MaximumLength"></field></doc><doc><field name="name">Joe Darion</field><field name="id">http://www.semanticweb.org/tedsullivan/ontologies/2015/5/music-10#Joe_Darion</field><field name="related_entity1_ss">Mitch Leigh</field><field name="Music_Writer_Type">Composer</field><field name="Music_Writer_Type">Lyricist</field><field name="path">/Music Writer/Composer/Lyricist/Joe Darion</field></doc><doc><field name="name">Bob Dylan</field><field name="id">http://www.semanticweb.org/tedsullivan/ontologies/2015/5/music-10#Bob_Dylan</field><field name="related_entity1_ss">The Band</field><field name="hasGenre.Count">4</field><field name="memberOfGroup_ss.Length">18</field><field name="related_entity2_ss.Length">12</field><field name="path">/Musician/Instrumentalist/Guitarist/Bob Dylan</field><field name="path">/Harmonica Player/Bob Dylan</field><field name="path">/Music Writer/Composer/Lyricist/Bob Dylan</field><field name="path">/Musician/Singer/Bob Dylan</field><field name="path">/Songwriter/Bob Dylan</field><field name="memberOfGroup_ss.MaximumLength"></field><field name="related_entity2_ss">George Harrison</field><field name="related_entity2_ss">Jeff Lynne</field><field name="related_entity2_ss">Roy Orbison</field><field name="related_entity2_ss">Tom Petty</field><field name="related_entity2_ss">Grateful Dead</field><field name="related_entity2_ss">Eric Clapton</field><field name="related_entity2_ss">Johnny Cash</field><field name="related_entity2_ss">Richard Manuel</field><field name="related_entity2_ss">Leon Russell</field><field name="related_entity2_ss">Rick Danko</field><field name="related_entity2_ss">Tom Wilson</field><field name="related_entity2_ss">Bob Johnston</field><field name="Music_Writer_Type">Composer</field><field name="Music_Writer_Type">Lyricist</field><field name="Music_Writer_Type">Songwriter</field><field name="Musician_Type">Instrumentalist</field><field name="Musician_Type">Guitarist</field><field name="Musician_Type">Harmonica Player</field><field name="Musician_Type">Singer</field><field name="genres_ss">Blues</field><field name="genres_ss">Blues Rock</field><field name="genres_ss">Rock</field><field name="genres_ss">Folk</field><field name="genres_ss">Folk Rock</field><field name="memberOfGroup_ss">Traveling Wilburys</field><field name="related_entity2_ss.MaximumLength"></field></doc><doc><field name="name">George A. Norton</field><field name="id">http://www.semanticweb.org/tedsullivan/ontologies/2015/5/music-10#George_A._Norton</field><field name="related_entity1_ss">Ernie Burnett</field><field name="Music_Writer_Type">Composer</field><field name="Music_Writer_Type">Lyricist</field><field name="path">/Music Writer/Composer/Lyricist/George A. Norton</field></doc><doc><field name="name">Leslie Bricusse</field><field name="id">http://www.semanticweb.org/tedsullivan/ontologies/2015/5/music-10#Leslie_Bricusse</field><field name="related_entity1_ss">Frank Wildhorn</field><field name="related_entity2_ss">Steve Cuden</field><field name="related_entity2_ss">Sammy Davis Jr.</field><field name="related_entity2_ss">Henry Mancini</field><field name="related_entity2_ss">Anthony Newley</field><field name="Music_Writer_Type">Composer</field><field name="Music_Writer_Type">Lyricist</field><field name="related_entity2_ss.Length">14</field><field name="path">/Music Writer/Composer/Leslie Bricusse</field><field name="path">/Music Writer/Composer/Lyricist/Leslie Bricusse</field><field name="related_entity2_ss.MaximumLength"></field></doc><doc><field name="name">Sammy Gallop</field><field name="id">http://www.semanticweb.org/tedsullivan/ontologies/2015/5/music-10#Sammy_Gallop</field><field name="related_entity1_ss">Peter DeRose</field><field name="Music_Writer_Type">Composer</field><field name="Music_Writer_Type">Lyricist</field><field name="path">/Music Writer/Composer/Lyricist/Sammy Gallop</field></doc><doc><field name="name">Billy Joel</field><field name="id">http://www.semanticweb.org/tedsullivan/ontologies/2015/5/music-10#Billy_Joel</field><field name="related_entity1_ss">Phil Ramone</field><field name="composer_ss.MaximumLength"></field><field name="path">/Music Writer/Composer/Billy Joel</field><field name="path">/Music Writer/Composer/Lyricist/Billy Joel</field><field name="path">/Musician/Instrumentalist/Pianist/Billy Joel</field><field name="path">/Musician/Singer/Billy Joel</field><field name="path">/Songwriter/Billy Joel</field><field name="hasCompositions.Count">14</field><field name="composer_ss">Billy Joel</field><field name="song_ss">Allentown</field><field name="song_ss">Big Shot</field><field name="song_ss">It's Still Rock And Roll To Me</field><field name="song_ss">Movin' Out</field><field name="song_ss">Piano Man</field><field name="song_ss">Say Goodbye To Hollywood</field><field name="song_ss">The Longest Time</field><field name="composer_ss.Length">10</field><field name="Music_Writer_Type">Composer</field><field name="Music_Writer_Type">Lyricist</field><field name="Music_Writer_Type">Songwriter</field><field name="song_ss.Length">16</field><field name="Musician_Type">Instrumentalist</field><field name="Musician_Type">Pianist</field><field name="Musician_Type">Singer</field><field name="genres_ss">Rock</field><field name="genres_ss">Rock &amp; Roll</field><field name="genres_ss">Popular</field><field name="genres_ss">Pop Rock</field><field name="genres_ss">Doo Wop</field><field name="song_ss.MaximumLength"></field></doc><doc><field name="name">Mort Dixon</field><field name="id">http://www.semanticweb.org/tedsullivan/ontologies/2015/5/music-10#Mort_Dixon</field><field name="related_entity1_ss">Harry M. Woods</field><field name="related_entity1_ss">Ray Henderson</field><field name="Music_Writer_Type">Composer</field><field name="Music_Writer_Type">Lyricist</field><field name="path">/Music Writer/Composer/Lyricist/Mort Dixon</field></doc><doc><field name="name">Marvin Moore</field><field name="id">http://www.semanticweb.org/tedsullivan/ontologies/2015/5/music-10#Marvin_Moore</field><field name="related_entity1_ss">George Campbell</field><field name="related_entity1_ss">Hutch Davie</field><field name="Music_Writer_Type">Composer</field><field name="Music_Writer_Type">Lyricist</field><field name="path">/Music Writer/Composer/Lyricist/Marvin Moore</field></doc><doc><field name="name">Jack Strachey</field><field name="id">http://www.semanticweb.org/tedsullivan/ontologies/2015/5/music-10#Jack_Strachey</field><field name="related_entity1_ss">Eric Maschwitz</field><field name="related_entity1_ss">Harry Link</field><field name="Music_Writer_Type">Composer</field><field name="Music_Writer_Type">Lyricist</field><field name="path">/Music Writer/Composer/Jack Strachey</field><field name="path">/Music Writer/Composer/Lyricist/Jack Strachey</field></doc><doc><field name="name">Ira Gershwin</field><field name="id">http://www.semanticweb.org/tedsullivan/ontologies/2015/5/music-10#Ira_Gershwin</field><field name="related_entity1_ss">George Gershwin</field><field name="related_entity1_ss">Gus Kahn</field><field name="Music_Writer_Type">Composer</field><field name="Music_Writer_Type">Lyricist</field><field name="path">/Music Writer/Composer/Lyricist/Ira Gershwin</field></doc><doc><field name="name">Cissy Wechter</field><field name="id">http://www.semanticweb.org/tedsullivan/ontologies/2015/5/music-10#Cissy_Wechter</field><field name="related_entity1_ss">Julius Wechter</field><field name="Music_Writer_Type">Composer</field><field name="Music_Writer_Type">Lyricist</field><field name="path">/Music Writer/Composer/Lyricist/Cissy Wechter</field></doc><doc><field name="name">Henry Creamer</field><field name="id">http://www.semanticweb.org/tedsullivan/ontologies/2015/5/music-10#Henry_Creamer</field><field name="related_entity1_ss">Turner Layton</field><field name="Music_Writer_Type">Composer</field><field name="Music_Writer_Type">Lyricist</field><field name="path">/Music Writer/Composer/Lyricist/Henry Creamer</field></doc><doc><field name="name">Roger Christian</field><field name="id">http://www.semanticweb.org/tedsullivan/ontologies/2015/5/music-10#Roger_Christian</field><field name="related_entity1_ss">Brian Wilson</field><field name="related_entity2_ss">Beach Boys</field><field name="related_entity2_ss">Mike Love</field><field name="related_entity2_ss">Don Altfeld</field><field name="related_entity2_ss">Jan and Dean</field><field name="related_entity2_ss">Artie Kornfeld</field><field name="related_entity2_ss">Jan Berry</field><field name="Music_Writer_Type">Composer</field><field name="Music_Writer_Type">Lyricist</field><field name="related_entity2_ss.Length">9</field><field name="path">/Music Writer/Composer/Lyricist/Roger Christian</field><field name="related_entity2_ss.MaximumLength"></field></doc><doc><field name="name">Edward Madden</field><field name="id">http://www.semanticweb.org/tedsullivan/ontologies/2015/5/music-10#Edward_Madden</field><field name="related_entity1_ss">Gus Edwards</field><field name="Music_Writer_Type">Composer</field><field name="Music_Writer_Type">Lyricist</field><field name="path">/Music Writer/Composer/Lyricist/Edward Madden</field></doc><doc><field name="name">Stuart Gorrell</field><field name="id">http://www.semanticweb.org/tedsullivan/ontologies/2015/5/music-10#Stuart_Gorrell</field><field name="related_entity1_ss">Hoagy Carmichael</field><field name="Music_Writer_Type">Composer</field><field name="Music_Writer_Type">Lyricist</field><field name="path">/Music Writer/Composer/Lyricist/Stuart Gorrell</field></doc><doc><field name="name">Charles Tobias</field><field name="id">http://www.semanticweb.org/tedsullivan/ontologies/2015/5/music-10#Charles_Tobias</field><field name="related_entity1_ss">Sam H. Stept</field><field name="related_entity1_ss">Lew Brown</field><field name="Music_Writer_Type">Composer</field><field name="Music_Writer_Type">Lyricist</field><field name="path">/Music Writer/Composer/Lyricist/Charles Tobias</field></doc><doc><field name="name">Andy Razaf</field><field name="id">http://www.semanticweb.org/tedsullivan/ontologies/2015/5/music-10#Andy_Razaf</field><field name="related_entity1_ss">Fats Waller</field><field name="related_entity2_ss">Harry Brooks</field><field name="related_entity2_ss">Don Redman</field><field name="related_entity2_ss">Eubie Blake</field><field name="related_entity2_ss">J. C. Johnson</field><field name="Music_Writer_Type">Composer</field><field name="Music_Writer_Type">Lyricist</field><field name="related_entity2_ss.Length">13</field><field name="path">/Music Writer/Composer/Lyricist/Andy Razaf</field><field name="related_entity2_ss.MaximumLength"></field></doc><doc><field name="name">Bob Hilliard</field><field name="id">http://www.semanticweb.org/tedsullivan/ontologies/2015/5/music-10#Bob_Hilliard</field><field name="related_entity1_ss">David Mann</field><field name="related_entity1_ss">Burt Bacharach</field><field name="Music_Writer_Type">Composer</field><field name="Music_Writer_Type">Lyricist</field><field name="path">/Music Writer/Composer/Lyricist/Bob Hilliard</field></doc><doc><field name="name">Jim Burris</field><field name="id">http://www.semanticweb.org/tedsullivan/ontologies/2015/5/music-10#Jim_Burris</field><field name="related_entity1_ss">Chris Smith</field><field name="Music_Writer_Type">Composer</field><field name="Music_Writer_Type">Lyricist</field><field name="path">/Music Writer/Composer/Lyricist/Jim Burris</field></doc><doc><field name="name">James Paul Warburg</field><field name="id">http://www.semanticweb.org/tedsullivan/ontologies/2015/5/music-10#James_Paul_Warburg</field><field name="related_entity1_ss">Kay Swift</field><field name="Music_Writer_Type">Composer</field><field name="Music_Writer_Type">Lyricist</field><field name="path">/Music Writer/Composer/Lyricist/James Paul Warburg</field></doc><doc><field name="name">Bernie Taupin</field><field name="id">http://www.semanticweb.org/tedsullivan/ontologies/2015/5/music-10#Bernie_Taupin</field><field name="related_entity1_ss">Elton John</field><field name="Music_Writer_Type">Composer</field><field name="Music_Writer_Type">Lyricist</field><field name="path">/Music Writer/Composer/Lyricist/Bernie Taupin</field></doc><doc><field name="name">Franco Migliacci</field><field name="id">http://www.semanticweb.org/tedsullivan/ontologies/2015/5/music-10#Franco_Migliacci</field><field name="related_entity1_ss">Domenico Modugno</field><field name="Music_Writer_Type">Composer</field><field name="Music_Writer_Type">Lyricist</field><field name="path">/Music Writer/Composer/Lyricist/Franco Migliacci</field></doc><doc><field name="name">Bud Green</field><field name="id">http://www.semanticweb.org/tedsullivan/ontologies/2015/5/music-10#Bud_Green</field><field name="related_entity1_ss">Ben Homer</field><field name="related_entity1_ss">Les Brown</field><field name="related_entity1_ss">Michael Edwards</field><field name="Music_Writer_Type">Composer</field><field name="Music_Writer_Type">Lyricist</field><field name="path">/Music Writer/Composer/Lyricist/Bud Green</field></doc><doc><field name="name">Jennie Franks</field><field name="id">http://www.semanticweb.org/tedsullivan/ontologies/2015/5/music-10#Jennie_Franks</field><field name="related_entity1_ss">Ian Anderson</field><field name="Music_Writer_Type">Composer</field><field name="Music_Writer_Type">Lyricist</field><field name="path">/Music Writer/Composer/Lyricist/Jennie Franks</field></doc><doc><field name="name">Sandy Linzer</field><field name="id">http://www.semanticweb.org/tedsullivan/ontologies/2015/5/music-10#Sandy_Linzer</field><field name="related_entity1_ss">Denny Randell</field><field name="related_entity2_ss">Bob Crewe</field><field name="Music_Writer_Type">Composer</field><field name="Music_Writer_Type">Lyricist</field><field name="Music_Writer_Type">Songwriter</field><field name="related_entity2_ss.Length">9</field><field name="path">/Music Writer/Composer/Lyricist/Sandy Linzer</field><field name="path">/Record Producer/Sandy Linzer</field><field name="path">/Music Writer/Composer/Songwriter/Sandy Linzer</field><field name="related_entity2_ss.MaximumLength"></field></doc><doc><field name="name">Pablo de Sarasate</field><field name="id">http://www.semanticweb.org/tedsullivan/ontologies/2015/5/music-10#Pablo_de_Sarasate</field><field name="Music_Writer_Type">Composer</field><field name="path">/Music Writer/Composer/Pablo de Sarasate</field><field name="path">/Violinist/Pablo de Sarasate</field><field name="Musician_Type">Instrumentalist</field><field name="Musician_Type">Violinist</field></doc><doc><field name="name">Benjamin Britten</field><field name="id">http://www.semanticweb.org/tedsullivan/ontologies/2015/5/music-10#Benjamin_Britten</field><field name="path">/Music Writer/Composer/Benjamin Britten</field><field name="Music_Writer_Type">Composer</field></doc><doc><field name="name">Glenn Miller</field><field name="id">http://www.semanticweb.org/tedsullivan/ontologies/2015/5/music-10#Glenn_Miller</field><field name="Music_Writer_Type">Composer</field><field name="path">/Musician/Conductor/Band Leader/Glenn Miller</field><field name="path">/Music Writer/Composer/Glenn Miller</field><field name="path">/Trombonist/Glenn Miller</field><field name="Musician_Type">Conductor</field><field name="Musician_Type">Band Leader</field><field name="Musician_Type">Instrumentalist</field><field name="Musician_Type">Trombonist</field><field name="genres_ss">Jazz</field><field name="genres_ss">Swing</field></doc><doc><field name="name">Modest Mussorgsky</field><field name="id">http://www.semanticweb.org/tedsullivan/ontologies/2015/5/music-10#Modest_Mussorgsky</field><field name="path">/Music Writer/Composer/Modest Mussorgsky</field><field name="Music_Writer_Type">Composer</field></doc><doc><field name="name">Raymond Lefevre</field><field name="id">http://www.semanticweb.org/tedsullivan/ontologies/2015/5/music-10#Raymond_Lefèvre</field><field name="path">/Music Writer/Composer/Raymond Lefevre</field><field name="Music_Writer_Type">Composer</field></doc><doc><field name="name">Ambroise Thomas</field><field name="id">http://www.semanticweb.org/tedsullivan/ontologies/2015/5/music-10#Ambroise_Thomas</field><field name="path">/Music Writer/Composer/Ambroise Thomas</field><field name="Music_Writer_Type">Composer</field></doc><doc><field name="name">Clarence Williams</field><field name="id">http://www.semanticweb.org/tedsullivan/ontologies/2015/5/music-10#Clarance_Williams</field><field name="related_entity1_ss">Bessie Smith</field><field name="related_entity1_ss">Charles Warfield</field><field name="Music_Writer_Type">Composer</field><field name="path">/Music Writer/Composer/Clarence Williams</field><field name="path">/Musician/Instrumentalist/Pianist/Clarence Williams</field><field name="path">/Musician/Singer/Clarence Williams</field><field name="Musician_Type">Instrumentalist</field><field name="Musician_Type">Pianist</field><field name="Musician_Type">Singer</field></doc><doc><field name="name">Reinhold Gliere</field><field name="id">http://www.semanticweb.org/tedsullivan/ontologies/2015/5/music-10#Reinhold_Glière</field><field name="path">/Music Writer/Composer/Reinhold Gliere</field><field name="Music_Writer_Type">Composer</field></doc><doc><field name="name">Frederick Loewe</field><field name="id">http://www.semanticweb.org/tedsullivan/ontologies/2015/5/music-10#Frederick_Loewe</field><field name="related_entity1_ss">Alan Jay Lerner</field><field name="Music_Writer_Type">Composer</field><field name="path">/Music Writer/Composer/Frederick Loewe</field></doc><doc><field name="name">Pat Boone</field><field name="id">http://www.semanticweb.org/tedsullivan/ontologies/2015/5/music-10#Pat_Boone</field><field name="Music_Writer_Type">Composer</field><field name="hasGenre.Count">6</field><field name="path">/Music Writer/Composer/Pat Boone</field><field name="path">/Musician/Singer/Pat Boone</field><field name="Musician_Type">Singer</field><field name="genres_ss">Country</field><field name="genres_ss">Gospel</field><field name="genres_ss">Popular</field></doc><doc><field name="name">Jimmy Heath</field><field name="id">http://www.semanticweb.org/tedsullivan/ontologies/2015/5/music-10#Jimmy_Heath</field><field name="Music_Writer_Type">Composer</field><field name="path">/Music Writer/Composer/Jimmy Heath</field><field name="path">/Musician/Instrumentalist/Saxophonist/Jimmy Heath</field><field name="Musician_Type">Instrumentalist</field><field name="Musician_Type">Saxophonist</field><field name="genres_ss">Jazz</field></doc><doc><field name="name">Nikolai Rimsky-Korsakov</field><field name="id">http://www.semanticweb.org/tedsullivan/ontologies/2015/5/music-10#Nikolai_Rimsky-Korsakov</field><field name="path">/Music Writer/Composer/Nikolai Rimsky-Korsakov</field><field name="Music_Writer_Type">Composer</field></doc><doc><field name="name">Johann Strauss II</field><field name="id">http://www.semanticweb.org/tedsullivan/ontologies/2015/5/music-10#Johann_Strauss_II</field><field name="path">/Music Writer/Composer/Johann Strauss II</field><field name="Music_Writer_Type">Composer</field></doc><doc><field name="name">Pablo Beltrán Ruiz</field><field name="id">http://www.semanticweb.org/tedsullivan/ontologies/2015/5/music-10#Pablo_Beltrán_Ruiz</field><field name="related_entity1_ss">Luis Demetrio</field><field name="related_entity1_ss">Dean Martin</field><field name="Music_Writer_Type">Composer</field><field name="path">/Musician/Conductor/Band Leader/Pablo Beltrán Ruiz</field><field name="path">/Music Writer/Composer/Pablo Beltrán Ruiz</field><field name="Musician_Type">Conductor</field><field name="Musician_Type">Band Leader</field></doc><doc><field name="name">George Duning</field><field name="id">http://www.semanticweb.org/tedsullivan/ontologies/2015/5/music-10#George_Duning</field><field name="path">/Music Writer/Composer/George Duning</field><field name="Music_Writer_Type">Composer</field></doc></add>
