<add><doc><field name="name">Afrika Bambaataa</field><field name="id">http://www.semanticweb.org/tedsullivan/ontologies/2015/5/music-10#Afrika_Bambaataa</field><field name="related_entity1_ss">Arthur Baker</field><field name="Music_Writer_Type">Composer</field><field name="Music_Writer_Type">Songwriter</field><field name="memberOfGroup_ss.Length">41</field><field name="path">/owl:Class/Afrika Bambaataa</field><field name="path">/Keyboardist/Afrika Bambaataa</field><field name="path">/Singer/Afrika Bambaataa</field><field name="path">/Songwriter/Afrika Bambaataa</field><field name="synonym">Kevin Donovan</field><field name="Musician_Type">Instrumentalist</field><field name="Musician_Type">Keyboardist</field><field name="Musician_Type">Singer</field><field name="memberOfGroup_ss">Afrika Bambaataa and the Soul Sonic Force</field><field name="memberOfGroup_ss.MaximumLength"></field></doc><doc><field name="name">Jack Tempchin</field><field name="id">http://www.semanticweb.org/tedsullivan/ontologies/2015/5/music-10#Jack_Tempchin</field><field name="related_entity1_ss">Robb Strandlund</field><field name="Music_Writer_Type">Composer</field><field name="Music_Writer_Type">Songwriter</field><field name="path">/Singer/Jack Tempchin</field><field name="path">/Songwriter/Jack Tempchin</field><field name="Musician_Type">Singer</field></doc><doc><field name="name">Jon Carin</field><field name="id">http://www.semanticweb.org/tedsullivan/ontologies/2015/5/music-10#Jon_Carin</field><field name="related_entity1_ss">Anthony Moore</field><field name="related_entity1_ss">David Gilmour</field><field name="related_entity1_ss">Bob Ezrin</field><field name="Music_Writer_Type">Composer</field><field name="Music_Writer_Type">Songwriter</field><field name="path">/Bassist/Jon Carin</field><field name="path">/Drummer/Jon Carin</field><field name="path">/Guitarist/Jon Carin</field><field name="path">/Keyboardist/Jon Carin</field><field name="path">/Singer/Jon Carin</field><field name="path">/Songwriter/Jon Carin</field><field name="Musician_Type">Instrumentalist</field><field name="Musician_Type">Bassist</field><field name="Musician_Type">Drummer</field><field name="Musician_Type">Guitarist</field><field name="Musician_Type">Keyboardist</field><field name="Musician_Type">Singer</field></doc><doc><field name="name">Debbie Gibson</field><field name="id">http://www.semanticweb.org/tedsullivan/ontologies/2015/5/music-10#Debbie_Gibson</field><field name="Music_Writer_Type">Composer</field><field name="Music_Writer_Type">Songwriter</field><field name="path">/Record Producer/Debbie Gibson</field><field name="path">/Singer/Debbie Gibson</field><field name="path">/Songwriter/Debbie Gibson</field><field name="Musician_Type">Singer</field></doc><doc><field name="name">Donald Fagen</field><field name="id">http://www.semanticweb.org/tedsullivan/ontologies/2015/5/music-10#Donald_Fagen</field><field name="related_entity1_ss">Walter Becker</field><field name="related_entity1_ss">Paul Griffin</field><field name="related_entity1_ss">Michael McDonald</field><field name="Music_Writer_Type">Composer</field><field name="Music_Writer_Type">Songwriter</field><field name="memberOfGroup_ss.Length">10</field><field name="path">/Keyboardist/Donald Fagen</field><field name="path">/Saxophonist/Donald Fagen</field><field name="path">/Singer/Donald Fagen</field><field name="path">/Songwriter/Donald Fagen</field><field name="Musician_Type">Instrumentalist</field><field name="Musician_Type">Keyboardist</field><field name="Musician_Type">Saxophonist</field><field name="Musician_Type">Singer</field><field name="memberOfGroup_ss">Steely Dan</field><field name="memberOfGroup_ss.MaximumLength"></field></doc><doc><field name="name">Clarence E. Quick</field><field name="id">http://www.semanticweb.org/tedsullivan/ontologies/2015/5/music-10#Clarence_E._Quick</field><field name="Music_Writer_Type">Composer</field><field name="Music_Writer_Type">Songwriter</field><field name="memberOfGroup_ss.Length">15</field><field name="path">/Singer/Clarence E. Quick</field><field name="path">/Songwriter/Clarence E. Quick</field><field name="Musician_Type">Singer</field><field name="memberOfGroup_ss">The Del-Vikings</field><field name="memberOfGroup_ss.MaximumLength"></field></doc><doc><field name="name">Allyson R Khent</field><field name="id">http://www.semanticweb.org/tedsullivan/ontologies/2015/5/music-10#Allyson_R._Khent</field><field name="path">/Songwriter/Allyson R Khent</field><field name="Music_Writer_Type">Composer</field><field name="Music_Writer_Type">Songwriter</field></doc><doc><field name="name">Cat Stevens</field><field name="id">http://www.semanticweb.org/tedsullivan/ontologies/2015/5/music-10#Cat_Stevens</field><field name="related_entity1_ss">Paul Samwell-Smith</field><field name="Music_Writer_Type">Composer</field><field name="Music_Writer_Type">Songwriter</field><field name="path">/Singer/Cat Stevens</field><field name="path">/Songwriter/Cat Stevens</field><field name="synonym">Yusuf Islam</field><field name="Musician_Type">Singer</field></doc><doc><field name="name">Mike Sharpe</field><field name="id">http://www.semanticweb.org/tedsullivan/ontologies/2015/5/music-10#Mike_Sharpe</field><field name="related_entity1_ss">Harry Middlebrooks</field><field name="related_entity1_ss">J. R. Cobb</field><field name="related_entity1_ss">Buddy Buie</field><field name="Music_Writer_Type">Composer</field><field name="Music_Writer_Type">Songwriter</field><field name="path">/Saxophonist/Mike Sharpe</field><field name="path">/Songwriter/Mike Sharpe</field><field name="synonym">Mike Shapiro</field><field name="Musician_Type">Instrumentalist</field><field name="Musician_Type">Saxophonist</field></doc><doc><field name="name">Bill LaBounty</field><field name="id">http://www.semanticweb.org/tedsullivan/ontologies/2015/5/music-10#Bill_LaBounty</field><field name="related_entity1_ss">Roy Freeland</field><field name="Music_Writer_Type">Composer</field><field name="Music_Writer_Type">Songwriter</field><field name="hasGenre.Count">4</field><field name="path">/Keyboardist/Bill LaBounty</field><field name="path">/Singer/Bill LaBounty</field><field name="path">/Songwriter/Bill LaBounty</field><field name="Musician_Type">Instrumentalist</field><field name="Musician_Type">Keyboardist</field><field name="Musician_Type">Singer</field><field name="genres_ss">Country</field><field name="genres_ss">Rock</field><field name="genres_ss">Soft Rock</field></doc><doc><field name="name">Lonnie Johnson</field><field name="id">http://www.semanticweb.org/tedsullivan/ontologies/2015/5/music-10#Lonnie_Johnson</field><field name="Music_Writer_Type">Composer</field><field name="Music_Writer_Type">Songwriter</field><field name="path">/Guitarist/Lonnie Johnson</field><field name="path">/Singer/Lonnie Johnson</field><field name="path">/Songwriter/Lonnie Johnson</field><field name="path">/Violinist/Lonnie Johnson</field><field name="Musician_Type">Instrumentalist</field><field name="Musician_Type">Guitarist</field><field name="Musician_Type">Singer</field><field name="Musician_Type">Violinist</field></doc><doc><field name="name">Ray Collins</field><field name="id">http://www.semanticweb.org/tedsullivan/ontologies/2015/5/music-10#Ray_Collins</field><field name="related_entity1_ss">Frank Zappa</field><field name="related_entity2_ss">Freak Out</field><field name="Music_Writer_Type">Composer</field><field name="Music_Writer_Type">Songwriter</field><field name="memberOfGroup_ss.Length">24</field><field name="related_entity2_ss.Length">9</field><field name="path">/Percussionist/Ray Collins</field><field name="path">/Songwriter/Ray Collins</field><field name="Musician_Type">Instrumentalist</field><field name="Musician_Type">Percussionist</field><field name="memberOfGroup_ss">The Mothers Of Invention</field><field name="memberOfGroup_ss.MaximumLength"></field><field name="related_entity2_ss.MaximumLength"></field></doc><doc><field name="name">Arthur Resnick</field><field name="id">http://www.semanticweb.org/tedsullivan/ontologies/2015/5/music-10#Arthur_Resnick</field><field name="related_entity1_ss">Joey Levine</field><field name="related_entity1_ss">Rudy Clark</field><field name="Music_Writer_Type">Composer</field><field name="Music_Writer_Type">Songwriter</field><field name="path">/Songwriter/Arthur Resnick</field></doc><doc><field name="name">Elmer Schoebel</field><field name="id">http://www.semanticweb.org/tedsullivan/ontologies/2015/5/music-10#Elmer_Snobel</field><field name="related_entity1_ss">Jack Pettis</field><field name="related_entity1_ss">Paul Mares</field><field name="related_entity1_ss">Leon Roppolo</field><field name="related_entity2_ss">George Brunies</field><field name="related_entity2_ss">Arnold Loyacano</field><field name="related_entity2_ss">Billy Meyers</field><field name="related_entity2_ss">Mel Stitzel</field><field name="related_entity2_ss">Frank Snyder</field><field name="Music_Writer_Type">Composer</field><field name="Music_Writer_Type">Songwriter</field><field name="memberOfGroup_ss.Length">24</field><field name="related_entity2_ss.Length">12</field><field name="path">/Pianist/Elmer Schoebel</field><field name="path">/Songwriter/Elmer Schoebel</field><field name="Musician_Type">Instrumentalist</field><field name="Musician_Type">Pianist</field><field name="memberOfGroup_ss">New Orleans Rhythm Kings</field><field name="memberOfGroup_ss.MaximumLength"></field><field name="related_entity2_ss.MaximumLength"></field></doc><doc><field name="name">Keith Thomas</field><field name="id">http://www.semanticweb.org/tedsullivan/ontologies/2015/5/music-10#Keith_Thomas</field><field name="related_entity1_ss">Amy Grant</field><field name="Music_Writer_Type">Composer</field><field name="Music_Writer_Type">Songwriter</field><field name="path">/Songwriter/Keith Thomas</field></doc><doc><field name="name">Rob Halford</field><field name="id">http://www.semanticweb.org/tedsullivan/ontologies/2015/5/music-10#Rob_Halford</field><field name="related_entity1_ss">Glenn Tipton</field><field name="related_entity1_ss">K. K. Downing</field><field name="related_entity1_ss">Judas Priest</field><field name="Music_Writer_Type">Composer</field><field name="Music_Writer_Type">Songwriter</field><field name="memberOfGroup_ss.Length">12</field><field name="path">/Singer/Rob Halford</field><field name="path">/Songwriter/Rob Halford</field><field name="Musician_Type">Singer</field><field name="memberOfGroup_ss">Judas Priest</field><field name="memberOfGroup_ss.MaximumLength"></field></doc><doc><field name="name">Ray Henderson</field><field name="id">http://www.semanticweb.org/tedsullivan/ontologies/2015/5/music-10#Ray_Henderson</field><field name="related_entity1_ss">Buddy DeSylva</field><field name="related_entity1_ss">Lew Brown</field><field name="related_entity2_ss">Mort Dixon</field><field name="related_entity2_ss">Al Jolson</field><field name="Music_Writer_Type">Composer</field><field name="Music_Writer_Type">Songwriter</field><field name="related_entity2_ss.Length">9</field><field name="path">/Songwriter/Ray Henderson</field><field name="related_entity2_ss.MaximumLength"></field></doc><doc><field name="name">Bon Scott</field><field name="id">http://www.semanticweb.org/tedsullivan/ontologies/2015/5/music-10#Bon_Scott</field><field name="related_entity1_ss">Angus Young</field><field name="related_entity1_ss">Malcolm Young</field><field name="related_entity2_ss">Colin Burgess</field><field name="related_entity2_ss">Chris Slade</field><field name="related_entity2_ss">Cliff Williams</field><field name="related_entity2_ss">Stevie Young</field><field name="related_entity2_ss">Peter Clack</field><field name="related_entity2_ss">Rob Bailey</field><field name="related_entity2_ss">Brian Johnson</field><field name="related_entity2_ss">Larry Van Kriedt</field><field name="related_entity2_ss">AC/DC</field><field name="related_entity2_ss">Dave Evans</field><field name="Music_Writer_Type">Composer</field><field name="Music_Writer_Type">Songwriter</field><field name="memberOfGroup_ss.Length">5</field><field name="related_entity2_ss.Length">10</field><field name="path">/Singer/Bon Scott</field><field name="path">/Songwriter/Bon Scott</field><field name="Musician_Type">Singer</field><field name="memberOfGroup_ss">AC/DC</field><field name="memberOfGroup_ss.MaximumLength"></field><field name="related_entity2_ss.MaximumLength"></field></doc><doc><field name="name">Jerry Jeff Walker</field><field name="id">http://www.semanticweb.org/tedsullivan/ontologies/2015/5/music-10#Jerry_Jeff_Walker</field><field name="related_entity1_ss">Nitty Gritty Dirt Band</field><field name="Music_Writer_Type">Composer</field><field name="Music_Writer_Type">Songwriter</field><field name="path">/Guitarist/Jerry Jeff Walker</field><field name="path">/Harmonica Player/Jerry Jeff Walker</field><field name="path">/Singer/Jerry Jeff Walker</field><field name="path">/Songwriter/Jerry Jeff Walker</field><field name="Musician_Type">Instrumentalist</field><field name="Musician_Type">Guitarist</field><field name="Musician_Type">Harmonica Player</field><field name="Musician_Type">Singer</field></doc><doc><field name="name">Billy Powell</field><field name="id">http://www.semanticweb.org/tedsullivan/ontologies/2015/5/music-10#Billy_Powell</field><field name="related_entity1_ss">Hughie Thomasson</field><field name="related_entity1_ss">Ed King</field><field name="related_entity1_ss">Michael Cartellone</field><field name="related_entity1_ss">Allen Collins</field><field name="related_entity1_ss">Bob Burns</field><field name="related_entity1_ss">Johnny Van Zant</field><field name="related_entity1_ss">Ean Evans</field><field name="related_entity1_ss">Robert Kearns</field><field name="related_entity1_ss">Mark Matejka</field><field name="related_entity1_ss">Larry Junstrom</field><field name="related_entity1_ss">Johnny Colt</field><field name="related_entity1_ss">Leon Wilkeson</field><field name="related_entity1_ss">Steve Gaines</field><field name="related_entity1_ss">Gary Rossington</field><field name="related_entity1_ss">Artimus Pyle</field><field name="related_entity1_ss">Peter Keys</field><field name="related_entity1_ss">Owen Hale</field><field name="related_entity1_ss">Ronnie Van Zant</field><field name="related_entity1_ss">Greg T. Walker</field><field name="related_entity1_ss">Rickey Medlocke</field><field name="Music_Writer_Type">Composer</field><field name="Music_Writer_Type">Songwriter</field><field name="memberOfGroup_ss.Length">14</field><field name="path">/Keyboardist/Billy Powell</field><field name="path">/Songwriter/Billy Powell</field><field name="Musician_Type">Instrumentalist</field><field name="Musician_Type">Keyboardist</field><field name="memberOfGroup_ss">Lynyrd Skynyrd</field><field name="memberOfGroup_ss.MaximumLength"></field></doc><doc><field name="name">Richard Rudolph</field><field name="id">http://www.semanticweb.org/tedsullivan/ontologies/2015/5/music-10#Richard_Rudolph</field><field name="related_entity1_ss">Minnie Riperton</field><field name="Music_Writer_Type">Composer</field><field name="Music_Writer_Type">Songwriter</field><field name="path">/Guitarist/Richard Rudolph</field><field name="path">/Record Producer/Richard Rudolph</field><field name="path">/Songwriter/Richard Rudolph</field><field name="Musician_Type">Instrumentalist</field><field name="Musician_Type">Guitarist</field></doc><doc><field name="name">Jimmy Holiday</field><field name="id">http://www.semanticweb.org/tedsullivan/ontologies/2015/5/music-10#Jimmy_Holiday</field><field name="related_entity1_ss">Jackie DeShannon</field><field name="related_entity1_ss">Randy Myers</field><field name="Music_Writer_Type">Composer</field><field name="Music_Writer_Type">Songwriter</field><field name="path">/Songwriter/Jimmy Holiday</field></doc><doc><field name="name">Andrew Wright</field><field name="id">http://www.semanticweb.org/tedsullivan/ontologies/2015/5/music-10#Andrew_Wright</field><field name="related_entity1_ss">Calvin Lewis</field><field name="Music_Writer_Type">Composer</field><field name="Music_Writer_Type">Songwriter</field><field name="path">/Songwriter/Andrew Wright</field></doc><doc><field name="name">Traditional</field><field name="id">http://www.semanticweb.org/tedsullivan/ontologies/2015/5/music-10#Tradional</field><field name="path">/Songwriter/Traditional</field><field name="Music_Writer_Type">Composer</field><field name="Music_Writer_Type">Songwriter</field></doc><doc><field name="name">Memphis Slim</field><field name="id">http://www.semanticweb.org/tedsullivan/ontologies/2015/5/music-10#Memphis_Slim</field><field name="Music_Writer_Type">Composer</field><field name="Music_Writer_Type">Songwriter</field><field name="path">/Pianist/Memphis Slim</field><field name="path">/Singer/Memphis Slim</field><field name="path">/Songwriter/Memphis Slim</field><field name="Musician_Type">Instrumentalist</field><field name="Musician_Type">Pianist</field><field name="Musician_Type">Singer</field><field name="genres_ss">Blues</field></doc><doc><field name="name">Emilie Autumn</field><field name="id">http://www.semanticweb.org/tedsullivan/ontologies/2015/5/music-10#Emilie_Autumn</field><field name="Music_Writer_Type">Composer</field><field name="Music_Writer_Type">Songwriter</field><field name="path">/Singer/Emilie Autumn</field><field name="path">/Songwriter/Emilie Autumn</field><field name="path">/Violinist/Emilie Autumn</field><field name="Musician_Type">Singer</field><field name="Musician_Type">Instrumentalist</field><field name="Musician_Type">Violinist</field></doc><doc><field name="name">Roy Bennett</field><field name="id">http://www.semanticweb.org/tedsullivan/ontologies/2015/5/music-10#Roy_Bennett</field><field name="related_entity1_ss">Sid Tepper</field><field name="Music_Writer_Type">Composer</field><field name="Music_Writer_Type">Songwriter</field><field name="path">/Songwriter/Roy Bennett</field></doc><doc><field name="name">Deke Richards</field><field name="id">http://www.semanticweb.org/tedsullivan/ontologies/2015/5/music-10#Deke_Richards</field><field name="related_entity1_ss">R. Dean Taylor</field><field name="related_entity1_ss">Pam Sawyer</field><field name="related_entity1_ss">Alphonso ,",Fonce,", Mizell</field><field name="related_entity1_ss">Freddie Perren</field><field name="related_entity1_ss">Berry Gordy</field><field name="related_entity1_ss">Frank Wilson</field><field name="Music_Writer_Type">Composer</field><field name="Music_Writer_Type">Songwriter</field><field name="path">/Songwriter/Deke Richards</field></doc><doc><field name="name">Leon A. Huff</field><field name="id">http://www.semanticweb.org/tedsullivan/ontologies/2015/5/music-10#Leon_A._Huff</field><field name="related_entity1_ss">Kenneth Gamble</field><field name="Music_Writer_Type">Composer</field><field name="Music_Writer_Type">Songwriter</field><field name="path">/Songwriter/Leon A. Huff</field></doc><doc><field name="name">Lee Hays</field><field name="id">http://www.semanticweb.org/tedsullivan/ontologies/2015/5/music-10#Lee_Hays</field><field name="related_entity1_ss">Pete Seeger</field><field name="Music_Writer_Type">Composer</field><field name="Music_Writer_Type">Songwriter</field><field name="path">/Singer/Lee Hays</field><field name="path">/Songwriter/Lee Hays</field><field name="Musician_Type">Singer</field></doc><doc><field name="name">Erika Hedman</field><field name="id">http://www.semanticweb.org/tedsullivan/ontologies/2015/5/music-10#Erika_Hedman</field><field name="related_entity1_ss">O'Kelly Isley, Jr.</field><field name="related_entity1_ss">Christopher Jasper</field><field name="related_entity1_ss">Ernie Isley</field><field name="related_entity1_ss">Marvin Isley</field><field name="related_entity1_ss">Alicia Keys</field><field name="related_entity1_ss">Rudolph Isley</field><field name="related_entity1_ss">Ronald Isley</field><field name="Music_Writer_Type">Composer</field><field name="Music_Writer_Type">Songwriter</field><field name="path">/Songwriter/Erika Hedman</field></doc><doc><field name="name">Steve Allen</field><field name="id">http://www.semanticweb.org/tedsullivan/ontologies/2015/5/music-10#Steve_Allen</field><field name="path">/Songwriter/Steve Allen</field><field name="Music_Writer_Type">Composer</field><field name="Music_Writer_Type">Songwriter</field></doc><doc><field name="name">Bert Kaempfert</field><field name="id">http://www.semanticweb.org/tedsullivan/ontologies/2015/5/music-10#Bert_Kaempfert</field><field name="path">/Songwriter/Bert Kaempfert</field><field name="Music_Writer_Type">Composer</field><field name="Music_Writer_Type">Songwriter</field></doc><doc><field name="name">Angus Young</field><field name="id">http://www.semanticweb.org/tedsullivan/ontologies/2015/5/music-10#Angus_Young</field><field name="related_entity1_ss">Brian Johnson</field><field name="related_entity1_ss">Malcolm Young</field><field name="related_entity1_ss">Bon Scott</field><field name="related_entity2_ss">Colin Burgess</field><field name="related_entity2_ss">Chris Slade</field><field name="related_entity2_ss">Cliff Williams</field><field name="related_entity2_ss">Stevie Young</field><field name="related_entity2_ss">Peter Clack</field><field name="related_entity2_ss">Rob Bailey</field><field name="related_entity2_ss">Larry Van Kriedt</field><field name="related_entity2_ss">AC/DC</field><field name="related_entity2_ss">Dave Evans</field><field name="Music_Writer_Type">Composer</field><field name="Music_Writer_Type">Songwriter</field><field name="memberOfGroup_ss.Length">5</field><field name="related_entity2_ss.Length">10</field><field name="path">/Guitarist/Angus Young</field><field name="path">/Songwriter/Angus Young</field><field name="Musician_Type">Instrumentalist</field><field name="Musician_Type">Guitarist</field><field name="memberOfGroup_ss">AC/DC</field><field name="memberOfGroup_ss.MaximumLength"></field><field name="related_entity2_ss.MaximumLength"></field></doc><doc><field name="name">Meiko</field><field name="id">http://www.semanticweb.org/tedsullivan/ontologies/2015/5/music-10#Meiko</field><field name="Music_Writer_Type">Composer</field><field name="Music_Writer_Type">Songwriter</field><field name="path">/Singer/Meiko</field><field name="path">/Songwriter/Meiko</field><field name="Musician_Type">Singer</field></doc><doc><field name="name">Erik Brann</field><field name="id">http://www.semanticweb.org/tedsullivan/ontologies/2015/5/music-10#Erik_Brann</field><field name="related_entity1_ss">Lee Dorman</field><field name="related_entity1_ss">Iron Butterfly</field><field name="Music_Writer_Type">Composer</field><field name="Music_Writer_Type">Songwriter</field><field name="path">/Songwriter/Erik Brann</field></doc><doc><field name="name">Randy Bachman</field><field name="id">http://www.semanticweb.org/tedsullivan/ontologies/2015/5/music-10#Randy_Bachman</field><field name="related_entity1_ss">Burton Cummings</field><field name="memberOfGroup.Count">4</field><field name="memberOfGroup_ss.Length">9</field><field name="related_entity2_ss.Length">8</field><field name="path">/Guitarist/Randy Bachman</field><field name="path">/Singer/Randy Bachman</field><field name="path">/Songwriter/Randy Bachman</field><field name="memberOfGroup_ss.MaximumLength"></field><field name="related_entity2_ss">Fred Turner</field><field name="related_entity2_ss">Garry Peterson</field><field name="related_entity2_ss">Jim Kale</field><field name="Music_Writer_Type">Composer</field><field name="Music_Writer_Type">Songwriter</field><field name="Musician_Type">Instrumentalist</field><field name="Musician_Type">Guitarist</field><field name="Musician_Type">Singer</field><field name="genres_ss">Rock</field><field name="memberOfGroup_ss">Bachman–Turner Overdrive</field><field name="memberOfGroup_ss">Guess Who</field><field name="related_entity2_ss.MaximumLength"></field></doc><doc><field name="name">Duke Bootee</field><field name="id">http://www.semanticweb.org/tedsullivan/ontologies/2015/5/music-10#Duke_Bootee</field><field name="related_entity1_ss">Melle Mel</field><field name="Music_Writer_Type">Composer</field><field name="Music_Writer_Type">Songwriter</field><field name="path">/Songwriter/Duke Bootee</field></doc><doc><field name="name">Leonard Lee</field><field name="id">http://www.semanticweb.org/tedsullivan/ontologies/2015/5/music-10#Leonard_Lee</field><field name="related_entity1_ss">Shirley Goodman</field><field name="Music_Writer_Type">Composer</field><field name="Music_Writer_Type">Songwriter</field><field name="memberOfGroup_ss.Length">13</field><field name="path">/Singer/Leonard Lee</field><field name="path">/Songwriter/Leonard Lee</field><field name="Musician_Type">Singer</field><field name="memberOfGroup_ss">Shirley &amp; Lee</field><field name="memberOfGroup_ss.MaximumLength"></field></doc><doc><field name="name">Bill Giant</field><field name="id">http://www.semanticweb.org/tedsullivan/ontologies/2015/5/music-10#Bill_Giant</field><field name="related_entity1_ss">Florence Kaye</field><field name="related_entity1_ss">Bernie Baum</field><field name="Music_Writer_Type">Composer</field><field name="Music_Writer_Type">Songwriter</field><field name="path">/Songwriter/Bill Giant</field></doc><doc><field name="name">Consuelo Velázquez</field><field name="id">http://www.semanticweb.org/tedsullivan/ontologies/2015/5/music-10#Consuelo_Velázquez</field><field name="Music_Writer_Type">Composer</field><field name="Music_Writer_Type">Songwriter</field><field name="path">/Pianist/Consuelo Velázquez</field><field name="path">/Songwriter/Consuelo Velázquez</field><field name="Musician_Type">Instrumentalist</field><field name="Musician_Type">Pianist</field></doc><doc><field name="name">Ray Stevens</field><field name="id">http://www.semanticweb.org/tedsullivan/ontologies/2015/5/music-10#Ray_Stevens</field><field name="Music_Writer_Type">Composer</field><field name="Music_Writer_Type">Songwriter</field><field name="path">/Singer/Ray Stevens</field><field name="path">/Songwriter/Ray Stevens</field><field name="Musician_Type">Singer</field></doc><doc><field name="name">André 3000</field><field name="id">http://www.semanticweb.org/tedsullivan/ontologies/2015/5/music-10#André_3000</field><field name="related_entity1_ss">OutKast</field><field name="Music_Writer_Type">Composer</field><field name="Music_Writer_Type">Songwriter</field><field name="path">/Songwriter/André 3000</field></doc><doc><field name="name">Carole King</field><field name="id">http://www.semanticweb.org/tedsullivan/ontologies/2015/5/music-10#Carole_King</field><field name="related_entity1_ss">Lou Adler</field><field name="related_entity1_ss">Gerry Goffin</field><field name="hasGenre.Count">8</field><field name="related_entity2_ss.Length">12</field><field name="path">/Pianist/Carole King</field><field name="path">/Singer/Carole King</field><field name="path">/Songwriter/Carole King</field><field name="related_entity2_ss">Beach Boys</field><field name="related_entity2_ss">Toni Stern</field><field name="related_entity2_ss">The Righteous Brothers</field><field name="related_entity2_ss">James Taylor</field><field name="related_entity2_ss">Jerry Wexler</field><field name="related_entity2_ss">Phil Spector</field><field name="Music_Writer_Type">Composer</field><field name="Music_Writer_Type">Songwriter</field><field name="Musician_Type">Instrumentalist</field><field name="Musician_Type">Pianist</field><field name="Musician_Type">Singer</field><field name="genres_ss">Folk</field><field name="genres_ss">Popular</field><field name="genres_ss">Pop Rock</field><field name="genres_ss">Rock</field><field name="genres_ss">Rock &amp; Roll</field><field name="genres_ss">Soft Rock</field><field name="related_entity2_ss.MaximumLength"></field></doc><doc><field name="name">Terry Melcher</field><field name="id">http://www.semanticweb.org/tedsullivan/ontologies/2015/5/music-10#Terry_Melcher</field><field name="related_entity1_ss">Mike Love</field><field name="related_entity1_ss">John Phillips</field><field name="related_entity1_ss">Scott McKenzie</field><field name="Music_Writer_Type">Composer</field><field name="Music_Writer_Type">Songwriter</field><field name="hasGenre.Count">4</field><field name="path">/Record Producer/Terry Melcher</field><field name="path">/Songwriter/Terry Melcher</field><field name="genres_ss">Popular</field><field name="genres_ss">Pop</field><field name="genres_ss">Rock</field></doc><doc><field name="name">Al Striano</field><field name="id">http://www.semanticweb.org/tedsullivan/ontologies/2015/5/music-10#Al_Striano</field><field name="related_entity1_ss">Joe Luccisano</field><field name="related_entity1_ss">Al Gentile</field><field name="Music_Writer_Type">Composer</field><field name="Music_Writer_Type">Songwriter</field><field name="path">/Songwriter/Al Striano</field></doc><doc><field name="name">Nigel Lowis</field><field name="id">http://www.semanticweb.org/tedsullivan/ontologies/2015/5/music-10#Nigel_Lowis</field><field name="related_entity1_ss">Dina Carroll</field><field name="Music_Writer_Type">Composer</field><field name="Music_Writer_Type">Songwriter</field><field name="path">/Songwriter/Nigel Lowis</field></doc><doc><field name="name">Bo Diddley</field><field name="id">http://www.semanticweb.org/tedsullivan/ontologies/2015/5/music-10#Bo_Diddley</field><field name="related_entity1_ss">Willie Dixon</field><field name="hasGenre.Count">4</field><field name="related_entity2_ss.Length">10</field><field name="path">/Singer/Bo Diddley</field><field name="path">/Songwriter/Bo Diddley</field><field name="synonym">Ellas McDaniel</field><field name="related_entity2_ss">Muddy Waters</field><field name="related_entity2_ss">Mel London</field><field name="Music_Writer_Type">Composer</field><field name="Music_Writer_Type">Songwriter</field><field name="Musician_Type">Singer</field><field name="genres_ss">Blues</field><field name="genres_ss">Rock</field><field name="genres_ss">Rock &amp; Roll</field><field name="related_entity2_ss.MaximumLength"></field></doc><doc><field name="name">Hank Shocklee</field><field name="id">http://www.semanticweb.org/tedsullivan/ontologies/2015/5/music-10#Hank_Shocklee</field><field name="related_entity1_ss">Eric Sadler</field><field name="related_entity1_ss">Chuck D</field><field name="related_entity2_ss">Keith Shocklee</field><field name="Music_Writer_Type">Composer</field><field name="Music_Writer_Type">Songwriter</field><field name="related_entity2_ss.Length">14</field><field name="path">/Songwriter/Hank Shocklee</field><field name="related_entity2_ss.MaximumLength"></field></doc><doc><field name="name">Gary Jackson</field><field name="id">http://www.semanticweb.org/tedsullivan/ontologies/2015/5/music-10#Gary_Jackson</field><field name="related_entity1_ss">Raynard Miner</field><field name="related_entity1_ss">Carl Smith</field><field name="Music_Writer_Type">Composer</field><field name="Music_Writer_Type">Songwriter</field><field name="path">/Songwriter/Gary Jackson</field></doc><doc><field name="name">Robb Royer</field><field name="id">http://www.semanticweb.org/tedsullivan/ontologies/2015/5/music-10#Robb_Royer</field><field name="related_entity1_ss">Jimmy Griffin</field><field name="related_entity2_ss">David Gates</field><field name="related_entity2_ss">The Carpenters</field><field name="related_entity2_ss">Larry Knechtel</field><field name="related_entity2_ss">Fred Karlin</field><field name="Music_Writer_Type">Composer</field><field name="Music_Writer_Type">Songwriter</field><field name="memberOfGroup_ss.Length">5</field><field name="related_entity2_ss.Length">11</field><field name="path">/Bassist/Robb Royer</field><field name="path">/Guitarist/Robb Royer</field><field name="path">/Keyboardist/Robb Royer</field><field name="path">/Songwriter/Robb Royer</field><field name="Musician_Type">Instrumentalist</field><field name="Musician_Type">Bassist</field><field name="Musician_Type">Guitarist</field><field name="Musician_Type">Keyboardist</field><field name="memberOfGroup_ss">Bread</field><field name="memberOfGroup_ss.MaximumLength"></field><field name="related_entity2_ss.MaximumLength"></field></doc><doc><field name="name">Jackie DeShannon</field><field name="id">http://www.semanticweb.org/tedsullivan/ontologies/2015/5/music-10#Jackie_DeShannon</field><field name="related_entity1_ss">Randy Myers</field><field name="related_entity1_ss">Jimmy Holiday</field><field name="Music_Writer_Type">Composer</field><field name="Music_Writer_Type">Songwriter</field><field name="path">/Guitarist/Jackie DeShannon</field><field name="path">/Singer/Jackie DeShannon</field><field name="path">/Songwriter/Jackie DeShannon</field><field name="Musician_Type">Instrumentalist</field><field name="Musician_Type">Guitarist</field><field name="Musician_Type">Singer</field><field name="genres_ss">Popular</field><field name="genres_ss">Pop</field></doc><doc><field name="name">Harlan Howard</field><field name="id">http://www.semanticweb.org/tedsullivan/ontologies/2015/5/music-10#Harlan_Howard</field><field name="related_entity1_ss">Johnny Cash</field><field name="related_entity1_ss">Patsy Cline</field><field name="related_entity1_ss">Ray Charles</field><field name="related_entity1_ss">Brent Maher</field><field name="related_entity1_ss">Hank Cochran</field><field name="related_entity1_ss">Sonny Throckmorton</field><field name="Music_Writer_Type">Composer</field><field name="Music_Writer_Type">Songwriter</field><field name="path">/Songwriter/Harlan Howard</field><field name="genres_ss">Country</field></doc><doc><field name="name">Neil Tennant</field><field name="id">http://www.semanticweb.org/tedsullivan/ontologies/2015/5/music-10#Neil_Tennant</field><field name="related_entity1_ss">Chris Lowe</field><field name="Music_Writer_Type">Composer</field><field name="Music_Writer_Type">Songwriter</field><field name="memberOfGroup_ss.Length">13</field><field name="path">/Guitarist/Neil Tennant</field><field name="path">/Keyboardist/Neil Tennant</field><field name="path">/Singer/Neil Tennant</field><field name="path">/Songwriter/Neil Tennant</field><field name="Musician_Type">Instrumentalist</field><field name="Musician_Type">Guitarist</field><field name="Musician_Type">Keyboardist</field><field name="Musician_Type">Singer</field><field name="memberOfGroup_ss">Pet Shop Boys</field><field name="memberOfGroup_ss.MaximumLength"></field></doc><doc><field name="name">Maureen Tucker</field><field name="id">http://www.semanticweb.org/tedsullivan/ontologies/2015/5/music-10#Maureen_Tucker</field><field name="related_entity1_ss">John Cale</field><field name="related_entity1_ss">Sterling Morrison</field><field name="related_entity1_ss">Lou Reed</field><field name="Music_Writer_Type">Composer</field><field name="Music_Writer_Type">Songwriter</field><field name="memberOfGroup_ss.Length">22</field><field name="path">/Drummer/Maureen Tucker</field><field name="path">/Guitarist/Maureen Tucker</field><field name="path">/Singer/Maureen Tucker</field><field name="path">/Songwriter/Maureen Tucker</field><field name="Musician_Type">Instrumentalist</field><field name="Musician_Type">Drummer</field><field name="Musician_Type">Guitarist</field><field name="Musician_Type">Singer</field><field name="memberOfGroup_ss">The Velvet Underground</field><field name="memberOfGroup_ss.MaximumLength"></field></doc><doc><field name="name">Joseph Scott</field><field name="id">http://www.semanticweb.org/tedsullivan/ontologies/2015/5/music-10#Joseph_Scott</field><field name="related_entity1_ss">Larry Davis</field><field name="related_entity2_ss">Stevie Ray Vaughn</field><field name="related_entity2_ss">Double Trouble</field><field name="related_entity2_ss">Curtis Mayfield</field><field name="Music_Writer_Type">Composer</field><field name="Music_Writer_Type">Songwriter</field><field name="related_entity2_ss.Length">15</field><field name="path">/Songwriter/Joseph Scott</field><field name="related_entity2_ss.MaximumLength"></field></doc><doc><field name="name">Morris Levy</field><field name="id">http://www.semanticweb.org/tedsullivan/ontologies/2015/5/music-10#Morris_Levy</field><field name="related_entity1_ss">Frankie Lymon</field><field name="Music_Writer_Type">Composer</field><field name="Music_Writer_Type">Songwriter</field><field name="path">/Songwriter/Morris Levy</field></doc><doc><field name="name">Richard Berry</field><field name="id">http://www.semanticweb.org/tedsullivan/ontologies/2015/5/music-10#Richard_Berry</field><field name="Music_Writer_Type">Composer</field><field name="Music_Writer_Type">Songwriter</field><field name="path">/Singer/Richard Berry</field><field name="path">/Songwriter/Richard Berry</field><field name="Musician_Type">Singer</field></doc><doc><field name="name">Roger Hodgson</field><field name="id">http://www.semanticweb.org/tedsullivan/ontologies/2015/5/music-10#Roger_Hodgson</field><field name="related_entity1_ss">Richard Davies</field><field name="Music_Writer_Type">Composer</field><field name="Music_Writer_Type">Songwriter</field><field name="memberOfGroup_ss.Length">10</field><field name="path">/Guitarist/Roger Hodgson</field><field name="path">/Songwriter/Roger Hodgson</field><field name="Musician_Type">Instrumentalist</field><field name="Musician_Type">Guitarist</field><field name="memberOfGroup_ss">Supertramp</field><field name="memberOfGroup_ss.MaximumLength"></field></doc><doc><field name="name">Jerry Lee Lewis</field><field name="id">http://www.semanticweb.org/tedsullivan/ontologies/2015/5/music-10#Jerry_Lee_Lewis</field><field name="related_entity1_ss">Huey ,",Piano,", Smith</field><field name="related_entity1_ss">Bob Tubert</field><field name="related_entity1_ss">Otis Blackwell</field><field name="Music_Writer_Type">Composer</field><field name="Music_Writer_Type">Songwriter</field><field name="hasGenre.Count">4</field><field name="path">/Guitarist/Jerry Lee Lewis</field><field name="path">/Pianist/Jerry Lee Lewis</field><field name="path">/Singer/Jerry Lee Lewis</field><field name="path">/Songwriter/Jerry Lee Lewis</field><field name="Musician_Type">Instrumentalist</field><field name="Musician_Type">Guitarist</field><field name="Musician_Type">Pianist</field><field name="Musician_Type">Singer</field><field name="genres_ss">Rock</field><field name="genres_ss">Rock &amp; Roll</field><field name="genres_ss">Country</field><field name="genres_ss">Rockabilly</field></doc><doc><field name="name">Norman Meadse</field><field name="id">http://www.semanticweb.org/tedsullivan/ontologies/2015/5/music-10#Norman_Meadse</field><field name="related_entity1_ss">Doc Pomus</field><field name="Music_Writer_Type">Composer</field><field name="Music_Writer_Type">Songwriter</field><field name="path">/Songwriter/Norman Meadse</field></doc><doc><field name="name">Mike Love</field><field name="id">http://www.semanticweb.org/tedsullivan/ontologies/2015/5/music-10#Mike_Love</field><field name="related_entity1_ss">Brian Wilson</field><field name="memberOfGroup_ss.Length">10</field><field name="related_entity2_ss.Length">11</field><field name="path">/Singer/Mike Love</field><field name="path">/Songwriter/Mike Love</field><field name="memberOfGroup_ss.MaximumLength"></field><field name="related_entity2_ss">Beach Boys</field><field name="related_entity2_ss">Brian Douglas</field><field name="related_entity2_ss">Dennis Wilson</field><field name="related_entity2_ss">Scott McKenzie</field><field name="related_entity2_ss">Al Jardine</field><field name="related_entity2_ss">Bruce Johnston</field><field name="related_entity2_ss">Blondie Chaplin</field><field name="related_entity2_ss">John Phillips</field><field name="related_entity2_ss">Tony Asher</field><field name="related_entity2_ss">Ricky Fataar</field><field name="related_entity2_ss">David Marks</field><field name="related_entity2_ss">Terry Melcher</field><field name="related_entity2_ss">Roger Christian</field><field name="related_entity2_ss">Terry Sachen</field><field name="related_entity2_ss">Carl Wilson</field><field name="Music_Writer_Type">Composer</field><field name="Music_Writer_Type">Songwriter</field><field name="Musician_Type">Singer</field><field name="genres_ss">Popular</field><field name="genres_ss">Pop</field><field name="memberOfGroup_ss">Beach Boys</field><field name="related_entity2_ss.MaximumLength"></field></doc><doc><field name="name">Willie Mae 'Big Mama' Thornton</field><field name="id">http://www.semanticweb.org/tedsullivan/ontologies/2015/5/music-10#Willie_Mae_Big_Mama_Thornton</field><field name="Music_Writer_Type">Composer</field><field name="Music_Writer_Type">Songwriter</field><field name="path">/Singer/Willie Mae 'Big Mama' Thornton</field><field name="path">/Songwriter/Willie Mae 'Big Mama' Thornton</field><field name="Musician_Type">Singer</field><field name="genres_ss">R&amp;B</field></doc><doc><field name="name">Paul Simonon</field><field name="id">http://www.semanticweb.org/tedsullivan/ontologies/2015/5/music-10#Paul_Simonon</field><field name="related_entity1_ss">Mick Jones</field><field name="related_entity1_ss">Joe Strummer</field><field name="related_entity1_ss">Topper Headon</field><field name="Music_Writer_Type">Composer</field><field name="Music_Writer_Type">Songwriter</field><field name="memberOfGroup_ss.Length">9</field><field name="path">/Bassist/Paul Simonon</field><field name="path">/Singer/Paul Simonon</field><field name="path">/Songwriter/Paul Simonon</field><field name="Musician_Type">Instrumentalist</field><field name="Musician_Type">Bassist</field><field name="Musician_Type">Singer</field><field name="memberOfGroup_ss">The Clash</field><field name="memberOfGroup_ss.MaximumLength"></field></doc><doc><field name="name">Armand J. Piron</field><field name="id">http://www.semanticweb.org/tedsullivan/ontologies/2015/5/music-10#Armand_J._Piron</field><field name="path">/Songwriter/Armand J. Piron</field><field name="Music_Writer_Type">Composer</field><field name="Music_Writer_Type">Songwriter</field></doc><doc><field name="name">Dan Penn</field><field name="id">http://www.semanticweb.org/tedsullivan/ontologies/2015/5/music-10#Dan_Penn</field><field name="composer_ss.Length">3</field><field name="related_entity1_ss">Spooner Oldham</field><field name="Music_Writer_Type">Composer</field><field name="Music_Writer_Type">Songwriter</field><field name="composer_ss.MaximumLength"></field><field name="path">/Songwriter/Dan Penn</field><field name="composer_ss">R&amp;B</field></doc><doc><field name="name">Édith Piaf</field><field name="id">http://www.semanticweb.org/tedsullivan/ontologies/2015/5/music-10#Édith_Piaf</field><field name="Music_Writer_Type">Composer</field><field name="Music_Writer_Type">Songwriter</field><field name="path">/Singer/Édith Piaf</field><field name="path">/Songwriter/Édith Piaf</field><field name="Musician_Type">Singer</field></doc><doc><field name="name">Brian McFadden</field><field name="id">http://www.semanticweb.org/tedsullivan/ontologies/2015/5/music-10#Brian_McFadden</field><field name="related_entity1_ss">Jez Ashurst</field><field name="Music_Writer_Type">Composer</field><field name="Music_Writer_Type">Songwriter</field><field name="path">/Singer/Brian McFadden</field><field name="path">/Songwriter/Brian McFadden</field><field name="Musician_Type">Singer</field></doc><doc><field name="name">Earl King</field><field name="id">http://www.semanticweb.org/tedsullivan/ontologies/2015/5/music-10#Earl_King</field><field name="related_entity1_ss">Dave Edmunds</field><field name="related_entity1_ss">Dave Bartholomew</field><field name="Music_Writer_Type">Composer</field><field name="Music_Writer_Type">Songwriter</field><field name="path">/Guitarist/Earl King</field><field name="path">/Singer/Earl King</field><field name="path">/Songwriter/Earl King</field><field name="Musician_Type">Instrumentalist</field><field name="Musician_Type">Guitarist</field><field name="Musician_Type">Singer</field></doc><doc><field name="name">Jeff Healey</field><field name="id">http://www.semanticweb.org/tedsullivan/ontologies/2015/5/music-10#Jeff_Healey</field><field name="Music_Writer_Type">Composer</field><field name="Music_Writer_Type">Songwriter</field><field name="path">/Guitarist/Jeff Healey</field><field name="path">/Singer/Jeff Healey</field><field name="path">/Songwriter/Jeff Healey</field><field name="path">/Trumpeter/Jeff Healey</field><field name="Musician_Type">Instrumentalist</field><field name="Musician_Type">Guitarist</field><field name="Musician_Type">Singer</field><field name="Musician_Type">Trumpeter</field><field name="genres_ss">Blues</field><field name="genres_ss">Blues Rock</field><field name="genres_ss">Rock</field></doc><doc><field name="name">Mike Patton</field><field name="id">http://www.semanticweb.org/tedsullivan/ontologies/2015/5/music-10#Michael_Allen_Patton</field><field name="related_entity1_ss">Billy Gould</field><field name="related_entity1_ss">Roddy Bottum</field><field name="hasGenre.Count">4</field><field name="memberOfGroup_ss.Length">13</field><field name="related_entity2_ss.Length">19</field><field name="path">/Drummer/Mike Patton</field><field name="path">/Guitarist/Mike Patton</field><field name="path">/Keyboardist/Mike Patton</field><field name="path">/Percussionist/Mike Patton</field><field name="path">/Singer/Mike Patton</field><field name="path">/Songwriter/Mike Patton</field><field name="memberOfGroup_ss.MaximumLength"></field><field name="related_entity2_ss">Jim Martin</field><field name="related_entity2_ss">Mike Bordin</field><field name="related_entity2_ss">James Blanco Martin</field><field name="Music_Writer_Type">Composer</field><field name="Music_Writer_Type">Songwriter</field><field name="Musician_Type">Instrumentalist</field><field name="Musician_Type">Drummer</field><field name="Musician_Type">Guitarist</field><field name="Musician_Type">Keyboardist</field><field name="Musician_Type">Percussionist</field><field name="Musician_Type">Singer</field><field name="genres_ss">Rock</field><field name="genres_ss">Alternative Metal</field><field name="genres_ss">Experimental Rock</field><field name="memberOfGroup_ss">Faith No More</field><field name="related_entity2_ss.MaximumLength"></field></doc><doc><field name="name">Paul Mares</field><field name="id">http://www.semanticweb.org/tedsullivan/ontologies/2015/5/music-10#Paul_Mares</field><field name="related_entity1_ss">George Brunies</field><field name="related_entity1_ss">Mel Stitzel</field><field name="related_entity1_ss">Elmer Schoebel</field><field name="related_entity1_ss">Leon Roppolo</field><field name="related_entity2_ss">Walter Melrose</field><field name="related_entity2_ss">Arnold Loyacano</field><field name="related_entity2_ss">Jack Pettis</field><field name="related_entity2_ss">Frank Snyder</field><field name="related_entity2_ss">Bill Norvas</field><field name="related_entity2_ss">Ben Pollack</field><field name="related_entity2_ss">Alan Copeland</field><field name="Music_Writer_Type">Composer</field><field name="Music_Writer_Type">Songwriter</field><field name="memberOfGroup_ss.Length">24</field><field name="related_entity2_ss.Length">13</field><field name="path">/Songwriter/Paul Mares</field><field name="path">/Trumpeter/Paul Mares</field><field name="Musician_Type">Instrumentalist</field><field name="Musician_Type">Trumpeter</field><field name="memberOfGroup_ss">New Orleans Rhythm Kings</field><field name="memberOfGroup_ss.MaximumLength"></field><field name="related_entity2_ss.MaximumLength"></field></doc><doc><field name="name">Bill Rise</field><field name="id">http://www.semanticweb.org/tedsullivan/ontologies/2015/5/music-10#Bill_Rise</field><field name="related_entity1_ss">Thomas Wayne</field><field name="Music_Writer_Type">Composer</field><field name="Music_Writer_Type">Songwriter</field><field name="path">/Songwriter/Bill Rise</field></doc><doc><field name="name">Joe Walsh</field><field name="id">http://www.semanticweb.org/tedsullivan/ontologies/2015/5/music-10#Joe_Walsh</field><field name="related_entity1_ss">Bernie Leadon</field><field name="related_entity1_ss">Timothy B. Schmit</field><field name="related_entity1_ss">Glenn Frey</field><field name="related_entity1_ss">Don Felder</field><field name="related_entity1_ss">Don Henley</field><field name="related_entity1_ss">Randy Meisner</field><field name="Music_Writer_Type">Composer</field><field name="Music_Writer_Type">Songwriter</field><field name="memberOfGroup_ss.Length">6</field><field name="path">/Guitarist/Joe Walsh</field><field name="path">/Singer/Joe Walsh</field><field name="path">/Songwriter/Joe Walsh</field><field name="Musician_Type">Instrumentalist</field><field name="Musician_Type">Guitarist</field><field name="Musician_Type">Singer</field><field name="genres_ss">Rock</field><field name="memberOfGroup_ss">Eagles</field><field name="memberOfGroup_ss.MaximumLength"></field></doc><doc><field name="name">Eric B.</field><field name="id">http://www.semanticweb.org/tedsullivan/ontologies/2015/5/music-10#Eric_B.</field><field name="related_entity1_ss">Rakim</field><field name="related_entity1_ss">Eric B. and Rakim</field><field name="Music_Writer_Type">Composer</field><field name="Music_Writer_Type">Songwriter</field><field name="path">/Songwriter/Eric B.</field></doc><doc><field name="name">Israel Kamakawiwoʻole</field><field name="id">http://www.semanticweb.org/tedsullivan/ontologies/2015/5/music-10#Israel_Kamakawiwoole</field><field name="Music_Writer_Type">Composer</field><field name="Music_Writer_Type">Songwriter</field><field name="hasGenre.Count">6</field><field name="path">/Singer/Israel Kamakawiwoʻole</field><field name="path">/Songwriter/Israel Kamakawiwoʻole</field><field name="Musician_Type">Singer</field><field name="genres_ss">Folk</field><field name="genres_ss">World Music</field><field name="genres_ss">Hawaii</field><field name="genres_ss">Rock</field><field name="genres_ss">Reggae</field></doc><doc><field name="name">Nick Mason</field><field name="id">http://www.semanticweb.org/tedsullivan/ontologies/2015/5/music-10#Nick_Mason</field><field name="related_entity1_ss">Richard Wright</field><field name="related_entity1_ss">David Gilmour</field><field name="related_entity1_ss">Roger Waters</field><field name="related_entity1_ss">Syd Barrett</field><field name="Music_Writer_Type">Composer</field><field name="Music_Writer_Type">Songwriter</field><field name="memberOfGroup_ss.Length">10</field><field name="path">/Drummer/Nick Mason</field><field name="path">/Songwriter/Nick Mason</field><field name="Musician_Type">Instrumentalist</field><field name="Musician_Type">Drummer</field><field name="genres_ss">Rock</field><field name="memberOfGroup_ss">Pink Floyd</field><field name="memberOfGroup_ss.MaximumLength"></field></doc><doc><field name="name">Mark James</field><field name="id">http://www.semanticweb.org/tedsullivan/ontologies/2015/5/music-10#Mark_James</field><field name="path">/Songwriter/Mark James</field><field name="Music_Writer_Type">Composer</field><field name="Music_Writer_Type">Songwriter</field></doc><doc><field name="name">Julie Gold</field><field name="id">http://www.semanticweb.org/tedsullivan/ontologies/2015/5/music-10#Julie_Gold</field><field name="Music_Writer_Type">Composer</field><field name="Music_Writer_Type">Songwriter</field><field name="path">/Singer/Julie Gold</field><field name="path">/Songwriter/Julie Gold</field><field name="Musician_Type">Singer</field></doc><doc><field name="name">Glen Buxton</field><field name="id">http://www.semanticweb.org/tedsullivan/ontologies/2015/5/music-10#Glen_Buxton</field><field name="related_entity1_ss">Alice Cooper</field><field name="related_entity2_ss">Dennis Dunway</field><field name="related_entity2_ss">Neal Smith</field><field name="related_entity2_ss">Michael Bruce</field><field name="Music_Writer_Type">Composer</field><field name="Music_Writer_Type">Songwriter</field><field name="related_entity2_ss.Length">13</field><field name="path">/Songwriter/Glen Buxton</field><field name="related_entity2_ss.MaximumLength"></field></doc><doc><field name="name">Monk Higgins</field><field name="id">http://www.semanticweb.org/tedsullivan/ontologies/2015/5/music-10#Monk_Higgins</field><field name="related_entity1_ss">Maurice Dollison</field><field name="Music_Writer_Type">Composer</field><field name="Music_Writer_Type">Songwriter</field><field name="path">/Songwriter/Monk Higgins</field><field name="genres_ss">Blues</field></doc><doc><field name="name">John Frederick Coots</field><field name="id">http://www.semanticweb.org/tedsullivan/ontologies/2015/5/music-10#John_Frederick_Coots</field><field name="related_entity1_ss">Haven Gillespie</field><field name="Music_Writer_Type">Composer</field><field name="Music_Writer_Type">Songwriter</field><field name="path">/Songwriter/John Frederick Coots</field></doc><doc><field name="name">Vince Poncia Jr.</field><field name="id">http://www.semanticweb.org/tedsullivan/ontologies/2015/5/music-10#Vince_Poncia_Jr.</field><field name="related_entity1_ss">Phil Spector</field><field name="related_entity1_ss">Pete Andreoli</field><field name="Music_Writer_Type">Composer</field><field name="Music_Writer_Type">Songwriter</field><field name="path">/Songwriter/Vince Poncia Jr.</field></doc><doc><field name="name">Robert DeLeo</field><field name="id">http://www.semanticweb.org/tedsullivan/ontologies/2015/5/music-10#Robert_DeLeo</field><field name="related_entity1_ss">Scott Weiland</field><field name="hasGenre.Count">6</field><field name="memberOfGroup_ss.Length">19</field><field name="path">/Bassist/Robert DeLeo</field><field name="path">/Record Producer/Robert DeLeo</field><field name="path">/Songwriter/Robert DeLeo</field><field name="memberOfGroup_ss.MaximumLength"></field><field name="Music_Writer_Type">Composer</field><field name="Music_Writer_Type">Songwriter</field><field name="Musician_Type">Instrumentalist</field><field name="Musician_Type">Bassist</field><field name="genres_ss">Rock</field><field name="genres_ss">Alternative Rock</field><field name="genres_ss">Grunge</field><field name="genres_ss">Hard Rock</field><field name="memberOfGroup_ss">Stone Temple Pilots</field></doc><doc><field name="name">Arthur Reid Reynolds</field><field name="id">http://www.semanticweb.org/tedsullivan/ontologies/2015/5/music-10#Arthur_Reid_Reynolds</field><field name="path">/Songwriter/Arthur Reid Reynolds</field><field name="Music_Writer_Type">Composer</field><field name="Music_Writer_Type">Songwriter</field></doc><doc><field name="name">Jerry Allison</field><field name="id">http://www.semanticweb.org/tedsullivan/ontologies/2015/5/music-10#Jerry_Allison</field><field name="related_entity1_ss">Buddy Holly</field><field name="related_entity1_ss">Norman Petty</field><field name="related_entity2_ss">Joe Mauldin</field><field name="related_entity2_ss">Buddy Holly and the Crickets</field><field name="Music_Writer_Type">Composer</field><field name="Music_Writer_Type">Songwriter</field><field name="memberOfGroup_ss.Length">28</field><field name="related_entity2_ss.Length">28</field><field name="path">/Drummer/Jerry Allison</field><field name="path">/Songwriter/Jerry Allison</field><field name="Musician_Type">Instrumentalist</field><field name="Musician_Type">Drummer</field><field name="memberOfGroup_ss">Buddy Holly and the Crickets</field><field name="memberOfGroup_ss.MaximumLength"></field><field name="related_entity2_ss.MaximumLength"></field></doc><doc><field name="name">Johnny Rivers</field><field name="id">http://www.semanticweb.org/tedsullivan/ontologies/2015/5/music-10#Johnny_Rivers</field><field name="related_entity1_ss">Harold Dorman</field><field name="related_entity2_ss">P. F. Sloan</field><field name="related_entity2_ss">Steve Barri</field><field name="Music_Writer_Type">Composer</field><field name="Music_Writer_Type">Songwriter</field><field name="related_entity2_ss.Length">11</field><field name="path">/Instrumentalist/Guitarist/Johnny Rivers</field><field name="path">/Record Producer/Johnny Rivers</field><field name="path">/Singer/Johnny Rivers</field><field name="path">/Songwriter/Johnny Rivers</field><field name="Musician_Type">Instrumentalist</field><field name="Musician_Type">Guitarist</field><field name="Musician_Type">Singer</field><field name="related_entity2_ss.MaximumLength"></field></doc><doc><field name="name">John Marascaico</field><field name="id">http://www.semanticweb.org/tedsullivan/ontologies/2015/5/music-10#John_Marascalco</field><field name="related_entity1_ss">Robert 'Bumps' Blackwell</field><field name="Music_Writer_Type">Composer</field><field name="Music_Writer_Type">Songwriter</field><field name="path">/Songwriter/John Marascaico</field></doc><doc><field name="name">Porl Thompson</field><field name="id">http://www.semanticweb.org/tedsullivan/ontologies/2015/5/music-10#Porl_Thompson</field><field name="related_entity1_ss">Robert Smith</field><field name="related_entity1_ss">Boris Williams</field><field name="related_entity1_ss">Roger O'Donnell</field><field name="related_entity1_ss">Lol Tolhurst</field><field name="related_entity1_ss">Simon Gallup</field><field name="Music_Writer_Type">Composer</field><field name="Music_Writer_Type">Songwriter</field><field name="path">/Songwriter/Porl Thompson</field></doc><doc><field name="name">Joe Melson</field><field name="id">http://www.semanticweb.org/tedsullivan/ontologies/2015/5/music-10#Joe_Melson</field><field name="related_entity1_ss">Roy Orbison</field><field name="Music_Writer_Type">Composer</field><field name="Music_Writer_Type">Songwriter</field><field name="path">/Songwriter/Joe Melson</field></doc><doc><field name="name">Gerry Beckley</field><field name="id">http://www.semanticweb.org/tedsullivan/ontologies/2015/5/music-10#Gerry_Beckley</field><field name="related_entity1_ss">Dan Peek</field><field name="related_entity1_ss">Dewey Bunnell</field><field name="related_entity1_ss">America</field><field name="Music_Writer_Type">Composer</field><field name="Music_Writer_Type">Songwriter</field><field name="memberOfGroup_ss.Length">7</field><field name="path">/Instrumentalist/Guitarist/Gerry Beckley</field><field name="path">/Harmonica Player/Gerry Beckley</field><field name="path">/Pianist/Gerry Beckley</field><field name="path">/Singer/Gerry Beckley</field><field name="path">/Songwriter/Gerry Beckley</field><field name="Musician_Type">Instrumentalist</field><field name="Musician_Type">Guitarist</field><field name="Musician_Type">Harmonica Player</field><field name="Musician_Type">Pianist</field><field name="Musician_Type">Singer</field><field name="genres_ss">Rock</field><field name="memberOfGroup_ss">America</field><field name="memberOfGroup_ss.MaximumLength"></field></doc><doc><field name="name">Fred Hellerman</field><field name="id">http://www.semanticweb.org/tedsullivan/ontologies/2015/5/music-10#Fred_Hellerman</field><field name="related_entity1_ss">Arlo Guthrie</field><field name="Music_Writer_Type">Composer</field><field name="Music_Writer_Type">Songwriter</field><field name="memberOfGroup_ss.Length">11</field><field name="path">/Instrumentalist/Guitarist/Fred Hellerman</field><field name="path">/Record Producer/Fred Hellerman</field><field name="path">/Singer/Fred Hellerman</field><field name="path">/Songwriter/Fred Hellerman</field><field name="Musician_Type">Instrumentalist</field><field name="Musician_Type">Guitarist</field><field name="Musician_Type">Singer</field><field name="genres_ss">Folk</field><field name="memberOfGroup_ss">The Weavers</field><field name="memberOfGroup_ss.MaximumLength"></field></doc><doc><field name="name">O'Kelly Isley, Jr.</field><field name="id">http://www.semanticweb.org/tedsullivan/ontologies/2015/5/music-10#OKelly_Isley_Jr.</field><field name="related_entity1_ss">Rudolph Isley</field><field name="related_entity1_ss">Ronald Isley</field><field name="related_entity2_ss">Christopher Jasper</field><field name="related_entity2_ss">Ernie Isley</field><field name="related_entity2_ss">Erika Hedman</field><field name="related_entity2_ss">Marvin Isley</field><field name="related_entity2_ss">Alicia Keys</field><field name="Music_Writer_Type">Composer</field><field name="Music_Writer_Type">Songwriter</field><field name="memberOfGroup_ss.Length">18</field><field name="related_entity2_ss.Length">11</field><field name="path">/Singer/O'Kelly Isley, Jr.</field><field name="path">/Songwriter/O'Kelly Isley, Jr.</field><field name="Musician_Type">Singer</field><field name="memberOfGroup_ss">The Isley Brothers</field><field name="memberOfGroup_ss.MaximumLength"></field><field name="related_entity2_ss.MaximumLength"></field></doc><doc><field name="name">Muff Winwood</field><field name="id">http://www.semanticweb.org/tedsullivan/ontologies/2015/5/music-10#Muff_Winwood</field><field name="related_entity1_ss">Dire Straits</field><field name="related_entity1_ss">Steve Winwood</field><field name="related_entity1_ss">Spencer Davis</field><field name="Music_Writer_Type">Composer</field><field name="Music_Writer_Type">Songwriter</field><field name="memberOfGroup_ss.Length">23</field><field name="path">/Bassist/Muff Winwood</field><field name="path">/Record Producer/Muff Winwood</field><field name="path">/Songwriter/Muff Winwood</field><field name="Musician_Type">Instrumentalist</field><field name="Musician_Type">Bassist</field><field name="memberOfGroup_ss">The Spencer Davis Group</field><field name="memberOfGroup_ss.MaximumLength"></field></doc><doc><field name="name">Jim Croce</field><field name="id">http://www.semanticweb.org/tedsullivan/ontologies/2015/5/music-10#Jim_Croce</field><field name="Music_Writer_Type">Composer</field><field name="Music_Writer_Type">Songwriter</field><field name="path">/Singer/Jim Croce</field><field name="path">/Songwriter/Jim Croce</field><field name="Musician_Type">Singer</field></doc><doc><field name="name">Fred Fassert</field><field name="id">http://www.semanticweb.org/tedsullivan/ontologies/2015/5/music-10#Fred_Fassert</field><field name="Music_Writer_Type">Composer</field><field name="Music_Writer_Type">Songwriter</field><field name="memberOfGroup_ss.Length">11</field><field name="path">/Singer/Fred Fassert</field><field name="path">/Songwriter/Fred Fassert</field><field name="Musician_Type">Singer</field><field name="genres_ss">Rock</field><field name="genres_ss">Doo Wop</field><field name="memberOfGroup_ss">The Regents</field><field name="memberOfGroup_ss.MaximumLength"></field></doc><doc><field name="name">Geezer Butler</field><field name="id">http://www.semanticweb.org/tedsullivan/ontologies/2015/5/music-10#Geezer_Butler</field><field name="related_entity1_ss">Tony Iommi</field><field name="related_entity1_ss">Ozzy Osbourne</field><field name="related_entity1_ss">Bill Ward</field><field name="Music_Writer_Type">Composer</field><field name="Music_Writer_Type">Songwriter</field><field name="memberOfGroup_ss.Length">13</field><field name="path">/Bassist/Geezer Butler</field><field name="path">/Songwriter/Geezer Butler</field><field name="Musician_Type">Instrumentalist</field><field name="Musician_Type">Bassist</field><field name="memberOfGroup_ss">Black Sabbath</field><field name="memberOfGroup_ss.MaximumLength"></field></doc><doc><field name="name">Ernie Isley</field><field name="id">http://www.semanticweb.org/tedsullivan/ontologies/2015/5/music-10#Ernie_Isley</field><field name="related_entity1_ss">O'Kelly Isley, Jr.</field><field name="related_entity1_ss">Christopher Jasper</field><field name="related_entity1_ss">Erika Hedman</field><field name="related_entity1_ss">Marvin Isley</field><field name="related_entity1_ss">Alicia Keys</field><field name="related_entity1_ss">Rudolph Isley</field><field name="related_entity1_ss">Ronald Isley</field><field name="Music_Writer_Type">Composer</field><field name="Music_Writer_Type">Songwriter</field><field name="path">/Songwriter/Ernie Isley</field></doc><doc><field name="name">Redd Stewart</field><field name="id">http://www.semanticweb.org/tedsullivan/ontologies/2015/5/music-10#Redd_Stewart</field><field name="related_entity1_ss">Pee Wee King</field><field name="related_entity1_ss">Chilton Price</field><field name="Music_Writer_Type">Composer</field><field name="Music_Writer_Type">Songwriter</field><field name="path">/Songwriter/Redd Stewart</field></doc><doc><field name="name">Willie Hutch</field><field name="id">http://www.semanticweb.org/tedsullivan/ontologies/2015/5/music-10#Willie_Hutch</field><field name="related_entity1_ss">Jackson Five</field><field name="related_entity1_ss">Berry Gordy</field><field name="related_entity1_ss">Hal Davis</field><field name="Music_Writer_Type">Composer</field><field name="Music_Writer_Type">Songwriter</field><field name="path">/Record Producer/Willie Hutch</field><field name="path">/Singer/Willie Hutch</field><field name="path">/Songwriter/Willie Hutch</field><field name="Musician_Type">Singer</field></doc></add>
