<add><doc><field name="name">Charles Martin Loeffler</field><field name="id">http://www.semanticweb.org/tedsullivan/ontologies/2015/5/music-10#Charles_Martin_Loeffler</field><field name="Music_Writer_Type">Composer</field><field name="path">/Composer/Charles Martin Loeffler</field><field name="path">/Violinist/Charles Martin Loeffler</field><field name="Musician_Type">Instrumentalist</field><field name="Musician_Type">Violinist</field><field name="genres_ss">Classical</field></doc><doc><field name="name">Harold R. Atteridge</field><field name="id">http://www.semanticweb.org/tedsullivan/ontologies/2015/5/music-10#Harold_R._Atteridge</field><field name="related_entity1_ss">Sigmund Romberg</field><field name="Music_Writer_Type">Composer</field><field name="Music_Writer_Type">Lyricist</field><field name="path">/Composer/Harold R. Atteridge</field><field name="path">/Lyricist/Harold R. Atteridge</field></doc><doc><field name="name">Terry Riley</field><field name="id">http://www.semanticweb.org/tedsullivan/ontologies/2015/5/music-10#Terry_Riley</field><field name="Music_Writer_Type">Composer</field><field name="path">/Composer/Terry Riley</field><field name="genres_ss">Classical</field><field name="genres_ss">Minimalist</field></doc><doc><field name="name">Seymour Simons</field><field name="id">http://www.semanticweb.org/tedsullivan/ontologies/2015/5/music-10#Seymour_Simons</field><field name="related_entity1_ss">Gerald Marks</field><field name="Music_Writer_Type">Composer</field><field name="path">/Band Leader/Seymour Simons</field><field name="path">/Composer/Seymour Simons</field><field name="path">/Pianist/Seymour Simons</field><field name="Musician_Type">Conductor</field><field name="Musician_Type">Band Leader</field><field name="Musician_Type">Instrumentalist</field><field name="Musician_Type">Pianist</field></doc><doc><field name="name">Dinu Lupatti</field><field name="id">http://www.semanticweb.org/tedsullivan/ontologies/2015/5/music-10#Dinu_Lipatti</field><field name="Music_Writer_Type">Composer</field><field name="path">/Composer/Dinu Lupatti</field><field name="path">/Pianist/Dinu Lupatti</field><field name="Musician_Type">Instrumentalist</field><field name="Musician_Type">Pianist</field><field name="genres_ss">Classical</field></doc><doc><field name="name">Hutch Davie</field><field name="id">http://www.semanticweb.org/tedsullivan/ontologies/2015/5/music-10#Hutch_Davie</field><field name="related_entity1_ss">Marvin Moore</field><field name="Music_Writer_Type">Composer</field><field name="Music_Writer_Type">Arranger</field><field name="path">/Arranger/Hutch Davie</field><field name="path">/Composer/Hutch Davie</field><field name="path">/Conductor/Hutch Davie</field><field name="path">/Pianist/Hutch Davie</field><field name="Musician_Type">Conductor</field><field name="Musician_Type">Instrumentalist</field><field name="Musician_Type">Pianist</field></doc><doc><field name="name">Edvard Grieg</field><field name="id">http://www.semanticweb.org/tedsullivan/ontologies/2015/5/music-10#Edvard_Grieg</field><field name="related_entity1_ss">George Forrest</field><field name="related_entity1_ss">Robert Wright</field><field name="Music_Writer_Type">Composer</field><field name="path">/Composer/Edvard Grieg</field></doc><doc><field name="name">Richard Rogers</field><field name="id">http://www.semanticweb.org/tedsullivan/ontologies/2015/5/music-10#Richard_Rogers</field><field name="related_entity1_ss">Lorenz Hart</field><field name="related_entity1_ss">Oscar Hammerstein</field><field name="Music_Writer_Type">Composer</field><field name="Music_Writer_Type">Lyricist</field><field name="path">/Composer/Richard Rogers</field><field name="path">/Lyricist/Richard Rogers</field></doc><doc><field name="name">Jules Massenet</field><field name="id">http://www.semanticweb.org/tedsullivan/ontologies/2015/5/music-10#Jules_Massenet</field><field name="path">/Composer/Jules Massenet</field><field name="Music_Writer_Type">Composer</field></doc><doc><field name="name">Neal Hefti</field><field name="id">http://www.semanticweb.org/tedsullivan/ontologies/2015/5/music-10#Neal_Hefti</field><field name="Music_Writer_Type">Composer</field><field name="Music_Writer_Type">Arranger</field><field name="Music_Writer_Type">Songwriter</field><field name="path">/Arranger/Neal Hefti</field><field name="path">/Composer/Neal Hefti</field><field name="path">/Songwriter/Neal Hefti</field><field name="path">/Trumpeter/Neal Hefti</field><field name="Musician_Type">Instrumentalist</field><field name="Musician_Type">Trumpeter</field></doc><doc><field name="name">Carl Ditters von Dittersdorf</field><field name="id">http://www.semanticweb.org/tedsullivan/ontologies/2015/5/music-10#Carl_Ditters_von_Dittersdorf</field><field name="path">/Composer/Carl Ditters von Dittersdorf</field><field name="Music_Writer_Type">Composer</field></doc><doc><field name="name">Giuseppe Tartini</field><field name="id">http://www.semanticweb.org/tedsullivan/ontologies/2015/5/music-10#Giuseppe_Tartini</field><field name="path">/Composer/Giuseppe Tartini</field><field name="Music_Writer_Type">Composer</field></doc><doc><field name="name">Mitch Leigh</field><field name="id">http://www.semanticweb.org/tedsullivan/ontologies/2015/5/music-10#Mitch_Leigh</field><field name="related_entity1_ss">Joe Darion</field><field name="Music_Writer_Type">Composer</field><field name="path">/Composer/Mitch Leigh</field></doc><doc><field name="name">Joseph Canteloube</field><field name="id">http://www.semanticweb.org/tedsullivan/ontologies/2015/5/music-10#Joseph_Canteloube</field><field name="path">/Composer/Joseph Canteloube</field><field name="Music_Writer_Type">Composer</field></doc><doc><field name="name">Antonio Soler</field><field name="id">http://www.semanticweb.org/tedsullivan/ontologies/2015/5/music-10#Antonio_Soler</field><field name="path">/Composer/Antonio Soler</field><field name="Music_Writer_Type">Composer</field></doc><doc><field name="name">Joe Sample</field><field name="id">http://www.semanticweb.org/tedsullivan/ontologies/2015/5/music-10#Joe_Sample</field><field name="Music_Writer_Type">Composer</field><field name="path">/Composer/Joe Sample</field><field name="path">/Pianist/Joe Sample</field><field name="Musician_Type">Instrumentalist</field><field name="Musician_Type">Pianist</field><field name="genres_ss">Jazz</field></doc><doc><field name="name">Paul Burkhard</field><field name="id">http://www.semanticweb.org/tedsullivan/ontologies/2015/5/music-10#Paul_Burkhard</field><field name="path">/Composer/Paul Burkhard</field><field name="Music_Writer_Type">Composer</field></doc><doc><field name="name">Tommy Dorsey</field><field name="id">http://www.semanticweb.org/tedsullivan/ontologies/2015/5/music-10#Tommy_Dorsey</field><field name="related_entity1_ss">Johnny Mercer</field><field name="memberOfGroup_ss.Length">22</field><field name="related_entity2_ss.Length">14</field><field name="path">/Band Leader/Tommy Dorsey</field><field name="path">/Composer/Tommy Dorsey</field><field name="path">/Trombonist/Tommy Dorsey</field><field name="path">/Trumpeter/Tommy Dorsey</field><field name="memberOfGroup_ss.MaximumLength"></field><field name="related_entity2_ss">The Merry Macs</field><field name="related_entity2_ss">Harry Warren</field><field name="related_entity2_ss">Judy Garland</field><field name="related_entity2_ss">Bing Crosby</field><field name="related_entity2_ss">George Bassman</field><field name="related_entity2_ss">Ned Washington</field><field name="Music_Writer_Type">Composer</field><field name="Musician_Type">Conductor</field><field name="Musician_Type">Band Leader</field><field name="Musician_Type">Instrumentalist</field><field name="Musician_Type">Trombonist</field><field name="Musician_Type">Trumpeter</field><field name="genres_ss">Jazz</field><field name="genres_ss">Swing</field><field name="memberOfGroup_ss">Tommy Dorsey Orchestra</field><field name="related_entity2_ss.MaximumLength"></field></doc><doc><field name="name">Alan Wilder</field><field name="id">http://www.semanticweb.org/tedsullivan/ontologies/2015/5/music-10#Alan_Wilder</field><field name="related_entity1_ss">Andy Fletcher</field><field name="related_entity1_ss">Vince Clarke</field><field name="related_entity1_ss">Dave Gahan</field><field name="related_entity1_ss">Martin Gore</field><field name="Music_Writer_Type">Composer</field><field name="Music_Writer_Type">Arranger</field><field name="memberOfGroup_ss.Length">12</field><field name="path">/Arranger/Alan Wilder</field><field name="path">/Instrumentalist/Bassist/Alan Wilder</field><field name="path">/Composer/Alan Wilder</field><field name="path">/Drummer/Alan Wilder</field><field name="path">/Instrumentalist/Flautist/Alan Wilder</field><field name="path">/Instrumentalist/Guitarist/Alan Wilder</field><field name="path">/Keyboardist/Alan Wilder</field><field name="path">/Percussionist/Alan Wilder</field><field name="path">/Pianist/Alan Wilder</field><field name="path">/Musician/Singer/Alan Wilder</field><field name="Musician_Type">Instrumentalist</field><field name="Musician_Type">Bassist</field><field name="Musician_Type">Drummer</field><field name="Musician_Type">Flautist</field><field name="Musician_Type">Guitarist</field><field name="Musician_Type">Keyboardist</field><field name="Musician_Type">Percussionist</field><field name="Musician_Type">Pianist</field><field name="Musician_Type">Singer</field><field name="memberOfGroup_ss">Depeche Mode</field><field name="memberOfGroup_ss.MaximumLength"></field></doc><doc><field name="name">James Milton Black</field><field name="id">http://www.semanticweb.org/tedsullivan/ontologies/2015/5/music-10#James_Milton_Black</field><field name="path">/Composer/James Milton Black</field><field name="Music_Writer_Type">Composer</field></doc><doc><field name="name">Arthur Johnston</field><field name="id">http://www.semanticweb.org/tedsullivan/ontologies/2015/5/music-10#Arthur_Johnston</field><field name="related_entity1_ss">Sam Coslow</field><field name="related_entity1_ss">Johnny Burke</field><field name="Music_Writer_Type">Composer</field><field name="path">/Composer/Arthur Johnston</field></doc><doc><field name="name">James Last</field><field name="id">http://www.semanticweb.org/tedsullivan/ontologies/2015/5/music-10#James_Last</field><field name="Music_Writer_Type">Composer</field><field name="path">/Band Leader/James Last</field><field name="path">/Composer/James Last</field><field name="Musician_Type">Conductor</field><field name="Musician_Type">Band Leader</field></doc><doc><field name="name">J. C. Johnson</field><field name="id">http://www.semanticweb.org/tedsullivan/ontologies/2015/5/music-10#J.C._Johnson</field><field name="related_entity1_ss">Fats Waller</field><field name="related_entity1_ss">Andy Razaf</field><field name="Music_Writer_Type">Composer</field><field name="path">/Composer/J. C. Johnson</field><field name="path">/Pianist/J. C. Johnson</field><field name="Musician_Type">Instrumentalist</field><field name="Musician_Type">Pianist</field></doc><doc><field name="name">Marin Marais</field><field name="id">http://www.semanticweb.org/tedsullivan/ontologies/2015/5/music-10#Marin_Marais</field><field name="path">/Composer/Marin Marais</field><field name="Music_Writer_Type">Composer</field></doc><doc><field name="name">Edward Elgar</field><field name="id">http://www.semanticweb.org/tedsullivan/ontologies/2015/5/music-10#Edward_Elgar</field><field name="path">/Composer/Edward Elgar</field><field name="Music_Writer_Type">Composer</field></doc><doc><field name="name">Paul Weston</field><field name="id">http://www.semanticweb.org/tedsullivan/ontologies/2015/5/music-10#Paul_Weston</field><field name="related_entity1_ss">Doris Day</field><field name="related_entity1_ss">Betty Hutton</field><field name="Music_Writer_Type">Composer</field><field name="Music_Writer_Type">Arranger</field><field name="path">/Arranger/Paul Weston</field><field name="path">/Composer/Paul Weston</field><field name="path">/Conductor/Paul Weston</field><field name="path">/Pianist/Paul Weston</field><field name="Musician_Type">Conductor</field><field name="Musician_Type">Instrumentalist</field><field name="Musician_Type">Pianist</field></doc><doc><field name="name">Oscar Pettiford</field><field name="id">http://www.semanticweb.org/tedsullivan/ontologies/2015/5/music-10#Oscar_Pettiford</field><field name="related_entity1_ss">Harry Babasin</field><field name="Music_Writer_Type">Composer</field><field name="path">/Composer/Oscar Pettiford</field><field name="path">/Instrumentalist/Double Bassist/Oscar Pettiford</field><field name="Musician_Type">Instrumentalist</field><field name="Musician_Type">Double Bassist</field></doc><doc><field name="name">Clare Fischer</field><field name="id">http://www.semanticweb.org/tedsullivan/ontologies/2015/5/music-10#Clare_Fischer</field><field name="Music_Writer_Type">Composer</field><field name="Music_Writer_Type">Arranger</field><field name="path">/Arranger/Clare Fischer</field><field name="path">/Band Leader/Clare Fischer</field><field name="path">/Composer/Clare Fischer</field><field name="path">/Keyboardist/Clare Fischer</field><field name="Musician_Type">Conductor</field><field name="Musician_Type">Band Leader</field><field name="Musician_Type">Instrumentalist</field><field name="Musician_Type">Keyboardist</field><field name="genres_ss">Jazz</field></doc><doc><field name="name">Cesar Franck</field><field name="id">http://www.semanticweb.org/tedsullivan/ontologies/2015/5/music-10#César_Franck</field><field name="path">/Composer/Cesar Franck</field><field name="Music_Writer_Type">Composer</field></doc><doc><field name="name">Leo Robin</field><field name="id">http://www.semanticweb.org/tedsullivan/ontologies/2015/5/music-10#Leo_Robin</field><field name="related_entity1_ss">Richard Whiting</field><field name="related_entity2_ss">Clarence Gaskill</field><field name="related_entity2_ss">Newell Chase</field><field name="related_entity2_ss">Russ Columbo</field><field name="Music_Writer_Type">Composer</field><field name="Music_Writer_Type">Lyricist</field><field name="Music_Writer_Type">Songwriter</field><field name="related_entity2_ss.Length">12</field><field name="path">/Composer/Leo Robin</field><field name="path">/Lyricist/Leo Robin</field><field name="path">/Songwriter/Leo Robin</field><field name="related_entity2_ss.MaximumLength"></field></doc><doc><field name="name">Gregorio Allegri</field><field name="id">http://www.semanticweb.org/tedsullivan/ontologies/2015/5/music-10#Gregorio_Allegri</field><field name="path">/Composer/Gregorio Allegri</field><field name="Music_Writer_Type">Composer</field></doc><doc><field name="name">Gigi Gryce</field><field name="id">http://www.semanticweb.org/tedsullivan/ontologies/2015/5/music-10#Gigi_Gryce</field><field name="related_entity1_ss">Jon Hendricks</field><field name="Music_Writer_Type">Composer</field><field name="Music_Writer_Type">Arranger</field><field name="path">/Arranger/Gigi Gryce</field><field name="path">/Clarinetist/Gigi Gryce</field><field name="path">/Composer/Gigi Gryce</field><field name="path">/Instrumentalist/Flautist/Gigi Gryce</field><field name="path">/Instrumentalist/Saxophonist/Gigi Gryce</field><field name="Musician_Type">Instrumentalist</field><field name="Musician_Type">Clarinetist</field><field name="Musician_Type">Flautist</field><field name="Musician_Type">Saxophonist</field><field name="genres_ss">Jazz</field></doc><doc><field name="name">Muzio Clementi</field><field name="id">http://www.semanticweb.org/tedsullivan/ontologies/2015/5/music-10#Muzio_Clementi</field><field name="path">/Composer/Muzio Clementi</field><field name="Music_Writer_Type">Composer</field></doc><doc><field name="name">Hank Jones</field><field name="id">http://www.semanticweb.org/tedsullivan/ontologies/2015/5/music-10#Hank_Jones</field><field name="Music_Writer_Type">Composer</field><field name="Music_Writer_Type">Arranger</field><field name="path">/Arranger/Hank Jones</field><field name="path">/Band Leader/Hank Jones</field><field name="path">/Composer/Hank Jones</field><field name="path">/Pianist/Hank Jones</field><field name="Musician_Type">Conductor</field><field name="Musician_Type">Band Leader</field><field name="Musician_Type">Instrumentalist</field><field name="Musician_Type">Pianist</field><field name="genres_ss">Jazz</field></doc><doc><field name="name">Sy Oliver</field><field name="id">http://www.semanticweb.org/tedsullivan/ontologies/2015/5/music-10#Sy_Oliver</field><field name="related_entity1_ss">Trummy Young</field><field name="Music_Writer_Type">Composer</field><field name="Music_Writer_Type">Arranger</field><field name="path">/Arranger/Sy Oliver</field><field name="path">/Band Leader/Sy Oliver</field><field name="path">/Composer/Sy Oliver</field><field name="path">/Musician/Singer/Sy Oliver</field><field name="path">/Trumpeter/Sy Oliver</field><field name="Musician_Type">Conductor</field><field name="Musician_Type">Band Leader</field><field name="Musician_Type">Singer</field><field name="Musician_Type">Instrumentalist</field><field name="Musician_Type">Trumpeter</field></doc><doc><field name="name">Stephen Sondheim</field><field name="id">http://www.semanticweb.org/tedsullivan/ontologies/2015/5/music-10#Stephen_Sondheim</field><field name="related_entity1_ss">Leonard Bernstein</field><field name="Music_Writer_Type">Composer</field><field name="Music_Writer_Type">Lyricist</field><field name="path">/Composer/Stephen Sondheim</field><field name="path">/Lyricist/Stephen Sondheim</field></doc><doc><field name="name">Nicolo Gabrielli</field><field name="id">http://www.semanticweb.org/tedsullivan/ontologies/2015/5/music-10#Nicolò_Gabrielli</field><field name="path">/Composer/Nicolo Gabrielli</field><field name="Music_Writer_Type">Composer</field></doc><doc><field name="name">Earl ,",Fatha,", Hines</field><field name="id">http://www.semanticweb.org/tedsullivan/ontologies/2015/5/music-10#Earl_Fatha_Hines</field><field name="related_entity1_ss">Billy Eckstine</field><field name="Music_Writer_Type">Composer</field><field name="path">/Band Leader/Earl ,",Fatha,", Hines</field><field name="path">/Composer/Earl ,",Fatha,", Hines</field><field name="path">/Pianist/Earl ,",Fatha,", Hines</field><field name="Musician_Type">Conductor</field><field name="Musician_Type">Band Leader</field><field name="Musician_Type">Instrumentalist</field><field name="Musician_Type">Pianist</field><field name="genres_ss">Jazz</field></doc><doc><field name="name">Victor Young</field><field name="id">http://www.semanticweb.org/tedsullivan/ontologies/2015/5/music-10#Victor_Young</field><field name="related_entity1_ss">Edward Heyman</field><field name="related_entity1_ss">Egbert Van Alstyne</field><field name="related_entity1_ss">Wayne King</field><field name="Music_Writer_Type">Composer</field><field name="Music_Writer_Type">Arranger</field><field name="path">/Arranger/Victor Young</field><field name="path">/Composer/Victor Young</field><field name="path">/Conductor/Victor Young</field><field name="path">/Violinist/Victor Young</field><field name="Musician_Type">Conductor</field><field name="Musician_Type">Instrumentalist</field><field name="Musician_Type">Violinist</field></doc><doc><field name="name">Tom Delaney</field><field name="id">http://www.semanticweb.org/tedsullivan/ontologies/2015/5/music-10#Tom_Delaney</field><field name="related_entity1_ss">Original Dixieland Jass Band</field><field name="Music_Writer_Type">Composer</field><field name="path">/Composer/Tom Delaney</field></doc><doc><field name="name">Josef Suk</field><field name="id">http://www.semanticweb.org/tedsullivan/ontologies/2015/5/music-10#Josef_Suk</field><field name="path">/Composer/Josef Suk</field><field name="Music_Writer_Type">Composer</field></doc><doc><field name="name">Elliot Carter</field><field name="id">http://www.semanticweb.org/tedsullivan/ontologies/2015/5/music-10#Elliott_Carter</field><field name="path">/Composer/Elliot Carter</field><field name="Music_Writer_Type">Composer</field></doc><doc><field name="name">Francesco Geminiani</field><field name="id">http://www.semanticweb.org/tedsullivan/ontologies/2015/5/music-10#Francesco_Geminiani</field><field name="path">/Composer/Francesco Geminiani</field><field name="Music_Writer_Type">Composer</field></doc><doc><field name="name">Bruno Walter</field><field name="id">http://www.semanticweb.org/tedsullivan/ontologies/2015/5/music-10#Bruno_Walter</field><field name="Music_Writer_Type">Composer</field><field name="path">/Composer/Bruno Walter</field><field name="path">/Conductor/Bruno Walter</field><field name="path">/Pianist/Bruno Walter</field><field name="Musician_Type">Conductor</field><field name="Musician_Type">Instrumentalist</field><field name="Musician_Type">Pianist</field></doc><doc><field name="name">John Du Prez</field><field name="id">http://www.semanticweb.org/tedsullivan/ontologies/2015/5/music-10#John_Du_Prez</field><field name="related_entity1_ss">Eric Idle</field><field name="related_entity2_ss">Neil Innes</field><field name="Music_Writer_Type">Composer</field><field name="related_entity2_ss.Length">10</field><field name="path">/Composer/John Du Prez</field><field name="related_entity2_ss.MaximumLength"></field></doc><doc><field name="name">Sergei Rachmaninoff</field><field name="id">http://www.semanticweb.org/tedsullivan/ontologies/2015/5/music-10#Sergei_Rachmaninoff</field><field name="path">/Composer/Sergei Rachmaninoff</field><field name="Music_Writer_Type">Composer</field></doc><doc><field name="name">Charles Gounod</field><field name="id">http://www.semanticweb.org/tedsullivan/ontologies/2015/5/music-10#Charles_Gounod</field><field name="path">/Composer/Charles Gounod</field><field name="Music_Writer_Type">Composer</field></doc><doc><field name="name">Jean-Baptiste Lully</field><field name="id">http://www.semanticweb.org/tedsullivan/ontologies/2015/5/music-10#Jean-Baptiste_Lully</field><field name="path">/Composer/Jean-Baptiste Lully</field><field name="Music_Writer_Type">Composer</field></doc><doc><field name="name">John Kander</field><field name="id">http://www.semanticweb.org/tedsullivan/ontologies/2015/5/music-10#John_Kander</field><field name="related_entity1_ss">Fred Ebb</field><field name="Music_Writer_Type">Composer</field><field name="path">/Composer/John Kander</field></doc><doc><field name="name">Max Bruch</field><field name="id">http://www.semanticweb.org/tedsullivan/ontologies/2015/5/music-10#Max_Bruch</field><field name="path">/Composer/Max Bruch</field><field name="Music_Writer_Type">Composer</field></doc><doc><field name="name">Jerry Bock</field><field name="id">http://www.semanticweb.org/tedsullivan/ontologies/2015/5/music-10#Jerry_Bock</field><field name="related_entity1_ss">George David Weiss</field><field name="related_entity1_ss">Lawrence Holofcener</field><field name="Music_Writer_Type">Composer</field><field name="path">/Composer/Jerry Bock</field></doc><doc><field name="name">Arturo Sandoval</field><field name="id">http://www.semanticweb.org/tedsullivan/ontologies/2015/5/music-10#Arturo_Sandoval</field><field name="Music_Writer_Type">Composer</field><field name="path">/Composer/Arturo Sandoval</field><field name="path">/Pianist/Arturo Sandoval</field><field name="path">/Trumpeter/Arturo Sandoval</field><field name="Musician_Type">Instrumentalist</field><field name="Musician_Type">Pianist</field><field name="Musician_Type">Trumpeter</field><field name="genres_ss">Jazz</field><field name="genres_ss">Latin Jazz</field></doc><doc><field name="name">Bill Holman</field><field name="id">http://www.semanticweb.org/tedsullivan/ontologies/2015/5/music-10#Bill_Holman</field><field name="Music_Writer_Type">Composer</field><field name="Music_Writer_Type">Arranger</field><field name="path">/Arranger/Bill Holman</field><field name="path">/Band Leader/Bill Holman</field><field name="path">/Composer/Bill Holman</field><field name="path">/Instrumentalist/Saxophonist/Bill Holman</field><field name="Musician_Type">Conductor</field><field name="Musician_Type">Band Leader</field><field name="Musician_Type">Instrumentalist</field><field name="Musician_Type">Saxophonist</field></doc><doc><field name="name">Ibrahim Maalouf</field><field name="id">http://www.semanticweb.org/tedsullivan/ontologies/2015/5/music-10#Ibrahim_Maalouf</field><field name="Music_Writer_Type">Composer</field><field name="Music_Writer_Type">Arranger</field><field name="path">/Arranger/Ibrahim Maalouf</field><field name="path">/Composer/Ibrahim Maalouf</field><field name="path">/Trumpeter/Ibrahim Maalouf</field><field name="Musician_Type">Instrumentalist</field><field name="Musician_Type">Trumpeter</field><field name="genres_ss">Jazz</field></doc><doc><field name="name">Oscar Hammerstein</field><field name="id">http://www.semanticweb.org/tedsullivan/ontologies/2015/5/music-10#Oscar_Hammerstein</field><field name="related_entity1_ss">Richard Rogers</field><field name="related_entity2_ss">Jerome Kern</field><field name="related_entity2_ss">Sigmund Romberg</field><field name="Music_Writer_Type">Composer</field><field name="Music_Writer_Type">Songwriter</field><field name="related_entity2_ss.Length">15</field><field name="path">/Composer/Oscar Hammerstein</field><field name="path">/Songwriter/Oscar Hammerstein</field><field name="related_entity2_ss.MaximumLength"></field></doc><doc><field name="name">Ignaz Pleyel</field><field name="id">http://www.semanticweb.org/tedsullivan/ontologies/2015/5/music-10#Ignaz_Pleyel</field><field name="path">/Composer/Ignaz Pleyel</field><field name="path">/Instrument Manufacturers/Ignaz Pleyel</field><field name="Music_Writer_Type">Composer</field></doc><doc><field name="name">William Byrd</field><field name="id">http://www.semanticweb.org/tedsullivan/ontologies/2015/5/music-10#William_Byrd</field><field name="Music_Writer_Type">Composer</field><field name="path">/Composer/William Byrd</field><field name="genres_ss">Classical</field><field name="genres_ss">Renaissance</field></doc><doc><field name="name">Arranger</field><field name="id">http://www.semanticweb.org/tedsullivan/ontologies/2015/5/music-10#Arranger</field><field name="rdfs:subClassOf">http://www.semanticweb.org/tedsullivan/ontologies/2015/5/music-10#Composers</field><field name="path">/Composer/Arranger</field><field name="Music_Writer_Type">Composer</field></doc><doc><field name="name">Rene Hall</field><field name="id">http://www.semanticweb.org/tedsullivan/ontologies/2015/5/music-10#René_Hall</field><field name="Music_Writer_Type">Composer</field><field name="Music_Writer_Type">Arranger</field><field name="path">/Arranger/Rene Hall</field><field name="path">/Guitarist/Rene Hall</field><field name="Musician_Type">Instrumentalist</field><field name="Musician_Type">Guitarist</field></doc><doc><field name="name">Charles Stepney</field><field name="id">http://www.semanticweb.org/tedsullivan/ontologies/2015/5/music-10#Charles_Stepney</field><field name="related_entity1_ss">Maurice White</field><field name="related_entity1_ss">Verdine White</field><field name="related_entity2_ss">Earth, Wind and Fire</field><field name="Music_Writer_Type">Composer</field><field name="Music_Writer_Type">Arranger</field><field name="Music_Writer_Type">Songwriter</field><field name="memberOfGroup_ss.Length">20</field><field name="related_entity2_ss.Length">20</field><field name="path">/Arranger/Charles Stepney</field><field name="path">/Conductor/Charles Stepney</field><field name="path">/Keyboardist/Charles Stepney</field><field name="path">/Record Producer/Charles Stepney</field><field name="path">/Songwriter/Charles Stepney</field><field name="path">/Vibraphonist/Charles Stepney</field><field name="Musician_Type">Conductor</field><field name="Musician_Type">Instrumentalist</field><field name="Musician_Type">Keyboardist</field><field name="Musician_Type">Vibraphonist</field><field name="memberOfGroup_ss">Earth, Wind and Fire</field><field name="memberOfGroup_ss.MaximumLength"></field><field name="related_entity2_ss.MaximumLength"></field></doc><doc><field name="name">Brian Lemon</field><field name="id">http://www.semanticweb.org/tedsullivan/ontologies/2015/5/music-10#Brian_Lemon</field><field name="related_entity1_ss">Alan Barnes</field><field name="Music_Writer_Type">Composer</field><field name="Music_Writer_Type">Arranger</field><field name="path">/Arranger/Brian Lemon</field><field name="path">/Pianist/Brian Lemon</field><field name="Musician_Type">Instrumentalist</field><field name="Musician_Type">Pianist</field><field name="genres_ss">Jazz</field></doc><doc><field name="name">Jennifer Warnes</field><field name="id">http://www.semanticweb.org/tedsullivan/ontologies/2015/5/music-10#Jennifer_Warnes</field><field name="related_entity1_ss">Bill Medley</field><field name="Music_Writer_Type">Composer</field><field name="Music_Writer_Type">Arranger</field><field name="Music_Writer_Type">Songwriter</field><field name="hasGenre.Count">4</field><field name="path">/Arranger/Jennifer Warnes</field><field name="path">/Record Producer/Jennifer Warnes</field><field name="path">/Musician/Singer/Jennifer Warnes</field><field name="path">/Songwriter/Jennifer Warnes</field><field name="Musician_Type">Singer</field><field name="genres_ss">Country</field><field name="genres_ss">Country Rock</field><field name="genres_ss">Rock</field><field name="genres_ss">Popular</field><field name="genres_ss">Pop</field></doc><doc><field name="name">Rob McConnell</field><field name="id">http://www.semanticweb.org/tedsullivan/ontologies/2015/5/music-10#Rob_McConnell</field><field name="Music_Writer_Type">Composer</field><field name="Music_Writer_Type">Arranger</field><field name="memberOfGroup_ss.Length">32</field><field name="path">/Arranger/Rob McConnell</field><field name="path">/Band Leader/Rob McConnell</field><field name="path">/Trombonist/Rob McConnell</field><field name="Musician_Type">Conductor</field><field name="Musician_Type">Band Leader</field><field name="Musician_Type">Instrumentalist</field><field name="Musician_Type">Trombonist</field><field name="memberOfGroup_ss">Rob McConnell And The Boss Brass</field><field name="memberOfGroup_ss.MaximumLength"></field></doc><doc><field name="name">Paul Shaffer</field><field name="id">http://www.semanticweb.org/tedsullivan/ontologies/2015/5/music-10#Paul_Shaffer</field><field name="related_entity1_ss">Steve Jordan</field><field name="Music_Writer_Type">Composer</field><field name="Music_Writer_Type">Arranger</field><field name="memberOfGroup_ss.Length">13</field><field name="path">/Arranger/Paul Shaffer</field><field name="path">/Band Leader/Paul Shaffer</field><field name="path">/Keyboardist/Paul Shaffer</field><field name="Musician_Type">Conductor</field><field name="Musician_Type">Band Leader</field><field name="Musician_Type">Instrumentalist</field><field name="Musician_Type">Keyboardist</field><field name="memberOfGroup_ss">CBS Orchestra</field><field name="memberOfGroup_ss.MaximumLength"></field></doc><doc><field name="name">Horace Henderson</field><field name="id">http://www.semanticweb.org/tedsullivan/ontologies/2015/5/music-10#Horace_Henderson</field><field name="Music_Writer_Type">Composer</field><field name="Music_Writer_Type">Arranger</field><field name="path">/Arranger/Horace Henderson</field><field name="path">/Band Leader/Horace Henderson</field><field name="path">/Organist/Horace Henderson</field><field name="path">/Pianist/Horace Henderson</field><field name="Musician_Type">Conductor</field><field name="Musician_Type">Band Leader</field><field name="Musician_Type">Instrumentalist</field><field name="Musician_Type">Organist</field><field name="Musician_Type">Pianist</field></doc><doc><field name="name">Henry Glover</field><field name="id">http://www.semanticweb.org/tedsullivan/ontologies/2015/5/music-10#Henry_Glover</field><field name="related_entity1_ss">Moon Mullican</field><field name="related_entity1_ss">Syd Nathan</field><field name="related_entity1_ss">Titus Turner</field><field name="Music_Writer_Type">Composer</field><field name="Music_Writer_Type">Arranger</field><field name="Music_Writer_Type">Songwriter</field><field name="path">/Arranger/Henry Glover</field><field name="path">/Record Producer/Henry Glover</field><field name="path">/Songwriter/Henry Glover</field></doc><doc><field name="name">Ricky Skaggs</field><field name="id">http://www.semanticweb.org/tedsullivan/ontologies/2015/5/music-10#Ricky_Skaggs</field><field name="Music_Writer_Type">Composer</field><field name="Music_Writer_Type">Arranger</field><field name="Music_Writer_Type">Songwriter</field><field name="hasGenre.Count">8</field><field name="path">/Arranger/Ricky Skaggs</field><field name="path">/Band Leader/Ricky Skaggs</field><field name="path">/Instrumentalist/Guitarist/Ricky Skaggs</field><field name="path">/Record Producer/Ricky Skaggs</field><field name="path">/Musician/Singer/Ricky Skaggs</field><field name="path">/Songwriter/Ricky Skaggs</field><field name="Musician_Type">Conductor</field><field name="Musician_Type">Band Leader</field><field name="Musician_Type">Instrumentalist</field><field name="Musician_Type">Guitarist</field><field name="Musician_Type">Singer</field><field name="genres_ss">Country</field><field name="genres_ss">Bluegrass</field><field name="genres_ss">Folk</field><field name="genres_ss">Gospel</field></doc><doc><field name="name">Freddie Perren</field><field name="id">http://www.semanticweb.org/tedsullivan/ontologies/2015/5/music-10#Freddie_Perren</field><field name="related_entity1_ss">Alphonso ,",Fonce,", Mizell</field><field name="related_entity1_ss">Deke Richards</field><field name="related_entity1_ss">Berry Gordy</field><field name="Music_Writer_Type">Composer</field><field name="Music_Writer_Type">Arranger</field><field name="Music_Writer_Type">Songwriter</field><field name="path">/Arranger/Freddie Perren</field><field name="path">/Conductor/Freddie Perren</field><field name="path">/Record Producer/Freddie Perren</field><field name="path">/Songwriter/Freddie Perren</field><field name="Musician_Type">Conductor</field></doc><doc><field name="name">Vic Schoen</field><field name="id">http://www.semanticweb.org/tedsullivan/ontologies/2015/5/music-10#Vic_Schoen</field><field name="Music_Writer_Type">Composer</field><field name="Music_Writer_Type">Arranger</field><field name="path">/Composer/Arranger/Vic Schoen</field><field name="path">/Band Leader/Vic Schoen</field><field name="path">/Composer/Vic Schoen</field><field name="Musician_Type">Conductor</field><field name="Musician_Type">Band Leader</field></doc><doc><field name="name">Mark Stein</field><field name="id">http://www.semanticweb.org/tedsullivan/ontologies/2015/5/music-10#Mark_Stein</field><field name="related_entity1_ss">Tim Bogert</field><field name="Music_Writer_Type">Composer</field><field name="Music_Writer_Type">Arranger</field><field name="Music_Writer_Type">Songwriter</field><field name="memberOfGroup_ss.Length">13</field><field name="path">/Composer/Arranger/Mark Stein</field><field name="path">/Keyboardist/Mark Stein</field><field name="path">/Musician/Singer/Mark Stein</field><field name="path">/Songwriter/Mark Stein</field><field name="Musician_Type">Instrumentalist</field><field name="Musician_Type">Keyboardist</field><field name="Musician_Type">Singer</field><field name="memberOfGroup_ss">Vanilla Fudge</field><field name="memberOfGroup_ss.MaximumLength"></field></doc><doc><field name="name">Jim Vallance</field><field name="id">http://www.semanticweb.org/tedsullivan/ontologies/2015/5/music-10#Jim_Vallance</field><field name="related_entity1_ss">Bryan Adams</field><field name="Music_Writer_Type">Composer</field><field name="Music_Writer_Type">Arranger</field><field name="Music_Writer_Type">Songwriter</field><field name="path">/Composer/Arranger/Jim Vallance</field><field name="path">/Songwriter/Jim Vallance</field></doc><doc><field name="name">Don Randi</field><field name="id">http://www.semanticweb.org/tedsullivan/ontologies/2015/5/music-10#Don_Randi</field><field name="Music_Writer_Type">Composer</field><field name="Music_Writer_Type">Arranger</field><field name="path">/Composer/Arranger/Don Randi</field><field name="path">/Composer/Don Randi</field><field name="path">/Pianist/Don Randi</field><field name="Musician_Type">Instrumentalist</field><field name="Musician_Type">Pianist</field></doc><doc><field name="name">Johnny Green</field><field name="id">http://www.semanticweb.org/tedsullivan/ontologies/2015/5/music-10#Johnny_Green</field><field name="related_entity1_ss">Edward Heyman</field><field name="related_entity2_ss">Robert Sour</field><field name="related_entity2_ss">Frank Eyton</field><field name="Music_Writer_Type">Composer</field><field name="Music_Writer_Type">Arranger</field><field name="Music_Writer_Type">Songwriter</field><field name="related_entity2_ss.Length">11</field><field name="path">/Composer/Arranger/Johnny Green</field><field name="path">/Composer/Johnny Green</field><field name="path">/Musician/Conductor/Johnny Green</field><field name="path">/Songwriter/Johnny Green</field><field name="Musician_Type">Conductor</field><field name="related_entity2_ss.MaximumLength"></field></doc><doc><field name="name">Peter Matz</field><field name="id">http://www.semanticweb.org/tedsullivan/ontologies/2015/5/music-10#Peter_Matz</field><field name="related_entity1_ss">Terry Kath</field><field name="Music_Writer_Type">Composer</field><field name="Music_Writer_Type">Arranger</field><field name="path">/Composer/Arranger/Peter Matz</field><field name="path">/Composer/Peter Matz</field><field name="path">/Musician/Conductor/Peter Matz</field><field name="Musician_Type">Conductor</field></doc><doc><field name="name">Al Gorgoni</field><field name="id">http://www.semanticweb.org/tedsullivan/ontologies/2015/5/music-10#Al_Gorgoni</field><field name="related_entity1_ss">Chip Taylor</field><field name="Music_Writer_Type">Composer</field><field name="Music_Writer_Type">Arranger</field><field name="Music_Writer_Type">Songwriter</field><field name="path">/Composer/Arranger/Al Gorgoni</field><field name="path">/Musician/Instrumentalist/Guitarist/Al Gorgoni</field><field name="path">/Songwriter/Al Gorgoni</field><field name="Musician_Type">Instrumentalist</field><field name="Musician_Type">Guitarist</field></doc><doc><field name="name">Tadd Dameron</field><field name="id">http://www.semanticweb.org/tedsullivan/ontologies/2015/5/music-10#Tadd_Dameron</field><field name="related_entity1_ss">Carl Sigman</field><field name="Music_Writer_Type">Composer</field><field name="Music_Writer_Type">Arranger</field><field name="path">/Composer/Arranger/Tadd Dameron</field><field name="path">/Composer/Tadd Dameron</field><field name="path">/Pianist/Tadd Dameron</field><field name="Musician_Type">Instrumentalist</field><field name="Musician_Type">Pianist</field><field name="genres_ss">Jazz</field></doc><doc><field name="name">Gil Evans</field><field name="id">http://www.semanticweb.org/tedsullivan/ontologies/2015/5/music-10#Gil_Evans</field><field name="related_entity1_ss">Miles Davis</field><field name="Music_Writer_Type">Composer</field><field name="Music_Writer_Type">Arranger</field><field name="path">/Composer/Arranger/Gil Evans</field><field name="path">/Musician/Conductor/Band Leader/Gil Evans</field><field name="path">/Composer/Gil Evans</field><field name="path">/Pianist/Gil Evans</field><field name="Musician_Type">Conductor</field><field name="Musician_Type">Band Leader</field><field name="Musician_Type">Instrumentalist</field><field name="Musician_Type">Pianist</field><field name="genres_ss">Jazz</field></doc><doc><field name="name">Bud Freeman</field><field name="id">http://www.semanticweb.org/tedsullivan/ontologies/2015/5/music-10#Bud_Freeman</field><field name="Music_Writer_Type">Composer</field><field name="Music_Writer_Type">Arranger</field><field name="path">/Music Writer/Composer/Arranger/Bud Freeman</field><field name="path">/Musician/Conductor/Band Leader/Bud Freeman</field><field name="path">/Music Writer/Composer/Bud Freeman</field><field name="path">/Musician/Instrumentalist/Saxophonist/Bud Freeman</field><field name="Musician_Type">Conductor</field><field name="Musician_Type">Band Leader</field><field name="Musician_Type">Instrumentalist</field><field name="Musician_Type">Saxophonist</field></doc><doc><field name="name">Quincy Jones</field><field name="id">http://www.semanticweb.org/tedsullivan/ontologies/2015/5/music-10#Quincy_Jones</field><field name="related_entity1_ss">Michael Jackson</field><field name="Music_Writer_Type">Composer</field><field name="Music_Writer_Type">Arranger</field><field name="path">/Music Writer/Composer/Arranger/Quincy Jones</field><field name="path">/Music Writer/Composer/Quincy Jones</field><field name="path">/Musician/Conductor/Quincy Jones</field><field name="path">/Record Producer/Quincy Jones</field><field name="Musician_Type">Conductor</field></doc><doc><field name="name">Garry Sherman</field><field name="id">http://www.semanticweb.org/tedsullivan/ontologies/2015/5/music-10#Garry_Sherman</field><field name="path">/Music Writer/Composer/Arranger/Garry Sherman</field><field name="Music_Writer_Type">Composer</field><field name="Music_Writer_Type">Arranger</field></doc><doc><field name="name">Ken Darby</field><field name="id">http://www.semanticweb.org/tedsullivan/ontologies/2015/5/music-10#Ken_Darby</field><field name="related_entity1_ss">Elvis Presley</field><field name="related_entity1_ss">Vera Watson</field><field name="Music_Writer_Type">Composer</field><field name="Music_Writer_Type">Arranger</field><field name="Music_Writer_Type">Lyricist</field><field name="Music_Writer_Type">Songwriter</field><field name="path">/Music Writer/Composer/Arranger/Ken Darby</field><field name="path">/Music Writer/Composer/Lyricist/Ken Darby</field><field name="path">/Songwriter/Ken Darby</field></doc><doc><field name="name">David Baerwald</field><field name="id">http://www.semanticweb.org/tedsullivan/ontologies/2015/5/music-10#David_Baerwald</field><field name="Music_Writer_Type">Composer</field><field name="Music_Writer_Type">Arranger</field><field name="Music_Writer_Type">Songwriter</field><field name="hasGenre.Count">6</field><field name="path">/Music Writer/Composer/Arranger/David Baerwald</field><field name="path">/Musician/Instrumentalist/Guitarist/David Baerwald</field><field name="path">/Musician/Instrumentalist/Keyboardist/David Baerwald</field><field name="path">/Musician/Singer/David Baerwald</field><field name="path">/Songwriter/David Baerwald</field><field name="Musician_Type">Instrumentalist</field><field name="Musician_Type">Guitarist</field><field name="Musician_Type">Keyboardist</field><field name="Musician_Type">Singer</field><field name="genres_ss">Country</field><field name="genres_ss">Folk</field><field name="genres_ss">Rock</field></doc><doc><field name="name">Mike Melvoin</field><field name="id">http://www.semanticweb.org/tedsullivan/ontologies/2015/5/music-10#Mike_Melvoin</field><field name="related_entity1_ss">Barney Kessel</field><field name="related_entity1_ss">Carol Kaye</field><field name="related_entity1_ss">Bill Pitman</field><field name="related_entity1_ss">Joe Porcaro</field><field name="related_entity1_ss">Larry Knechtel</field><field name="related_entity1_ss">Billy Strange</field><field name="related_entity1_ss">Howard Roberts</field><field name="related_entity1_ss">Max Bennett</field><field name="related_entity1_ss">Frank Capp</field><field name="related_entity1_ss">Hal Blaine</field><field name="related_entity1_ss">Plas Johnson</field><field name="related_entity1_ss">Bill Aiken</field><field name="related_entity1_ss">Lyle Ritz</field><field name="related_entity1_ss">Tommy Tedesco</field><field name="related_entity1_ss">Leon Russell</field><field name="related_entity1_ss">Julius Wechter</field><field name="related_entity1_ss">Ray Pohlman</field><field name="related_entity1_ss">John Clauder</field><field name="Music_Writer_Type">Composer</field><field name="Music_Writer_Type">Arranger</field><field name="memberOfGroup_ss.Length">17</field><field name="path">/Music Writer/Composer/Arranger/Mike Melvoin</field><field name="path">/Music Writer/Composer/Mike Melvoin</field><field name="path">/Musician/Instrumentalist/Pianist/Mike Melvoin</field><field name="Musician_Type">Instrumentalist</field><field name="Musician_Type">Pianist</field><field name="memberOfGroup_ss">The Wrecking Crew</field><field name="memberOfGroup_ss.MaximumLength"></field></doc><doc><field name="name">Ray Conniff</field><field name="id">http://www.semanticweb.org/tedsullivan/ontologies/2015/5/music-10#Ray_Conniff</field><field name="Music_Writer_Type">Composer</field><field name="Music_Writer_Type">Arranger</field><field name="path">/Music Writer/Composer/Arranger/Ray Conniff</field><field name="path">/Musician/Conductor/Band Leader/Ray Conniff</field><field name="Musician_Type">Conductor</field><field name="Musician_Type">Band Leader</field></doc><doc><field name="name">Billy Sherrill</field><field name="id">http://www.semanticweb.org/tedsullivan/ontologies/2015/5/music-10#Billy_Sherrill</field><field name="related_entity1_ss">Tammy Wynette</field><field name="Music_Writer_Type">Composer</field><field name="Music_Writer_Type">Arranger</field><field name="Music_Writer_Type">Songwriter</field><field name="path">/Music Writer/Composer/Arranger/Billy Sherrill</field><field name="path">/Record Producer/Billy Sherrill</field><field name="path">/Songwriter/Billy Sherrill</field></doc><doc><field name="name">Dave Bartholomew</field><field name="id">http://www.semanticweb.org/tedsullivan/ontologies/2015/5/music-10#Dave_Bartholomew</field><field name="related_entity1_ss">Dave Edmunds</field><field name="related_entity1_ss">Fats Domino</field><field name="related_entity1_ss">Earl King</field><field name="Music_Writer_Type">Composer</field><field name="Music_Writer_Type">Arranger</field><field name="hasGenre.Count">4</field><field name="path">/Music Writer/Composer/Arranger/Dave Bartholomew</field><field name="path">/Music Writer/Composer/Dave Bartholomew</field><field name="genres_ss">Rock</field><field name="genres_ss">Rock &amp; Roll</field><field name="genres_ss">Jazz</field><field name="genres_ss">Swing</field></doc><doc><field name="name">Charles Calello</field><field name="id">http://www.semanticweb.org/tedsullivan/ontologies/2015/5/music-10#Charles_Calello</field><field name="related_entity1_ss">Bob Gaudio</field><field name="related_entity1_ss">Tommy DeVito</field><field name="related_entity1_ss">Joe Long</field><field name="related_entity1_ss">Frankie Valli</field><field name="related_entity1_ss">Nick Massi</field><field name="hasGenre.Count">4</field><field name="memberOfGroup_ss.Length">16</field><field name="path">/Music Writer/Composer/Arranger/Charles Calello</field><field name="path">/Music Writer/Composer/Charles Calello</field><field name="path">/Musician/Conductor/Charles Calello</field><field name="path">/Record Producer/Charles Calello</field><field name="path">/Musician/Singer/Charles Calello</field><field name="memberOfGroup_ss.MaximumLength"></field><field name="Music_Writer_Type">Composer</field><field name="Music_Writer_Type">Arranger</field><field name="Musician_Type">Conductor</field><field name="Musician_Type">Singer</field><field name="genres_ss">Popular</field><field name="genres_ss">Rock</field><field name="genres_ss">Rock &amp; Roll</field><field name="memberOfGroup_ss">The Four Seasons</field></doc><doc><field name="name">Franck Amsallem</field><field name="id">http://www.semanticweb.org/tedsullivan/ontologies/2015/5/music-10#Franck_Amsallem</field><field name="Music_Writer_Type">Composer</field><field name="Music_Writer_Type">Arranger</field><field name="path">/Music Writer/Composer/Arranger/Franck Amsallem</field><field name="path">/Music Writer/Composer/Franck Amsallem</field><field name="path">/Musician/Instrumentalist/Pianist/Franck Amsallem</field><field name="path">/Musician/Singer/Franck Amsallem</field><field name="Musician_Type">Instrumentalist</field><field name="Musician_Type">Pianist</field><field name="Musician_Type">Singer</field><field name="genres_ss">Jazz</field></doc><doc><field name="name">Michael Kaeshammer</field><field name="id">http://www.semanticweb.org/tedsullivan/ontologies/2015/5/music-10#Michael_Kaeshammer</field><field name="Music_Writer_Type">Composer</field><field name="Music_Writer_Type">Arranger</field><field name="path">/Music Writer/Composer/Arranger/Michael Kaeshammer</field><field name="path">/Music Writer/Composer/Michael Kaeshammer</field><field name="path">/Musician/Instrumentalist/Pianist/Michael Kaeshammer</field><field name="path">/Musician/Singer/Michael Kaeshammer</field><field name="Musician_Type">Instrumentalist</field><field name="Musician_Type">Pianist</field><field name="Musician_Type">Singer</field><field name="genres_ss">Blues</field><field name="genres_ss">Boogie Woogie</field><field name="genres_ss">Rock</field></doc><doc><field name="name">Russ Morgan</field><field name="id">http://www.semanticweb.org/tedsullivan/ontologies/2015/5/music-10#Russ_Morgan</field><field name="related_entity1_ss">James Cavanaugh</field><field name="related_entity1_ss">Larry Stock</field><field name="Music_Writer_Type">Composer</field><field name="Music_Writer_Type">Arranger</field><field name="path">/Music Writer/Composer/Arranger/Russ Morgan</field><field name="path">/Musician/Conductor/Band Leader/Russ Morgan</field><field name="Musician_Type">Conductor</field><field name="Musician_Type">Band Leader</field></doc><doc><field name="name">Don Redman</field><field name="id">http://www.semanticweb.org/tedsullivan/ontologies/2015/5/music-10#Don_Redman</field><field name="related_entity1_ss">Andy Razaf</field><field name="Music_Writer_Type">Composer</field><field name="Music_Writer_Type">Arranger</field><field name="memberOfGroup_ss.Length">28</field><field name="path">/Music Writer/Composer/Arranger/Don Redman</field><field name="path">/Musician/Conductor/Band Leader/Don Redman</field><field name="path">/Music Writer/Composer/Don Redman</field><field name="Musician_Type">Conductor</field><field name="Musician_Type">Band Leader</field><field name="memberOfGroup_ss">Don Redman and His Orchestra</field><field name="memberOfGroup_ss.MaximumLength"></field></doc><doc><field name="name">Nina Simone</field><field name="id">http://www.semanticweb.org/tedsullivan/ontologies/2015/5/music-10#Nina_Simone</field><field name="related_entity1_ss">The Pretenders</field><field name="related_entity1_ss">Dusty Springfield</field><field name="related_entity1_ss">Chip Taylor</field><field name="related_entity1_ss">Juice Newton</field><field name="Music_Writer_Type">Composer</field><field name="Music_Writer_Type">Arranger</field><field name="Music_Writer_Type">Songwriter</field><field name="path">/Music Writer/Composer/Arranger/Nina Simone</field><field name="path">/Musician/Instrumentalist/Pianist/Nina Simone</field><field name="path">/Musician/Singer/Nina Simone</field><field name="path">/Music Writer/Composer/Songwriter/Nina Simone</field><field name="Musician_Type">Instrumentalist</field><field name="Musician_Type">Pianist</field><field name="Musician_Type">Singer</field></doc><doc><field name="name">Peter Knight</field><field name="id">http://www.semanticweb.org/tedsullivan/ontologies/2015/5/music-10#Peter_Knight</field><field name="related_entity1_ss">Graeme Edge</field><field name="related_entity2_ss">John Lodge</field><field name="related_entity2_ss">Mike Pinder</field><field name="related_entity2_ss">Justin Hayward</field><field name="Music_Writer_Type">Composer</field><field name="Music_Writer_Type">Arranger</field><field name="related_entity2_ss.Length">14</field><field name="path">/Music Writer/Composer/Arranger/Peter Knight</field><field name="path">/Music Writer/Composer/Peter Knight</field><field name="path">/Musician/Conductor/Peter Knight</field><field name="Musician_Type">Conductor</field><field name="related_entity2_ss.MaximumLength"></field></doc><doc><field name="name">Julio Gutierrez</field><field name="id">http://www.semanticweb.org/tedsullivan/ontologies/2015/5/music-10#Julio_Gutiérrez</field><field name="Music_Writer_Type">Composer</field><field name="Music_Writer_Type">Arranger</field><field name="path">/Music Writer/Composer/Arranger/Julio Gutierrez</field><field name="path">/Music Writer/Composer/Julio Gutierrez</field><field name="path">/Musician/Instrumentalist/Pianist/Julio Gutierrez</field><field name="Musician_Type">Instrumentalist</field><field name="Musician_Type">Pianist</field></doc><doc><field name="name">David Rose</field><field name="id">http://www.semanticweb.org/tedsullivan/ontologies/2015/5/music-10#David_Rose</field><field name="Music_Writer_Type">Composer</field><field name="Music_Writer_Type">Arranger</field><field name="Music_Writer_Type">Songwriter</field><field name="path">/Music Writer/Composer/Arranger/David Rose</field><field name="path">/Musician/Conductor/Band Leader/David Rose</field><field name="path">/Musician/Instrumentalist/Pianist/David Rose</field><field name="path">/Music Writer/Composer/Songwriter/David Rose</field><field name="Musician_Type">Conductor</field><field name="Musician_Type">Band Leader</field><field name="Musician_Type">Instrumentalist</field><field name="Musician_Type">Pianist</field></doc><doc><field name="name">Bernie Lowe</field><field name="id">http://www.semanticweb.org/tedsullivan/ontologies/2015/5/music-10#Bernie_Lowe</field><field name="related_entity1_ss">Kal Mann</field><field name="Music_Writer_Type">Composer</field><field name="Music_Writer_Type">Arranger</field><field name="Music_Writer_Type">Songwriter</field><field name="path">/Music Writer/Composer/Arranger/Bernie Lowe</field><field name="path">/Musician/Conductor/Band Leader/Bernie Lowe</field><field name="path">/Musician/Instrumentalist/Pianist/Bernie Lowe</field><field name="path">/Record Producer/Bernie Lowe</field><field name="path">/Music Writer/Composer/Songwriter/Bernie Lowe</field><field name="Musician_Type">Conductor</field><field name="Musician_Type">Band Leader</field><field name="Musician_Type">Instrumentalist</field><field name="Musician_Type">Pianist</field></doc><doc><field name="name">Tom Bahler</field><field name="id">http://www.semanticweb.org/tedsullivan/ontologies/2015/5/music-10#Tom_Bahler</field><field name="Music_Writer_Type">Composer</field><field name="Music_Writer_Type">Arranger</field><field name="Music_Writer_Type">Songwriter</field><field name="path">/Music Writer/Composer/Arranger/Tom Bahler</field><field name="path">/Music Writer/Composer/Tom Bahler</field><field name="path">/Record Producer/Tom Bahler</field><field name="path">/Musician/Singer/Tom Bahler</field><field name="path">/Music Writer/Composer/Songwriter/Tom Bahler</field><field name="Musician_Type">Singer</field></doc><doc><field name="name">Johnny Richards</field><field name="id">http://www.semanticweb.org/tedsullivan/ontologies/2015/5/music-10#Johnny_Richards</field><field name="related_entity1_ss">Carolyn Leigh</field><field name="Music_Writer_Type">Composer</field><field name="Music_Writer_Type">Arranger</field><field name="path">/Music Writer/Composer/Arranger/Johnny Richards</field><field name="path">/Music Writer/Composer/Johnny Richards</field></doc><doc><field name="name">Gordon Jenkins</field><field name="id">http://www.semanticweb.org/tedsullivan/ontologies/2015/5/music-10#Gordon_Jenkins</field><field name="Music_Writer_Type">Composer</field><field name="Music_Writer_Type">Arranger</field><field name="path">/Music Writer/Composer/Arranger/Gordon Jenkins</field><field name="path">/Musician/Conductor/Band Leader/Gordon Jenkins</field><field name="path">/Music Writer/Composer/Gordon Jenkins</field><field name="path">/Musician/Instrumentalist/Pianist/Gordon Jenkins</field><field name="Musician_Type">Conductor</field><field name="Musician_Type">Band Leader</field><field name="Musician_Type">Instrumentalist</field><field name="Musician_Type">Pianist</field></doc><doc><field name="name">Ray Noble</field><field name="id">http://www.semanticweb.org/tedsullivan/ontologies/2015/5/music-10#Ray_Noble</field><field name="Music_Writer_Type">Composer</field><field name="Music_Writer_Type">Arranger</field><field name="path">/Music Writer/Composer/Arranger/Ray Noble</field><field name="path">/Musician/Conductor/Band Leader/Ray Noble</field><field name="path">/Music Writer/Composer/Ray Noble</field><field name="Musician_Type">Conductor</field><field name="Musician_Type">Band Leader</field></doc></add>
