<add><doc><field name="name">Hawkwind</field><field name="id">http://www.semanticweb.org/tedsullivan/ontologies/2015/5/music-10#Hawkwind</field><field name="path">/Band/Hawkwind</field><field name="Musician_Type">Group</field><field name="Musician_Type">Band</field></doc><doc><field name="name">John Mayall's Bluesbreakers</field><field name="id">http://www.semanticweb.org/tedsullivan/ontologies/2015/5/music-10#John_Mayalls_Bluesbreakers</field><field name="groupMembers_ss">Jack Bruce</field><field name="groupMembers_ss">John Mayall</field><field name="groupMembers_ss">Walter Trout</field><field name="groupMembers_ss">Kal David</field><field name="groupMembers_ss">Buddy Whittington</field><field name="groupMembers_ss">Andy Fraser</field><field name="groupMembers_ss">Abu Talib</field><field name="groupMembers_ss">Eric Clapton</field><field name="groupMembers_ss">Simon Bateman</field><field name="groupMembers_ss">Bernie Watson</field><field name="groupMembers_ss">John Weider</field><field name="groupMembers_ss">Don ,",Sugarcane,", Harris</field><field name="groupMembers_ss">Harvey Mandel</field><field name="groupMembers_ss">James Quill Smith</field><field name="groupMembers_ss">Ross Appleman</field><field name="groupMembers_ss">Geoff Krivet</field><field name="groupMembers_ss">Coco Montoya</field><field name="groupMembers_ss">Mick Taylor</field><field name="groupMembers_ss">Roger Dean</field><field name="groupMembers_ss">Randy Resnick</field><field name="groupMembers_ss">Peter Green</field><field name="groupMembers_ss">Kevin McCormick</field><field name="groupMembers_ss">Tony Reeves</field><field name="groupMembers_ss">John Paulus</field><field name="groupMembers_ss">Hank Van Sickle</field><field name="groupMembers_ss">Rick Cortes</field><field name="groupMembers_ss">Malcolm Poole</field><field name="groupMembers_ss">Larry Taylor</field><field name="groupMembers_ss">John McVie</field><field name="groupMembers_ss">Victor Gaskin</field><field name="groupMembers_ss">Hughie Flint</field><field name="groupMembers_ss">Mick Fleetwood</field><field name="groupMembers_ss.Length">14</field><field name="path">/Band/John Mayall's Bluesbreakers</field><field name="groupMembers_ss.MaximumLength"></field><field name="Musician_Type">Group</field><field name="Musician_Type">Band</field></doc><doc><field name="name">The Killers</field><field name="id">http://www.semanticweb.org/tedsullivan/ontologies/2015/5/music-10#The_Killers</field><field name="path">/Band/The Killers</field><field name="Musician_Type">Group</field><field name="Musician_Type">Band</field></doc><doc><field name="name">Fifty Foot Hose</field><field name="id">http://www.semanticweb.org/tedsullivan/ontologies/2015/5/music-10#Fifty_Foot_Hose</field><field name="hasGenre.Count">4</field><field name="path">/Band/Fifty Foot Hose</field><field name="Musician_Type">Group</field><field name="Musician_Type">Band</field><field name="genres_ss">Rock</field><field name="genres_ss">Experimental Rock</field><field name="genres_ss">Psychedelic Rock</field></doc><doc><field name="name">The Stooges</field><field name="id">http://www.semanticweb.org/tedsullivan/ontologies/2015/5/music-10#The_Stooges</field><field name="related_entity1_ss">Scott Asheton</field><field name="related_entity1_ss">Iggy Pop</field><field name="related_entity1_ss">Ron Asheton</field><field name="related_entity1_ss">Dave Alexander</field><field name="groupMembers_ss">Toby Dammit</field><field name="groupMembers_ss">Iggy Pop</field><field name="groupMembers_ss">Ron Asheton</field><field name="groupMembers_ss.Length">11</field><field name="path">/Band/The Stooges</field><field name="groupMembers_ss.MaximumLength"></field><field name="Musician_Type">Group</field><field name="Musician_Type">Band</field></doc><doc><field name="name">Black Eyed Peas</field><field name="id">http://www.semanticweb.org/tedsullivan/ontologies/2015/5/music-10#Black_Eyed_Peas</field><field name="hasGenre.Count">6</field><field name="path">/Band/Black Eyed Peas</field><field name="Musician_Type">Group</field><field name="Musician_Type">Band</field><field name="genres_ss">Dance Music</field><field name="genres_ss">EDM</field><field name="genres_ss">R&amp;B</field></doc><doc><field name="name">Monkees</field><field name="id">http://www.semanticweb.org/tedsullivan/ontologies/2015/5/music-10#Monkees</field><field name="related_entity1_ss">Jeff Barry</field><field name="path">/Band/Monkees</field><field name="Musician_Type">Group</field><field name="Musician_Type">Band</field></doc><doc><field name="name">Afrika Bambaataa and the Soul Sonic Force</field><field name="id">http://www.semanticweb.org/tedsullivan/ontologies/2015/5/music-10#Afrika_Bambaataa_and_the_Soul_Sonic_Force</field><field name="related_entity1_ss">Planet Rock</field><field name="groupMembers_ss">Afrika Bambaataa</field><field name="groupMembers_ss.Length">16</field><field name="path">/Band/Afrika Bambaataa and the Soul Sonic Force</field><field name="groupMembers_ss.MaximumLength"></field><field name="Musician_Type">Group</field><field name="Musician_Type">Band</field></doc><doc><field name="name">Stone Temple Pilots</field><field name="id">http://www.semanticweb.org/tedsullivan/ontologies/2015/5/music-10#Stone_Temple_Pilots</field><field name="groupMembers_ss">Robert DeLeo</field><field name="groupMembers_ss">Scott Weiland</field><field name="groupMembers_ss.Length">13</field><field name="path">/Band/Stone Temple Pilots</field><field name="groupMembers_ss.MaximumLength"></field><field name="Musician_Type">Group</field><field name="Musician_Type">Band</field></doc><doc><field name="name">Motley Crue</field><field name="id">http://www.semanticweb.org/tedsullivan/ontologies/2015/5/music-10#Mötley_Crüe</field><field name="path">/Band/Motley Crue</field><field name="Musician_Type">Group</field><field name="Musician_Type">Band</field><field name="genres_ss">Rock</field><field name="genres_ss">Heavy Metal</field><field name="genres_ss">Glam Metal</field></doc><doc><field name="name">Hall and Oates</field><field name="id">http://www.semanticweb.org/tedsullivan/ontologies/2015/5/music-10#Hall_And_Oates</field><field name="path">/Band/Hall and Oates</field><field name="Musician_Type">Group</field><field name="Musician_Type">Band</field></doc><doc><field name="name">Fallen Angel</field><field name="id">http://www.semanticweb.org/tedsullivan/ontologies/2015/5/music-10#Fallen_Angel</field><field name="path">/Band/Fallen Angel</field><field name="Musician_Type">Group</field><field name="Musician_Type">Band</field></doc><doc><field name="name">Chick Corea Elektric Band</field><field name="id">http://www.semanticweb.org/tedsullivan/ontologies/2015/5/music-10#Chick_Corea_Elektric_Band</field><field name="groupMembers_ss">Victor Wooten</field><field name="groupMembers_ss">Eric Marienthal</field><field name="groupMembers_ss">Frank Gambale</field><field name="groupMembers_ss">Chick Corea</field><field name="groupMembers_ss">Dave Weckl</field><field name="groupMembers_ss.Length">10</field><field name="path">/Band/Chick Corea Elektric Band</field><field name="groupMembers_ss.MaximumLength"></field><field name="Musician_Type">Group</field><field name="Musician_Type">Band</field><field name="genres_ss">Jazz</field><field name="genres_ss">Jazz  Fusion</field><field name="genres_ss">Rock</field></doc><doc><field name="name">The Bobby Fuller Four</field><field name="id">http://www.semanticweb.org/tedsullivan/ontologies/2015/5/music-10#The_Bobby_Fuller_Four</field><field name="related_entity1_ss">Bobby Fuller</field><field name="related_entity1_ss">Sonny Curtis</field><field name="groupMembers_ss">Bobby Fuller</field><field name="groupMembers_ss.Length">12</field><field name="path">/Band/The Bobby Fuller Four</field><field name="groupMembers_ss.MaximumLength"></field><field name="Musician_Type">Group</field><field name="Musician_Type">Band</field></doc><doc><field name="name">Skid Row</field><field name="id">http://www.semanticweb.org/tedsullivan/ontologies/2015/5/music-10#Skid_Row</field><field name="groupMembers_ss">Gary Moore</field><field name="groupMembers_ss.Length">10</field><field name="path">/Band/Skid Row</field><field name="groupMembers_ss.MaximumLength"></field><field name="Musician_Type">Group</field><field name="Musician_Type">Band</field></doc><doc><field name="name">The Tennessee Three</field><field name="id">http://www.semanticweb.org/tedsullivan/ontologies/2015/5/music-10#The_Tennessee_Three</field><field name="groupMembers_ss">Johnny Cash</field><field name="groupMembers_ss">Carl Perkins</field><field name="groupMembers_ss">Luther Perkins</field><field name="groupMembers_ss">Marshall Grant</field><field name="groupMembers_ss">W. S. Holland</field><field name="groupMembers_ss.Length">13</field><field name="hasGenre.Count">6</field><field name="path">/Band/The Tennessee Three</field><field name="groupMembers_ss.MaximumLength"></field><field name="Musician_Type">Group</field><field name="Musician_Type">Band</field><field name="genres_ss">Country</field><field name="genres_ss">Rock</field><field name="genres_ss">Rock &amp; Roll</field><field name="genres_ss">Rockabilly</field></doc><doc><field name="name">Stealers Wheel</field><field name="id">http://www.semanticweb.org/tedsullivan/ontologies/2015/5/music-10#Stealers_Wheel</field><field name="groupMembers_ss">Gerry Rafferty</field><field name="groupMembers_ss">Joe Egan</field><field name="groupMembers_ss.Length">8</field><field name="hasGenre.Count">6</field><field name="path">/Band/Stealers Wheel</field><field name="groupMembers_ss.MaximumLength"></field><field name="Musician_Type">Group</field><field name="Musician_Type">Band</field><field name="genres_ss">Country</field><field name="genres_ss">Country Rock</field><field name="genres_ss">Rock</field><field name="genres_ss">Folk</field><field name="genres_ss">Folk Rock</field><field name="genres_ss">Soft Rock</field></doc><doc><field name="name">Def Leppard</field><field name="id">http://www.semanticweb.org/tedsullivan/ontologies/2015/5/music-10#Def_Leppard</field><field name="hasGenre.Count">6</field><field name="path">/Band/Def Leppard</field><field name="Musician_Type">Group</field><field name="Musician_Type">Band</field><field name="genres_ss">Rock</field><field name="genres_ss">Heavy Metal</field><field name="genres_ss">Glam Metal</field><field name="genres_ss">Hard Rock</field></doc><doc><field name="name">Maroon 5</field><field name="id">http://www.semanticweb.org/tedsullivan/ontologies/2015/5/music-10#Maroon_5</field><field name="related_entity1_ss">Matt Wallace</field><field name="groupMembers_ss">Adam Levine</field><field name="groupMembers_ss">James Valentine</field><field name="groupMembers_ss">Jesse Carmichael</field><field name="groupMembers_ss.Length">16</field><field name="path">/Band/Maroon 5</field><field name="groupMembers_ss.MaximumLength"></field><field name="Musician_Type">Group</field><field name="Musician_Type">Band</field></doc><doc><field name="name">Gary Lewis and the Playboys</field><field name="id">http://www.semanticweb.org/tedsullivan/ontologies/2015/5/music-10#Gary_Lewis_and_the_Playboys</field><field name="path">/Band/Gary Lewis and the Playboys</field><field name="Musician_Type">Group</field><field name="Musician_Type">Band</field></doc><doc><field name="name">Tommy James and the Shondells</field><field name="id">http://www.semanticweb.org/tedsullivan/ontologies/2015/5/music-10#Tommy_James_and_the_Shondells</field><field name="related_entity1_ss">Bo Gentry</field><field name="related_entity1_ss">Ritchie Cordell</field><field name="groupMembers_ss">Tommy James</field><field name="groupMembers_ss">Larry Coverdale</field><field name="groupMembers_ss">Larry Wright</field><field name="groupMembers_ss">Craig Villeneuve</field><field name="groupMembers_ss">Peter Lucia, Jr.</field><field name="groupMembers_ss">Jim Payne</field><field name="groupMembers_ss.Length">9</field><field name="hasGenre.Count">4</field><field name="path">/Band/Tommy James and the Shondells</field><field name="groupMembers_ss.MaximumLength"></field><field name="Musician_Type">Group</field><field name="Musician_Type">Band</field><field name="genres_ss">Rock</field><field name="genres_ss">Garage Rock</field><field name="genres_ss">Psychedelic Rock</field></doc><doc><field name="name">Radiohead</field><field name="id">http://www.semanticweb.org/tedsullivan/ontologies/2015/5/music-10#Radiohead</field><field name="groupMembers_ss">Colin Greenwood</field><field name="groupMembers_ss">Ed O'Brien</field><field name="groupMembers_ss">Thom Yorke</field><field name="groupMembers_ss">Philip Selway</field><field name="groupMembers_ss">Jonny Greenwood</field><field name="groupMembers_ss.Length">15</field><field name="path">/Band/Radiohead</field><field name="groupMembers_ss.MaximumLength"></field><field name="Musician_Type">Group</field><field name="Musician_Type">Band</field></doc><doc><field name="name">New York Dolls</field><field name="id">http://www.semanticweb.org/tedsullivan/ontologies/2015/5/music-10#New_York_Dolls</field><field name="groupMembers_ss">David Johansen</field><field name="groupMembers_ss">Johnny Thunders</field><field name="groupMembers_ss">Chris Robison</field><field name="groupMembers_ss">Aaron Lee Tasjan</field><field name="groupMembers_ss">Jason Hill</field><field name="groupMembers_ss">Blackie Lawless</field><field name="groupMembers_ss">Rick Rivets</field><field name="groupMembers_ss">Steve Conte</field><field name="groupMembers_ss">Frank Infante</field><field name="groupMembers_ss">Earl Slick</field><field name="groupMembers_ss">Sylvain Sylvain</field><field name="groupMembers_ss">Kenny Aaronson</field><field name="groupMembers_ss">Arthur Kane</field><field name="groupMembers_ss">Sami Yaffa</field><field name="groupMembers_ss">Brian Delaney</field><field name="groupMembers_ss">Jerry Nolan</field><field name="groupMembers_ss">Billy Murcia</field><field name="groupMembers_ss.Length">12</field><field name="path">/Band/New York Dolls</field><field name="groupMembers_ss.MaximumLength"></field><field name="Musician_Type">Group</field><field name="Musician_Type">Band</field></doc><doc><field name="name">Laibach</field><field name="id">http://www.semanticweb.org/tedsullivan/ontologies/2015/5/music-10#Laibach</field><field name="path">/Band/Laibach</field><field name="Musician_Type">Group</field><field name="Musician_Type">Band</field></doc><doc><field name="name">The Four Seasons</field><field name="id">http://www.semanticweb.org/tedsullivan/ontologies/2015/5/music-10#The_Four_Seasons</field><field name="related_entity1_ss">Bob Crewe</field><field name="related_entity1_ss">Frankie Valli</field><field name="synonym.Count">2</field><field name="groupMembers_ss">Charles Calello</field><field name="groupMembers_ss">Bob Gaudio</field><field name="groupMembers_ss">Nick Massi</field><field name="groupMembers_ss">Frankie Valli</field><field name="groupMembers_ss">Tommy DeVito</field><field name="groupMembers_ss">Joe Long</field><field name="groupMembers_ss.Length">8</field><field name="hasGenre.Count">4</field><field name="path">/Band/The Four Seasons</field><field name="groupMembers_ss.MaximumLength"></field><field name="synonym">{"text":["Jersey Boys"]}</field><field name="synonym">{"text":["The Wonder Who"]}</field><field name="Musician_Type">Group</field><field name="Musician_Type">Band</field><field name="genres_ss">Popular</field><field name="genres_ss">Pop</field><field name="genres_ss">Rock</field></doc><doc><field name="name">Gamma</field><field name="id">http://www.semanticweb.org/tedsullivan/ontologies/2015/5/music-10#Gamma</field><field name="groupMembers_ss">Mitchell Froom</field><field name="groupMembers_ss">Davey Pattison</field><field name="groupMembers_ss">Ronnie Montrose</field><field name="groupMembers_ss">Glenn Letsch</field><field name="groupMembers_ss">Alan Fitzgerald</field><field name="groupMembers_ss">Jim Alcivar</field><field name="groupMembers_ss">Skip Gillette</field><field name="groupMembers_ss">Denny Carmassi</field><field name="groupMembers_ss.Length">14</field><field name="path">/Band/Gamma</field><field name="groupMembers_ss.MaximumLength"></field><field name="Musician_Type">Group</field><field name="Musician_Type">Band</field></doc><doc><field name="name">Elvis Costello and the Attractions</field><field name="id">http://www.semanticweb.org/tedsullivan/ontologies/2015/5/music-10#Elvis_Costello_and_the_Attractions</field><field name="path">/Band/Elvis Costello and the Attractions</field><field name="Musician_Type">Group</field><field name="Musician_Type">Band</field></doc><doc><field name="name">The Grass Roots</field><field name="id">http://www.semanticweb.org/tedsullivan/ontologies/2015/5/music-10#The_Grass_Roots</field><field name="path">/Band/The Grass Roots</field><field name="Musician_Type">Group</field><field name="Musician_Type">Band</field></doc><doc><field name="name">Blues Project</field><field name="id">http://www.semanticweb.org/tedsullivan/ontologies/2015/5/music-10#Blues_Project</field><field name="groupMembers_ss">Al Kooper</field><field name="groupMembers_ss.Length">9</field><field name="path">/Band/Blues Project</field><field name="groupMembers_ss.MaximumLength"></field><field name="Musician_Type">Group</field><field name="Musician_Type">Band</field></doc><doc><field name="name">Los Lobos</field><field name="id">http://www.semanticweb.org/tedsullivan/ontologies/2015/5/music-10#Los_Lobos</field><field name="related_entity1_ss">Ritchie Valens</field><field name="related_entity1_ss">William Clauson</field><field name="path">/Band/Los Lobos</field><field name="Musician_Type">Group</field><field name="Musician_Type">Band</field></doc><doc><field name="name">10cc</field><field name="id">http://www.semanticweb.org/tedsullivan/ontologies/2015/5/music-10#TenCC</field><field name="path">/Band/10cc</field><field name="Musician_Type">Group</field><field name="Musician_Type">Band</field></doc><doc><field name="name">Good Rats</field><field name="id">http://www.semanticweb.org/tedsullivan/ontologies/2015/5/music-10#Good_Rats</field><field name="path">/Band/Good Rats</field><field name="Musician_Type">Group</field><field name="Musician_Type">Band</field></doc><doc><field name="name">Jefferson Airplane</field><field name="id">http://www.semanticweb.org/tedsullivan/ontologies/2015/5/music-10#Jefferson_Airplane</field><field name="related_entity1_ss">Darby Slick</field><field name="groupMembers_ss">Marty Balin</field><field name="groupMembers_ss">Grace Slick</field><field name="groupMembers_ss">Paul Kantner</field><field name="groupMembers_ss">Jack Cassidy</field><field name="groupMembers_ss">Jorma Kaukonen</field><field name="groupMembers_ss">Spencer Dryden</field><field name="groupMembers_ss.Length">14</field><field name="path">/Band/Jefferson Airplane</field><field name="groupMembers_ss.MaximumLength"></field><field name="Musician_Type">Group</field><field name="Musician_Type">Band</field><field name="genres_ss">Rock</field><field name="genres_ss">Psychedelic Rock</field></doc><doc><field name="name">Return To Forever</field><field name="id">http://www.semanticweb.org/tedsullivan/ontologies/2015/5/music-10#Return_To_Forever</field><field name="groupMembers_ss">Stanley Clarke</field><field name="groupMembers_ss">Al Dimeola</field><field name="groupMembers_ss">Chick Corea</field><field name="groupMembers_ss.Length">11</field><field name="path">/Band/Return To Forever</field><field name="groupMembers_ss.MaximumLength"></field><field name="Musician_Type">Group</field><field name="Musician_Type">Band</field><field name="genres_ss">Jazz</field><field name="genres_ss">Jazz  Fusion</field><field name="genres_ss">Rock</field></doc><doc><field name="name">REO Speedwagon</field><field name="id">http://www.semanticweb.org/tedsullivan/ontologies/2015/5/music-10#REO_Speedwagon</field><field name="path">/Band/REO Speedwagon</field><field name="Musician_Type">Group</field><field name="Musician_Type">Band</field></doc><doc><field name="name">Patti Smith Group</field><field name="id">http://www.semanticweb.org/tedsullivan/ontologies/2015/5/music-10#Patti_Smith_Group</field><field name="related_entity1_ss">Ivan Kral</field><field name="related_entity1_ss">Patti Smith</field><field name="groupMembers_ss">Patti Smith</field><field name="groupMembers_ss.Length">11</field><field name="path">/Band/Patti Smith Group</field><field name="groupMembers_ss.MaximumLength"></field><field name="Musician_Type">Group</field><field name="Musician_Type">Band</field></doc><doc><field name="name">Guess Who</field><field name="id">http://www.semanticweb.org/tedsullivan/ontologies/2015/5/music-10#Guess_Who</field><field name="related_entity1_ss">Jack Richardson</field><field name="groupMembers_ss">Randy Bachman</field><field name="groupMembers_ss">Burton Cummings</field><field name="groupMembers_ss">Jim Kale</field><field name="groupMembers_ss">Garry Peterson</field><field name="groupMembers_ss.Length">14</field><field name="hasGenre.Count">4</field><field name="path">/Band/Guess Who</field><field name="groupMembers_ss.MaximumLength"></field><field name="Musician_Type">Group</field><field name="Musician_Type">Band</field><field name="genres_ss">Popular</field><field name="genres_ss">Pop</field><field name="genres_ss">Rock</field></doc><doc><field name="name">Simple Minds</field><field name="id">http://www.semanticweb.org/tedsullivan/ontologies/2015/5/music-10#Simple_Minds</field><field name="groupMembers_ss">Ged Grimes</field><field name="groupMembers_ss">Charlie Burchill</field><field name="groupMembers_ss">Jim Kerr</field><field name="groupMembers_ss">Mel Gaynor</field><field name="groupMembers_ss.Length">10</field><field name="path">/Band/Simple Minds</field><field name="groupMembers_ss.MaximumLength"></field><field name="Musician_Type">Group</field><field name="Musician_Type">Band</field></doc><doc><field name="name">Roxy Music</field><field name="id">http://www.semanticweb.org/tedsullivan/ontologies/2015/5/music-10#Roxy_Music</field><field name="related_entity1_ss">Chris Thomas</field><field name="groupMembers_ss">Brian Eno</field><field name="groupMembers_ss">Phil Manzanera</field><field name="groupMembers_ss">Andy Mackay</field><field name="groupMembers_ss">Bryan Ferry</field><field name="groupMembers_ss.Length">11</field><field name="path">/Band/Roxy Music</field><field name="groupMembers_ss.MaximumLength"></field><field name="Musician_Type">Group</field><field name="Musician_Type">Band</field></doc><doc><field name="name">Juicy Lucy</field><field name="id">http://www.semanticweb.org/tedsullivan/ontologies/2015/5/music-10#Juicy_Lucy</field><field name="path">/Band/Juicy Lucy</field><field name="Musician_Type">Group</field><field name="Musician_Type">Band</field></doc><doc><field name="name">R.E.M</field><field name="id">http://www.semanticweb.org/tedsullivan/ontologies/2015/5/music-10#REM</field><field name="groupMembers_ss">Bill Berry</field><field name="groupMembers_ss">Peter Buck</field><field name="groupMembers_ss">Michael Stipe</field><field name="groupMembers_ss">Mike Mills</field><field name="groupMembers_ss.Length">10</field><field name="path">/Band/R.E.M</field><field name="groupMembers_ss.MaximumLength"></field><field name="Musician_Type">Group</field><field name="Musician_Type">Band</field></doc><doc><field name="name">The Velvet Underground</field><field name="id">http://www.semanticweb.org/tedsullivan/ontologies/2015/5/music-10#The_Velvet_Underground</field><field name="related_entity1_ss">Lou Reed</field><field name="groupMembers_ss">Maureen Tucker</field><field name="groupMembers_ss">Lou Reed</field><field name="groupMembers_ss">John Cale</field><field name="groupMembers_ss">Sterling Morrison</field><field name="groupMembers_ss.Length">17</field><field name="hasGenre.Count">6</field><field name="path">/Band/The Velvet Underground</field><field name="groupMembers_ss.MaximumLength"></field><field name="Musician_Type">Group</field><field name="Musician_Type">Band</field><field name="genres_ss">Rock</field><field name="genres_ss">Experimental Rock</field><field name="genres_ss">Proto-Punk</field></doc><doc><field name="name">Bela Fleck and the Flecktones</field><field name="id">http://www.semanticweb.org/tedsullivan/ontologies/2015/5/music-10#Bela_Fleck_and_the_Flecktones</field><field name="groupMembers_ss">Victor Wooten</field><field name="groupMembers_ss">Bela Fleck</field><field name="groupMembers_ss.Length">10</field><field name="hasGenre.Count">8</field><field name="path">/Band/Bela Fleck and the Flecktones</field><field name="groupMembers_ss.MaximumLength"></field><field name="Musician_Type">Group</field><field name="Musician_Type">Band</field><field name="genres_ss">Folk</field><field name="genres_ss">Folk Rock</field><field name="genres_ss">Rock</field><field name="genres_ss">Jazz</field><field name="genres_ss">Jazz  Fusion</field><field name="genres_ss">Post-bop</field></doc><doc><field name="name">Accept</field><field name="id">http://www.semanticweb.org/tedsullivan/ontologies/2015/5/music-10#Accept</field><field name="groupMembers_ss">Michael Cartellone</field><field name="groupMembers_ss.Length">18</field><field name="path">/Band/Accept</field><field name="groupMembers_ss.MaximumLength"></field><field name="Musician_Type">Group</field><field name="Musician_Type">Band</field></doc><doc><field name="name">Terry Gibbs Dream Band</field><field name="id">http://www.semanticweb.org/tedsullivan/ontologies/2015/5/music-10#Terry_Gibbs_Dream_Band</field><field name="path">/Band/Terry Gibbs Dream Band</field><field name="Musician_Type">Group</field><field name="Musician_Type">Band</field></doc><doc><field name="name">The Who</field><field name="id">http://www.semanticweb.org/tedsullivan/ontologies/2015/5/music-10#The_Who</field><field name="groupMembers_ss">Roger Daltrey</field><field name="groupMembers_ss">Pete Townshend</field><field name="groupMembers_ss">John Entwistle</field><field name="groupMembers_ss">Keith Moon</field><field name="groupMembers_ss.Length">10</field><field name="path">/Band/The Who</field><field name="groupMembers_ss.MaximumLength"></field><field name="Musician_Type">Group</field><field name="Musician_Type">Band</field><field name="genres_ss">Rock</field></doc><doc><field name="name">The Sugerhill Gang</field><field name="id">http://www.semanticweb.org/tedsullivan/ontologies/2015/5/music-10#Sugerhill_Gang</field><field name="groupMembers_ss">Wonder Mike</field><field name="groupMembers_ss">Big Bank Hank</field><field name="groupMembers_ss">Guy ,",Master Gee,", O'Brien</field><field name="groupMembers_ss.Length">28</field><field name="path">/Band/The Sugerhill Gang</field><field name="groupMembers_ss.MaximumLength"></field><field name="Musician_Type">Group</field><field name="Musician_Type">Band</field></doc><doc><field name="name">The Byrds</field><field name="id">http://www.semanticweb.org/tedsullivan/ontologies/2015/5/music-10#Byrds</field><field name="related_entity1_ss">Pete Seeger</field><field name="groupMembers_ss">Skip Battin</field><field name="groupMembers_ss">David Crosby</field><field name="groupMembers_ss">Roger McGuinn</field><field name="groupMembers_ss">Gram Parsons</field><field name="groupMembers_ss">Chris Hillman</field><field name="groupMembers_ss">Gene Clark</field><field name="groupMembers_ss">Michael Clarke</field><field name="groupMembers_ss.Length">14</field><field name="path">/Band/The Byrds</field><field name="groupMembers_ss.MaximumLength"></field><field name="Musician_Type">Group</field><field name="Musician_Type">Band</field></doc><doc><field name="name">Grand Funk Railroad</field><field name="id">http://www.semanticweb.org/tedsullivan/ontologies/2015/5/music-10#Grand_Funk_Railroad</field><field name="groupMembers_ss">Bruce Kulick</field><field name="groupMembers_ss.Length">12</field><field name="path">/Band/Grand Funk Railroad</field><field name="groupMembers_ss.MaximumLength"></field><field name="Musician_Type">Group</field><field name="Musician_Type">Band</field><field name="genres_ss">Rock</field></doc><doc><field name="name">Shocking Blue</field><field name="id">http://www.semanticweb.org/tedsullivan/ontologies/2015/5/music-10#Shocking_Blue</field><field name="path">/Band/Shocking Blue</field><field name="Musician_Type">Group</field><field name="Musician_Type">Band</field></doc><doc><field name="name">Montrose</field><field name="id">http://www.semanticweb.org/tedsullivan/ontologies/2015/5/music-10#Montrose</field><field name="groupMembers_ss">Sammy Hagar</field><field name="groupMembers_ss">Ronnie Montrose</field><field name="groupMembers_ss">Alan Fitzgerald</field><field name="groupMembers_ss">Bill Church</field><field name="groupMembers_ss">Denny Carmassi</field><field name="groupMembers_ss.Length">14</field><field name="path">/Band/Montrose</field><field name="groupMembers_ss.MaximumLength"></field><field name="Musician_Type">Group</field><field name="Musician_Type">Band</field></doc><doc><field name="name">Mountain</field><field name="id">http://www.semanticweb.org/tedsullivan/ontologies/2015/5/music-10#Mountain</field><field name="groupMembers_ss">Felix Pappalardi</field><field name="groupMembers_ss">Mark Clarke</field><field name="groupMembers_ss">Steve Knight</field><field name="groupMembers_ss">Corky Laing</field><field name="groupMembers_ss.Length">11</field><field name="path">/Band/Mountain</field><field name="groupMembers_ss.MaximumLength"></field><field name="Musician_Type">Group</field><field name="Musician_Type">Band</field></doc><doc><field name="name">Eurythmics</field><field name="id">http://www.semanticweb.org/tedsullivan/ontologies/2015/5/music-10#Eurythmics</field><field name="related_entity1_ss">Annie Lennox</field><field name="related_entity1_ss">Dave Stewart</field><field name="groupMembers_ss">Dave Stewart</field><field name="groupMembers_ss">Annie Lennox</field><field name="groupMembers_ss.Length">12</field><field name="hasGenre.Count">6</field><field name="path">/Band/Eurythmics</field><field name="groupMembers_ss.MaximumLength"></field><field name="Musician_Type">Group</field><field name="Musician_Type">Band</field><field name="genres_ss">Rock</field><field name="genres_ss">New Wave</field><field name="genres_ss">Popular</field><field name="genres_ss">Pop Rock</field><field name="genres_ss">Synthpop</field></doc><doc><field name="name">Beastie Boys</field><field name="id">http://www.semanticweb.org/tedsullivan/ontologies/2015/5/music-10#Beastie_Boys</field><field name="path">/Band/Beastie Boys</field><field name="Musician_Type">Group</field><field name="Musician_Type">Band</field></doc><doc><field name="name">The Isley Brothers</field><field name="id">http://www.semanticweb.org/tedsullivan/ontologies/2015/5/music-10#The_Isley_Brothers</field><field name="related_entity1_ss">Phil Medley</field><field name="related_entity1_ss">Bert Berns</field><field name="groupMembers_ss">O'Kelly Isley, Jr.</field><field name="groupMembers_ss">Ronald Isley</field><field name="groupMembers_ss">Rudolph Isley</field><field name="groupMembers_ss.Length">13</field><field name="path">/Band/The Isley Brothers</field><field name="groupMembers_ss.MaximumLength"></field><field name="Musician_Type">Group</field><field name="Musician_Type">Band</field></doc><doc><field name="name">Television</field><field name="id">http://www.semanticweb.org/tedsullivan/ontologies/2015/5/music-10#Television</field><field name="groupMembers_ss">Richard Hell</field><field name="groupMembers_ss">Jimmy Rip</field><field name="groupMembers_ss">Richard Lloyd</field><field name="groupMembers_ss">Tom Verlaine</field><field name="groupMembers_ss">Fred Smith</field><field name="groupMembers_ss">Billy Ficca</field><field name="groupMembers_ss.Length">11</field><field name="path">/Band/Television</field><field name="groupMembers_ss.MaximumLength"></field><field name="Musician_Type">Group</field><field name="Musician_Type">Band</field></doc><doc><field name="name">Jay &amp; The Americans</field><field name="id">http://www.semanticweb.org/tedsullivan/ontologies/2015/5/music-10#Jay_And_The_Americans</field><field name="path">/Band/Jay &amp; The Americans</field><field name="Musician_Type">Group</field><field name="Musician_Type">Band</field></doc><doc><field name="name">The Left Banke</field><field name="id">http://www.semanticweb.org/tedsullivan/ontologies/2015/5/music-10#The_Left_Banke</field><field name="related_entity1_ss">Bob Calilli</field><field name="related_entity1_ss">Tony Sansone</field><field name="related_entity1_ss">Michael Brown</field><field name="groupMembers_ss">Michael Brown</field><field name="groupMembers_ss.Length">13</field><field name="path">/Band/The Left Banke</field><field name="groupMembers_ss.MaximumLength"></field><field name="Musician_Type">Group</field><field name="Musician_Type">Band</field></doc><doc><field name="name">Mumford &amp; Sons</field><field name="id">http://www.semanticweb.org/tedsullivan/ontologies/2015/5/music-10#Mumford_and_Sons</field><field name="hasGenre.Count">4</field><field name="path">/Band/Mumford &amp; Sons</field><field name="Musician_Type">Group</field><field name="Musician_Type">Band</field><field name="genres_ss">Country</field><field name="genres_ss">Bluegrass</field><field name="genres_ss">Folk</field><field name="genres_ss">Folk Rock</field><field name="genres_ss">Rock</field></doc><doc><field name="name">Electric Light Orchestra</field><field name="id">http://www.semanticweb.org/tedsullivan/ontologies/2015/5/music-10#Electric_Light_Orchestra</field><field name="related_entity1_ss">Jeff Lynne</field><field name="groupMembers_ss">Jeff Lynne</field><field name="groupMembers_ss.Length">10</field><field name="hasGenre.Count">6</field><field name="path">/Band/Electric Light Orchestra</field><field name="groupMembers_ss.MaximumLength"></field><field name="Musician_Type">Group</field><field name="Musician_Type">Band</field><field name="genres_ss">Rock</field><field name="genres_ss">Art Rock</field><field name="genres_ss">Popular</field><field name="genres_ss">Pop Rock</field><field name="genres_ss">Symphonic Rock</field></doc><doc><field name="name">Red Hot Chili Peppers</field><field name="id">http://www.semanticweb.org/tedsullivan/ontologies/2015/5/music-10#Red_Hot_Chili_Peppers</field><field name="groupMembers_ss">Anthony Kiedis</field><field name="groupMembers_ss">Flea</field><field name="groupMembers_ss">John Frusciante</field><field name="groupMembers_ss">Josh Klinghoffer</field><field name="groupMembers_ss">Chad Smith</field><field name="groupMembers_ss.Length">10</field><field name="hasGenre.Count">4</field><field name="path">/Band/Red Hot Chili Peppers</field><field name="groupMembers_ss.MaximumLength"></field><field name="Musician_Type">Group</field><field name="Musician_Type">Band</field><field name="genres_ss">Rock</field><field name="genres_ss">Alternative Rock</field><field name="genres_ss">Funk Rock</field></doc><doc><field name="name">Sha Na Na</field><field name="id">http://www.semanticweb.org/tedsullivan/ontologies/2015/5/music-10#Sha_Na_Na</field><field name="related_entity1_ss">Gene Chandler</field><field name="path">/Band/Sha Na Na</field><field name="Musician_Type">Group</field><field name="Musician_Type">Band</field><field name="genres_ss">Rock</field><field name="genres_ss">Doo Wop</field></doc><doc><field name="name">Foggy Mountain Boys</field><field name="id">http://www.semanticweb.org/tedsullivan/ontologies/2015/5/music-10#Foggy_Mountain_Boys</field><field name="path">/Band/Foggy Mountain Boys</field><field name="Musician_Type">Group</field><field name="Musician_Type">Band</field></doc><doc><field name="name">Rose Royce</field><field name="id">http://www.semanticweb.org/tedsullivan/ontologies/2015/5/music-10#Rose_Royce</field><field name="related_entity1_ss">Norman Whitfield</field><field name="hasGenre.Count">8</field><field name="path">/Band/Rose Royce</field><field name="Musician_Type">Group</field><field name="Musician_Type">Band</field><field name="genres_ss">Dance Music</field><field name="genres_ss">Disco</field><field name="genres_ss">Rock</field><field name="genres_ss">Jazz</field><field name="genres_ss">R&amp;B</field></doc><doc><field name="name">Harry James and his Orchestra</field><field name="id">http://www.semanticweb.org/tedsullivan/ontologies/2015/5/music-10#Harry_James_and_His_Orchestra</field><field name="groupMembers_ss">Frank Sinatra</field><field name="groupMembers_ss.Length">13</field><field name="path">/Band/Harry James and his Orchestra</field><field name="groupMembers_ss.MaximumLength"></field><field name="Musician_Type">Group</field><field name="Musician_Type">Band</field></doc><doc><field name="name">The Troggs</field><field name="id">http://www.semanticweb.org/tedsullivan/ontologies/2015/5/music-10#The_Troggs</field><field name="path">/Band/The Troggs</field><field name="Musician_Type">Group</field><field name="Musician_Type">Band</field></doc><doc><field name="name">Southside Johnny &amp; The Asbury Jukes</field><field name="id">http://www.semanticweb.org/tedsullivan/ontologies/2015/5/music-10#Southside_Johnny_and_The_Asbury_Jukes</field><field name="groupMembers_ss">Southside Johnny</field><field name="groupMembers_ss.Length">16</field><field name="path">/Band/Southside Johnny &amp; The Asbury Jukes</field><field name="groupMembers_ss.MaximumLength"></field><field name="Musician_Type">Group</field><field name="Musician_Type">Band</field></doc><doc><field name="name">The Hollies</field><field name="id">http://www.semanticweb.org/tedsullivan/ontologies/2015/5/music-10#The_Hollies</field><field name="groupMembers_ss">Graham Nash</field><field name="groupMembers_ss">Ian Parker</field><field name="groupMembers_ss">Allan Clarke</field><field name="groupMembers_ss">Mikael Rickfors</field><field name="groupMembers_ss">Tony Hicks</field><field name="groupMembers_ss">Peter Howarth</field><field name="groupMembers_ss">Terry Sylvester</field><field name="groupMembers_ss">Steve Lauri</field><field name="groupMembers_ss">Vic Steele</field><field name="groupMembers_ss">Bernie Calvert</field><field name="groupMembers_ss">Ray Stiles</field><field name="groupMembers_ss">Eric Haydock</field><field name="groupMembers_ss">Bobby Elliott</field><field name="groupMembers_ss.Length">13</field><field name="hasGenre.Count">4</field><field name="path">/Band/The Hollies</field><field name="groupMembers_ss.MaximumLength"></field><field name="Musician_Type">Group</field><field name="Musician_Type">Band</field><field name="genres_ss">Popular</field><field name="genres_ss">Pop</field><field name="genres_ss">Rock</field></doc><doc><field name="name">Badfinger</field><field name="id">http://www.semanticweb.org/tedsullivan/ontologies/2015/5/music-10#Badfinger</field><field name="related_entity1_ss">George Harrison</field><field name="related_entity1_ss">Todd Rundgren</field><field name="related_entity1_ss">Chris Thomas</field><field name="groupMembers_ss">Tom Evans</field><field name="groupMembers_ss">Pete Ham</field><field name="groupMembers_ss.Length">8</field><field name="hasGenre.Count">4</field><field name="path">/Band/Badfinger</field><field name="groupMembers_ss.MaximumLength"></field><field name="Musician_Type">Group</field><field name="Musician_Type">Band</field><field name="genres_ss">Popular</field><field name="genres_ss">Power Pop</field><field name="genres_ss">Rock</field></doc><doc><field name="name">Bob-Cats</field><field name="id">http://www.semanticweb.org/tedsullivan/ontologies/2015/5/music-10#Bob_Cats</field><field name="groupMembers_ss">Bob Crosby</field><field name="groupMembers_ss.Length">10</field><field name="path">/Band/Bob-Cats</field><field name="groupMembers_ss.MaximumLength"></field><field name="Musician_Type">Group</field><field name="Musician_Type">Band</field></doc><doc><field name="name">Jimmy Vivino and the Basic Cable Band</field><field name="id">http://www.semanticweb.org/tedsullivan/ontologies/2015/5/music-10#Jimmy_Vivino_and_the_Basic_Cable_Band</field><field name="path">/Band/Jimmy Vivino and the Basic Cable Band</field><field name="Musician_Type">Group</field><field name="Musician_Type">Band</field></doc><doc><field name="name">The Clash</field><field name="id">http://www.semanticweb.org/tedsullivan/ontologies/2015/5/music-10#The_Clash</field><field name="groupMembers_ss">Joe Strummer</field><field name="groupMembers_ss">Paul Simonon</field><field name="groupMembers_ss">Mick Jones</field><field name="groupMembers_ss">Topper Headon</field><field name="groupMembers_ss.Length">13</field><field name="path">/Band/The Clash</field><field name="groupMembers_ss.MaximumLength"></field><field name="Musician_Type">Group</field><field name="Musician_Type">Band</field></doc><doc><field name="name">The Mindbenders</field><field name="id">http://www.semanticweb.org/tedsullivan/ontologies/2015/5/music-10#The_Mindbenders</field><field name="related_entity1_ss">Wayne Fontana</field><field name="hasGenre.Count">4</field><field name="path">/Band/The Mindbenders</field><field name="Musician_Type">Group</field><field name="Musician_Type">Band</field><field name="genres_ss">Jazz</field><field name="genres_ss">Beat</field><field name="genres_ss">Popular</field><field name="genres_ss">Pop</field></doc><doc><field name="name">Black Sabbath</field><field name="id">http://www.semanticweb.org/tedsullivan/ontologies/2015/5/music-10#Black_Sabbath</field><field name="groupMembers_ss">Geezer Butler</field><field name="groupMembers_ss">Bill Ward</field><field name="groupMembers_ss">Ozzy Osbourne</field><field name="groupMembers_ss">Tony Iommi</field><field name="groupMembers_ss.Length">10</field><field name="path">/Band/Black Sabbath</field><field name="groupMembers_ss.MaximumLength"></field><field name="Musician_Type">Group</field><field name="Musician_Type">Band</field><field name="genres_ss">Rock</field><field name="genres_ss">Heavy Metal</field></doc><doc><field name="name">The Herd</field><field name="id">http://www.semanticweb.org/tedsullivan/ontologies/2015/5/music-10#The_Herd</field><field name="groupMembers_ss">Peter Frampton</field><field name="groupMembers_ss.Length">14</field><field name="path">/Band/The Herd</field><field name="groupMembers_ss.MaximumLength"></field><field name="Musician_Type">Group</field><field name="Musician_Type">Band</field><field name="genres_ss">Popular</field><field name="genres_ss">Pop Rock</field><field name="genres_ss">Rock</field></doc><doc><field name="name">Depeche Mode</field><field name="id">http://www.semanticweb.org/tedsullivan/ontologies/2015/5/music-10#Depeche_Mode</field><field name="groupMembers_ss">Alan Wilder</field><field name="groupMembers_ss">Vince Clarke</field><field name="groupMembers_ss">Martin Gore</field><field name="groupMembers_ss">Dave Gahan</field><field name="groupMembers_ss">Andy Fletcher</field><field name="groupMembers_ss.Length">13</field><field name="path">/Band/Depeche Mode</field><field name="groupMembers_ss.MaximumLength"></field><field name="Musician_Type">Group</field><field name="Musician_Type">Band</field></doc><doc><field name="name">Zodiac Mindwarp and the Love Reaction</field><field name="id">http://www.semanticweb.org/tedsullivan/ontologies/2015/5/music-10#Zodiac_Mindwarp_and_the_Love_Reaction</field><field name="path">/Band/Zodiac Mindwarp and the Love Reaction</field><field name="Musician_Type">Group</field><field name="Musician_Type">Band</field><field name="genres_ss">Rock</field><field name="genres_ss">Hard Rock</field></doc><doc><field name="name">Savoy Brown</field><field name="id">http://www.semanticweb.org/tedsullivan/ontologies/2015/5/music-10#Savoy_Brown</field><field name="path">/Band/Savoy Brown</field><field name="Musician_Type">Group</field><field name="Musician_Type">Band</field></doc><doc><field name="name">Gary Puckett &amp; The Union Gap</field><field name="id">http://www.semanticweb.org/tedsullivan/ontologies/2015/5/music-10#Garry_Puckett_And_The_Union_Gap</field><field name="path">/Band/Gary Puckett &amp; The Union Gap</field><field name="Musician_Type">Group</field><field name="Musician_Type">Band</field></doc><doc><field name="name">Chickenfoot</field><field name="id">http://www.semanticweb.org/tedsullivan/ontologies/2015/5/music-10#Chickenfoot</field><field name="groupMembers_ss">Sammy Hagar</field><field name="groupMembers_ss.Length">11</field><field name="path">/Band/Chickenfoot</field><field name="groupMembers_ss.MaximumLength"></field><field name="Musician_Type">Group</field><field name="Musician_Type">Band</field></doc><doc><field name="name">Counting Crows</field><field name="id">http://www.semanticweb.org/tedsullivan/ontologies/2015/5/music-10#Counting_Crows</field><field name="path">/Band/Counting Crows</field><field name="Musician_Type">Group</field><field name="Musician_Type">Band</field></doc><doc><field name="name">Louis Armstrong and His Hot Five</field><field name="id">http://www.semanticweb.org/tedsullivan/ontologies/2015/5/music-10#Louis_Armstrong_and_His_Hot_Five</field><field name="groupMembers_ss">Louis Armstrong</field><field name="groupMembers_ss">Lil Hardin Armstrong</field><field name="groupMembers_ss">Kid Ory</field><field name="groupMembers_ss.Length">7</field><field name="path">/Band/Louis Armstrong and His Hot Five</field><field name="groupMembers_ss.MaximumLength"></field><field name="Musician_Type">Group</field><field name="Musician_Type">Band</field><field name="genres_ss">Jazz</field></doc><doc><field name="name">Dave Clark Five</field><field name="id">http://www.semanticweb.org/tedsullivan/ontologies/2015/5/music-10#Dave_Clark_Five</field><field name="groupMembers_ss">Dave Clark</field><field name="groupMembers_ss.Length">10</field><field name="path">/Band/Dave Clark Five</field><field name="groupMembers_ss.MaximumLength"></field><field name="Musician_Type">Group</field><field name="Musician_Type">Band</field></doc><doc><field name="name">The Chieftains</field><field name="id">http://www.semanticweb.org/tedsullivan/ontologies/2015/5/music-10#The_Chieftains</field><field name="related_entity1_ss">Van Morrison</field><field name="path">/Band/The Chieftains</field><field name="Musician_Type">Group</field><field name="Musician_Type">Band</field></doc><doc><field name="name">UFO</field><field name="id">http://www.semanticweb.org/tedsullivan/ontologies/2015/5/music-10#UFO</field><field name="related_entity1_ss">Built For Comfort</field><field name="path">/Band/UFO</field><field name="Musician_Type">Group</field><field name="Musician_Type">Band</field></doc><doc><field name="name">Rage Against The Machine</field><field name="id">http://www.semanticweb.org/tedsullivan/ontologies/2015/5/music-10#Rage_Against_the_Machine</field><field name="path">/Band/Rage Against The Machine</field><field name="Musician_Type">Group</field><field name="Musician_Type">Band</field></doc><doc><field name="name">INXS</field><field name="id">http://www.semanticweb.org/tedsullivan/ontologies/2015/5/music-10#INXS</field><field name="groupMembers_ss">J.D. Fortune</field><field name="groupMembers_ss">Andrew Farriss</field><field name="groupMembers_ss">Garry Gary Beers</field><field name="groupMembers_ss.Length">16</field><field name="hasGenre.Count">10</field><field name="path">/Band/INXS</field><field name="groupMembers_ss.MaximumLength"></field><field name="Musician_Type">Group</field><field name="Musician_Type">Band</field><field name="genres_ss">Rock</field><field name="genres_ss">Alternative Rock</field><field name="genres_ss">Dance Music</field><field name="genres_ss">Dance-rock</field><field name="genres_ss">New Wave</field><field name="genres_ss">Post-punk</field></doc><doc><field name="name">The Turtles</field><field name="id">http://www.semanticweb.org/tedsullivan/ontologies/2015/5/music-10#The_Turtles</field><field name="path">/Band/The Turtles</field><field name="Musician_Type">Group</field><field name="Musician_Type">Band</field></doc><doc><field name="name">The Nashville Teens</field><field name="id">http://www.semanticweb.org/tedsullivan/ontologies/2015/5/music-10#The_Nashville_Teens</field><field name="path">/Band/The Nashville Teens</field><field name="Musician_Type">Group</field><field name="Musician_Type">Band</field></doc><doc><field name="name">Toto</field><field name="id">http://www.semanticweb.org/tedsullivan/ontologies/2015/5/music-10#Toto</field><field name="path">/Band/Toto</field><field name="Musician_Type">Group</field><field name="Musician_Type">Band</field></doc><doc><field name="name">Flyleaf</field><field name="id">http://www.semanticweb.org/tedsullivan/ontologies/2015/5/music-10#Flyleaf</field><field name="path">/Band/Flyleaf</field><field name="Musician_Type">Group</field><field name="Musician_Type">Band</field></doc><doc><field name="name">King Crimson</field><field name="id">http://www.semanticweb.org/tedsullivan/ontologies/2015/5/music-10#King_Crimson</field><field name="groupMembers_ss">Peter Sinfield</field><field name="groupMembers_ss">Greg Lake</field><field name="groupMembers_ss.Length">9</field><field name="hasGenre.Count">12</field><field name="path">/Band/King Crimson</field><field name="groupMembers_ss.MaximumLength"></field><field name="Musician_Type">Group</field><field name="Musician_Type">Band</field><field name="genres_ss">Rock</field><field name="genres_ss">Art Rock</field><field name="genres_ss">Experimental Rock</field><field name="genres_ss">Hard Rock</field><field name="genres_ss">Jazz</field><field name="genres_ss">Jazz  Fusion</field><field name="genres_ss">New Wave</field><field name="genres_ss">Progressive Rock</field></doc><doc><field name="name">The Supremes</field><field name="id">http://www.semanticweb.org/tedsullivan/ontologies/2015/5/music-10#The_Supremes</field><field name="related_entity1_ss">The Temptations</field><field name="groupMembers_ss">Susaye Greene</field><field name="groupMembers_ss">Florence Ballard</field><field name="groupMembers_ss">Mary Wilson</field><field name="groupMembers_ss">Barbara Martin</field><field name="groupMembers_ss">Cindy Birdsong</field><field name="groupMembers_ss">Jean Terrell</field><field name="groupMembers_ss">Lynda Lawrence</field><field name="groupMembers_ss">Sheri Payne</field><field name="groupMembers_ss">Diana Ross</field><field name="groupMembers_ss">Betty McGlown</field><field name="groupMembers_ss.Length">13</field><field name="path">/Band/The Supremes</field><field name="groupMembers_ss.MaximumLength"></field><field name="Musician_Type">Group</field><field name="Musician_Type">Band</field><field name="genres_ss">R&amp;B</field><field name="genres_ss">Motown</field></doc><doc><field name="name">Joan Jett &amp; The Blackhearts</field><field name="id">http://www.semanticweb.org/tedsullivan/ontologies/2015/5/music-10#Joan_Jett_And_The_Blackhearts</field><field name="groupMembers_ss">Joan Jett</field><field name="groupMembers_ss.Length">9</field><field name="path">/Band/Joan Jett &amp; The Blackhearts</field><field name="groupMembers_ss.MaximumLength"></field><field name="Musician_Type">Group</field><field name="Musician_Type">Band</field></doc><doc><field name="name">Motorhead</field><field name="id">http://www.semanticweb.org/tedsullivan/ontologies/2015/5/music-10#Motörhead</field><field name="path">/Band/Motorhead</field><field name="Musician_Type">Group</field><field name="Musician_Type">Band</field></doc><doc><field name="name">Styx</field><field name="id">http://www.semanticweb.org/tedsullivan/ontologies/2015/5/music-10#Styx</field><field name="path">/Band/Styx</field><field name="Musician_Type">Group</field><field name="Musician_Type">Band</field></doc><doc><field name="name">The Weavers</field><field name="id">http://www.semanticweb.org/tedsullivan/ontologies/2015/5/music-10#The_Weavers</field><field name="groupMembers_ss">Fred Hellerman</field><field name="groupMembers_ss.Length">14</field><field name="path">/Band/The Weavers</field><field name="groupMembers_ss.MaximumLength"></field><field name="Musician_Type">Group</field><field name="Musician_Type">Band</field></doc><doc><field name="name">Boston</field><field name="id">http://www.semanticweb.org/tedsullivan/ontologies/2015/5/music-10#Boston</field><field name="path">/Band/Boston</field><field name="Musician_Type">Group</field><field name="Musician_Type">Band</field><field name="genres_ss">Rock</field></doc><doc><field name="name">Foo Fighters</field><field name="id">http://www.semanticweb.org/tedsullivan/ontologies/2015/5/music-10#Foo_Fighters</field><field name="groupMembers_ss">Dave Grohl</field><field name="groupMembers_ss.Length">10</field><field name="path">/Band/Foo Fighters</field><field name="groupMembers_ss.MaximumLength"></field><field name="Musician_Type">Group</field><field name="Musician_Type">Band</field></doc><doc><field name="name">Journey</field><field name="id">http://www.semanticweb.org/tedsullivan/ontologies/2015/5/music-10#Journey</field><field name="groupMembers_ss">Bobby Harrison</field><field name="groupMembers_ss.Length">14</field><field name="path">/Band/Journey</field><field name="groupMembers_ss.MaximumLength"></field><field name="Musician_Type">Group</field><field name="Musician_Type">Band</field></doc></add>
