<add><doc><field name="name">Arthur Schwartz</field><field name="id">http://www.semanticweb.org/tedsullivan/ontologies/2015/5/music-10#Arthur_Schwartz</field><field name="related_entity1_ss">Howard Dietz</field><field name="related_entity2_ss">Desmond Carter</field><field name="Music_Writer_Type">Composer</field><field name="related_entity2_ss.Length">14</field><field name="path">/Composer/Arthur Schwartz</field><field name="related_entity2_ss.MaximumLength"></field></doc><doc><field name="name">Horace Silver</field><field name="id">http://www.semanticweb.org/tedsullivan/ontologies/2015/5/music-10#Horace_Silver</field><field name="related_entity1_ss">Horace Silver Quintet</field><field name="Music_Writer_Type">Composer</field><field name="memberOfGroup_ss.Length">21</field><field name="path">/Composer/Horace Silver</field><field name="path">/Pianist/Horace Silver</field><field name="Musician_Type">Instrumentalist</field><field name="Musician_Type">Pianist</field><field name="genres_ss">Jazz</field><field name="memberOfGroup_ss">Horace Silver Quintet</field><field name="memberOfGroup_ss.MaximumLength"></field></doc><doc><field name="name">Renee Rosnes</field><field name="id">http://www.semanticweb.org/tedsullivan/ontologies/2015/5/music-10#Renee_Rosnes</field><field name="Music_Writer_Type">Composer</field><field name="path">/Composer/Renee Rosnes</field><field name="path">/Pianist/Renee Rosnes</field><field name="Musician_Type">Instrumentalist</field><field name="Musician_Type">Pianist</field><field name="genres_ss">Jazz</field></doc><doc><field name="name">Michel Camilo</field><field name="id">http://www.semanticweb.org/tedsullivan/ontologies/2015/5/music-10#Michel_Camilo</field><field name="Music_Writer_Type">Composer</field><field name="path">/Composer/Michel Camilo</field><field name="path">/Pianist/Michel Camilo</field><field name="Musician_Type">Instrumentalist</field><field name="Musician_Type">Pianist</field><field name="genres_ss">Jazz</field></doc><doc><field name="name">Hy Zaret</field><field name="id">http://www.semanticweb.org/tedsullivan/ontologies/2015/5/music-10#Hy_Zaret</field><field name="related_entity1_ss">The Righteous Brothers</field><field name="related_entity1_ss">Alex North</field><field name="related_entity1_ss">Saul Chaplin</field><field name="related_entity1_ss">Sammy Cahn</field><field name="Music_Writer_Type">Composer</field><field name="Music_Writer_Type">Lyricist</field><field name="path">/Composer/Hy Zaret</field><field name="path">/Lyricist/Hy Zaret</field></doc><doc><field name="name">J. Russel Robinson</field><field name="id">http://www.semanticweb.org/tedsullivan/ontologies/2015/5/music-10#J._Russel_Robinson</field><field name="related_entity1_ss">Con Conrad</field><field name="related_entity1_ss">Benny Davis</field><field name="Music_Writer_Type">Composer</field><field name="path">/Composer/J. Russel Robinson</field><field name="path">/Pianist/J. Russel Robinson</field><field name="Musician_Type">Instrumentalist</field><field name="Musician_Type">Pianist</field><field name="genres_ss">Jazz</field><field name="genres_ss">Ragtime</field></doc><doc><field name="name">Arnold Schoenberg</field><field name="id">http://www.semanticweb.org/tedsullivan/ontologies/2015/5/music-10#Arnold_Schoenberg</field><field name="path">/Composer/Arnold Schoenberg</field><field name="Music_Writer_Type">Composer</field></doc><doc><field name="name">Alen Menken</field><field name="id">http://www.semanticweb.org/tedsullivan/ontologies/2015/5/music-10#Alan_Menken</field><field name="related_entity1_ss">Howard Ashman</field><field name="Music_Writer_Type">Composer</field><field name="path">/Composer/Alen Menken</field></doc><doc><field name="name">Ann Hampton Callaway</field><field name="id">http://www.semanticweb.org/tedsullivan/ontologies/2015/5/music-10#Ann_Hampton_Callaway</field><field name="Music_Writer_Type">Composer</field><field name="Music_Writer_Type">Lyricist</field><field name="path">/Composer/Ann Hampton Callaway</field><field name="path">/Lyricist/Ann Hampton Callaway</field><field name="path">/Pianist/Ann Hampton Callaway</field><field name="path">/Musician/Singer/Ann Hampton Callaway</field><field name="Musician_Type">Instrumentalist</field><field name="Musician_Type">Pianist</field><field name="Musician_Type">Singer</field><field name="genres_ss">Popular</field><field name="genres_ss">Broadway</field></doc><doc><field name="name">Thelonious Monk</field><field name="id">http://www.semanticweb.org/tedsullivan/ontologies/2015/5/music-10#Thelonious_Monk</field><field name="related_entity1_ss">Denzil Best</field><field name="related_entity1_ss">Cootie Williams</field><field name="Music_Writer_Type">Composer</field><field name="path">/Composer/Thelonious Monk</field><field name="path">/Pianist/Thelonious Monk</field><field name="Musician_Type">Instrumentalist</field><field name="Musician_Type">Pianist</field><field name="genres_ss">Jazz</field></doc><doc><field name="name">Roger Wolfe Kahn</field><field name="id">http://www.semanticweb.org/tedsullivan/ontologies/2015/5/music-10#Roger_Wolfe_Kahn</field><field name="related_entity1_ss">Joseph Meyer</field><field name="related_entity1_ss">Irving Caesar</field><field name="Music_Writer_Type">Composer</field><field name="hasGenre.Count">4</field><field name="path">/Band Leader/Roger Wolfe Kahn</field><field name="path">/Composer/Roger Wolfe Kahn</field><field name="Musician_Type">Conductor</field><field name="Musician_Type">Band Leader</field><field name="genres_ss">Jazz</field><field name="genres_ss">Popular</field></doc><doc><field name="name">Francisco Tarrega</field><field name="id">http://www.semanticweb.org/tedsullivan/ontologies/2015/5/music-10#Francisco_Tárrega</field><field name="path">/Composer/Francisco Tarrega</field><field name="Music_Writer_Type">Composer</field></doc><doc><field name="name">Giovanni Battista Sammartini</field><field name="id">http://www.semanticweb.org/tedsullivan/ontologies/2015/5/music-10#Giovanni_Battista_Sammartini</field><field name="path">/Composer/Giovanni Battista Sammartini</field><field name="Music_Writer_Type">Composer</field></doc><doc><field name="name">Michael Nyman</field><field name="id">http://www.semanticweb.org/tedsullivan/ontologies/2015/5/music-10#Michael_Nyman</field><field name="Music_Writer_Type">Composer</field><field name="path">/Composer/Michael Nyman</field><field name="path">/Pianist/Michael Nyman</field><field name="Musician_Type">Instrumentalist</field><field name="Musician_Type">Pianist</field><field name="genres_ss">Classical</field><field name="genres_ss">Minimalist</field></doc><doc><field name="name">Mikhail Pletnev</field><field name="id">http://www.semanticweb.org/tedsullivan/ontologies/2015/5/music-10#Mikhail_Pletnev</field><field name="Music_Writer_Type">Composer</field><field name="path">/Composer/Mikhail Pletnev</field><field name="path">/Conductor/Mikhail Pletnev</field><field name="path">/Pianist/Mikhail Pletnev</field><field name="Musician_Type">Conductor</field><field name="Musician_Type">Instrumentalist</field><field name="Musician_Type">Pianist</field><field name="genres_ss">Classical</field></doc><doc><field name="name">George Enescu</field><field name="id">http://www.semanticweb.org/tedsullivan/ontologies/2015/5/music-10#George_Enescu</field><field name="path">/Composer/George Enescu</field><field name="Music_Writer_Type">Composer</field></doc><doc><field name="name">Arcangelo Corelli</field><field name="id">http://www.semanticweb.org/tedsullivan/ontologies/2015/5/music-10#Arcangelo_Corelli</field><field name="path">/Composer/Arcangelo Corelli</field><field name="Music_Writer_Type">Composer</field></doc><doc><field name="name">Frantisek Drdla</field><field name="id">http://www.semanticweb.org/tedsullivan/ontologies/2015/5/music-10#František_Drdla</field><field name="Music_Writer_Type">Composer</field><field name="path">/Composer/Frantisek Drdla</field><field name="path">/Violinist/Frantisek Drdla</field><field name="Musician_Type">Instrumentalist</field><field name="Musician_Type">Violinist</field></doc><doc><field name="name">John Dowling</field><field name="id">http://www.semanticweb.org/tedsullivan/ontologies/2015/5/music-10#John_Dowling</field><field name="path">/Composer/John Dowling</field><field name="Music_Writer_Type">Composer</field></doc><doc><field name="name">Maceo Pinkard</field><field name="id">http://www.semanticweb.org/tedsullivan/ontologies/2015/5/music-10#Maceo_Pinkard</field><field name="related_entity1_ss">Ken Casey</field><field name="related_entity1_ss">Ben Bernie</field><field name="Music_Writer_Type">Composer</field><field name="path">/Band Leader/Maceo Pinkard</field><field name="path">/Composer/Maceo Pinkard</field><field name="Musician_Type">Conductor</field><field name="Musician_Type">Band Leader</field></doc><doc><field name="name">Peter Maxwell Davies</field><field name="id">http://www.semanticweb.org/tedsullivan/ontologies/2015/5/music-10#Peter_Maxwell_Davies</field><field name="path">/Composer/Peter Maxwell Davies</field><field name="Music_Writer_Type">Composer</field></doc><doc><field name="name">Walter Jurmann</field><field name="id">http://www.semanticweb.org/tedsullivan/ontologies/2015/5/music-10#Walter_Jurmann</field><field name="related_entity1_ss">Gus Kahn</field><field name="related_entity1_ss">Bronisław Kaper</field><field name="Music_Writer_Type">Composer</field><field name="path">/Composer/Walter Jurmann</field></doc><doc><field name="name">Kenny Dorham</field><field name="id">http://www.semanticweb.org/tedsullivan/ontologies/2015/5/music-10#Kenny_Dorham</field><field name="Music_Writer_Type">Composer</field><field name="path">/Composer/Kenny Dorham</field><field name="path">/Musician/Singer/Kenny Dorham</field><field name="path">/Trumpeter/Kenny Dorham</field><field name="Musician_Type">Singer</field><field name="Musician_Type">Instrumentalist</field><field name="Musician_Type">Trumpeter</field><field name="genres_ss">Jazz</field></doc><doc><field name="name">Carmen McRae</field><field name="id">http://www.semanticweb.org/tedsullivan/ontologies/2015/5/music-10#Carmen_McRae</field><field name="related_entity1_ss">Irving Berlin</field><field name="related_entity1_ss">Helen Kane</field><field name="related_entity1_ss">King Cole Trio</field><field name="related_entity1_ss">Harry Ruby</field><field name="related_entity1_ss">Bert Kalmar</field><field name="related_entity1_ss">Ernie Wilkins</field><field name="Music_Writer_Type">Composer</field><field name="path">/Composer/Carmen McRae</field><field name="path">/Pianist/Carmen McRae</field><field name="path">/Musician/Singer/Carmen McRae</field><field name="Musician_Type">Instrumentalist</field><field name="Musician_Type">Pianist</field><field name="Musician_Type">Singer</field><field name="genres_ss">Jazz</field></doc><doc><field name="name">Mitchell Froom</field><field name="id">http://www.semanticweb.org/tedsullivan/ontologies/2015/5/music-10#Mitchell_Froom</field><field name="related_entity1_ss">Alan Fitzgerald</field><field name="related_entity1_ss">Denny Carmassi</field><field name="related_entity1_ss">Skip Gillette</field><field name="related_entity1_ss">Ronnie Montrose</field><field name="related_entity1_ss">Jim Alcivar</field><field name="related_entity1_ss">Davey Pattison</field><field name="related_entity1_ss">Glenn Letsch</field><field name="Music_Writer_Type">Composer</field><field name="memberOfGroup_ss.Length">5</field><field name="path">/Composer/Mitchell Froom</field><field name="path">/Keyboardist/Mitchell Froom</field><field name="path">/Record Producer/Mitchell Froom</field><field name="Musician_Type">Instrumentalist</field><field name="Musician_Type">Keyboardist</field><field name="memberOfGroup_ss">Gamma</field><field name="memberOfGroup_ss.MaximumLength"></field></doc><doc><field name="name">Igor Stravinsky</field><field name="id">http://www.semanticweb.org/tedsullivan/ontologies/2015/5/music-10#Igor_Stravinsky</field><field name="path">/Composer/Igor Stravinsky</field><field name="Music_Writer_Type">Composer</field></doc><doc><field name="name">Sigmund Romberg</field><field name="id">http://www.semanticweb.org/tedsullivan/ontologies/2015/5/music-10#Sigmund_Romberg</field><field name="related_entity1_ss">Harold R. Atteridge</field><field name="related_entity1_ss">Oscar Hammerstein</field><field name="Music_Writer_Type">Composer</field><field name="path">/Composer/Sigmund Romberg</field></doc><doc><field name="name">Anton Webern</field><field name="id">http://www.semanticweb.org/tedsullivan/ontologies/2015/5/music-10#Anton_Webern</field><field name="path">/Composer/Anton Webern</field><field name="Music_Writer_Type">Composer</field></doc><doc><field name="name">Francesco Cilea</field><field name="id">http://www.semanticweb.org/tedsullivan/ontologies/2015/5/music-10#Francesco_Cilea</field><field name="path">/Composer/Francesco Cilea</field><field name="Music_Writer_Type">Composer</field></doc><doc><field name="name">Anthony Braxton</field><field name="id">http://www.semanticweb.org/tedsullivan/ontologies/2015/5/music-10#Anthony_Braxton</field><field name="Music_Writer_Type">Composer</field><field name="hasGenre.Count">4</field><field name="path">/Clarinetist/Anthony Braxton</field><field name="path">/Composer/Anthony Braxton</field><field name="path">/Instrumentalist/Saxophonist/Anthony Braxton</field><field name="Musician_Type">Instrumentalist</field><field name="Musician_Type">Clarinetist</field><field name="Musician_Type">Saxophonist</field><field name="genres_ss">Jazz</field><field name="genres_ss">Free Jazz</field></doc><doc><field name="name">Jean Sibelius</field><field name="id">http://www.semanticweb.org/tedsullivan/ontologies/2015/5/music-10#Jean_Sibelius</field><field name="path">/Composer/Jean Sibelius</field><field name="Music_Writer_Type">Composer</field></doc><doc><field name="name">Dave Grusin</field><field name="id">http://www.semanticweb.org/tedsullivan/ontologies/2015/5/music-10#Dave_Grusin</field><field name="related_entity1_ss">Simon and Garfunkel</field><field name="related_entity1_ss">Teo Macero</field><field name="Music_Writer_Type">Composer</field><field name="Music_Writer_Type">Arranger</field><field name="path">/Arranger/Dave Grusin</field><field name="path">/Composer/Dave Grusin</field><field name="path">/Pianist/Dave Grusin</field><field name="Musician_Type">Instrumentalist</field><field name="Musician_Type">Pianist</field></doc><doc><field name="name">Bedrich Smetana</field><field name="id">http://www.semanticweb.org/tedsullivan/ontologies/2015/5/music-10#Bedřich_Smetana</field><field name="path">/Composer/Bedrich Smetana</field><field name="Music_Writer_Type">Composer</field></doc><doc><field name="name">Luigi Boccherini</field><field name="id">http://www.semanticweb.org/tedsullivan/ontologies/2015/5/music-10#Luigi_Boccherini</field><field name="path">/Composer/Luigi Boccherini</field><field name="Music_Writer_Type">Composer</field></doc><doc><field name="name">Johann Nepomuk Hummel</field><field name="id">http://www.semanticweb.org/tedsullivan/ontologies/2015/5/music-10#Johann_Nepomuk_Hummel</field><field name="path">/Composer/Johann Nepomuk Hummel</field><field name="Music_Writer_Type">Composer</field></doc><doc><field name="name">Louis Moreau Gottschalk</field><field name="id">http://www.semanticweb.org/tedsullivan/ontologies/2015/5/music-10#Louis_Moreau_Gottschalk</field><field name="path">/Composer/Louis Moreau Gottschalk</field><field name="Music_Writer_Type">Composer</field></doc><doc><field name="name">George Forrest</field><field name="id">http://www.semanticweb.org/tedsullivan/ontologies/2015/5/music-10#George_Forrest</field><field name="related_entity1_ss">Robert Wright</field><field name="related_entity2_ss">Edvard Grieg</field><field name="Music_Writer_Type">Composer</field><field name="Music_Writer_Type">Lyricist</field><field name="related_entity2_ss.Length">12</field><field name="path">/Composer/George Forrest</field><field name="path">/Lyricist/George Forrest</field><field name="related_entity2_ss.MaximumLength"></field></doc><doc><field name="name">Michael Haydn</field><field name="id">http://www.semanticweb.org/tedsullivan/ontologies/2015/5/music-10#Michael_Haydn</field><field name="path">/Composer/Michael Haydn</field><field name="Music_Writer_Type">Composer</field></doc><doc><field name="name">Karol Szymanowski</field><field name="id">http://www.semanticweb.org/tedsullivan/ontologies/2015/5/music-10#Karol_Szymanowski</field><field name="path">/Composer/Karol Szymanowski</field><field name="Music_Writer_Type">Composer</field></doc><doc><field name="name">Josef Strauss</field><field name="id">http://www.semanticweb.org/tedsullivan/ontologies/2015/5/music-10#Josef_Strauss</field><field name="path">/Composer/Josef Strauss</field><field name="Music_Writer_Type">Composer</field></doc><doc><field name="name">Tito Puente</field><field name="id">http://www.semanticweb.org/tedsullivan/ontologies/2015/5/music-10#Tito_Puente</field><field name="related_entity1_ss">Carlos Santana</field><field name="Music_Writer_Type">Composer</field><field name="hasGenre.Count">4</field><field name="path">/Composer/Tito Puente</field><field name="path">/Drummer/Tito Puente</field><field name="path">/Vibraphonist/Tito Puente</field><field name="Musician_Type">Instrumentalist</field><field name="Musician_Type">Drummer</field><field name="Musician_Type">Vibraphonist</field><field name="genres_ss">Jazz</field><field name="genres_ss">Afro-Cuban Jazz</field><field name="genres_ss">Dance Music</field><field name="genres_ss">Salsa</field></doc><doc><field name="name">Frederic Chopin</field><field name="id">http://www.semanticweb.org/tedsullivan/ontologies/2015/5/music-10#Frederic_Chopin</field><field name="path">/Composer/Frederic Chopin</field><field name="Music_Writer_Type">Composer</field></doc><doc><field name="name">Giacomo Meyerbeer</field><field name="id">http://www.semanticweb.org/tedsullivan/ontologies/2015/5/music-10#Giacomo_Meyerbeer</field><field name="path">/Composer/Giacomo Meyerbeer</field><field name="Music_Writer_Type">Composer</field></doc><doc><field name="name">Gyorgy Ligeti</field><field name="id">http://www.semanticweb.org/tedsullivan/ontologies/2015/5/music-10#György_Ligeti</field><field name="path">/Composer/Gyorgy Ligeti</field><field name="Music_Writer_Type">Composer</field></doc><doc><field name="name">Chris Smith</field><field name="id">http://www.semanticweb.org/tedsullivan/ontologies/2015/5/music-10#Chris_Smith</field><field name="related_entity1_ss">Jim Burris</field><field name="Music_Writer_Type">Composer</field><field name="path">/Composer/Chris Smith</field></doc><doc><field name="name">Ernesto De Curtis</field><field name="id">http://www.semanticweb.org/tedsullivan/ontologies/2015/5/music-10#Ernesto_De_Curtis</field><field name="related_entity1_ss">Doc Pomus</field><field name="related_entity1_ss">Mort Shuman</field><field name="Music_Writer_Type">Composer</field><field name="path">/Composer/Ernesto De Curtis</field></doc><doc><field name="name">Chris Botti</field><field name="id">http://www.semanticweb.org/tedsullivan/ontologies/2015/5/music-10#Chris_Botti</field><field name="Music_Writer_Type">Composer</field><field name="hasGenre.Count">4</field><field name="path">/Composer/Chris Botti</field><field name="path">/Trumpeter/Chris Botti</field><field name="Musician_Type">Instrumentalist</field><field name="Musician_Type">Trumpeter</field><field name="genres_ss">Jazz</field><field name="genres_ss">Smooth Jazz</field></doc><doc><field name="name">Gioachino Rossini</field><field name="id">http://www.semanticweb.org/tedsullivan/ontologies/2015/5/music-10#Gioachino_Rossini</field><field name="path">/Composer/Gioachino Rossini</field><field name="Music_Writer_Type">Composer</field></doc><doc><field name="name">Edmund Anderson</field><field name="id">http://www.semanticweb.org/tedsullivan/ontologies/2015/5/music-10#Edmund_Anderson</field><field name="related_entity1_ss">Ted Grouya</field><field name="Music_Writer_Type">Composer</field><field name="path">/Composer/Edmund Anderson</field></doc><doc><field name="name">Tomas Luis de Victoria</field><field name="id">http://www.semanticweb.org/tedsullivan/ontologies/2015/5/music-10#Tomás_Luis_de_Victoria</field><field name="path">/Composer/Tomas Luis de Victoria</field><field name="Music_Writer_Type">Composer</field></doc><doc><field name="name">Kurt Elling</field><field name="id">http://www.semanticweb.org/tedsullivan/ontologies/2015/5/music-10#Kurt_Elling</field><field name="Music_Writer_Type">Composer</field><field name="Music_Writer_Type">Lyricist</field><field name="path">/Composer/Kurt Elling</field><field name="path">/Lyricist/Kurt Elling</field><field name="path">/Musician/Singer/Kurt Elling</field><field name="Musician_Type">Singer</field><field name="genres_ss">Jazz</field></doc><doc><field name="name">Tomaso Albinoni</field><field name="id">http://www.semanticweb.org/tedsullivan/ontologies/2015/5/music-10#Tomaso_Albinoni</field><field name="Music_Writer_Type">Composer</field><field name="path">/Composer/Tomaso Albinoni</field><field name="genres_ss">Classical</field><field name="genres_ss">Baroque</field></doc><doc><field name="name">Fats Waller</field><field name="id">http://www.semanticweb.org/tedsullivan/ontologies/2015/5/music-10#Fats_Waller</field><field name="related_entity1_ss">Andy Razaf</field><field name="related_entity2_ss">Harry Brooks</field><field name="related_entity2_ss">Lee Wiley</field><field name="related_entity2_ss">J. C. Johnson</field><field name="Music_Writer_Type">Composer</field><field name="related_entity2_ss.Length">13</field><field name="path">/Composer/Fats Waller</field><field name="path">/Pianist/Fats Waller</field><field name="Musician_Type">Instrumentalist</field><field name="Musician_Type">Pianist</field><field name="genres_ss">Jazz</field><field name="related_entity2_ss.MaximumLength"></field></doc><doc><field name="name">Franz Schubert</field><field name="id">http://www.semanticweb.org/tedsullivan/ontologies/2015/5/music-10#Franz_Schubert</field><field name="related_entity1_ss">owl:NamedIndividual</field><field name="related_entity1_ss">String Quartet in G Minor G173 - Movement 1</field><field name="Music_Writer_Type">Composer</field><field name="path">/Composer/Franz Schubert</field></doc><doc><field name="name">Maurice Ravel</field><field name="id">http://www.semanticweb.org/tedsullivan/ontologies/2015/5/music-10#Maurice_Ravel</field><field name="path">/Composer/Maurice Ravel</field><field name="Music_Writer_Type">Composer</field></doc><doc><field name="name">Joseph Haydn</field><field name="id">http://www.semanticweb.org/tedsullivan/ontologies/2015/5/music-10#Joseph_Haydn</field><field name="path">/Composer/Joseph Haydn</field><field name="Music_Writer_Type">Composer</field></doc><doc><field name="name">Scott Joplin</field><field name="id">http://www.semanticweb.org/tedsullivan/ontologies/2015/5/music-10#Scott_Joplin</field><field name="Music_Writer_Type">Composer</field><field name="path">/Composer/Scott Joplin</field><field name="genres_ss">Jazz</field><field name="genres_ss">Ragtime</field></doc><doc><field name="name">Bohuslav Martinu</field><field name="id">http://www.semanticweb.org/tedsullivan/ontologies/2015/5/music-10#Bohuslav_Martinů</field><field name="path">/Composer/Bohuslav Martinu</field><field name="Music_Writer_Type">Composer</field></doc><doc><field name="name">Charles Ives</field><field name="id">http://www.semanticweb.org/tedsullivan/ontologies/2015/5/music-10#Charles_Ives</field><field name="path">/Composer/Charles Ives</field><field name="Music_Writer_Type">Composer</field></doc><doc><field name="name">Ramsey Lewis</field><field name="id">http://www.semanticweb.org/tedsullivan/ontologies/2015/5/music-10#Ramsey_Lewis</field><field name="Music_Writer_Type">Composer</field><field name="path">/Composer/Ramsey Lewis</field><field name="path">/Pianist/Ramsey Lewis</field><field name="Musician_Type">Instrumentalist</field><field name="Musician_Type">Pianist</field><field name="genres_ss">Jazz</field></doc><doc><field name="name">Domenico Scarlatti</field><field name="id">http://www.semanticweb.org/tedsullivan/ontologies/2015/5/music-10#Domenico_Scarlatti</field><field name="path">/Composer/Domenico Scarlatti</field><field name="Music_Writer_Type">Composer</field></doc><doc><field name="name">Axel Stordahl</field><field name="id">http://www.semanticweb.org/tedsullivan/ontologies/2015/5/music-10#Axel_Stordahl</field><field name="Music_Writer_Type">Composer</field><field name="Music_Writer_Type">Arranger</field><field name="memberOfGroup_ss.Length">31</field><field name="path">/Arranger/Axel Stordahl</field><field name="path">/Composer/Axel Stordahl</field><field name="path">/Conductor/Axel Stordahl</field><field name="path">/Musician/Singer/Axel Stordahl</field><field name="path">/Trumpeter/Axel Stordahl</field><field name="Musician_Type">Conductor</field><field name="Musician_Type">Singer</field><field name="Musician_Type">Instrumentalist</field><field name="Musician_Type">Trumpeter</field><field name="memberOfGroup_ss">Axel Stordahl and his Orchestra</field><field name="memberOfGroup_ss.MaximumLength"></field></doc><doc><field name="name">Miles Davis</field><field name="id">http://www.semanticweb.org/tedsullivan/ontologies/2015/5/music-10#Miles_Davis</field><field name="related_entity1_ss">Teo Macero</field><field name="related_entity1_ss">Gil Evans</field><field name="memberOfGroup.Count">4</field><field name="memberOfGroup_ss.Length">19</field><field name="related_entity2_ss.Length">12</field><field name="path">/Band Leader/Miles Davis</field><field name="path">/Composer/Miles Davis</field><field name="path">/Trumpeter/Miles Davis</field><field name="memberOfGroup_ss.MaximumLength"></field><field name="related_entity2_ss">Red Garland</field><field name="related_entity2_ss">Columbia Records</field><field name="related_entity2_ss">Bill Evans</field><field name="related_entity2_ss">Charles Mingus</field><field name="related_entity2_ss">John Coltrane</field><field name="related_entity2_ss">Philly Joe Jones</field><field name="related_entity2_ss">Milt Jackson</field><field name="Music_Writer_Type">Composer</field><field name="Musician_Type">Conductor</field><field name="Musician_Type">Band Leader</field><field name="Musician_Type">Instrumentalist</field><field name="Musician_Type">Trumpeter</field><field name="genres_ss">Jazz</field><field name="memberOfGroup_ss">Miles Davis Quintet</field><field name="related_entity2_ss.MaximumLength"></field></doc><doc><field name="name">Steve Jordan</field><field name="id">http://www.semanticweb.org/tedsullivan/ontologies/2015/5/music-10#Steve_Jordan</field><field name="related_entity1_ss">Paul Shaffer</field><field name="related_entity1_ss">Pino Paladino</field><field name="related_entity1_ss">John Mayer</field><field name="memberOfGroup.Count">4</field><field name="hasGenre.Count">14</field><field name="memberOfGroup_ss.Length">38</field><field name="path">/Instrumentalist/Bassist/Steve Jordan</field><field name="path">/Composer/Steve Jordan</field><field name="path">/Drummer/Steve Jordan</field><field name="path">/Keyboardist/Steve Jordan</field><field name="path">/Percussionist/Steve Jordan</field><field name="path">/Record Producer/Steve Jordan</field><field name="memberOfGroup_ss.MaximumLength"></field><field name="Music_Writer_Type">Composer</field><field name="Musician_Type">Instrumentalist</field><field name="Musician_Type">Bassist</field><field name="Musician_Type">Drummer</field><field name="Musician_Type">Keyboardist</field><field name="Musician_Type">Percussionist</field><field name="genres_ss">Blues</field><field name="genres_ss">Jazz</field><field name="genres_ss">Rock</field><field name="genres_ss">Jazz  Fusion</field><field name="genres_ss">R&amp;B</field><field name="genres_ss">Motown</field><field name="genres_ss">Rock &amp; Roll</field><field name="memberOfGroup_ss">CBS Orchestra</field><field name="memberOfGroup_ss">Keith Richards and the X-pensive Winos</field></doc><doc><field name="name">Eddie Durham</field><field name="id">http://www.semanticweb.org/tedsullivan/ontologies/2015/5/music-10#Eddie_Durham</field><field name="Music_Writer_Type">Composer</field><field name="Music_Writer_Type">Arranger</field><field name="path">/Arranger/Eddie Durham</field><field name="path">/Composer/Eddie Durham</field><field name="path">/Instrumentalist/Guitarist/Eddie Durham</field><field name="path">/Trombonist/Eddie Durham</field><field name="Musician_Type">Instrumentalist</field><field name="Musician_Type">Guitarist</field><field name="Musician_Type">Trombonist</field></doc><doc><field name="name">Sidney Bechet</field><field name="id">http://www.semanticweb.org/tedsullivan/ontologies/2015/5/music-10#Sidney_Bechet</field><field name="Music_Writer_Type">Composer</field><field name="playsInstrument_ss.MaximumLength"></field><field name="playsInstrument_ss">Soprano Saxophone</field><field name="path">/Clarinetist/Sidney Bechet</field><field name="path">/Composer/Sidney Bechet</field><field name="path">/Instrumentalist/Saxophonist/Sidney Bechet</field><field name="Musician_Type">Instrumentalist</field><field name="Musician_Type">Clarinetist</field><field name="Musician_Type">Saxophonist</field><field name="playsInstrument_ss.Length">17</field><field name="genres_ss">Jazz</field></doc><doc><field name="name">David Matthews</field><field name="id">http://www.semanticweb.org/tedsullivan/ontologies/2015/5/music-10#David_Matthews</field><field name="path">/Composer/David Matthews</field><field name="Music_Writer_Type">Composer</field></doc><doc><field name="name">Witold Lutoslawski</field><field name="id">http://www.semanticweb.org/tedsullivan/ontologies/2015/5/music-10#Witold_Lutosławski</field><field name="path">/Composer/Witold Lutoslawski</field><field name="Music_Writer_Type">Composer</field></doc><doc><field name="name">Francois Couperin</field><field name="id">http://www.semanticweb.org/tedsullivan/ontologies/2015/5/music-10#Francois_Couperin</field><field name="path">/Composer/Francois Couperin</field><field name="Music_Writer_Type">Composer</field></doc><doc><field name="name">Arthur Sullivan</field><field name="id">http://www.semanticweb.org/tedsullivan/ontologies/2015/5/music-10#Arthur_Sullivan</field><field name="related_entity1_ss">William S. Gilbert</field><field name="Music_Writer_Type">Composer</field><field name="path">/Composer/Arthur Sullivan</field></doc><doc><field name="name">Richard Adler</field><field name="id">http://www.semanticweb.org/tedsullivan/ontologies/2015/5/music-10#Richard_Adler</field><field name="related_entity1_ss">Jerry Ross</field><field name="Music_Writer_Type">Composer</field><field name="path">/Composer/Richard Adler</field></doc><doc><field name="name">Zoltan Kodaly</field><field name="id">http://www.semanticweb.org/tedsullivan/ontologies/2015/5/music-10#Zoltán_Kodály</field><field name="path">/Composer/Zoltan Kodaly</field><field name="Music_Writer_Type">Composer</field></doc><doc><field name="name">Alberto Ginastera</field><field name="id">http://www.semanticweb.org/tedsullivan/ontologies/2015/5/music-10#Alberto_Ginastera</field><field name="path">/Composer/Alberto Ginastera</field><field name="Music_Writer_Type">Composer</field></doc><doc><field name="name">Giuseppe Verdi</field><field name="id">http://www.semanticweb.org/tedsullivan/ontologies/2015/5/music-10#Giuseppe_Verdi</field><field name="composer_ss.Length">14</field><field name="Music_Writer_Type">Composer</field><field name="song_ss.Length">11</field><field name="composer_ss.MaximumLength"></field><field name="path">/Composer/Giuseppe Verdi</field><field name="composer_ss">Giuseppe Verdi</field><field name="song_ss.MaximumLength"></field><field name="song_ss">La Traviata</field></doc><doc><field name="name">Mikhail Glinka</field><field name="id">http://www.semanticweb.org/tedsullivan/ontologies/2015/5/music-10#Mikhail_Glinka</field><field name="path">/Composer/Mikhail Glinka</field><field name="Music_Writer_Type">Composer</field></doc><doc><field name="name">Fernando Sor</field><field name="id">http://www.semanticweb.org/tedsullivan/ontologies/2015/5/music-10#Fernando_Sor</field><field name="path">/Composer/Fernando Sor</field><field name="Music_Writer_Type">Composer</field></doc><doc><field name="name">Nelson Riddle</field><field name="id">http://www.semanticweb.org/tedsullivan/ontologies/2015/5/music-10#Nelson_Riddle</field><field name="Music_Writer_Type">Composer</field><field name="Music_Writer_Type">Arranger</field><field name="path">/Arranger/Nelson Riddle</field><field name="path">/Band Leader/Nelson Riddle</field><field name="path">/Composer/Nelson Riddle</field><field name="Musician_Type">Conductor</field><field name="Musician_Type">Band Leader</field></doc><doc><field name="name">Sammy Fain</field><field name="id">http://www.semanticweb.org/tedsullivan/ontologies/2015/5/music-10#Sammy_Fain</field><field name="related_entity1_ss">Paul Francis Webster</field><field name="Music_Writer_Type">Composer</field><field name="path">/Composer/Sammy Fain</field></doc><doc><field name="name">Anton Dvorak</field><field name="id">http://www.semanticweb.org/tedsullivan/ontologies/2015/5/music-10#Anton_Dvorak</field><field name="path">/Composer/Anton Dvorak</field><field name="Music_Writer_Type">Composer</field></doc><doc><field name="name">David Raskin</field><field name="id">http://www.semanticweb.org/tedsullivan/ontologies/2015/5/music-10#David_Raksin</field><field name="related_entity1_ss">Johnny Mercer</field><field name="Music_Writer_Type">Composer</field><field name="path">/Composer/David Raskin</field></doc><doc><field name="name">Rufus Wainwright</field><field name="id">http://www.semanticweb.org/tedsullivan/ontologies/2015/5/music-10#Rufus_Wainwright</field><field name="Music_Writer_Type">Composer</field><field name="Music_Writer_Type">Songwriter</field><field name="path">/Composer/Rufus Wainwright</field><field name="path">/Musician/Singer/Rufus Wainwright</field><field name="path">/Songwriter/Rufus Wainwright</field><field name="Musician_Type">Singer</field></doc><doc><field name="name">Jack Kane</field><field name="id">http://www.semanticweb.org/tedsullivan/ontologies/2015/5/music-10#Jack_Kane</field><field name="Music_Writer_Type">Composer</field><field name="Music_Writer_Type">Arranger</field><field name="path">/Arranger/Jack Kane</field><field name="path">/Clarinetist/Jack Kane</field><field name="path">/Composer/Jack Kane</field><field name="path">/Conductor/Jack Kane</field><field name="Musician_Type">Instrumentalist</field><field name="Musician_Type">Clarinetist</field><field name="Musician_Type">Conductor</field></doc><doc><field name="name">Bela Bartok</field><field name="id">http://www.semanticweb.org/tedsullivan/ontologies/2015/5/music-10#Bela_Bartok</field><field name="related_entity1_ss">Emerson Lake And Palmer</field><field name="Music_Writer_Type">Composer</field><field name="path">/Composer/Bela Bartok</field></doc><doc><field name="name">Marian McPartland</field><field name="id">http://www.semanticweb.org/tedsullivan/ontologies/2015/5/music-10#Marian_McPartland</field><field name="Music_Writer_Type">Composer</field><field name="path">/Composer/Marian McPartland</field><field name="path">/Pianist/Marian McPartland</field><field name="Musician_Type">Instrumentalist</field><field name="Musician_Type">Pianist</field><field name="genres_ss">Jazz</field></doc><doc><field name="name">Ernest Chausson</field><field name="id">http://www.semanticweb.org/tedsullivan/ontologies/2015/5/music-10#Ernest_Chausson</field><field name="path">/Composer/Ernest Chausson</field><field name="Music_Writer_Type">Composer</field></doc><doc><field name="name">Red Mitchell</field><field name="id">http://www.semanticweb.org/tedsullivan/ontologies/2015/5/music-10#Red_Mitchell</field><field name="related_entity1_ss">Lee Konitz</field><field name="Music_Writer_Type">Composer</field><field name="Music_Writer_Type">Lyricist</field><field name="path">/Composer/Red Mitchell</field><field name="path">/Instrumentalist/Double Bassist/Red Mitchell</field><field name="path">/Lyricist/Red Mitchell</field><field name="Musician_Type">Instrumentalist</field><field name="Musician_Type">Double Bassist</field><field name="genres_ss">Jazz</field></doc><doc><field name="name">Buddy Guy</field><field name="id">http://www.semanticweb.org/tedsullivan/ontologies/2015/5/music-10#Buddy_Guy</field><field name="related_entity1_ss">Tom Hambridge</field><field name="related_entity2_ss">Best Damn Fool</field><field name="related_entity2_ss">Lyin' Like A Dog</field><field name="related_entity2_ss">Junior Wells</field><field name="related_entity2_ss">Show Me The Money</field><field name="related_entity2_ss">Derek Trucks</field><field name="related_entity2_ss">Susan Tedeschi</field><field name="related_entity2_ss">Too Many Tears</field><field name="related_entity2_ss">Skin Deep</field><field name="related_entity2_ss">Out In The Woods</field><field name="Music_Writer_Type">Composer</field><field name="playsInstrument_ss.MaximumLength"></field><field name="playsInstrument_ss">Electric Guitar</field><field name="related_entity2_ss.Length">16</field><field name="path">/Composer/Buddy Guy</field><field name="path">/Musician/Singer/Buddy Guy</field><field name="Musician_Type">Singer</field><field name="playsInstrument_ss.Length">15</field><field name="related_entity2_ss.MaximumLength"></field></doc><doc><field name="name">Tom Harrell</field><field name="id">http://www.semanticweb.org/tedsullivan/ontologies/2015/5/music-10#Tom_Harrell</field><field name="Music_Writer_Type">Composer</field><field name="Music_Writer_Type">Arranger</field><field name="path">/Arranger/Tom Harrell</field><field name="path">/Composer/Tom Harrell</field><field name="path">/Trumpeter/Tom Harrell</field><field name="Musician_Type">Instrumentalist</field><field name="Musician_Type">Trumpeter</field></doc><doc><field name="name">Gustav Holst</field><field name="id">http://www.semanticweb.org/tedsullivan/ontologies/2015/5/music-10#Gustav_Holst</field><field name="path">/Composer/Gustav Holst</field><field name="Music_Writer_Type">Composer</field></doc><doc><field name="name">George Malcolm</field><field name="id">http://www.semanticweb.org/tedsullivan/ontologies/2015/5/music-10#George_Malcolm</field><field name="Music_Writer_Type">Composer</field><field name="path">/Composer/George Malcolm</field><field name="path">/Conductor/George Malcolm</field><field name="path">/Instrumentalist/Harpsichordist/George Malcolm</field><field name="path">/Organist/George Malcolm</field><field name="path">/Pianist/George Malcolm</field><field name="Musician_Type">Conductor</field><field name="Musician_Type">Instrumentalist</field><field name="Musician_Type">Harpsichordist</field><field name="Musician_Type">Organist</field><field name="Musician_Type">Pianist</field></doc><doc><field name="name">Dimitri Shostakovich</field><field name="id">http://www.semanticweb.org/tedsullivan/ontologies/2015/5/music-10#Dmitri_Shostakovich</field><field name="path">/Composer/Dimitri Shostakovich</field><field name="Music_Writer_Type">Composer</field></doc><doc><field name="name">Tigran Hamasyan</field><field name="id">http://www.semanticweb.org/tedsullivan/ontologies/2015/5/music-10#Tigran_Hamasyan</field><field name="Music_Writer_Type">Composer</field><field name="path">/Composer/Tigran Hamasyan</field><field name="path">/Pianist/Tigran Hamasyan</field><field name="Musician_Type">Instrumentalist</field><field name="Musician_Type">Pianist</field></doc><doc><field name="name">Anton Bruckner</field><field name="id">http://www.semanticweb.org/tedsullivan/ontologies/2015/5/music-10#Anton_Bruckner</field><field name="path">/Composer/Anton Bruckner</field><field name="Music_Writer_Type">Composer</field></doc><doc><field name="name">Alfred Schnittke</field><field name="id">http://www.semanticweb.org/tedsullivan/ontologies/2015/5/music-10#Alfred_Schnittke</field><field name="path">/Composer/Alfred Schnittke</field><field name="Music_Writer_Type">Composer</field></doc><doc><field name="name">Edgar Sampson</field><field name="id">http://www.semanticweb.org/tedsullivan/ontologies/2015/5/music-10#Edgar_Sampson</field><field name="related_entity1_ss">Benny Goodman</field><field name="related_entity2_ss">Manny Curtis</field><field name="related_entity2_ss">Irving Mills</field><field name="related_entity2_ss">Mitchell Parish</field><field name="Music_Writer_Type">Composer</field><field name="Music_Writer_Type">Arranger</field><field name="related_entity2_ss.Length">15</field><field name="path">/Arranger/Edgar Sampson</field><field name="path">/Composer/Edgar Sampson</field><field name="path">/Instrumentalist/Saxophonist/Edgar Sampson</field><field name="path">/Violinist/Edgar Sampson</field><field name="Musician_Type">Instrumentalist</field><field name="Musician_Type">Saxophonist</field><field name="Musician_Type">Violinist</field><field name="related_entity2_ss.MaximumLength"></field></doc><doc><field name="name">Arthur Honegger</field><field name="id">http://www.semanticweb.org/tedsullivan/ontologies/2015/5/music-10#Arthur_Honegger</field><field name="path">/Composer/Arthur Honegger</field><field name="Music_Writer_Type">Composer</field></doc><doc><field name="name">Vincenzo Bellini</field><field name="id">http://www.semanticweb.org/tedsullivan/ontologies/2015/5/music-10#Vincenzo_Bellini</field><field name="path">/Composer/Vincenzo Bellini</field><field name="Music_Writer_Type">Composer</field></doc><doc><field name="name">Dave Holland</field><field name="id">http://www.semanticweb.org/tedsullivan/ontologies/2015/5/music-10#Dave_Holland</field><field name="Music_Writer_Type">Composer</field><field name="path">/Band Leader/Dave Holland</field><field name="path">/Composer/Dave Holland</field><field name="path">/Instrumentalist/Double Bassist/Dave Holland</field><field name="Musician_Type">Conductor</field><field name="Musician_Type">Band Leader</field><field name="Musician_Type">Instrumentalist</field><field name="Musician_Type">Double Bassist</field></doc><doc><field name="name">Francis Scott Key</field><field name="id">http://www.semanticweb.org/tedsullivan/ontologies/2015/5/music-10#Francis_Scott_Key</field><field name="path">/Composer/Francis Scott Key</field><field name="Music_Writer_Type">Composer</field></doc><doc><field name="name">Engelbert Humperdinck</field><field name="id">http://www.semanticweb.org/tedsullivan/ontologies/2015/5/music-10#Engelbert_Humperdinck</field><field name="path">/Composer/Engelbert Humperdinck</field><field name="Music_Writer_Type">Composer</field></doc></add>
