<add><doc><field name="name">Your Song</field><field name="id">http://www.semanticweb.org/tedsullivan/ontologies/2015/5/music-10#Your_Song</field><field name="related_entity1_ss">Elton John</field><field name="composer_ss.MaximumLength"></field><field name="path">/Song/Your Song</field><field name="lyricist_ss.Length">13</field><field name="Composition_Type">Song</field><field name="lyricist_ss">Bernie Taupin</field><field name="composer_ss">Elton John</field><field name="original_performer.Length">10</field><field name="original_performer">Elton John</field><field name="composer_ss.Length">10</field><field name="Composition_Type.Length">4</field><field name="original_performer.MaximumLength"></field><field name="lyricist_ss.MaximumLength"></field><field name="verb_ss">composed</field><field name="verb_ss">written</field><field name="verb_ss">authored</field><field name="verb_ss">wrote</field><field name="verb_ss.Length">5</field><field name="verb_ss.MaximumLength"></field><field name="Composition_Type.MaximumLength"></field></doc><doc><field name="name">Pain in My Heart</field><field name="id">http://www.semanticweb.org/tedsullivan/ontologies/2015/5/music-10#Pain_in_My_Heart</field><field name="composer_ss.Length">12</field><field name="Composition_Type.Length">4</field><field name="composer_ss.MaximumLength"></field><field name="verb_ss">composed</field><field name="verb_ss">written</field><field name="verb_ss">authored</field><field name="verb_ss">wrote</field><field name="path">/Song/Pain in My Heart</field><field name="Composition_Type">Song</field><field name="genres_ss">Blues</field><field name="verb_ss.Length">5</field><field name="verb_ss.MaximumLength"></field><field name="Composition_Type.MaximumLength"></field><field name="composer_ss">Willie Dixon</field></doc><doc><field name="name">The 59th Street Bridge Song</field><field name="id">http://www.semanticweb.org/tedsullivan/ontologies/2015/5/music-10#The_59th_Street_Bridge_Song</field><field name="related_entity1_ss">Simon and Garfunkel</field><field name="composer_ss.MaximumLength"></field><field name="path">/Song/The 59th Street Bridge Song</field><field name="synonym">Feelin' Groovy</field><field name="Composition_Type">Song</field><field name="composer_ss">Paul Simon</field><field name="original_performer.Length">19</field><field name="original_performer">Simon and Garfunkel</field><field name="composer_ss.Length">10</field><field name="Composition_Type.Length">4</field><field name="original_performer.MaximumLength"></field><field name="verb_ss">composed</field><field name="verb_ss">written</field><field name="verb_ss">authored</field><field name="verb_ss">wrote</field><field name="verb_ss.Length">5</field><field name="verb_ss.MaximumLength"></field><field name="Composition_Type.MaximumLength"></field></doc><doc><field name="name">What's Love Got to Do With It</field><field name="id">http://www.semanticweb.org/tedsullivan/ontologies/2015/5/music-10#Whats_Love_Got_to_Do_With_It</field><field name="composer_ss.Length">13</field><field name="hasPerformer_ss">Tina Turner</field><field name="Composition_Type.Length">4</field><field name="composer_ss.MaximumLength"></field><field name="hasPerformer_ss.Length">11</field><field name="verb_ss">composed</field><field name="verb_ss">written</field><field name="verb_ss">authored</field><field name="verb_ss">wrote</field><field name="path">/Song/What's Love Got to Do With It</field><field name="Composition_Type">Song</field><field name="verb_ss.Length">5</field><field name="verb_ss.MaximumLength"></field><field name="Composition_Type.MaximumLength"></field><field name="composer_ss">Graham Lyle</field><field name="composer_ss">Terry Britten</field><field name="composer.Count">4</field><field name="hasPerformer_ss.MaximumLength"></field></doc><doc><field name="name">One Of These Nights</field><field name="id">http://www.semanticweb.org/tedsullivan/ontologies/2015/5/music-10#One_Of_These_Nights</field><field name="related_entity1_ss">Eagles</field><field name="composer_ss.MaximumLength"></field><field name="path">/Song/One Of These Nights</field><field name="Composition_Type">Song</field><field name="composer_ss">Don Henley</field><field name="composer_ss">Glenn Frey</field><field name="original_performer.Length">6</field><field name="original_performer">Eagles</field><field name="composer_ss.Length">10</field><field name="Composition_Type.Length">4</field><field name="original_performer.MaximumLength"></field><field name="verb_ss">composed</field><field name="verb_ss">written</field><field name="verb_ss">authored</field><field name="verb_ss">wrote</field><field name="genres_ss">Rock</field><field name="genres_ss">Soft Rock</field><field name="verb_ss.Length">5</field><field name="verb_ss.MaximumLength"></field><field name="Composition_Type.MaximumLength"></field><field name="composer.Count">4</field></doc><doc><field name="name">Green Onions</field><field name="id">http://www.semanticweb.org/tedsullivan/ontologies/2015/5/music-10#Green_Onions</field><field name="related_entity1_ss">Booker T. and the MG's</field><field name="composer_ss.MaximumLength"></field><field name="path">/Song/Green Onions</field><field name="Composition_Type">Song</field><field name="composer_ss">Al Jackson Jr.</field><field name="composer_ss">Booker T Jones</field><field name="composer_ss">Lewis Steinberg</field><field name="composer_ss">Steve Cropper</field><field name="original_performer.Length">22</field><field name="original_performer">Booker T. and the MG's</field><field name="composer_ss.Length">13</field><field name="Composition_Type.Length">4</field><field name="original_performer.MaximumLength"></field><field name="verb_ss">composed</field><field name="verb_ss">written</field><field name="verb_ss">authored</field><field name="verb_ss">wrote</field><field name="verb_ss.Length">5</field><field name="verb_ss.MaximumLength"></field><field name="Composition_Type.MaximumLength"></field><field name="composer.Count">8</field></doc><doc><field name="name">Crocodile Rock</field><field name="id">http://www.semanticweb.org/tedsullivan/ontologies/2015/5/music-10#Crocodile_Rock</field><field name="related_entity1_ss">Elton John</field><field name="composer_ss.MaximumLength"></field><field name="path">/Song/Crocodile Rock</field><field name="Composition_Type">Song</field><field name="composer_ss">Elton John</field><field name="original_performer.Length">10</field><field name="original_performer">Elton John</field><field name="composer_ss.Length">10</field><field name="Composition_Type.Length">4</field><field name="original_performer.MaximumLength"></field><field name="verb_ss">composed</field><field name="verb_ss">written</field><field name="verb_ss">authored</field><field name="verb_ss">wrote</field><field name="genres_ss">Rock</field><field name="genres_ss">Rock &amp; Roll</field><field name="verb_ss.Length">5</field><field name="verb_ss.MaximumLength"></field><field name="Composition_Type.MaximumLength"></field></doc><doc><field name="name">Oh Well</field><field name="id">http://www.semanticweb.org/tedsullivan/ontologies/2015/5/music-10#Oh_Well</field><field name="composer_ss.Length">11</field><field name="related_entity1_ss">Fleetwood Mac</field><field name="Composition_Type.Length">4</field><field name="composer_ss.MaximumLength"></field><field name="original_performer.MaximumLength"></field><field name="verb_ss">composed</field><field name="verb_ss">written</field><field name="verb_ss">authored</field><field name="verb_ss">wrote</field><field name="path">/Song/Oh Well</field><field name="Composition_Type">Song</field><field name="verb_ss.Length">5</field><field name="verb_ss.MaximumLength"></field><field name="Composition_Type.MaximumLength"></field><field name="composer_ss">Peter Green</field><field name="original_performer.Length">13</field><field name="original_performer">Fleetwood Mac</field></doc><doc><field name="name">Beautiful Dreamer</field><field name="id">http://www.semanticweb.org/tedsullivan/ontologies/2015/5/music-10#Beautiful_Dreamer</field><field name="composer_ss.Length">13</field><field name="Composition_Type.Length">4</field><field name="composer_ss.MaximumLength"></field><field name="verb_ss">composed</field><field name="verb_ss">written</field><field name="verb_ss">authored</field><field name="verb_ss">wrote</field><field name="path">/Song/Beautiful Dreamer</field><field name="Composition_Type">Song</field><field name="verb_ss.Length">5</field><field name="verb_ss.MaximumLength"></field><field name="Composition_Type.MaximumLength"></field><field name="composer_ss">Steven Foster</field></doc><doc><field name="name">Go To The Mirror Boy</field><field name="id">http://www.semanticweb.org/tedsullivan/ontologies/2015/5/music-10#Go_To_The_Mirror_Boy</field><field name="related_entity1_ss">The Who</field><field name="composer_ss.MaximumLength"></field><field name="path">/Song/Go To The Mirror Boy</field><field name="Composition_Type">Song</field><field name="composer_ss">Pete Townshend</field><field name="original_performer.Length">7</field><field name="original_performer">The Who</field><field name="composer_ss.Length">14</field><field name="Composition_Type.Length">4</field><field name="original_performer.MaximumLength"></field><field name="verb_ss">composed</field><field name="verb_ss">written</field><field name="verb_ss">authored</field><field name="verb_ss">wrote</field><field name="genres_ss">Rock</field><field name="verb_ss.Length">5</field><field name="verb_ss.MaximumLength"></field><field name="Composition_Type.MaximumLength"></field></doc><doc><field name="name">Little Surfer Girl</field><field name="id">http://www.semanticweb.org/tedsullivan/ontologies/2015/5/music-10#Little_Surfer_Girl</field><field name="related_entity1_ss">Beach Boys</field><field name="composer_ss.MaximumLength"></field><field name="path">/Song/Little Surfer Girl</field><field name="Composition_Type">Song</field><field name="composer_ss">Brian Wilson</field><field name="original_performer.Length">10</field><field name="original_performer">Beach Boys</field><field name="composer_ss.Length">12</field><field name="Composition_Type.Length">4</field><field name="original_performer.MaximumLength"></field><field name="verb_ss">composed</field><field name="verb_ss">written</field><field name="verb_ss">authored</field><field name="verb_ss">wrote</field><field name="genres_ss">Rock</field><field name="genres_ss">Surf Rock</field><field name="verb_ss.Length">5</field><field name="verb_ss.MaximumLength"></field><field name="Composition_Type.MaximumLength"></field></doc><doc><field name="name">The Lemon Song</field><field name="id">http://www.semanticweb.org/tedsullivan/ontologies/2015/5/music-10#The_Lemon_Song</field><field name="related_entity1_ss">Led Zeppelin</field><field name="composer_ss.MaximumLength"></field><field name="path">/Song/The Lemon Song</field><field name="Composition_Type">Song</field><field name="composer_ss">Jimmy Page</field><field name="composer_ss">John Bonham</field><field name="composer_ss">John Paul Jones</field><field name="composer_ss">Robert Plant</field><field name="original_performer.Length">12</field><field name="original_performer">Led Zeppelin</field><field name="composer_ss.Length">12</field><field name="Composition_Type.Length">4</field><field name="original_performer.MaximumLength"></field><field name="verb_ss">composed</field><field name="verb_ss">written</field><field name="verb_ss">authored</field><field name="verb_ss">wrote</field><field name="genres_ss">Rock</field><field name="verb_ss.Length">5</field><field name="verb_ss.MaximumLength"></field><field name="Composition_Type.MaximumLength"></field><field name="composer.Count">8</field></doc><doc><field name="name">Keep It In The Groove</field><field name="id">http://www.semanticweb.org/tedsullivan/ontologies/2015/5/music-10#Keep_It_In_The_Groove</field><field name="hasPerformer_ss">Mary Lou Williams</field><field name="Composition_Type.Length">4</field><field name="hasPerformer_ss.Length">17</field><field name="verb_ss">composed</field><field name="verb_ss">written</field><field name="verb_ss">authored</field><field name="verb_ss">wrote</field><field name="path">/Song/Keep It In The Groove</field><field name="Composition_Type">Song</field><field name="verb_ss.Length">5</field><field name="verb_ss.MaximumLength"></field><field name="Composition_Type.MaximumLength"></field><field name="hasPerformer_ss.MaximumLength"></field></doc><doc><field name="name">Unchain My Heart</field><field name="id">http://www.semanticweb.org/tedsullivan/ontologies/2015/5/music-10#Unchain_My_Heart</field><field name="composer_ss.Length">11</field><field name="hasPerformer_ss">Ray Charles</field><field name="Composition_Type.Length">4</field><field name="composer_ss.MaximumLength"></field><field name="hasPerformer_ss.Length">11</field><field name="verb_ss">composed</field><field name="verb_ss">written</field><field name="verb_ss">authored</field><field name="verb_ss">wrote</field><field name="path">/Song/Unchain My Heart</field><field name="Composition_Type">Song</field><field name="verb_ss.Length">5</field><field name="verb_ss.MaximumLength"></field><field name="Composition_Type.MaximumLength"></field><field name="composer_ss">Bobby Sharp</field><field name="hasPerformer_ss.MaximumLength"></field></doc><doc><field name="name">Beautiful</field><field name="id">http://www.semanticweb.org/tedsullivan/ontologies/2015/5/music-10#Beautiful</field><field name="related_entity1_ss">Lou Adler</field><field name="related_entity1_ss">Carole King</field><field name="composer_ss.MaximumLength"></field><field name="path">/Song/Beautiful</field><field name="Composition_Type">Song</field><field name="composer_ss">Carole King</field><field name="original_performer.Length">11</field><field name="original_performer">Carole King</field><field name="composer_ss.Length">11</field><field name="Composition_Type.Length">4</field><field name="original_performer.MaximumLength"></field><field name="verb_ss">composed</field><field name="verb_ss">written</field><field name="verb_ss">authored</field><field name="verb_ss">wrote</field><field name="genres_ss">Rock</field><field name="genres_ss">Soft Rock</field><field name="verb_ss.Length">5</field><field name="verb_ss.MaximumLength"></field><field name="Composition_Type.MaximumLength"></field></doc><doc><field name="name">Crazy For You</field><field name="id">http://www.semanticweb.org/tedsullivan/ontologies/2015/5/music-10#Crazy_For_You</field><field name="composer_ss.MaximumLength"></field><field name="hasGenre.Count">4</field><field name="path">/Song/Crazy For You</field><field name="lyricist_ss.Length">12</field><field name="Composition_Type">Song</field><field name="lyricist_ss">Ira Gershwin</field><field name="composer_ss">George Gershwin</field><field name="composer_ss.Length">15</field><field name="Composition_Type.Length">4</field><field name="lyricist_ss.MaximumLength"></field><field name="verb_ss">composed</field><field name="verb_ss">written</field><field name="verb_ss">authored</field><field name="verb_ss">wrote</field><field name="genres_ss">Jazz</field><field name="genres_ss">Popular</field><field name="verb_ss.Length">5</field><field name="verb_ss.MaximumLength"></field><field name="Composition_Type.MaximumLength"></field></doc><doc><field name="name">I've Got A Woman</field><field name="id">http://www.semanticweb.org/tedsullivan/ontologies/2015/5/music-10#Ive_Got_A_Woman</field><field name="composer_ss.Length">14</field><field name="hasPerformer_ss">Ray Charles</field><field name="Composition_Type.Length">4</field><field name="composer_ss.MaximumLength"></field><field name="hasPerformer_ss.Length">11</field><field name="verb_ss">composed</field><field name="verb_ss">written</field><field name="verb_ss">authored</field><field name="verb_ss">wrote</field><field name="path">/Song/I've Got A Woman</field><field name="Composition_Type">Song</field><field name="verb_ss.Length">5</field><field name="verb_ss.MaximumLength"></field><field name="Composition_Type.MaximumLength"></field><field name="composer_ss">Ray Charles</field><field name="composer_ss">Renald Richard</field><field name="composer.Count">4</field><field name="hasPerformer_ss.MaximumLength"></field></doc><doc><field name="name">Tragedy</field><field name="id">http://www.semanticweb.org/tedsullivan/ontologies/2015/5/music-10#Tragedy</field><field name="related_entity1_ss">Bee Gees</field><field name="composer_ss.MaximumLength"></field><field name="path">/Song/Tragedy</field><field name="Composition_Type">Song</field><field name="composer_ss">Barry Gibb</field><field name="composer_ss">Maurice Gibb</field><field name="composer_ss">Robin Gibb</field><field name="original_performer.Length">8</field><field name="original_performer">Bee Gees</field><field name="composer_ss.Length">10</field><field name="Composition_Type.Length">4</field><field name="original_performer.MaximumLength"></field><field name="verb_ss">composed</field><field name="verb_ss">written</field><field name="verb_ss">authored</field><field name="verb_ss">wrote</field><field name="verb_ss.Length">5</field><field name="verb_ss.MaximumLength"></field><field name="Composition_Type.MaximumLength"></field><field name="composer.Count">6</field></doc><doc><field name="name">Peggy Sue</field><field name="id">http://www.semanticweb.org/tedsullivan/ontologies/2015/5/music-10#Peggy_Sue</field><field name="related_entity1_ss">Buddy Holly and the Crickets</field><field name="composer_ss.MaximumLength"></field><field name="path">/Song/Peggy Sue</field><field name="Composition_Type">Song</field><field name="composer_ss">Buddy Holly</field><field name="composer_ss">Jerry Allison</field><field name="composer_ss">Norman Petty</field><field name="original_performer.Length">28</field><field name="original_performer">Buddy Holly and the Crickets</field><field name="composer_ss.Length">12</field><field name="Composition_Type.Length">4</field><field name="original_performer.MaximumLength"></field><field name="verb_ss">composed</field><field name="verb_ss">written</field><field name="verb_ss">authored</field><field name="verb_ss">wrote</field><field name="verb_ss.Length">5</field><field name="verb_ss.MaximumLength"></field><field name="Composition_Type.MaximumLength"></field><field name="composer.Count">6</field></doc><doc><field name="name">With A Little Help From My Friends</field><field name="id">http://www.semanticweb.org/tedsullivan/ontologies/2015/5/music-10#With_A_Little_Help_From_My_Friends</field><field name="related_entity1_ss">Beatles</field><field name="composer_ss.MaximumLength"></field><field name="path">/Song/With A Little Help From My Friends</field><field name="Composition_Type">Song</field><field name="composer_ss">John Lennon</field><field name="composer_ss">Paul McCartney</field><field name="original_performer.Length">7</field><field name="original_performer">Beatles</field><field name="composer_ss.Length">14</field><field name="Composition_Type.Length">4</field><field name="original_performer.MaximumLength"></field><field name="verb_ss">composed</field><field name="verb_ss">written</field><field name="verb_ss">authored</field><field name="verb_ss">wrote</field><field name="verb_ss.Length">5</field><field name="verb_ss.MaximumLength"></field><field name="Composition_Type.MaximumLength"></field><field name="composer.Count">4</field></doc><doc><field name="name">Baby Blue</field><field name="id">http://www.semanticweb.org/tedsullivan/ontologies/2015/5/music-10#Baby_Blue</field><field name="related_entity1_ss">Badfinger</field><field name="related_entity1_ss">Todd Rundgren</field><field name="composer_ss.MaximumLength"></field><field name="path">/Song/Baby Blue</field><field name="Composition_Type">Song</field><field name="composer_ss">Pete Ham</field><field name="original_performer.Length">9</field><field name="original_performer">Badfinger</field><field name="composer_ss.Length">8</field><field name="Composition_Type.Length">4</field><field name="original_performer.MaximumLength"></field><field name="verb_ss">composed</field><field name="verb_ss">written</field><field name="verb_ss">authored</field><field name="verb_ss">wrote</field><field name="genres_ss">Popular</field><field name="genres_ss">Power Pop</field><field name="verb_ss.Length">5</field><field name="verb_ss.MaximumLength"></field><field name="Composition_Type.MaximumLength"></field></doc><doc><field name="name">Girlfriend Is Better</field><field name="id">http://www.semanticweb.org/tedsullivan/ontologies/2015/5/music-10#Girlfriend_Is_Better</field><field name="related_entity1_ss">Talking Heads</field><field name="composer_ss.MaximumLength"></field><field name="path">/Song/Girlfriend Is Better</field><field name="Composition_Type">Song</field><field name="composer_ss">Chris Frantz</field><field name="composer_ss">David Byrne</field><field name="composer_ss">Jerry Harrison</field><field name="composer_ss">Tina Weymouth</field><field name="original_performer.Length">13</field><field name="original_performer">Talking Heads</field><field name="composer_ss.Length">13</field><field name="Composition_Type.Length">4</field><field name="original_performer.MaximumLength"></field><field name="verb_ss">composed</field><field name="verb_ss">written</field><field name="verb_ss">authored</field><field name="verb_ss">wrote</field><field name="genres_ss">Rock</field><field name="genres_ss">New Wave</field><field name="verb_ss.Length">5</field><field name="verb_ss.MaximumLength"></field><field name="Composition_Type.MaximumLength"></field><field name="composer.Count">8</field></doc><doc><field name="name">Levon</field><field name="id">http://www.semanticweb.org/tedsullivan/ontologies/2015/5/music-10#Levon</field><field name="related_entity1_ss">Elton John</field><field name="composer_ss.MaximumLength"></field><field name="path">/Song/Levon</field><field name="lyricist_ss.Length">13</field><field name="Composition_Type">Song</field><field name="lyricist_ss">Bernie Taupin</field><field name="composer_ss">Elton John</field><field name="original_performer.Length">10</field><field name="original_performer">Elton John</field><field name="composer_ss.Length">10</field><field name="Composition_Type.Length">4</field><field name="original_performer.MaximumLength"></field><field name="lyricist_ss.MaximumLength"></field><field name="verb_ss">composed</field><field name="verb_ss">written</field><field name="verb_ss">authored</field><field name="verb_ss">wrote</field><field name="verb_ss.Length">5</field><field name="verb_ss.MaximumLength"></field><field name="Composition_Type.MaximumLength"></field></doc><doc><field name="name">Wonderful Tonight</field><field name="id">http://www.semanticweb.org/tedsullivan/ontologies/2015/5/music-10#Wonderful_Tonight</field><field name="related_entity1_ss">Eric Clapton</field><field name="composer_ss.MaximumLength"></field><field name="path">/Song/Wonderful Tonight</field><field name="Composition_Type">Song</field><field name="composer_ss">Eric Clapton</field><field name="original_performer.Length">12</field><field name="original_performer">Eric Clapton</field><field name="composer_ss.Length">12</field><field name="Composition_Type.Length">4</field><field name="original_performer.MaximumLength"></field><field name="verb_ss">composed</field><field name="verb_ss">written</field><field name="verb_ss">authored</field><field name="verb_ss">wrote</field><field name="genres_ss">Rock</field><field name="genres_ss">Soft Rock</field><field name="verb_ss.Length">5</field><field name="verb_ss.MaximumLength"></field><field name="Composition_Type.MaximumLength"></field></doc><doc><field name="name">Willow Weep For Me</field><field name="id">http://www.semanticweb.org/tedsullivan/ontologies/2015/5/music-10#Willow_Weep_For_Me</field><field name="composer_ss.Length">10</field><field name="Composition_Type.Length">4</field><field name="composer_ss.MaximumLength"></field><field name="verb_ss">composed</field><field name="verb_ss">written</field><field name="verb_ss">authored</field><field name="verb_ss">wrote</field><field name="path">/Song/Willow Weep For Me</field><field name="Composition_Type">Song</field><field name="verb_ss.Length">5</field><field name="verb_ss.MaximumLength"></field><field name="Composition_Type.MaximumLength"></field><field name="composer_ss">Ann Ronell</field></doc><doc><field name="name">Girl Next Door Went A'walking</field><field name="id">http://www.semanticweb.org/tedsullivan/ontologies/2015/5/music-10#Girl_Next_Door_Went_Awalking</field><field name="related_entity1_ss">Thomas Wayne</field><field name="composer_ss.MaximumLength"></field><field name="path">/Song/Girl Next Door Went A'walking</field><field name="Composition_Type">Song</field><field name="composer_ss">Bill Rise</field><field name="composer_ss">Thomas Wayne</field><field name="original_performer.Length">12</field><field name="original_performer">Thomas Wayne</field><field name="composer_ss.Length">12</field><field name="Composition_Type.Length">4</field><field name="original_performer.MaximumLength"></field><field name="verb_ss">composed</field><field name="verb_ss">written</field><field name="verb_ss">authored</field><field name="verb_ss">wrote</field><field name="verb_ss.Length">5</field><field name="verb_ss.MaximumLength"></field><field name="Composition_Type.MaximumLength"></field><field name="composer.Count">4</field></doc><doc><field name="name">Thank You</field><field name="id">http://www.semanticweb.org/tedsullivan/ontologies/2015/5/music-10#Thank_You</field><field name="related_entity1_ss">Led Zeppelin</field><field name="composer_ss.MaximumLength"></field><field name="path">/Song/Thank You</field><field name="Composition_Type">Song</field><field name="composer_ss">Jimmy Page</field><field name="composer_ss">Robert Plant</field><field name="original_performer.Length">12</field><field name="original_performer">Led Zeppelin</field><field name="composer_ss.Length">12</field><field name="Composition_Type.Length">4</field><field name="original_performer.MaximumLength"></field><field name="verb_ss">composed</field><field name="verb_ss">written</field><field name="verb_ss">authored</field><field name="verb_ss">wrote</field><field name="genres_ss">Rock</field><field name="verb_ss.Length">5</field><field name="verb_ss.MaximumLength"></field><field name="Composition_Type.MaximumLength"></field><field name="composer.Count">4</field></doc><doc><field name="name">She Never Cried In Front Of Me</field><field name="id">http://www.semanticweb.org/tedsullivan/ontologies/2015/5/music-10#She_Never_Cried_In_Front_Of_Me</field><field name="composer_ss.Length">10</field><field name="Composition_Type.Length">4</field><field name="composer_ss.MaximumLength"></field><field name="verb_ss">composed</field><field name="verb_ss">written</field><field name="verb_ss">authored</field><field name="verb_ss">wrote</field><field name="path">/Song/She Never Cried In Front Of Me</field><field name="Composition_Type">Song</field><field name="genres_ss">Country</field><field name="verb_ss.Length">5</field><field name="verb_ss.MaximumLength"></field><field name="Composition_Type.MaximumLength"></field><field name="composer_ss">Bobby Pinson</field><field name="composer_ss">Toby Keith</field><field name="composer.Count">4</field></doc><doc><field name="name">Unbelievable</field><field name="id">http://www.semanticweb.org/tedsullivan/ontologies/2015/5/music-10#Unbelievable</field><field name="composer_ss.Length">9</field><field name="Composition_Type.Length">4</field><field name="composer_ss.MaximumLength"></field><field name="verb_ss">composed</field><field name="verb_ss">written</field><field name="verb_ss">authored</field><field name="verb_ss">wrote</field><field name="path">/Song/Unbelievable</field><field name="Composition_Type">Song</field><field name="verb_ss.Length">5</field><field name="verb_ss.MaximumLength"></field><field name="Composition_Type.MaximumLength"></field><field name="composer_ss">Bob Dylan</field></doc><doc><field name="name">Da Ya Think I'm Sexy?</field><field name="id">http://www.semanticweb.org/tedsullivan/ontologies/2015/5/music-10#Da_Ya_Think_Im_Sexy</field><field name="composer_ss.Length">11</field><field name="hasPerformer_ss">Rod Stewart</field><field name="Composition_Type.Length">4</field><field name="composer_ss.MaximumLength"></field><field name="hasPerformer_ss.Length">11</field><field name="verb_ss">composed</field><field name="verb_ss">written</field><field name="verb_ss">authored</field><field name="verb_ss">wrote</field><field name="path">/Song/Da Ya Think I'm Sexy?</field><field name="Composition_Type">Song</field><field name="verb_ss.Length">5</field><field name="verb_ss.MaximumLength"></field><field name="Composition_Type.MaximumLength"></field><field name="composer_ss">Carmine Appice</field><field name="composer_ss">Rod Stewart</field><field name="composer.Count">4</field><field name="hasPerformer_ss.MaximumLength"></field></doc><doc><field name="name">Nick Of Time</field><field name="id">http://www.semanticweb.org/tedsullivan/ontologies/2015/5/music-10#Nick_Of_Time</field><field name="composer_ss.Length">12</field><field name="hasPerformer_ss">Bonnie Raitt</field><field name="Composition_Type.Length">4</field><field name="composer_ss.MaximumLength"></field><field name="hasPerformer_ss.Length">12</field><field name="verb_ss">composed</field><field name="verb_ss">written</field><field name="verb_ss">authored</field><field name="verb_ss">wrote</field><field name="path">/Song/Nick Of Time</field><field name="Composition_Type">Song</field><field name="verb_ss.Length">5</field><field name="verb_ss.MaximumLength"></field><field name="Composition_Type.MaximumLength"></field><field name="composer_ss">Bonnie Raitt</field><field name="hasPerformer_ss.MaximumLength"></field></doc><doc><field name="name">Roll Over Beethoven</field><field name="id">http://www.semanticweb.org/tedsullivan/ontologies/2015/5/music-10#Roll_Over_Beethoven</field><field name="related_entity1_ss">Chuck Berry</field><field name="composer_ss.MaximumLength"></field><field name="path">/Song/Roll Over Beethoven</field><field name="Composition_Type">Song</field><field name="composer_ss">Chuck Berry</field><field name="original_performer.Length">11</field><field name="original_performer">Chuck Berry</field><field name="composer_ss.Length">11</field><field name="Composition_Type.Length">4</field><field name="original_performer.MaximumLength"></field><field name="verb_ss">composed</field><field name="verb_ss">written</field><field name="verb_ss">authored</field><field name="verb_ss">wrote</field><field name="genres_ss">Rock</field><field name="genres_ss">Rock &amp; Roll</field><field name="verb_ss.Length">5</field><field name="verb_ss.MaximumLength"></field><field name="Composition_Type.MaximumLength"></field></doc><doc><field name="name">Four Sticks</field><field name="id">http://www.semanticweb.org/tedsullivan/ontologies/2015/5/music-10#Four_Sticks</field><field name="related_entity1_ss">Led Zeppelin</field><field name="composer_ss.MaximumLength"></field><field name="path">/Song/Four Sticks</field><field name="Composition_Type">Song</field><field name="composer_ss">Jimmy Page</field><field name="composer_ss">Robert Plant</field><field name="original_performer.Length">12</field><field name="original_performer">Led Zeppelin</field><field name="composer_ss.Length">12</field><field name="Composition_Type.Length">4</field><field name="original_performer.MaximumLength"></field><field name="verb_ss">composed</field><field name="verb_ss">written</field><field name="verb_ss">authored</field><field name="verb_ss">wrote</field><field name="genres_ss">Rock</field><field name="verb_ss.Length">5</field><field name="verb_ss.MaximumLength"></field><field name="Composition_Type.MaximumLength"></field><field name="composer.Count">4</field></doc><doc><field name="name">I Heard It Through The Grapevine</field><field name="id">http://www.semanticweb.org/tedsullivan/ontologies/2015/5/music-10#I_Heard_It_Through_the_Grapevine</field><field name="hasPerformer_ss">Creedence Clearwater Revival</field><field name="hasPerformer_ss">Gladys Knight and the Pips</field><field name="hasPerformer_ss">Marvin Gaye</field><field name="performers.Length">13</field><field name="composer_ss.MaximumLength"></field><field name="hasPerformer_ss.Length">11</field><field name="hasPerformer.Count">6</field><field name="path">/Song/I Heard It Through The Grapevine</field><field name="Composition_Type">Song</field><field name="composer_ss">Barrett Strong</field><field name="composer_ss">Norman Whitfield</field><field name="composer_ss.Length">16</field><field name="performers.MaximumLength"></field><field name="Composition_Type.Length">4</field><field name="verb_ss">composed</field><field name="verb_ss">written</field><field name="verb_ss">authored</field><field name="verb_ss">wrote</field><field name="verb_ss.Length">5</field><field name="verb_ss.MaximumLength"></field><field name="Composition_Type.MaximumLength"></field><field name="composer.Count">4</field><field name="hasPerformer_ss.MaximumLength"></field></doc><doc><field name="name">Sad Eyed Lady Of The Lowlands</field><field name="id">http://www.semanticweb.org/tedsullivan/ontologies/2015/5/music-10#Sad_Eyed_Lady_Of_The_Lowlands</field><field name="related_entity1_ss">Bob Dylan</field><field name="composer_ss.MaximumLength"></field><field name="path">/Song/Sad Eyed Lady Of The Lowlands</field><field name="Composition_Type">Song</field><field name="composer_ss">Bob Dylan</field><field name="original_performer.Length">9</field><field name="original_performer">Bob Dylan</field><field name="composer_ss.Length">9</field><field name="Composition_Type.Length">4</field><field name="original_performer.MaximumLength"></field><field name="verb_ss">composed</field><field name="verb_ss">written</field><field name="verb_ss">authored</field><field name="verb_ss">wrote</field><field name="genres_ss">Folk</field><field name="genres_ss">Folk Rock</field><field name="genres_ss">Rock</field><field name="verb_ss.Length">5</field><field name="verb_ss.MaximumLength"></field><field name="Composition_Type.MaximumLength"></field></doc><doc><field name="name">Wagon Wheel</field><field name="id">http://www.semanticweb.org/tedsullivan/ontologies/2015/5/music-10#Wagon_Wheel</field><field name="composer_ss.Length">8</field><field name="Composition_Type.Length">4</field><field name="composer_ss.MaximumLength"></field><field name="verb_ss">composed</field><field name="verb_ss">written</field><field name="verb_ss">authored</field><field name="verb_ss">wrote</field><field name="path">/Song/Wagon Wheel</field><field name="Composition_Type">Song</field><field name="verb_ss.Length">5</field><field name="verb_ss.MaximumLength"></field><field name="Composition_Type.MaximumLength"></field><field name="composer_ss">Lou Reed</field></doc><doc><field name="name">Suite: Judy Blue Eyes</field><field name="id">http://www.semanticweb.org/tedsullivan/ontologies/2015/5/music-10#Suite_Judy_Blue_Eyes</field><field name="composer_ss.Length">14</field><field name="Composition_Type.Length">4</field><field name="composer_ss.MaximumLength"></field><field name="verb_ss">composed</field><field name="verb_ss">written</field><field name="verb_ss">authored</field><field name="verb_ss">wrote</field><field name="path">/Song/Suite: Judy Blue Eyes</field><field name="Composition_Type">Song</field><field name="genres_ss">Folk</field><field name="genres_ss">Folk Rock</field><field name="genres_ss">Rock</field><field name="verb_ss.Length">5</field><field name="verb_ss.MaximumLength"></field><field name="Composition_Type.MaximumLength"></field><field name="composer_ss">Stephen Stills</field></doc><doc><field name="name">Come What May</field><field name="id">http://www.semanticweb.org/tedsullivan/ontologies/2015/5/music-10#Come_What_May</field><field name="composer_ss.Length">14</field><field name="Composition_Type.Length">4</field><field name="composer_ss.MaximumLength"></field><field name="verb_ss">composed</field><field name="verb_ss">written</field><field name="verb_ss">authored</field><field name="verb_ss">wrote</field><field name="hasGenre.Count">4</field><field name="path">/Song/Come What May</field><field name="Composition_Type">Song</field><field name="genres_ss">Popular</field><field name="genres_ss">Broadway</field><field name="genres_ss">Pop</field><field name="verb_ss.Length">5</field><field name="verb_ss.MaximumLength"></field><field name="Composition_Type.MaximumLength"></field><field name="composer_ss">David Baerwald</field></doc><doc><field name="name">Goodbye Blue Sky</field><field name="id">http://www.semanticweb.org/tedsullivan/ontologies/2015/5/music-10#Goodbye_Blue_Sky</field><field name="related_entity1_ss">Pink Floyd</field><field name="composer_ss.MaximumLength"></field><field name="path">/Song/Goodbye Blue Sky</field><field name="Composition_Type">Song</field><field name="composer_ss">Roger Waters</field><field name="original_performer.Length">10</field><field name="original_performer">Pink Floyd</field><field name="composer_ss.Length">12</field><field name="Composition_Type.Length">4</field><field name="original_performer.MaximumLength"></field><field name="verb_ss">composed</field><field name="verb_ss">written</field><field name="verb_ss">authored</field><field name="verb_ss">wrote</field><field name="genres_ss">Rock</field><field name="genres_ss">Progressive Rock</field><field name="verb_ss.Length">5</field><field name="verb_ss.MaximumLength"></field><field name="Composition_Type.MaximumLength"></field></doc><doc><field name="name">Lady Marmalade</field><field name="id">http://www.semanticweb.org/tedsullivan/ontologies/2015/5/music-10#Voulez-vous_Coucher_Avec_Moi</field><field name="composer_ss.Length">11</field><field name="hasPerformer_ss">LaBelle</field><field name="Composition_Type.Length">4</field><field name="composer_ss.MaximumLength"></field><field name="hasPerformer_ss.Length">7</field><field name="verb_ss">composed</field><field name="verb_ss">written</field><field name="verb_ss">authored</field><field name="verb_ss">wrote</field><field name="path">/Song/Lady Marmalade</field><field name="synonym">Voulez-vous Coucher Avec Moi Ce Soir</field><field name="Composition_Type">Song</field><field name="verb_ss.Length">5</field><field name="verb_ss.MaximumLength"></field><field name="Composition_Type.MaximumLength"></field><field name="composer_ss">Bob Crewe</field><field name="composer_ss">Kenny Nolan</field><field name="composer.Count">4</field><field name="hasPerformer_ss.MaximumLength"></field></doc><doc><field name="name">One Slip</field><field name="id">http://www.semanticweb.org/tedsullivan/ontologies/2015/5/music-10#One_Slip</field><field name="related_entity1_ss">Pink Floyd</field><field name="composer_ss.MaximumLength"></field><field name="path">/Song/One Slip</field><field name="Composition_Type">Song</field><field name="composer_ss">David Gilmour</field><field name="composer_ss">Phil Manzanera</field><field name="original_performer.Length">10</field><field name="original_performer">Pink Floyd</field><field name="composer_ss.Length">14</field><field name="Composition_Type.Length">4</field><field name="original_performer.MaximumLength"></field><field name="verb_ss">composed</field><field name="verb_ss">written</field><field name="verb_ss">authored</field><field name="verb_ss">wrote</field><field name="genres_ss">Rock</field><field name="genres_ss">Progressive Rock</field><field name="verb_ss.Length">5</field><field name="verb_ss.MaximumLength"></field><field name="Composition_Type.MaximumLength"></field><field name="composer.Count">4</field></doc><doc><field name="name">Strawberry Fields Forever</field><field name="id">http://www.semanticweb.org/tedsullivan/ontologies/2015/5/music-10#Strawberry_Fields_Forever</field><field name="related_entity1_ss">Beatles</field><field name="composer_ss.MaximumLength"></field><field name="path">/Song/Strawberry Fields Forever</field><field name="Composition_Type">Song</field><field name="composer_ss">John Lennon</field><field name="composer_ss">Paul McCartney</field><field name="original_performer.Length">7</field><field name="original_performer">Beatles</field><field name="composer_ss.Length">14</field><field name="Composition_Type.Length">4</field><field name="original_performer.MaximumLength"></field><field name="verb_ss">composed</field><field name="verb_ss">written</field><field name="verb_ss">authored</field><field name="verb_ss">wrote</field><field name="verb_ss.Length">5</field><field name="verb_ss.MaximumLength"></field><field name="Composition_Type.MaximumLength"></field><field name="composer.Count">4</field></doc><doc><field name="name">Dawn Is A Feeling</field><field name="id">http://www.semanticweb.org/tedsullivan/ontologies/2015/5/music-10#Dawn_Is_a_Feeling</field><field name="related_entity1_ss">Moody Blues</field><field name="composer_ss.MaximumLength"></field><field name="path">/Song/Dawn Is A Feeling</field><field name="Composition_Type">Song</field><field name="composer_ss">Mike Pinder</field><field name="original_performer.Length">11</field><field name="original_performer">Moody Blues</field><field name="composer_ss.Length">11</field><field name="Composition_Type.Length">4</field><field name="original_performer.MaximumLength"></field><field name="verb_ss">composed</field><field name="verb_ss">written</field><field name="verb_ss">authored</field><field name="verb_ss">wrote</field><field name="genres_ss">Rock</field><field name="genres_ss">Symphonic Rock</field><field name="verb_ss.Length">5</field><field name="verb_ss.MaximumLength"></field><field name="Composition_Type.MaximumLength"></field></doc><doc><field name="name">Rhiannon</field><field name="id">http://www.semanticweb.org/tedsullivan/ontologies/2015/5/music-10#Rhiannon</field><field name="composer_ss.Length">12</field><field name="Composition_Type.Length">4</field><field name="composer_ss.MaximumLength"></field><field name="verb_ss">composed</field><field name="verb_ss">written</field><field name="verb_ss">authored</field><field name="verb_ss">wrote</field><field name="path">/Song/Rhiannon</field><field name="Composition_Type">Song</field><field name="genres_ss">Rock</field><field name="genres_ss">Soft Rock</field><field name="verb_ss.Length">5</field><field name="verb_ss.MaximumLength"></field><field name="Composition_Type.MaximumLength"></field><field name="composer_ss">Stevie Nicks</field></doc><doc><field name="name">T'ain't What You Do (It's the Way That You Do It)</field><field name="id">http://www.semanticweb.org/tedsullivan/ontologies/2015/5/music-10#Taint_What_You_Do_Its_the_Way_That_You_Do_It</field><field name="composer_ss.Length">12</field><field name="Composition_Type.Length">4</field><field name="composer_ss.MaximumLength"></field><field name="verb_ss">composed</field><field name="verb_ss">written</field><field name="verb_ss">authored</field><field name="verb_ss">wrote</field><field name="path">/Song/T'ain't What You Do (It's the Way That You Do It)</field><field name="Composition_Type">Song</field><field name="verb_ss.Length">5</field><field name="verb_ss.MaximumLength"></field><field name="Composition_Type.MaximumLength"></field><field name="composer_ss">Sy Oliver</field><field name="composer_ss">Trummy Young</field><field name="composer.Count">4</field></doc><doc><field name="name">I Go To Extremes</field><field name="id">http://www.semanticweb.org/tedsullivan/ontologies/2015/5/music-10#I_Go_To_Extremes</field><field name="related_entity1_ss">Billy Joel</field><field name="composer_ss.MaximumLength"></field><field name="path">/Song/I Go To Extremes</field><field name="Composition_Type">Song</field><field name="composer_ss">Billy Joel</field><field name="original_performer.Length">10</field><field name="original_performer">Billy Joel</field><field name="composer_ss.Length">10</field><field name="Composition_Type.Length">4</field><field name="original_performer.MaximumLength"></field><field name="verb_ss">composed</field><field name="verb_ss">written</field><field name="verb_ss">authored</field><field name="verb_ss">wrote</field><field name="genres_ss">Rock</field><field name="verb_ss.Length">5</field><field name="verb_ss.MaximumLength"></field><field name="Composition_Type.MaximumLength"></field></doc><doc><field name="name">Make Love to Me</field><field name="id">http://www.semanticweb.org/tedsullivan/ontologies/2015/5/music-10#Make_Love_to_Me</field><field name="composer_ss.Length">14</field><field name="Composition_Type.Length">4</field><field name="composer_ss.MaximumLength"></field><field name="verb_ss">composed</field><field name="verb_ss">written</field><field name="verb_ss">authored</field><field name="verb_ss">wrote</field><field name="path">/Song/Make Love to Me</field><field name="Composition_Type">Song</field><field name="verb_ss.Length">5</field><field name="verb_ss.MaximumLength"></field><field name="Composition_Type.MaximumLength"></field><field name="composer_ss">Alan Copeland</field><field name="composer_ss">Ben Pollack</field><field name="composer_ss">Bill Norvas</field><field name="composer_ss">George Brunies</field><field name="composer_ss">Leon Roppolo</field><field name="composer_ss">Mel Stitzel</field><field name="composer_ss">Paul Mares</field><field name="composer_ss">Walter Melrose</field><field name="composer.Count">16</field></doc><doc><field name="name">Coconut</field><field name="id">http://www.semanticweb.org/tedsullivan/ontologies/2015/5/music-10#Coconut</field><field name="composer_ss.Length">13</field><field name="related_entity1_ss">Harry Nilsson</field><field name="Composition_Type.Length">4</field><field name="composer_ss.MaximumLength"></field><field name="original_performer.MaximumLength"></field><field name="verb_ss">composed</field><field name="verb_ss">written</field><field name="verb_ss">authored</field><field name="verb_ss">wrote</field><field name="path">/Song/Coconut</field><field name="Composition_Type">Song</field><field name="verb_ss.Length">5</field><field name="verb_ss.MaximumLength"></field><field name="Composition_Type.MaximumLength"></field><field name="composer_ss">Harry Nilsson</field><field name="original_performer.Length">13</field><field name="original_performer">Harry Nilsson</field></doc><doc><field name="name">Think For Yourself</field><field name="id">http://www.semanticweb.org/tedsullivan/ontologies/2015/5/music-10#Think_For_Yourself</field><field name="related_entity1_ss">Beatles</field><field name="composer_ss.MaximumLength"></field><field name="path">/Song/Think For Yourself</field><field name="Composition_Type">Song</field><field name="composer_ss">George Harrison</field><field name="original_performer.Length">7</field><field name="original_performer">Beatles</field><field name="composer_ss.Length">15</field><field name="Composition_Type.Length">4</field><field name="original_performer.MaximumLength"></field><field name="verb_ss">composed</field><field name="verb_ss">written</field><field name="verb_ss">authored</field><field name="verb_ss">wrote</field><field name="genres_ss">Rock</field><field name="verb_ss.Length">5</field><field name="verb_ss.MaximumLength"></field><field name="Composition_Type.MaximumLength"></field></doc><doc><field name="name">Come Together</field><field name="id">http://www.semanticweb.org/tedsullivan/ontologies/2015/5/music-10#Come_Together</field><field name="related_entity1_ss">Beatles</field><field name="related_entity1_ss">George Benson</field><field name="composer_ss.MaximumLength"></field><field name="path">/Song/Come Together</field><field name="Composition_Type">Song</field><field name="composer_ss">John Lennon</field><field name="composer_ss">Paul McCartney</field><field name="original_performer.Length">7</field><field name="original_performer">Beatles</field><field name="composer_ss.Length">14</field><field name="Composition_Type.Length">4</field><field name="original_performer.MaximumLength"></field><field name="verb_ss">composed</field><field name="verb_ss">written</field><field name="verb_ss">authored</field><field name="verb_ss">wrote</field><field name="genres_ss">Rock</field><field name="verb_ss.Length">5</field><field name="verb_ss.MaximumLength"></field><field name="Composition_Type.MaximumLength"></field><field name="composer.Count">4</field></doc><doc><field name="name">Maggie Mae</field><field name="id">http://www.semanticweb.org/tedsullivan/ontologies/2015/5/music-10#Maggie_Mae</field><field name="composer_ss.Length">11</field><field name="Composition_Type.Length">4</field><field name="composer_ss.MaximumLength"></field><field name="verb_ss">composed</field><field name="verb_ss">written</field><field name="verb_ss">authored</field><field name="verb_ss">wrote</field><field name="path">/Song/Maggie Mae</field><field name="Composition_Type">Song</field><field name="verb_ss.Length">5</field><field name="verb_ss.MaximumLength"></field><field name="Composition_Type.MaximumLength"></field><field name="composer_ss">Traditional</field></doc><doc><field name="name">Stella By Starlight</field><field name="id">http://www.semanticweb.org/tedsullivan/ontologies/2015/5/music-10#Stella_By_Starlight</field><field name="composer_ss.Length">12</field><field name="Composition_Type.Length">4</field><field name="composer_ss.MaximumLength"></field><field name="verb_ss">composed</field><field name="verb_ss">written</field><field name="verb_ss">authored</field><field name="verb_ss">wrote</field><field name="path">/Song/Stella By Starlight</field><field name="Composition_Type">Song</field><field name="genres_ss">Jazz</field><field name="verb_ss.Length">5</field><field name="verb_ss.MaximumLength"></field><field name="Composition_Type.MaximumLength"></field><field name="composer_ss">Victor Young</field></doc><doc><field name="name">Prelude to Joanie</field><field name="id">http://www.semanticweb.org/tedsullivan/ontologies/2015/5/music-10#Prelude_to_Joanie</field><field name="composer_ss.Length">12</field><field name="performers.MaximumLength"></field><field name="hasPerformer_ss">Aerosmith</field><field name="performers.Length">11</field><field name="Composition_Type.Length">4</field><field name="composer_ss.MaximumLength"></field><field name="hasPerformer_ss.Length">9</field><field name="verb_ss">composed</field><field name="verb_ss">written</field><field name="verb_ss">authored</field><field name="verb_ss">wrote</field><field name="path">/Song/Prelude to Joanie</field><field name="Composition_Type">Song</field><field name="verb_ss.Length">5</field><field name="verb_ss.MaximumLength"></field><field name="Composition_Type.MaximumLength"></field><field name="composer_ss">Steven Tyler</field><field name="hasPerformer_ss.MaximumLength"></field></doc><doc><field name="name">Baby Got Back</field><field name="id">http://www.semanticweb.org/tedsullivan/ontologies/2015/5/music-10#Baby_Got_Back</field><field name="Composition_Type.Length">4</field><field name="verb_ss">composed</field><field name="verb_ss">written</field><field name="verb_ss">authored</field><field name="verb_ss">wrote</field><field name="path">/Song/Baby Got Back</field><field name="Composition_Type">Song</field><field name="verb_ss.Length">5</field><field name="verb_ss.MaximumLength"></field><field name="Composition_Type.MaximumLength"></field></doc><doc><field name="name">Country Roads</field><field name="id">http://www.semanticweb.org/tedsullivan/ontologies/2015/5/music-10#Country_Roads</field><field name="composer_ss.Length">11</field><field name="Composition_Type.Length">4</field><field name="composer_ss.MaximumLength"></field><field name="verb_ss">composed</field><field name="verb_ss">written</field><field name="verb_ss">authored</field><field name="verb_ss">wrote</field><field name="path">/Song/Country Roads</field><field name="Composition_Type">Song</field><field name="genres_ss">Country</field><field name="genres_ss">Country Rock</field><field name="genres_ss">Rock</field><field name="verb_ss.Length">5</field><field name="verb_ss.MaximumLength"></field><field name="Composition_Type.MaximumLength"></field><field name="composer_ss">John Denver</field></doc><doc><field name="name">Maggie May</field><field name="id">http://www.semanticweb.org/tedsullivan/ontologies/2015/5/music-10#Maggie_May</field><field name="related_entity1_ss">Rod Stewart</field><field name="composer_ss.MaximumLength"></field><field name="path">/Song/Maggie May</field><field name="Composition_Type">Song</field><field name="composer_ss">Martin Quittenton</field><field name="composer_ss">Rod Stewart</field><field name="original_performer.Length">11</field><field name="original_performer">Rod Stewart</field><field name="composer_ss.Length">11</field><field name="Composition_Type.Length">4</field><field name="original_performer.MaximumLength"></field><field name="verb_ss">composed</field><field name="verb_ss">written</field><field name="verb_ss">authored</field><field name="verb_ss">wrote</field><field name="verb_ss.Length">5</field><field name="verb_ss.MaximumLength"></field><field name="Composition_Type.MaximumLength"></field><field name="composer.Count">4</field></doc><doc><field name="name">Cry Baby</field><field name="id">http://www.semanticweb.org/tedsullivan/ontologies/2015/5/music-10#Cry_Baby</field><field name="composer_ss.Length">13</field><field name="hasPerformer_ss">Janis Joplin</field><field name="Composition_Type.Length">4</field><field name="composer_ss.MaximumLength"></field><field name="hasPerformer_ss.Length">12</field><field name="verb_ss">composed</field><field name="verb_ss">written</field><field name="verb_ss">authored</field><field name="verb_ss">wrote</field><field name="path">/Song/Cry Baby</field><field name="Composition_Type">Song</field><field name="verb_ss.Length">5</field><field name="verb_ss.MaximumLength"></field><field name="Composition_Type.MaximumLength"></field><field name="composer_ss">Bert Berns</field><field name="composer_ss">Jerry Ragovoy</field><field name="composer.Count">4</field><field name="hasPerformer_ss.MaximumLength"></field></doc><doc><field name="name">Memories Of You</field><field name="id">http://www.semanticweb.org/tedsullivan/ontologies/2015/5/music-10#Memories_Of_You</field><field name="related_entity1_ss">Erroll Garner</field><field name="composer_ss.MaximumLength"></field><field name="path">/Song/Memories Of You</field><field name="lyricist_ss.Length">10</field><field name="Composition_Type">Song</field><field name="lyricist_ss">Andy Razaf</field><field name="composer_ss">Eubie Blake</field><field name="composer_ss.Length">11</field><field name="Composition_Type.Length">4</field><field name="lyricist_ss.MaximumLength"></field><field name="verb_ss">composed</field><field name="verb_ss">written</field><field name="verb_ss">authored</field><field name="verb_ss">wrote</field><field name="verb_ss.Length">5</field><field name="verb_ss.MaximumLength"></field><field name="Composition_Type.MaximumLength"></field></doc><doc><field name="name">I Shot The Sheriff</field><field name="id">http://www.semanticweb.org/tedsullivan/ontologies/2015/5/music-10#I_Shot_The_Sheriff</field><field name="related_entity1_ss">Bob Marley and the Wailers</field><field name="composer_ss.MaximumLength"></field><field name="path">/Song/I Shot The Sheriff</field><field name="Composition_Type">Song</field><field name="composer_ss">Bob Marley</field><field name="original_performer.Length">26</field><field name="original_performer">Bob Marley and the Wailers</field><field name="composer_ss.Length">10</field><field name="Composition_Type.Length">4</field><field name="original_performer.MaximumLength"></field><field name="verb_ss">composed</field><field name="verb_ss">written</field><field name="verb_ss">authored</field><field name="verb_ss">wrote</field><field name="genres_ss">Rock</field><field name="genres_ss">Reggae</field><field name="verb_ss.Length">5</field><field name="verb_ss.MaximumLength"></field><field name="Composition_Type.MaximumLength"></field></doc><doc><field name="name">The Acid Queen</field><field name="id">http://www.semanticweb.org/tedsullivan/ontologies/2015/5/music-10#The_Acid_Queen</field><field name="related_entity1_ss">The Who</field><field name="composer_ss.MaximumLength"></field><field name="path">/Song/The Acid Queen</field><field name="Composition_Type">Song</field><field name="composer_ss">Pete Townshend</field><field name="original_performer.Length">7</field><field name="original_performer">The Who</field><field name="composer_ss.Length">14</field><field name="Composition_Type.Length">4</field><field name="original_performer.MaximumLength"></field><field name="verb_ss">composed</field><field name="verb_ss">written</field><field name="verb_ss">authored</field><field name="verb_ss">wrote</field><field name="genres_ss">Rock</field><field name="verb_ss.Length">5</field><field name="verb_ss.MaximumLength"></field><field name="Composition_Type.MaximumLength"></field></doc><doc><field name="name">Tangled Up In Blue</field><field name="id">http://www.semanticweb.org/tedsullivan/ontologies/2015/5/music-10#Tangled_Up_In_Blue</field><field name="related_entity1_ss">Bob Dylan</field><field name="composer_ss.MaximumLength"></field><field name="path">/Song/Tangled Up In Blue</field><field name="Composition_Type">Song</field><field name="composer_ss">Bob Dylan</field><field name="original_performer.Length">9</field><field name="original_performer">Bob Dylan</field><field name="composer_ss.Length">9</field><field name="Composition_Type.Length">4</field><field name="original_performer.MaximumLength"></field><field name="verb_ss">composed</field><field name="verb_ss">written</field><field name="verb_ss">authored</field><field name="verb_ss">wrote</field><field name="genres_ss">Folk</field><field name="genres_ss">Folk Rock</field><field name="genres_ss">Rock</field><field name="verb_ss.Length">5</field><field name="verb_ss.MaximumLength"></field><field name="Composition_Type.MaximumLength"></field></doc><doc><field name="name">Earth Angel</field><field name="id">http://www.semanticweb.org/tedsullivan/ontologies/2015/5/music-10#Earth_Angel</field><field name="composer_ss.Length">12</field><field name="Composition_Type.Length">4</field><field name="composer_ss.MaximumLength"></field><field name="verb_ss">composed</field><field name="verb_ss">written</field><field name="verb_ss">authored</field><field name="verb_ss">wrote</field><field name="path">/Song/Earth Angel</field><field name="Composition_Type">Song</field><field name="genres_ss">Popular</field><field name="genres_ss">Oldies</field><field name="genres_ss">Rock</field><field name="verb_ss.Length">5</field><field name="verb_ss.MaximumLength"></field><field name="Composition_Type.MaximumLength"></field><field name="composer_ss">Curtis Williams</field><field name="composer_ss">Jesse Belvin</field><field name="composer.Count">4</field></doc><doc><field name="name">Harder to Breathe</field><field name="id">http://www.semanticweb.org/tedsullivan/ontologies/2015/5/music-10#Harder_to_Breathe</field><field name="related_entity1_ss">Maroon 5</field><field name="composer_ss.MaximumLength"></field><field name="hasGenre.Count">4</field><field name="path">/Song/Harder to Breathe</field><field name="Composition_Type">Song</field><field name="composer_ss">Adam Levine</field><field name="composer_ss">Jesse Carmichael</field><field name="original_performer.Length">8</field><field name="original_performer">Maroon 5</field><field name="composer_ss.Length">16</field><field name="Composition_Type.Length">4</field><field name="original_performer.MaximumLength"></field><field name="verb_ss">composed</field><field name="verb_ss">written</field><field name="verb_ss">authored</field><field name="verb_ss">wrote</field><field name="genres_ss">Rock</field><field name="genres_ss">Alternative Rock</field><field name="genres_ss">Funk Rock</field><field name="verb_ss.Length">5</field><field name="verb_ss.MaximumLength"></field><field name="Composition_Type.MaximumLength"></field><field name="composer.Count">4</field></doc><doc><field name="name">If I Needed Someone</field><field name="id">http://www.semanticweb.org/tedsullivan/ontologies/2015/5/music-10#If_I_Needed_Someone</field><field name="composer_ss.Length">15</field><field name="related_entity1_ss">Beatles</field><field name="Composition_Type.Length">4</field><field name="composer_ss.MaximumLength"></field><field name="original_performer.MaximumLength"></field><field name="verb_ss">composed</field><field name="verb_ss">written</field><field name="verb_ss">authored</field><field name="verb_ss">wrote</field><field name="path">/Song/If I Needed Someone</field><field name="Composition_Type">Song</field><field name="verb_ss.Length">5</field><field name="verb_ss.MaximumLength"></field><field name="Composition_Type.MaximumLength"></field><field name="composer_ss">George Harrison</field><field name="original_performer.Length">7</field><field name="original_performer">Beatles</field></doc><doc><field name="name">And The Healing Has Begun</field><field name="id">http://www.semanticweb.org/tedsullivan/ontologies/2015/5/music-10#And_The_Healing_Has_Begun</field><field name="related_entity1_ss">Van Morrison</field><field name="composer_ss.MaximumLength"></field><field name="path">/Song/And The Healing Has Begun</field><field name="Composition_Type">Song</field><field name="composer_ss">Van Morrison</field><field name="original_performer.Length">12</field><field name="original_performer">Van Morrison</field><field name="composer_ss.Length">12</field><field name="Composition_Type.Length">4</field><field name="original_performer.MaximumLength"></field><field name="verb_ss">composed</field><field name="verb_ss">written</field><field name="verb_ss">authored</field><field name="verb_ss">wrote</field><field name="genres_ss">Rock</field><field name="verb_ss.Length">5</field><field name="verb_ss.MaximumLength"></field><field name="Composition_Type.MaximumLength"></field></doc><doc><field name="name">Traveling Riverside Blues</field><field name="id">http://www.semanticweb.org/tedsullivan/ontologies/2015/5/music-10#Traveling_Riverside_Blues</field><field name="related_entity1_ss">Robert Johnson</field><field name="composer_ss.MaximumLength"></field><field name="path">/Song/Traveling Riverside Blues</field><field name="Composition_Type">Song</field><field name="composer_ss">Robert Johnson</field><field name="original_performer.Length">14</field><field name="original_performer">Robert Johnson</field><field name="composer_ss.Length">14</field><field name="Composition_Type.Length">4</field><field name="original_performer.MaximumLength"></field><field name="verb_ss">composed</field><field name="verb_ss">written</field><field name="verb_ss">authored</field><field name="verb_ss">wrote</field><field name="genres_ss">Blues</field><field name="genres_ss">Delta Blues</field><field name="verb_ss.Length">5</field><field name="verb_ss.MaximumLength"></field><field name="Composition_Type.MaximumLength"></field></doc><doc><field name="name">Bye Bye Blues</field><field name="id">http://www.semanticweb.org/tedsullivan/ontologies/2015/5/music-10#Bye_Bye_Blues</field><field name="composer_ss.Length">9</field><field name="Composition_Type.Length">4</field><field name="composer_ss.MaximumLength"></field><field name="verb_ss">composed</field><field name="verb_ss">written</field><field name="verb_ss">authored</field><field name="verb_ss">wrote</field><field name="path">/Song/Bye Bye Blues</field><field name="Composition_Type">Song</field><field name="verb_ss.Length">5</field><field name="verb_ss.MaximumLength"></field><field name="Composition_Type.MaximumLength"></field><field name="composer_ss">Bert Lown</field><field name="composer_ss">Chauncey Gray</field><field name="composer_ss">Dave Bennett</field><field name="composer_ss">Fred Hamm</field><field name="composer.Count">8</field></doc><doc><field name="name">Breathless</field><field name="id">http://www.semanticweb.org/tedsullivan/ontologies/2015/5/music-10#Breathless</field><field name="composer_ss.Length">14</field><field name="hasPerformer_ss">Jerry Lee Lewis</field><field name="Composition_Type.Length">4</field><field name="composer_ss.MaximumLength"></field><field name="hasPerformer_ss.Length">15</field><field name="verb_ss">composed</field><field name="verb_ss">written</field><field name="verb_ss">authored</field><field name="verb_ss">wrote</field><field name="path">/Song/Breathless</field><field name="Composition_Type">Song</field><field name="verb_ss.Length">5</field><field name="verb_ss.MaximumLength"></field><field name="Composition_Type.MaximumLength"></field><field name="composer_ss">Otis Blackwell</field><field name="hasPerformer_ss.MaximumLength"></field></doc><doc><field name="name">Don't Ask Me How I Know</field><field name="id">http://www.semanticweb.org/tedsullivan/ontologies/2015/5/music-10#Dont_Ask_Me_How_I_Know</field><field name="related_entity1_ss">Bobby Pinson</field><field name="composer_ss.MaximumLength"></field><field name="path">/Song/Don't Ask Me How I Know</field><field name="Composition_Type">Song</field><field name="composer_ss">Bart Butler</field><field name="composer_ss">Bobby Pinson</field><field name="composer_ss">Brett Jones</field><field name="original_performer.Length">12</field><field name="original_performer">Bobby Pinson</field><field name="composer_ss.Length">11</field><field name="Composition_Type.Length">4</field><field name="original_performer.MaximumLength"></field><field name="verb_ss">composed</field><field name="verb_ss">written</field><field name="verb_ss">authored</field><field name="verb_ss">wrote</field><field name="genres_ss">Country</field><field name="verb_ss.Length">5</field><field name="verb_ss.MaximumLength"></field><field name="Composition_Type.MaximumLength"></field><field name="composer.Count">6</field></doc><doc><field name="name">God Only Knows</field><field name="id">http://www.semanticweb.org/tedsullivan/ontologies/2015/5/music-10#God_Only_Knows</field><field name="related_entity1_ss">Beach Boys</field><field name="composer_ss.MaximumLength"></field><field name="path">/Song/God Only Knows</field><field name="lyricist_ss.Length">10</field><field name="Composition_Type">Song</field><field name="lyricist_ss">Tony Asher</field><field name="composer_ss">Brian Wilson</field><field name="original_performer.Length">10</field><field name="original_performer">Beach Boys</field><field name="composer_ss.Length">12</field><field name="Composition_Type.Length">4</field><field name="original_performer.MaximumLength"></field><field name="lyricist_ss.MaximumLength"></field><field name="verb_ss">composed</field><field name="verb_ss">written</field><field name="verb_ss">authored</field><field name="verb_ss">wrote</field><field name="verb_ss.Length">5</field><field name="verb_ss.MaximumLength"></field><field name="Composition_Type.MaximumLength"></field></doc><doc><field name="name">Manic Depression</field><field name="id">http://www.semanticweb.org/tedsullivan/ontologies/2015/5/music-10#Manic_Depression</field><field name="composer_ss.Length">12</field><field name="related_entity1_ss">Jimi Hendrix Experience</field><field name="Composition_Type.Length">4</field><field name="composer_ss.MaximumLength"></field><field name="original_performer.MaximumLength"></field><field name="verb_ss">composed</field><field name="verb_ss">written</field><field name="verb_ss">authored</field><field name="verb_ss">wrote</field><field name="path">/Song/Manic Depression</field><field name="Composition_Type">Song</field><field name="verb_ss.Length">5</field><field name="verb_ss.MaximumLength"></field><field name="Composition_Type.MaximumLength"></field><field name="composer_ss">Jimi Hendrix</field><field name="original_performer.Length">23</field><field name="original_performer">Jimi Hendrix Experience</field></doc><doc><field name="name">Oo You</field><field name="id">http://www.semanticweb.org/tedsullivan/ontologies/2015/5/music-10#Oo_You</field><field name="related_entity1_ss">Paul McCartney</field><field name="composer_ss.MaximumLength"></field><field name="path">/Song/Oo You</field><field name="Composition_Type">Song</field><field name="composer_ss">Paul McCartney</field><field name="original_performer.Length">14</field><field name="original_performer">Paul McCartney</field><field name="composer_ss.Length">14</field><field name="Composition_Type.Length">4</field><field name="original_performer.MaximumLength"></field><field name="verb_ss">composed</field><field name="verb_ss">written</field><field name="verb_ss">authored</field><field name="verb_ss">wrote</field><field name="genres_ss">Rock</field><field name="genres_ss">Soft Rock</field><field name="verb_ss.Length">5</field><field name="verb_ss.MaximumLength"></field><field name="Composition_Type.MaximumLength"></field></doc><doc><field name="name">Ophelia</field><field name="id">http://www.semanticweb.org/tedsullivan/ontologies/2015/5/music-10#Ophelia</field><field name="composer_ss.Length">16</field><field name="related_entity1_ss">The Band</field><field name="Composition_Type.Length">4</field><field name="composer_ss.MaximumLength"></field><field name="original_performer.MaximumLength"></field><field name="verb_ss">composed</field><field name="verb_ss">written</field><field name="verb_ss">authored</field><field name="verb_ss">wrote</field><field name="path">/Song/Ophelia</field><field name="Composition_Type">Song</field><field name="verb_ss.Length">5</field><field name="verb_ss.MaximumLength"></field><field name="Composition_Type.MaximumLength"></field><field name="composer_ss">Robbie Robertson</field><field name="original_performer.Length">8</field><field name="original_performer">The Band</field></doc><doc><field name="name">Too Many Cooks</field><field name="id">http://www.semanticweb.org/tedsullivan/ontologies/2015/5/music-10#Too_Many_Cooks</field><field name="composer_ss.Length">12</field><field name="Composition_Type.Length">4</field><field name="composer_ss.MaximumLength"></field><field name="verb_ss">composed</field><field name="verb_ss">written</field><field name="verb_ss">authored</field><field name="verb_ss">wrote</field><field name="path">/Song/Too Many Cooks</field><field name="Composition_Type">Song</field><field name="verb_ss.Length">5</field><field name="verb_ss.MaximumLength"></field><field name="Composition_Type.MaximumLength"></field><field name="composer_ss">Willie Dixon</field></doc><doc><field name="name">Ripple</field><field name="id">http://www.semanticweb.org/tedsullivan/ontologies/2015/5/music-10#Ripple</field><field name="related_entity1_ss">Grateful Dead</field><field name="composer_ss.MaximumLength"></field><field name="path">/Song/Ripple</field><field name="lyricist_ss.Length">13</field><field name="Composition_Type">Song</field><field name="lyricist_ss">Robert Hunter</field><field name="composer_ss">Jerry Garcia</field><field name="original_performer.Length">13</field><field name="original_performer">Grateful Dead</field><field name="composer_ss.Length">12</field><field name="Composition_Type.Length">4</field><field name="original_performer.MaximumLength"></field><field name="lyricist_ss.MaximumLength"></field><field name="verb_ss">composed</field><field name="verb_ss">written</field><field name="verb_ss">authored</field><field name="verb_ss">wrote</field><field name="genres_ss">Folk</field><field name="genres_ss">Folk Rock</field><field name="genres_ss">Rock</field><field name="verb_ss.Length">5</field><field name="verb_ss.MaximumLength"></field><field name="Composition_Type.MaximumLength"></field></doc><doc><field name="name">For Now I Am Winter</field><field name="id">http://www.semanticweb.org/tedsullivan/ontologies/2015/5/music-10#For_Now_I_Am_Winter</field><field name="Composition_Type.Length">4</field><field name="verb_ss">composed</field><field name="verb_ss">written</field><field name="verb_ss">authored</field><field name="verb_ss">wrote</field><field name="path">/Song/For Now I Am Winter</field><field name="Composition_Type">Song</field><field name="verb_ss.Length">5</field><field name="verb_ss.MaximumLength"></field><field name="Composition_Type.MaximumLength"></field></doc><doc><field name="name">St. Thomas</field><field name="id">http://www.semanticweb.org/tedsullivan/ontologies/2015/5/music-10#St_Thomas</field><field name="Composition_Type.Length">4</field><field name="verb_ss">composed</field><field name="verb_ss">written</field><field name="verb_ss">authored</field><field name="verb_ss">wrote</field><field name="path">/Song/St. Thomas</field><field name="Composition_Type">Song</field><field name="verb_ss.Length">5</field><field name="verb_ss.MaximumLength"></field><field name="Composition_Type.MaximumLength"></field></doc><doc><field name="name">A Soapbox Opera</field><field name="id">http://www.semanticweb.org/tedsullivan/ontologies/2015/5/music-10#A_Soapbox_Opera</field><field name="related_entity1_ss">Supertramp</field><field name="composer_ss.MaximumLength"></field><field name="path">/Song/A Soapbox Opera</field><field name="Composition_Type">Song</field><field name="composer_ss">Richard Davies</field><field name="composer_ss">Roger Hodgson</field><field name="original_performer.Length">10</field><field name="original_performer">Supertramp</field><field name="composer_ss.Length">13</field><field name="Composition_Type.Length">4</field><field name="original_performer.MaximumLength"></field><field name="verb_ss">composed</field><field name="verb_ss">written</field><field name="verb_ss">authored</field><field name="verb_ss">wrote</field><field name="verb_ss.Length">5</field><field name="verb_ss.MaximumLength"></field><field name="Composition_Type.MaximumLength"></field><field name="composer.Count">4</field></doc><doc><field name="name">Born To Run</field><field name="id">http://www.semanticweb.org/tedsullivan/ontologies/2015/5/music-10#Born_To_Run</field><field name="composer_ss.Length">17</field><field name="related_entity1_ss">Bruce Springsteen</field><field name="Composition_Type.Length">4</field><field name="composer_ss.MaximumLength"></field><field name="original_performer.MaximumLength"></field><field name="verb_ss">composed</field><field name="verb_ss">written</field><field name="verb_ss">authored</field><field name="verb_ss">wrote</field><field name="path">/Song/Born To Run</field><field name="Composition_Type">Song</field><field name="verb_ss.Length">5</field><field name="verb_ss.MaximumLength"></field><field name="Composition_Type.MaximumLength"></field><field name="composer_ss">Bruce Springsteen</field><field name="original_performer.Length">17</field><field name="original_performer">Bruce Springsteen</field></doc><doc><field name="name">A Boy Named Sue</field><field name="id">http://www.semanticweb.org/tedsullivan/ontologies/2015/5/music-10#A_Boy_Named_Sue</field><field name="composer_ss.Length">16</field><field name="Composition_Type.Length">4</field><field name="composer_ss.MaximumLength"></field><field name="verb_ss">composed</field><field name="verb_ss">written</field><field name="verb_ss">authored</field><field name="verb_ss">wrote</field><field name="path">/Song/A Boy Named Sue</field><field name="Composition_Type">Song</field><field name="genres_ss">Country</field><field name="verb_ss.Length">5</field><field name="verb_ss.MaximumLength"></field><field name="Composition_Type.MaximumLength"></field><field name="composer_ss">Shel Silverstein</field></doc><doc><field name="name">You Are the Sunshine of My Life</field><field name="id">http://www.semanticweb.org/tedsullivan/ontologies/2015/5/music-10#You_Are_the_Sunshine_of_My_Life</field><field name="related_entity1_ss">Stevie Wonder</field><field name="composer_ss.MaximumLength"></field><field name="hasGenre.Count">6</field><field name="path">/Song/You Are the Sunshine of My Life</field><field name="Composition_Type">Song</field><field name="composer_ss">Stevie Wonder</field><field name="original_performer.Length">13</field><field name="original_performer">Stevie Wonder</field><field name="composer_ss.Length">13</field><field name="Composition_Type.Length">4</field><field name="original_performer.MaximumLength"></field><field name="verb_ss">composed</field><field name="verb_ss">written</field><field name="verb_ss">authored</field><field name="verb_ss">wrote</field><field name="genres_ss">Popular</field><field name="genres_ss">Adult Contemporary</field><field name="genres_ss">Pop</field><field name="verb_ss.Length">5</field><field name="verb_ss.MaximumLength"></field><field name="Composition_Type.MaximumLength"></field></doc><doc><field name="name">Mary Ann</field><field name="id">http://www.semanticweb.org/tedsullivan/ontologies/2015/5/music-10#Mary_Ann</field><field name="related_entity1_ss">Ray Charles</field><field name="composer_ss.MaximumLength"></field><field name="hasGenre.Count">4</field><field name="path">/Song/Mary Ann</field><field name="Composition_Type">Song</field><field name="composer_ss">Ray Charles</field><field name="original_performer.Length">11</field><field name="original_performer">Ray Charles</field><field name="composer_ss.Length">11</field><field name="Composition_Type.Length">4</field><field name="original_performer.MaximumLength"></field><field name="verb_ss">composed</field><field name="verb_ss">written</field><field name="verb_ss">authored</field><field name="verb_ss">wrote</field><field name="genres_ss">Blues</field><field name="genres_ss">R&amp;B</field><field name="verb_ss.Length">5</field><field name="verb_ss.MaximumLength"></field><field name="Composition_Type.MaximumLength"></field></doc><doc><field name="name">Wouldn't It Be Loverly</field><field name="id">http://www.semanticweb.org/tedsullivan/ontologies/2015/5/music-10#Wouldnt_It_Be_Loverly</field><field name="composer_ss.Length">15</field><field name="Composition_Type.Length">4</field><field name="composer_ss.MaximumLength"></field><field name="lyricist_ss.MaximumLength"></field><field name="verb_ss">composed</field><field name="verb_ss">written</field><field name="verb_ss">authored</field><field name="verb_ss">wrote</field><field name="path">/Song/Wouldn't It Be Loverly</field><field name="lyricist_ss.Length">15</field><field name="Composition_Type">Song</field><field name="lyricist_ss">Alan Jay Lerner</field><field name="verb_ss.Length">5</field><field name="verb_ss.MaximumLength"></field><field name="Composition_Type.MaximumLength"></field><field name="composer_ss">Frederick Loewe</field></doc><doc><field name="name">Wild Horses</field><field name="id">http://www.semanticweb.org/tedsullivan/ontologies/2015/5/music-10#Wild_Horses</field><field name="related_entity1_ss">Rolling Stones</field><field name="composer_ss.MaximumLength"></field><field name="path">/Song/Wild Horses</field><field name="Composition_Type">Song</field><field name="composer_ss">Keith Richards</field><field name="composer_ss">Mick Jagger</field><field name="original_performer.Length">14</field><field name="original_performer">Rolling Stones</field><field name="composer_ss.Length">11</field><field name="Composition_Type.Length">4</field><field name="original_performer.MaximumLength"></field><field name="verb_ss">composed</field><field name="verb_ss">written</field><field name="verb_ss">authored</field><field name="verb_ss">wrote</field><field name="verb_ss.Length">5</field><field name="verb_ss.MaximumLength"></field><field name="Composition_Type.MaximumLength"></field><field name="composer.Count">4</field></doc><doc><field name="name">Spirit In The Night</field><field name="id">http://www.semanticweb.org/tedsullivan/ontologies/2015/5/music-10#Spirit_in_the_Night</field><field name="composer_ss.Length">17</field><field name="related_entity1_ss">Bruce Springsteen</field><field name="Composition_Type.Length">4</field><field name="composer_ss.MaximumLength"></field><field name="original_performer.MaximumLength"></field><field name="verb_ss">composed</field><field name="verb_ss">written</field><field name="verb_ss">authored</field><field name="verb_ss">wrote</field><field name="path">/Song/Spirit In The Night</field><field name="Composition_Type">Song</field><field name="verb_ss.Length">5</field><field name="verb_ss.MaximumLength"></field><field name="Composition_Type.MaximumLength"></field><field name="composer_ss">Bruce Springsteen</field><field name="original_performer.Length">17</field><field name="original_performer">Bruce Springsteen</field></doc><doc><field name="name">Theory Of Art</field><field name="id">http://www.semanticweb.org/tedsullivan/ontologies/2015/5/music-10#Theory_Of_Art_-_Song</field><field name="related_entity1_ss">Art Blakey and the Jazz Messengers</field><field name="composer_ss.MaximumLength"></field><field name="path">/Song/Theory Of Art</field><field name="Composition_Type">Song</field><field name="composer_ss">Bill Hardman</field><field name="original_performer.Length">34</field><field name="original_performer">Art Blakey and the Jazz Messengers</field><field name="composer_ss.Length">12</field><field name="Composition_Type.Length">4</field><field name="original_performer.MaximumLength"></field><field name="verb_ss">composed</field><field name="verb_ss">written</field><field name="verb_ss">authored</field><field name="verb_ss">wrote</field><field name="genres_ss">Jazz</field><field name="genres_ss">Hard Bop</field><field name="verb_ss.Length">5</field><field name="verb_ss.MaximumLength"></field><field name="Composition_Type.MaximumLength"></field></doc><doc><field name="name">When the Tigers Broke Free</field><field name="id">http://www.semanticweb.org/tedsullivan/ontologies/2015/5/music-10#When_the_Tigers_Broke_Free</field><field name="related_entity1_ss">Pink Floyd</field><field name="composer_ss.MaximumLength"></field><field name="path">/Song/When the Tigers Broke Free</field><field name="Composition_Type">Song</field><field name="composer_ss">Roger Waters</field><field name="original_performer.Length">10</field><field name="original_performer">Pink Floyd</field><field name="composer_ss.Length">12</field><field name="Composition_Type.Length">4</field><field name="original_performer.MaximumLength"></field><field name="verb_ss">composed</field><field name="verb_ss">written</field><field name="verb_ss">authored</field><field name="verb_ss">wrote</field><field name="genres_ss">Rock</field><field name="genres_ss">Symphonic Rock</field><field name="verb_ss.Length">5</field><field name="verb_ss.MaximumLength"></field><field name="Composition_Type.MaximumLength"></field></doc><doc><field name="name">I Can't Stop Loving You</field><field name="id">http://www.semanticweb.org/tedsullivan/ontologies/2015/5/music-10#I_Cant_Stop_Loving_You</field><field name="composer_ss.Length">10</field><field name="Composition_Type.Length">4</field><field name="composer_ss.MaximumLength"></field><field name="verb_ss">composed</field><field name="verb_ss">written</field><field name="verb_ss">authored</field><field name="verb_ss">wrote</field><field name="path">/Song/I Can't Stop Loving You</field><field name="Composition_Type">Song</field><field name="verb_ss.Length">5</field><field name="verb_ss.MaximumLength"></field><field name="Composition_Type.MaximumLength"></field><field name="composer_ss">Don Gibson</field></doc><doc><field name="name">In The Still Of The Night</field><field name="id">http://www.semanticweb.org/tedsullivan/ontologies/2015/5/music-10#In_The_Still_Of_The_Night_-_Porter</field><field name="composer_ss.Length">11</field><field name="Composition_Type.Length">4</field><field name="composer_ss.MaximumLength"></field><field name="verb_ss">composed</field><field name="verb_ss">written</field><field name="verb_ss">authored</field><field name="verb_ss">wrote</field><field name="path">/Song/In The Still Of The Night</field><field name="Composition_Type">Song</field><field name="verb_ss.Length">5</field><field name="verb_ss.MaximumLength"></field><field name="Composition_Type.MaximumLength"></field><field name="composer_ss">Cole Porter</field></doc><doc><field name="name">Last Night</field><field name="id">http://www.semanticweb.org/tedsullivan/ontologies/2015/5/music-10#Last_Night</field><field name="performers.MaximumLength"></field><field name="hasPerformer_ss">Traveling Wilburys</field><field name="performers.Length">12</field><field name="Composition_Type.Length">4</field><field name="hasPerformer_ss.Length">18</field><field name="verb_ss">composed</field><field name="verb_ss">written</field><field name="verb_ss">authored</field><field name="verb_ss">wrote</field><field name="path">/Song/Last Night</field><field name="Composition_Type">Song</field><field name="verb_ss.Length">5</field><field name="verb_ss.MaximumLength"></field><field name="Composition_Type.MaximumLength"></field><field name="hasPerformer_ss.MaximumLength"></field></doc><doc><field name="name">Pick Up Sticks</field><field name="id">http://www.semanticweb.org/tedsullivan/ontologies/2015/5/music-10#Pick_Up_Sticks</field><field name="composer_ss.Length">12</field><field name="Composition_Type.Length">4</field><field name="composer_ss.MaximumLength"></field><field name="verb_ss">composed</field><field name="verb_ss">written</field><field name="verb_ss">authored</field><field name="verb_ss">wrote</field><field name="path">/Song/Pick Up Sticks</field><field name="Composition_Type">Song</field><field name="verb_ss.Length">5</field><field name="verb_ss.MaximumLength"></field><field name="Composition_Type.MaximumLength"></field><field name="composer_ss">Dave Brubeck</field></doc><doc><field name="name">What A Woman!</field><field name="id">http://www.semanticweb.org/tedsullivan/ontologies/2015/5/music-10#What_A_Woman</field><field name="composer_ss.Length">10</field><field name="Composition_Type.Length">4</field><field name="composer_ss.MaximumLength"></field><field name="verb_ss">composed</field><field name="verb_ss">written</field><field name="verb_ss">authored</field><field name="verb_ss">wrote</field><field name="path">/Song/What A Woman!</field><field name="Composition_Type">Song</field><field name="genres_ss">Blues</field><field name="verb_ss.Length">5</field><field name="verb_ss.MaximumLength"></field><field name="Composition_Type.MaximumLength"></field><field name="composer_ss">James Oden</field></doc><doc><field name="name">Best of My Love</field><field name="id">http://www.semanticweb.org/tedsullivan/ontologies/2015/5/music-10#Best_of_My_Love</field><field name="related_entity1_ss">Eagles</field><field name="composer_ss.MaximumLength"></field><field name="path">/Song/Best of My Love</field><field name="Composition_Type">Song</field><field name="composer_ss">Don Henley</field><field name="composer_ss">Glenn Frey</field><field name="composer_ss">J. D. Souther</field><field name="original_performer.Length">6</field><field name="original_performer">Eagles</field><field name="composer_ss.Length">13</field><field name="Composition_Type.Length">4</field><field name="original_performer.MaximumLength"></field><field name="verb_ss">composed</field><field name="verb_ss">written</field><field name="verb_ss">authored</field><field name="verb_ss">wrote</field><field name="genres_ss">Rock</field><field name="genres_ss">Soft Rock</field><field name="verb_ss.Length">5</field><field name="verb_ss.MaximumLength"></field><field name="Composition_Type.MaximumLength"></field><field name="composer.Count">6</field></doc><doc><field name="name">Just Friends</field><field name="id">http://www.semanticweb.org/tedsullivan/ontologies/2015/5/music-10#Just_Friends</field><field name="composer_ss.Length">12</field><field name="Composition_Type.Length">4</field><field name="composer_ss.MaximumLength"></field><field name="lyricist_ss.MaximumLength"></field><field name="verb_ss">composed</field><field name="verb_ss">written</field><field name="verb_ss">authored</field><field name="verb_ss">wrote</field><field name="path">/Song/Just Friends</field><field name="lyricist_ss.Length">12</field><field name="Composition_Type">Song</field><field name="lyricist_ss">Sam M. Lewis</field><field name="verb_ss.Length">5</field><field name="verb_ss.MaximumLength"></field><field name="Composition_Type.MaximumLength"></field><field name="composer_ss">John Klenner</field></doc><doc><field name="name">New York, New York</field><field name="id">http://www.semanticweb.org/tedsullivan/ontologies/2015/5/music-10#New_York_New_York</field><field name="composer_ss.Length">11</field><field name="Composition_Type.Length">4</field><field name="composer_ss.MaximumLength"></field><field name="lyricist_ss.MaximumLength"></field><field name="verb_ss">composed</field><field name="verb_ss">written</field><field name="verb_ss">authored</field><field name="verb_ss">wrote</field><field name="path">/Song/New York, New York</field><field name="lyricist_ss.Length">8</field><field name="Composition_Type">Song</field><field name="lyricist_ss">Fred Ebb</field><field name="verb_ss.Length">5</field><field name="verb_ss.MaximumLength"></field><field name="Composition_Type.MaximumLength"></field><field name="composer_ss">John Kander</field></doc><doc><field name="name">Duncan</field><field name="id">http://www.semanticweb.org/tedsullivan/ontologies/2015/5/music-10#Duncan</field><field name="related_entity1_ss">Paul Simon</field><field name="composer_ss.MaximumLength"></field><field name="path">/Song/Duncan</field><field name="Composition_Type">Song</field><field name="composer_ss">Paul Simon</field><field name="original_performer.Length">10</field><field name="original_performer">Paul Simon</field><field name="composer_ss.Length">10</field><field name="Composition_Type.Length">4</field><field name="original_performer.MaximumLength"></field><field name="verb_ss">composed</field><field name="verb_ss">written</field><field name="verb_ss">authored</field><field name="verb_ss">wrote</field><field name="genres_ss">Rock</field><field name="genres_ss">Soft Rock</field><field name="verb_ss.Length">5</field><field name="verb_ss.MaximumLength"></field><field name="Composition_Type.MaximumLength"></field></doc><doc><field name="name">As Long As I Have You</field><field name="id">http://www.semanticweb.org/tedsullivan/ontologies/2015/5/music-10#As_Long_As_I_Have_You</field><field name="composer_ss.Length">12</field><field name="Composition_Type.Length">4</field><field name="composer_ss.MaximumLength"></field><field name="verb_ss">composed</field><field name="verb_ss">written</field><field name="verb_ss">authored</field><field name="verb_ss">wrote</field><field name="path">/Song/As Long As I Have You</field><field name="Composition_Type">Song</field><field name="verb_ss.Length">5</field><field name="verb_ss.MaximumLength"></field><field name="Composition_Type.MaximumLength"></field><field name="composer_ss">Willie Dixon</field></doc><doc><field name="name">Patterns</field><field name="id">http://www.semanticweb.org/tedsullivan/ontologies/2015/5/music-10#Patterns</field><field name="composer_ss.Length">10</field><field name="related_entity1_ss">Simon and Garfunkel</field><field name="Composition_Type.Length">4</field><field name="composer_ss.MaximumLength"></field><field name="original_performer.MaximumLength"></field><field name="verb_ss">composed</field><field name="verb_ss">written</field><field name="verb_ss">authored</field><field name="verb_ss">wrote</field><field name="path">/Song/Patterns</field><field name="Composition_Type">Song</field><field name="verb_ss.Length">5</field><field name="verb_ss.MaximumLength"></field><field name="Composition_Type.MaximumLength"></field><field name="composer_ss">Paul Simon</field><field name="original_performer.Length">19</field><field name="original_performer">Simon and Garfunkel</field></doc><doc><field name="name">Show Me The Way To Go Home</field><field name="id">http://www.semanticweb.org/tedsullivan/ontologies/2015/5/music-10#Show_Me_The_Way_To_Go_Home</field><field name="Composition_Type.Length">4</field><field name="verb_ss">composed</field><field name="verb_ss">written</field><field name="verb_ss">authored</field><field name="verb_ss">wrote</field><field name="path">/Song/Show Me The Way To Go Home</field><field name="Composition_Type">Song</field><field name="verb_ss.Length">5</field><field name="verb_ss.MaximumLength"></field><field name="Composition_Type.MaximumLength"></field></doc><doc><field name="name">Acadian Driftwood</field><field name="id">http://www.semanticweb.org/tedsullivan/ontologies/2015/5/music-10#Acadian_Driftwood</field><field name="composer_ss.Length">16</field><field name="related_entity1_ss">The Band</field><field name="Composition_Type.Length">4</field><field name="composer_ss.MaximumLength"></field><field name="original_performer.MaximumLength"></field><field name="verb_ss">composed</field><field name="verb_ss">written</field><field name="verb_ss">authored</field><field name="verb_ss">wrote</field><field name="path">/Song/Acadian Driftwood</field><field name="Composition_Type">Song</field><field name="verb_ss.Length">5</field><field name="verb_ss.MaximumLength"></field><field name="Composition_Type.MaximumLength"></field><field name="composer_ss">Robbie Robertson</field><field name="original_performer.Length">8</field><field name="original_performer">The Band</field></doc></add>
